decimalLatitude,decimalLongitude,year,stateProvince
-28.6422,153.3452,2014.0,New South Wales
-28.435152,152.680887,2015.0,New South Wales
-28.701212,153.55332,,New South Wales
-29.349678,153.23287,2009.0,New South Wales
-28.36964,153.55608,2020.0,New South Wales
-33.066113,151.4614,2018.0,New South Wales
-28.452237,153.41183,,New South Wales
-28.749193,153.297378,,New South Wales
-29.436311,153.309652,2009.0,New South Wales
-28.387101,153.107113,2011.0,New South Wales
-28.433068,153.134118,2011.0,New South Wales
-28.167108,153.496119,2004.0,New South Wales
-28.505061,153.26359,,New South Wales
-29.339073,153.211203,2009.0,New South Wales
-29.5053,152.823608,2026.0,New South Wales
-29.453753,153.358913,1994.0,New South Wales
-29.335793,153.261414,2017.0,New South Wales
-28.9241,153.159,2022.0,New South Wales
-28.71455,153.532469,,New South Wales
-29.438313,153.356743,2024.0,New South Wales
-29.154882,153.211646,2018.0,New South Wales
-28.54396,153.491742,,New South Wales
-28.657755,153.361008,2024.0,New South Wales
-28.7925,153.428486,,New South Wales
-29.480163,153.363957,2009.0,New South Wales
-28.697314,153.513126,,New South Wales
-28.387757,153.086076,2011.0,New South Wales
-28.588573,153.516491,1996.0,New South Wales
-28.600834,153.454184,,New South Wales
-29.567486,153.335111,2026.0,New South Wales
-28.582617,153.550633,2023.0,New South Wales
-28.588573,153.516491,2002.0,New South Wales
-28.172718,153.504038,2015.0,New South Wales
-28.630879,153.590161,2021.0,New South Wales
-28.309851,153.465375,,New South Wales
-28.588573,153.516491,2005.0,New South Wales
-28.829009,153.207888,2021.0,New South Wales
-28.54285,153.2905,2017.0,New South Wales
-28.850796,153.365431,,New South Wales
-33.709484,150.961602,1995.0,New South Wales
-28.433635,153.136212,2009.0,New South Wales
-28.676228,153.37486,,New South Wales
-28.588573,153.516491,1994.0,New South Wales
-28.343377,153.484404,,New South Wales
-29.445056,153.359853,2009.0,New South Wales
-29.349033,153.239996,2009.0,New South Wales
-28.386445,153.390415,,New South Wales
-29.396288,153.22277,2009.0,New South Wales
-29.34947,153.242773,2009.0,New South Wales
-28.588573,153.516491,1988.0,New South Wales
-28.851153,153.381611,,New South Wales
-28.612505,153.401871,2017.0,New South Wales
-28.857935,153.537942,,New South Wales
-28.599978,153.27576,2022.0,New South Wales
-29.478107,153.364156,2009.0,New South Wales
-28.736651,152.620238,2021.0,New South Wales
-28.699568,153.502175,,New South Wales
-28.832786,153.31366,2007.0,New South Wales
-28.74729,153.521286,,New South Wales
-31.948844,152.428443,2013.0,New South Wales
-28.418076,153.342787,2023.0,New South Wales
-29.597304,153.327337,2009.0,New South Wales
-28.825723,153.575055,1991.0,New South Wales
-28.888837,153.045904,,New South Wales
-29.35478,153.2231,2014.0,New South Wales
-28.721116,153.260734,,New South Wales
-28.804075,153.571862,1991.0,New South Wales
-30.285965,153.109393,,New South Wales
-28.818673,153.269657,,New South Wales
-28.889701,153.51724,,New South Wales
-28.61644,153.3666,2014.0,New South Wales
-29.498685,153.222556,2009.0,New South Wales
-29.400353,153.220614,2009.0,New South Wales
-28.34992,153.264303,,New South Wales
-29.34061,153.2273,2013.0,New South Wales
-28.5095,152.965,2022.0,New South Wales
-29.468336,153.301208,2009.0,New South Wales
-28.423065,153.469797,2006.0,New South Wales
-29.582213,153.324179,2009.0,New South Wales
-28.706825,153.615785,2002.0,New South Wales
-28.436959,153.142609,2008.0,New South Wales
-28.548039,153.493804,1992.0,New South Wales
-29.35931,153.2395,2013.0,New South Wales
-28.335049,153.485237,,New South Wales
-29.47902,153.3632,2015.0,New South Wales
-28.649444,153.393949,,New South Wales
-28.813216,153.305505,2005.0,New South Wales
-29.34048,153.2539,2015.0,New South Wales
-28.648254,153.411795,,New South Wales
-28.736729,152.619791,2021.0,New South Wales
-29.478467,153.354585,2005.0,New South Wales
-29.32782,153.2494,2015.0,New South Wales
-28.4248,153.454,2021.0,New South Wales
-28.445059,153.194336,2018.0,New South Wales
-28.551059,153.433201,2011.0,New South Wales
-29.341053,153.256195,2018.0,New South Wales
-30.298612,153.109392,2020.0,New South Wales
-28.345816,153.322029,,New South Wales
-28.548308,153.413046,1994.0,New South Wales
-28.875662,153.39101,,New South Wales
-28.466011,153.183197,2018.0,New South Wales
-28.588573,153.516491,2001.0,New South Wales
-28.674143,153.274072,2019.0,New South Wales
-28.32997,153.568455,2020.0,New South Wales
-28.314793,153.310138,1994.0,New South Wales
-28.588573,153.516491,1992.0,New South Wales
-28.272217,153.562303,2013.0,New South Wales
-28.735105,153.404657,,New South Wales
-28.257578,153.401446,2022.0,New South Wales
-29.44555,153.353378,2020.0,New South Wales
-28.44728,153.1446,2015.0,New South Wales
-28.586858,153.484585,2020.0,New South Wales
-28.45015,153.139644,2007.0,New South Wales
-29.335201,153.22228,2009.0,New South Wales
-28.515888,153.459062,,New South Wales
-28.648899,153.60885,,New South Wales
-29.446124,153.355275,2009.0,New South Wales
-28.309109,153.541144,1994.0,New South Wales
-28.490665,153.20565,,New South Wales
-28.697797,153.282149,,New South Wales
-28.699195,153.292535,,New South Wales
-29.479442,153.363698,2009.0,New South Wales
-28.784139,153.590195,1994.0,New South Wales
-29.442945,153.350626,2009.0,New South Wales
-28.44595,153.1942,2014.0,New South Wales
-28.408754,153.558587,2022.0,New South Wales
-28.607378,153.564591,,New South Wales
-33.47066,151.393967,2012.0,New South Wales
-28.718448,153.420123,,New South Wales
-28.664538,153.374965,,New South Wales
-28.597269,153.544425,2025.0,New South Wales
-29.61139,153.3183,2014.0,New South Wales
-28.524453,153.118918,,New South Wales
-29.578723,153.334555,2009.0,New South Wales
-28.4228,153.351,2022.0,New South Wales
-28.444214,153.144967,2007.0,New South Wales
-28.389608,153.323181,2018.0,New South Wales
-28.444916,153.194199,2018.0,New South Wales
-28.666457,153.34279,,New South Wales
-28.170973,153.502036,2024.0,New South Wales
-28.180297,153.503901,,New South Wales
-28.3511,153.3258,2023.0,New South Wales
-28.588573,153.516491,1997.0,New South Wales
-28.303318,153.570642,2021.0,New South Wales
-28.6192,153.398285,2018.0,New South Wales
-29.505531,152.823656,2025.0,New South Wales
-28.7983,153.299,2020.0,New South Wales
-33.811816,151.299912,2010.0,New South Wales
-29.505294,152.823639,2026.0,New South Wales
-28.28449,153.573623,2025.0,New South Wales
-28.700296,153.45823,,New South Wales
-31.47102,152.874772,1996.0,New South Wales
-28.58545,153.554528,2023.0,New South Wales
-28.44894,153.1432,2015.0,New South Wales
-28.843341,153.454016,2021.0,New South Wales
-28.725875,153.465368,,New South Wales
-28.437,153.1391,2015.0,New South Wales
-29.450496,153.351838,2009.0,New South Wales
-28.664306,153.615858,2024.0,New South Wales
-28.459438,153.190521,2017.0,New South Wales
-28.802339,153.278491,,New South Wales
-28.258512,153.553122,2005.0,New South Wales
-28.777803,153.594257,1994.0,New South Wales
-28.486418,153.54457,,New South Wales
-28.951724,153.43003,1994.0,New South Wales
-28.326007,153.381492,,New South Wales
-29.4446,153.357,2018.0,New South Wales
-28.384072,153.335928,2021.0,New South Wales
-28.357289,153.560715,,New South Wales
-28.44511,153.1946,2014.0,New South Wales
-29.4793,153.363,2013.0,New South Wales
-28.545269,153.110071,2020.0,New South Wales
-32.923831,151.655646,2025.0,New South Wales
-29.434373,153.308034,2009.0,New South Wales
-29.347942,153.234564,2009.0,New South Wales
-28.3896,153.321914,2023.0,New South Wales
-28.671147,153.41183,,New South Wales
-28.730956,153.541422,,New South Wales
-29.153144,153.297683,2021.0,New South Wales
-28.588573,153.516491,1995.0,New South Wales
-28.442791,153.14231,2006.0,New South Wales
-28.4276,153.52,2022.0,New South Wales
-34.025833,151.11389,2014.0,New South Wales
-28.935377,153.007728,,New South Wales
-29.505368,152.82372,2022.0,New South Wales
-28.40388,153.1177,2015.0,New South Wales
-28.588573,153.516491,1989.0,New South Wales
-28.6043,152.9598,2014.0,New South Wales
-29.09883,153.2019,2013.0,New South Wales
-28.44327,153.143,2015.0,New South Wales
-28.58605,153.549278,2023.0,New South Wales
-29.436311,153.309652,2009.0,New South Wales
-29.403188,153.353294,,New South Wales
-28.345983,153.563273,2016.0,New South Wales
-28.620556,153.58583,1995.0,New South Wales
-34.025833,151.11389,2014.0,New South Wales
-28.891248,153.522475,,New South Wales
-29.4789,153.3635,2013.0,New South Wales
-28.303979,153.301948,,New South Wales
-29.556692,153.319527,2025.0,New South Wales
-28.7396,153.079,2021.0,New South Wales
-28.55334,153.298,2017.0,New South Wales
-28.642784,153.275991,,New South Wales
-28.520503,153.432853,2022.0,New South Wales
-28.414413,153.121577,2007.0,New South Wales
-29.129334,153.448405,2025.0,New South Wales
-28.612613,153.493921,,New South Wales
-28.2726,153.405,2021.0,New South Wales
-28.44291,153.1424,2015.0,New South Wales
-28.880539,153.297616,,New South Wales
-28.247834,153.552863,,New South Wales
-29.594171,153.329048,2009.0,New South Wales
-29.44023,153.353194,2009.0,New South Wales
-28.859601,153.403978,,New South Wales
-28.852303,153.287937,2022.0,New South Wales
-28.4361,153.144711,2006.0,New South Wales
-28.43856,153.1441,2014.0,New South Wales
-28.290552,153.343539,,New South Wales
-28.433065,153.128818,2008.0,New South Wales
-34.029892,151.132501,2009.0,New South Wales
-28.823908,153.240985,,New South Wales
-29.359319,153.246404,2009.0,New South Wales
-28.380065,153.366938,2017.0,New South Wales
-29.4301,153.326663,2009.0,New South Wales
-28.5598,153.25,2023.0,New South Wales
-28.32808,153.3942,2013.0,New South Wales
-28.64776,153.5501,2014.0,New South Wales
-29.426737,153.334665,,New South Wales
-28.179851,153.516547,2008.0,New South Wales
-28.447445,153.144501,2018.0,New South Wales
-28.354668,153.230662,1994.0,New South Wales
-28.40421,153.1204,2015.0,New South Wales
-28.827597,153.536659,,New South Wales
-29.3581,153.274114,2009.0,New South Wales
-28.64097,153.3599,2014.0,New South Wales
-28.7984,153.299,2020.0,New South Wales
-28.92334,153.440062,,New South Wales
-28.743983,153.263359,,New South Wales
-28.792284,153.585118,1989.0,New South Wales
-29.341205,153.239028,2009.0,New South Wales
-29.483304,153.363484,2009.0,New South Wales
-29.472439,153.357431,2009.0,New South Wales
-28.736702,153.463822,,New South Wales
-28.449322,152.999205,2024.0,New South Wales
-28.58819,152.9424,2014.0,New South Wales
-28.43339,153.135,2015.0,New South Wales
-28.588573,153.516491,1987.0,New South Wales
-28.3732,153.5556,2013.0,New South Wales
-28.5865,153.498,2020.0,New South Wales
-28.317606,153.260164,1994.0,New South Wales
-28.7984,153.299,2020.0,New South Wales
-28.839613,153.492018,,New South Wales
-28.687922,153.315938,,New South Wales
-29.076,153.026,2020.0,New South Wales
-28.603175,153.51877,2023.0,New South Wales
-28.399175,153.334974,,New South Wales
-33.740083,150.904214,1998.0,New South Wales
-28.971812,152.710905,2021.0,New South Wales
-28.628334,153.58945,1995.0,New South Wales
-28.386412,153.55699,2022.0,New South Wales
-28.316608,153.551029,,New South Wales
-29.436516,153.28338,2009.0,New South Wales
-28.258097,153.56842,2018.0,New South Wales
-28.502705,153.546727,1994.0,New South Wales
-28.946439,153.319078,2008.0,New South Wales
-28.8058,153.21721,,New South Wales
-28.534,153.443,2021.0,New South Wales
-28.358248,153.354128,,New South Wales
-28.434938,153.023934,2006.0,New South Wales
-28.374904,153.222663,,New South Wales
-29.32392,153.2363,2015.0,New South Wales
-28.446273,153.144562,2006.0,New South Wales
-28.758056,153.568538,1991.0,New South Wales
-29.50537,152.823846,2026.0,New South Wales
-28.43798,153.1436,2015.0,New South Wales
-28.58545,153.554528,2023.0,New South Wales
-29.417211,153.229209,2009.0,New South Wales
-28.42523,153.363052,,New South Wales
-30.646868,152.984371,2022.0,New South Wales
-28.649497,153.362454,2024.0,New South Wales
-30.284704,153.116136,2010.0,New South Wales
-28.330933,153.537226,2018.0,New South Wales
-29.34406,153.2277,2013.0,New South Wales
-29.505619,152.823089,2026.0,New South Wales
-28.785295,153.487717,2026.0,New South Wales
-28.4361,153.144711,2006.0,New South Wales
-29.32542,153.2358,2015.0,New South Wales
-28.749624,152.891406,2021.0,New South Wales
-28.401945,153.114069,2010.0,New South Wales
-29.505887,152.823848,2022.0,New South Wales
-28.588573,153.516491,1991.0,New South Wales
-29.457382,153.274878,2009.0,New South Wales
-28.4486,153.1434,2015.0,New South Wales
-28.850262,153.566635,2015.0,New South Wales
-28.85972,153.4756,,New South Wales
-28.258794,153.556977,2005.0,New South Wales
-29.437333,153.355911,,New South Wales
-28.43679,153.1425,2015.0,New South Wales
-28.288673,153.572144,2002.0,New South Wales
-28.510764,153.542869,,New South Wales
-28.770609,153.593859,,New South Wales
-28.661964,153.608175,2005.0,New South Wales
-28.41929,153.1275,2015.0,New South Wales
-28.791417,153.534943,2022.0,New South Wales
-29.49931,153.22978,2021.0,New South Wales
-28.653108,153.62425,1994.0,New South Wales
-28.640628,153.58939,2005.0,New South Wales
-28.79066,153.358148,,New South Wales
-28.474723,153.533183,,New South Wales
-28.588573,153.516491,1994.0,New South Wales
-28.634474,153.479898,,New South Wales
-33.86611,151.23167,2020.0,New South Wales
-28.701367,153.532112,,New South Wales
-28.240577,153.563333,,New South Wales
-28.45835,153.1346,2015.0,New South Wales
-28.728813,153.540875,2016.0,New South Wales
-29.339823,153.248932,2018.0,New South Wales
-33.90167,151.245,2022.0,New South Wales
-28.773758,153.452366,2019.0,New South Wales
-29.335417,153.223165,2009.0,New South Wales
-28.58605,153.549278,2023.0,New South Wales
-28.722298,153.474103,,New South Wales
-33.433539,149.577711,2024.0,New South Wales
-28.969842,153.408551,2002.0,New South Wales
-28.672266,153.613565,2008.0,New South Wales
-28.607462,153.402664,2018.0,New South Wales
-29.453753,153.358913,1994.0,New South Wales
-28.47095,153.520265,2014.0,New South Wales
-29.069112,153.336519,,New South Wales
-28.671147,153.232181,,New South Wales
-28.588573,153.516491,2000.0,New South Wales
-28.590266,153.515421,2008.0,New South Wales
-29.596353,153.329168,2009.0,New South Wales
-29.420273,153.015189,2022.0,New South Wales
-28.303979,153.301948,,New South Wales
-28.32821,153.3941,2013.0,New South Wales
-29.331075,153.233465,2009.0,New South Wales
-29.400353,153.220614,2009.0,New South Wales
-28.43769,153.14308,2009.0,New South Wales
-28.6167,153.5667,2002.0,New South Wales
-28.527547,153.539845,,New South Wales
-28.308215,153.340186,2022.0,New South Wales
-28.738367,153.461442,,New South Wales
-28.445026,153.194443,2017.0,New South Wales
-28.258456,153.570761,2009.0,New South Wales
-28.244462,153.549506,2008.0,New South Wales
-28.477886,153.167099,2018.0,New South Wales
-28.185942,153.50516,2024.0,New South Wales
-29.348446,153.229834,2009.0,New South Wales
-28.359003,153.005476,,New South Wales
-28.561335,153.441097,,New South Wales
-28.568353,153.51928,2023.0,New South Wales
-29.47927,153.3629,2013.0,New South Wales
-28.693803,153.60709,2001.0,New South Wales
-28.716476,153.288931,,New South Wales
-29.339882,153.24942,2018.0,New South Wales
-28.41715,153.124176,2018.0,New South Wales
-29.46974,153.2256,2015.0,New South Wales
-28.7067,153.084,2021.0,New South Wales
-29.568108,153.336161,2019.0,New South Wales
-29.359612,153.282486,2017.0,New South Wales
-28.339659,153.565222,,New South Wales
-29.441409,153.351136,2007.0,New South Wales
-28.347854,152.661497,1998.0,New South Wales
-28.44504,153.1947,2013.0,New South Wales
-28.318987,153.449901,,New South Wales
-31.899443,152.463149,,New South Wales
-29.25359,153.364747,2023.0,New South Wales
-29.479247,153.263075,2009.0,New South Wales
-28.67079,152.9959,,New South Wales
-28.34,153.565,2023.0,New South Wales
-31.45393,152.869695,,New South Wales
-28.389812,153.323105,2018.0,New South Wales
-28.165494,153.50437,2008.0,New South Wales
-29.47878,153.3635,2013.0,New South Wales
-28.36163,152.968618,2003.0,New South Wales
-29.152609,153.294278,2020.0,New South Wales
-29.867616,152.691299,2022.0,New South Wales
-28.323627,153.474529,,New South Wales
-28.461843,153.187408,2017.0,New South Wales
-29.348446,153.229834,2009.0,New South Wales
-28.653119,153.619657,,New South Wales
-29.44462,153.364105,2025.0,New South Wales
-29.47904,153.3633,2015.0,New South Wales
-29.427642,153.335109,2009.0,New South Wales
-29.34947,153.242773,2009.0,New South Wales
-28.554607,153.54613,2021.0,New South Wales
-29.597304,153.327337,2009.0,New South Wales
-28.4227,153.351,2022.0,New South Wales
-29.35902,153.2368,2013.0,New South Wales
-28.805586,153.27977,,New South Wales
-28.887634,153.548547,2007.0,New South Wales
-28.365006,153.433765,1994.0,New South Wales
-29.369041,153.230261,2009.0,New South Wales
-28.588573,153.516491,1995.0,New South Wales
-31.937314,152.467884,1996.0,New South Wales
-28.706935,153.464674,,New South Wales
-28.260797,153.56598,2006.0,New South Wales
-28.485168,153.381445,2019.0,New South Wales
-28.322165,153.397393,2024.0,New South Wales
-28.676072,153.547214,2017.0,New South Wales
-28.385998,153.327209,2018.0,New South Wales
-28.588573,153.516491,2003.0,New South Wales
-28.299119,153.41302,,New South Wales
-28.44982,153.190689,2018.0,New South Wales
-29.480163,153.363957,2009.0,New South Wales
-28.81938,153.299609,2023.0,New South Wales
-29.33147,153.232311,2009.0,New South Wales
-29.596002,153.328634,2009.0,New South Wales
-28.820225,153.536381,2024.0,New South Wales
-28.39736,153.0572,2015.0,New South Wales
-28.422613,152.990309,,New South Wales
-29.341555,152.632963,2024.0,New South Wales
-28.931668,153.389141,,New South Wales
-28.477938,153.167221,2018.0,New South Wales
-28.438606,153.139323,2006.0,New South Wales
-28.785326,153.388899,,New South Wales
-29.47886,153.3636,2013.0,New South Wales
-29.337717,153.260574,2017.0,New South Wales
-28.57994,153.250869,2023.0,New South Wales
-29.466301,153.228675,2009.0,New South Wales
-28.3606,153.571866,,New South Wales
-28.577254,153.543196,,New South Wales
-28.272715,153.405248,2018.0,New South Wales
-28.313886,153.312176,1994.0,New South Wales
-28.42278,153.1272,2015.0,New South Wales
-28.171649,153.502927,2024.0,New South Wales
-28.496579,153.536663,,New South Wales
-28.681722,153.313008,,New South Wales
-28.586841,153.484671,2020.0,New South Wales
-28.44986,153.1399,2015.0,New South Wales
-28.659369,153.111423,,New South Wales
-28.34992,153.353533,,New South Wales
-29.4,153.3,2024.0,New South Wales
-28.8393,153.443,2021.0,New South Wales
-28.74724,153.159061,,New South Wales
-29.62101,153.3031,2013.0,New South Wales
-29.501622,152.88086,2022.0,New South Wales
-28.54125,153.2992,2017.0,New South Wales
-29.012714,153.439393,,New South Wales
-28.601667,153.47055,1998.0,New South Wales
-28.4111,153.56,2023.0,New South Wales
-29.4448,153.331041,2009.0,New South Wales
-29.4794,153.3634,2013.0,New South Wales
-28.778318,153.310009,,New South Wales
-28.410412,153.124594,2007.0,New South Wales
-28.785308,153.592856,2013.0,New South Wales
-28.855556,153.479645,,New South Wales
-28.588573,153.516491,1996.0,New South Wales
-28.733902,153.171875,2020.0,New South Wales
-28.46452,153.462779,2023.0,New South Wales
-28.646163,153.36064,,New South Wales
-28.433,153.121,2015.0,New South Wales
-28.8045,153.3,2020.0,New South Wales
-28.855556,153.561736,,New South Wales
-28.586543,153.508213,2020.0,New South Wales
-28.848416,153.086438,,New South Wales
-28.797258,153.211955,,New South Wales
-29.04306,153.273393,,New South Wales
-28.785718,153.201962,,New South Wales
-28.3769,153.5622,2013.0,New South Wales
-34.946881,150.536318,2023.0,New South Wales
-28.358067,153.569408,2016.0,New South Wales
-28.293392,153.300878,2021.0,New South Wales
-29.35925,153.2396,2013.0,New South Wales
-28.44304,153.1426,2015.0,New South Wales
-28.446554,153.191589,2017.0,New South Wales
-28.723117,153.39397,2020.0,New South Wales
-28.65882,153.172764,,New South Wales
-28.689469,153.274297,,New South Wales
-28.37539,153.1026,2015.0,New South Wales
-28.40476,153.1226,2015.0,New South Wales
-28.27878,153.390228,2024.0,New South Wales
-28.596419,153.222347,2025.0,New South Wales
-28.177618,153.520713,2019.0,New South Wales
-28.198841,153.529013,2010.0,New South Wales
-28.345574,153.383008,,New South Wales
-28.942831,153.458194,,New South Wales
-29.453872,153.311477,2009.0,New South Wales
-28.327703,153.55762,2021.0,New South Wales
-28.625343,153.275844,,New South Wales
-28.70327,153.299758,,New South Wales
-28.386832,153.564809,2021.0,New South Wales
-28.74265,153.496063,,New South Wales
-28.7403,153.079,2020.0,New South Wales
-28.58225,153.554528,2023.0,New South Wales
-28.821045,153.287315,,New South Wales
-28.734483,152.616834,2022.0,New South Wales
-28.590266,153.515421,2006.0,New South Wales
-34.02719,151.1296,2014.0,New South Wales
-29.3356,153.260803,2017.0,New South Wales
-28.25982,153.564343,2004.0,New South Wales
-29.62932,153.3156,2013.0,New South Wales
-28.809219,153.582882,2009.0,New South Wales
-28.58895,153.55205,2023.0,New South Wales
-28.64022,153.3624,2014.0,New South Wales
-28.372093,153.056364,2006.0,New South Wales
-28.846688,153.544128,,New South Wales
-28.258,153.402,2022.0,New South Wales
-29.331075,153.233465,2009.0,New South Wales
-28.847227,153.354723,,New South Wales
-29.404096,153.213538,2009.0,New South Wales
-28.464253,153.264899,,New South Wales
-28.459138,153.134069,2009.0,New South Wales
-29.47925,153.3627,2013.0,New South Wales
-28.854247,153.588743,,New South Wales
-29.339132,153.260208,2017.0,New South Wales
-29.460061,153.218048,2021.0,New South Wales
-29.484314,153.237349,,New South Wales
-29.47418,153.3585,2013.0,New South Wales
-29.340458,153.253326,2018.0,New South Wales
-29.02959,153.423933,2008.0,New South Wales
-29.34479,153.2286,2013.0,New South Wales
-28.588573,153.516491,1997.0,New South Wales
-33.810624,151.059668,2019.0,New South Wales
-28.436607,153.142506,2008.0,New South Wales
-28.446065,153.144715,2010.0,New South Wales
-29.0663,152.865,2020.0,New South Wales
-28.628245,153.593157,2004.0,New South Wales
-28.616667,153.58333,1995.0,New South Wales
-28.469236,153.180527,2017.0,New South Wales
-28.462408,153.187149,2018.0,New South Wales
-28.493883,153.269557,2023.0,New South Wales
-28.588573,153.516491,2001.0,New South Wales
-28.591643,153.223537,2024.0,New South Wales
-28.2725,153.405,2021.0,New South Wales
-29.337513,152.167845,,New South Wales
-28.637783,153.219098,2018.0,New South Wales
-28.543385,153.491672,2017.0,New South Wales
-29.340776,153.254562,2017.0,New South Wales
-29.34468,153.228,2013.0,New South Wales
-29.11581,153.2331,2013.0,New South Wales
-28.354205,153.558112,2022.0,New South Wales
-29.483433,152.976712,2022.0,New South Wales
-28.26188,153.383276,,New South Wales
-28.346616,153.256878,2009.0,New South Wales
-28.5628,153.055,2023.0,New South Wales
-28.303979,153.301948,,New South Wales
-29.335201,153.22228,2009.0,New South Wales
-29.368513,153.112974,2024.0,New South Wales
-28.550985,153.509983,,New South Wales
-28.588573,153.516491,2002.0,New South Wales
-28.632314,153.582657,2025.0,New South Wales
-28.251767,153.485593,,New South Wales
-28.792381,153.583628,,New South Wales
-29.34044,153.2536,2015.0,New South Wales
-28.29416,153.554836,1994.0,New South Wales
-28.250102,153.426583,,New South Wales
-28.58545,153.554528,2023.0,New South Wales
-28.811267,153.266361,,New South Wales
-28.692906,153.606061,1994.0,New South Wales
-28.519268,153.10968,2018.0,New South Wales
-28.508877,153.240253,2025.0,New South Wales
-28.247834,153.470772,,New South Wales
-28.833545,153.424441,,New South Wales
-28.8158,153.304,2020.0,New South Wales
-30.154699,153.020714,2025.0,New South Wales
-28.243562,153.566806,1998.0,New South Wales
-28.165494,153.50437,2008.0,New South Wales
-28.726708,153.587435,,New South Wales
-28.392097,153.113375,2011.0,New South Wales
-29.390865,153.227395,2009.0,New South Wales
-29.533106,153.297614,,New South Wales
-29.44262,153.245216,2020.0,New South Wales
-28.305663,153.519858,,New South Wales
-31.457491,152.880053,,New South Wales
-28.389343,153.323395,2018.0,New South Wales
-29.152342,153.230426,2018.0,New South Wales
-29.451415,153.208689,2021.0,New South Wales
-28.310349,153.5692,1994.0,New South Wales
-28.633875,153.598311,2023.0,New South Wales
-28.458689,153.180894,2024.0,New South Wales
-28.4608,152.888,2018.0,New South Wales
-29.32329,153.2363,2015.0,New South Wales
-28.63774,153.629275,1994.0,New South Wales
-28.525762,153.392794,,New South Wales
-28.821053,153.460609,,New South Wales
-29.359594,153.282394,2017.0,New South Wales
-28.786551,153.134623,,New South Wales
-28.303979,153.301948,,New South Wales
-28.629129,153.423727,,New South Wales
-28.436571,153.142455,2006.0,New South Wales
-28.3,153.3,2020.0,New South Wales
-28.656538,153.357925,2008.0,New South Wales
-28.649732,153.359482,,New South Wales
-34.02833,151.12805,2012.0,New South Wales
-29.466301,153.228675,2009.0,New South Wales
-29.478571,153.35931,2009.0,New South Wales
-28.823425,153.585217,2009.0,New South Wales
-29.47806,153.347373,2022.0,New South Wales
-33.825,151.04277,2019.0,New South Wales
-28.588573,153.516491,2001.0,New South Wales
-28.577516,153.464892,,New South Wales
-32.995573,151.654522,2012.0,New South Wales
-28.783333,153.6,1976.0,New South Wales
-28.402242,153.423347,2025.0,New South Wales
-28.238086,153.553408,,New South Wales
-28.840295,153.558544,2019.0,New South Wales
-28.374694,153.101415,2010.0,New South Wales
-29.730273,152.941213,2022.0,New South Wales
-28.691636,153.312768,2026.0,New South Wales
-34.026373,151.122929,2009.0,New South Wales
-28.424065,153.317849,,New South Wales
-28.529213,153.188756,,New South Wales
-28.2182,153.534,2018.0,New South Wales
-28.635263,153.593492,2026.0,New South Wales
-28.32846,153.3941,2013.0,New South Wales
-28.445234,153.145224,2006.0,New South Wales
-28.462307,153.354964,2023.0,New South Wales
-28.589801,153.558921,2023.0,New South Wales
-28.352821,153.254127,1994.0,New South Wales
-28.725875,153.275011,,New South Wales
-28.76942,153.33844,2021.0,New South Wales
-28.41224,153.0285,2015.0,New South Wales
-28.730963,153.542543,2016.0,New South Wales
-29.484888,153.359538,2009.0,New South Wales
-28.48487,153.16858,2026.0,New South Wales
-28.447329,153.144594,2007.0,New South Wales
-28.358315,153.20822,1994.0,New South Wales
-28.829738,153.439908,,New South Wales
-28.364197,153.201248,,New South Wales
-28.708828,153.448898,2022.0,New South Wales
-28.653294,153.361079,,New South Wales
-28.820577,153.237891,,New South Wales
-28.444445,153.194534,2017.0,New South Wales
-29.391854,153.229768,2009.0,New South Wales
-28.385495,153.333068,2020.0,New South Wales
-29.62284,153.3159,2014.0,New South Wales
-29.358349,153.239721,2009.0,New South Wales
-28.45044,153.1394,2015.0,New South Wales
-29.4324,153.266048,2009.0,New South Wales
-28.3255,153.459893,2009.0,New South Wales
-28.55552,153.416142,1994.0,New South Wales
-29.43989,153.3431,2013.0,New South Wales
-28.442674,153.14229,2009.0,New South Wales
-28.778714,153.592213,1994.0,New South Wales
-28.25745,153.374145,2020.0,New South Wales
-28.54821,153.492434,,New South Wales
-28.959439,152.785436,2021.0,New South Wales
-29.578723,153.334555,2009.0,New South Wales
-28.590266,153.515421,2009.0,New South Wales
-29.35867,153.2409,2014.0,New South Wales
-28.246652,153.477027,,New South Wales
-28.811536,153.476671,,New South Wales
-29.33422,153.2478,2015.0,New South Wales
-28.399834,153.112946,2018.0,New South Wales
-28.446444,153.144562,2018.0,New South Wales
-28.703627,153.581605,,New South Wales
-28.805698,153.302782,,New South Wales
-28.969842,153.408551,2002.0,New South Wales
-29.468377,153.226635,2021.0,New South Wales
-28.80931,153.28829,2020.0,New South Wales
-28.588573,153.516491,1996.0,New South Wales
-28.4227,153.351,2023.0,New South Wales
-28.817714,153.54287,,New South Wales
-28.829044,153.207269,2021.0,New South Wales
-28.349206,153.213621,,New South Wales
-28.303345,153.570612,2020.0,New South Wales
-29.479628,153.360906,2009.0,New South Wales
-29.31861,153.2303,2015.0,New South Wales
-28.871706,153.386405,,New South Wales
-28.406609,153.128128,2018.0,New South Wales
-28.588573,153.516491,1997.0,New South Wales
-29.257742,153.231408,2020.0,New South Wales
-29.174074,153.283323,2012.0,New South Wales
-29.480363,153.364164,2009.0,New South Wales
-28.765135,153.109638,,New South Wales
-28.31843,153.529345,,New South Wales
-28.326117,153.561717,2020.0,New South Wales
-28.39012,153.322342,2018.0,New South Wales
-28.616667,153.58333,1995.0,New South Wales
-28.736778,152.619737,2021.0,New South Wales
-29.31723,153.2299,2014.0,New South Wales
-28.802136,153.323433,,New South Wales
-28.3737,153.138,2021.0,New South Wales
-29.436425,153.310735,2009.0,New South Wales
-28.9241,153.159,2022.0,New South Wales
-28.389917,153.322983,2018.0,New South Wales
-28.303979,153.301948,,New South Wales
-28.40467,153.1223,2015.0,New South Wales
-29.417141,153.270167,2021.0,New South Wales
-28.592764,153.217192,2025.0,New South Wales
-28.645182,153.621972,,New South Wales
-28.5629,153.055,2022.0,New South Wales
-28.763388,153.351092,,New South Wales
-28.54108,153.2987,2017.0,New South Wales
-28.40354,153.1166,2015.0,New South Wales
-28.267465,153.366378,,New South Wales
-28.869832,153.118561,,New South Wales
-28.637923,153.580198,2016.0,New South Wales
-28.39795,153.1176,2015.0,New South Wales
-29.34317,153.211447,2009.0,New South Wales
-28.259203,153.567368,2006.0,New South Wales
-29.340925,153.255707,2017.0,New South Wales
-28.471058,153.17778,2018.0,New South Wales
-28.510226,153.532815,2007.0,New South Wales
-28.44966,153.1413,2015.0,New South Wales
-28.44595,153.1448,2015.0,New South Wales
-28.82617,153.399261,,New South Wales
-28.616667,153.58333,1995.0,New South Wales
-28.70208,153.295237,,New South Wales
-29.34416,153.2285,2013.0,New South Wales
-28.8284,153.298,2020.0,New South Wales
-28.436828,153.139065,2010.0,New South Wales
-28.636764,153.554598,,New South Wales
-29.480163,153.363957,2009.0,New South Wales
-28.444693,153.19342,2018.0,New South Wales
-28.818141,153.414451,2021.0,New South Wales
-28.418145,153.343716,2022.0,New South Wales
-28.40467,153.1223,2015.0,New South Wales
-28.173983,153.519411,2024.0,New South Wales
-28.43317,153.1341,2015.0,New South Wales
-28.544917,153.533182,,New South Wales
-29.3293,153.2365,2015.0,New South Wales
-28.38562,153.3343,2013.0,New South Wales
-28.691694,153.228285,,New South Wales
-29.62872,153.3156,2013.0,New South Wales
-28.917421,153.284529,,New South Wales
-28.643215,153.341585,2022.0,New South Wales
-29.336157,153.222311,2009.0,New South Wales
-28.162388,153.491004,2005.0,New South Wales
-28.74848,153.429438,,New South Wales
-29.479442,153.363698,2009.0,New South Wales
-29.33069,153.2376,2015.0,New South Wales
-28.588573,153.516491,2004.0,New South Wales
-31.47102,152.874772,1996.0,New South Wales
-28.456778,153.191193,2018.0,New South Wales
-29.448941,153.316927,2004.0,New South Wales
-28.32824,153.3941,2013.0,New South Wales
-28.794067,153.590251,2001.0,New South Wales
-28.674038,153.593531,2008.0,New South Wales
-28.698606,153.457536,,New South Wales
-28.699112,153.605021,2009.0,New South Wales
-28.438745,153.143949,2007.0,New South Wales
-28.779413,153.59148,,New South Wales
-28.272724,153.405228,2018.0,New South Wales
-28.829062,153.206712,2022.0,New South Wales
-28.242624,153.489709,2022.0,New South Wales
-28.540543,153.293823,2018.0,New South Wales
-29.33991,153.2493,2015.0,New South Wales
-28.769417,153.338432,2021.0,New South Wales
-28.5189,153.536,2020.0,New South Wales
-29.594565,153.329123,2009.0,New South Wales
-28.642475,153.626695,,New South Wales
-28.74987,153.532665,2023.0,New South Wales
-29.439786,153.350615,2009.0,New South Wales
-28.560677,153.325336,2017.0,New South Wales
-28.525286,153.140334,,New South Wales
-28.775226,153.507485,,New South Wales
-28.590266,153.515421,2008.0,New South Wales
-28.58545,153.554528,2023.0,New South Wales
-28.43749,153.1394,2015.0,New South Wales
-28.73359,153.171872,2020.0,New South Wales
-29.472679,153.225532,2009.0,New South Wales
-28.803564,153.293571,,New South Wales
-29.075636,153.026695,2020.0,New South Wales
-28.959439,152.785436,2021.0,New South Wales
-28.36741,153.561736,,New South Wales
-28.3329,153.568,2021.0,New South Wales
-28.588573,153.516491,1999.0,New South Wales
-28.530402,153.193872,,New South Wales
-28.38365,153.3362,2014.0,New South Wales
-28.85085,153.467764,,New South Wales
-28.2727,153.405,2018.0,New South Wales
-29.34117,153.2565,2015.0,New South Wales
-28.436176,153.550553,,New South Wales
-28.431506,153.260413,,New South Wales
-29.453753,153.358913,1994.0,New South Wales
-28.429,153.004,2021.0,New South Wales
-28.4042,153.1205,2015.0,New South Wales
-28.490308,153.377328,,New South Wales
-28.173166,153.508399,2007.0,New South Wales
-28.272611,153.405564,2019.0,New South Wales
-28.565472,153.412353,2024.0,New South Wales
-28.714904,153.544003,2023.0,New South Wales
-28.43827,153.2171,2013.0,New South Wales
-28.590266,153.515421,2009.0,New South Wales
-30.110448,153.191051,2006.0,New South Wales
-28.36976,153.0763,2015.0,New South Wales
-28.946278,153.439243,1994.0,New South Wales
-28.889225,153.302893,,New South Wales
-28.7,153.2,2021.0,New South Wales
-29.465154,153.229514,2009.0,New South Wales
-28.555149,153.423251,,New South Wales
-29.263669,152.78121,2025.0,New South Wales
-28.320177,153.469532,,New South Wales
-28.336144,153.576845,2023.0,New South Wales
-29.448604,153.214745,2021.0,New South Wales
-28.43152,153.1223,2015.0,New South Wales
-31.930083,152.552719,2021.0,New South Wales
-28.851796,153.284435,2021.0,New South Wales
-28.954574,153.382835,1994.0,New South Wales
-28.777812,153.592208,1994.0,New South Wales
-28.54044,153.2962,2017.0,New South Wales
-28.67198,153.432889,,New South Wales
-28.43771,153.1431,2015.0,New South Wales
-28.84423,153.596295,2021.0,New South Wales
-28.7106,153.088,2021.0,New South Wales
-28.444794,153.194122,2018.0,New South Wales
-29.179696,153.026098,2024.0,New South Wales
-28.424611,153.382634,2023.0,New South Wales
-28.2782,153.578,2018.0,New South Wales
-29.33502,153.255195,2020.0,New South Wales
-28.44584,153.1942,2014.0,New South Wales
-28.70565,153.45942,,New South Wales
-28.444477,153.193054,2018.0,New South Wales
-28.888837,153.047094,,New South Wales
-28.256571,153.400397,2021.0,New South Wales
-28.194877,153.552285,1994.0,New South Wales
-28.40495,153.1232,2015.0,New South Wales
-28.353651,153.290864,1994.0,New South Wales
-28.933839,153.317841,,New South Wales
-28.588573,153.516491,1998.0,New South Wales
-28.397785,153.117844,2018.0,New South Wales
-28.884466,153.403264,,New South Wales
-28.54015,153.2983,2016.0,New South Wales
-29.47925,153.3629,2013.0,New South Wales
-28.588573,153.516491,2002.0,New South Wales
-28.40715,153.12797,2007.0,New South Wales
-29.57433,153.3262,2013.0,New South Wales
-29.65054,153.3152,2013.0,New South Wales
-29.32668,153.2355,2015.0,New South Wales
-29.392605,153.312534,2021.0,New South Wales
-28.665707,153.545066,,New South Wales
-28.67728,153.446304,1991.0,New South Wales
-31.9,152.45,2024.0,New South Wales
-28.5893,153.549667,2023.0,New South Wales
-28.7983,153.299,2020.0,New South Wales
-28.510764,153.544059,,New South Wales
-29.53594,153.3292,2013.0,New South Wales
-29.349226,153.227972,2009.0,New South Wales
-28.165628,153.504042,2024.0,New South Wales
-28.370622,153.336163,,New South Wales
-28.796069,153.383039,,New South Wales
-28.590266,153.515421,2006.0,New South Wales
-28.370265,153.543176,,New South Wales
-29.337029,153.270844,2017.0,New South Wales
-28.975718,153.340446,,New South Wales
-28.434638,153.125399,2010.0,New South Wales
-28.37671,153.5619,2013.0,New South Wales
-28.628334,153.58945,1995.0,New South Wales
-28.43759,153.2516,2013.0,New South Wales
-28.484954,153.270728,,New South Wales
-28.198407,153.500153,2026.0,New South Wales
-28.588573,153.516491,1988.0,New South Wales
-28.405176,153.407623,,New South Wales
-28.719926,153.576013,,New South Wales
-29.18011,153.3071,2013.0,New South Wales
-28.648699,153.341813,1992.0,New South Wales
-29.43587,153.336544,2023.0,New South Wales
-29.389962,153.227806,2009.0,New South Wales
-28.692205,153.289526,,New South Wales
-28.229151,153.538681,2026.0,New South Wales
-28.525581,153.143151,,New South Wales
-29.35859,153.2413,2013.0,New South Wales
-28.43737,153.1404,2015.0,New South Wales
-29.467021,153.283671,2009.0,New South Wales
-28.436616,153.142496,2010.0,New South Wales
-28.329606,153.491771,1994.0,New South Wales
-28.3884,153.109115,2011.0,New South Wales
-28.398399,153.285278,2018.0,New South Wales
-28.45025,153.139644,2006.0,New South Wales
-28.811112,153.583862,2025.0,New South Wales
-29.490282,153.226941,2023.0,New South Wales
-29.34011,153.2508,2015.0,New South Wales
-29.336157,153.222311,2009.0,New South Wales
-29.439786,153.350615,2009.0,New South Wales
-28.749266,153.414937,2021.0,New South Wales
-28.620556,153.58583,1995.0,New South Wales
-28.6498,153.620514,2025.0,New South Wales
-28.314348,153.493327,,New South Wales
-28.159902,153.491808,2005.0,New South Wales
-28.385723,153.40605,,New South Wales
-28.51342,153.105896,2018.0,New South Wales
-28.746933,153.220045,,New South Wales
-28.534209,153.452995,,New South Wales
-29.478571,153.35931,2009.0,New South Wales
-28.84,153.443,2017.0,New South Wales
-28.435748,153.311512,1994.0,New South Wales
-28.628334,153.58945,1995.0,New South Wales
-28.830243,153.288548,2021.0,New South Wales
-28.194987,153.524637,2017.0,New South Wales
-29.34039,153.2521,2015.0,New South Wales
-28.7196,153.407,2018.0,New South Wales
-29.339737,153.24852,2018.0,New South Wales
-29.444855,153.266183,2009.0,New South Wales
-28.392953,153.307997,,New South Wales
-28.788812,153.591242,,New South Wales
-29.439007,153.348324,2009.0,New South Wales
-28.436617,153.142476,2009.0,New South Wales
-29.35857,153.2409,2013.0,New South Wales
-28.658655,153.225875,,New South Wales
-28.356797,153.569602,,New South Wales
-29.479923,153.360036,2009.0,New South Wales
-28.644805,153.61525,2025.0,New South Wales
-28.642713,153.407547,,New South Wales
-28.3399,153.565,2018.0,New South Wales
-28.466064,153.183044,2018.0,New South Wales
-28.709437,153.463162,2023.0,New South Wales
-28.313881,153.314216,1994.0,New South Wales
-28.641047,153.629313,,New South Wales
-29.35005,153.226446,2009.0,New South Wales
-28.783577,153.41421,,New South Wales
-28.587152,153.202557,,New South Wales
-28.3746,153.564,2020.0,New South Wales
-28.767873,153.591123,,New South Wales
-28.876971,153.460609,,New South Wales
-28.72932,153.540504,2016.0,New South Wales
-33.375081,151.473543,1999.0,New South Wales
-28.7052,153.088,2023.0,New South Wales
-28.441824,153.142942,2009.0,New South Wales
-28.40245,153.115,2015.0,New South Wales
-29.402766,153.349542,2024.0,New South Wales
-28.32789,153.3936,2013.0,New South Wales
-28.498637,153.537941,,New South Wales
-28.588573,153.516491,1988.0,New South Wales
-28.538373,153.386846,,New South Wales
-28.99,153.055,2021.0,New South Wales
-28.833783,153.347347,,New South Wales
-29.0763,153.025,2020.0,New South Wales
-28.76012,153.3169,2014.0,New South Wales
-28.398818,153.432532,,New South Wales
-29.357177,153.232336,2009.0,New South Wales
-28.385662,153.332581,2018.0,New South Wales
-29.33659,153.2667,2015.0,New South Wales
-28.652182,153.362051,2025.0,New South Wales
-28.80802,153.474902,,New South Wales
-28.628674,153.585055,,New South Wales
-28.736077,153.364495,,New South Wales
-28.435699,153.138921,2010.0,New South Wales
-28.386922,153.105837,2011.0,New South Wales
-28.366622,152.735619,2009.0,New South Wales
-28.435824,153.140667,2006.0,New South Wales
-33.90167,151.245,2022.0,New South Wales
-28.43709,153.1428,2015.0,New South Wales
-28.38789,153.3245,2013.0,New South Wales
-29.35885,153.2411,2014.0,New South Wales
-28.388481,153.09656,2011.0,New South Wales
-28.682539,153.278259,,New South Wales
-28.729792,153.158648,2020.0,New South Wales
-28.805908,153.276112,,New South Wales
-28.332016,153.532548,2005.0,New South Wales
-28.419014,153.351408,,New South Wales
-28.483417,153.37908,2004.0,New South Wales
-28.36889,153.073049,2007.0,New South Wales
-28.58605,153.549278,2023.0,New South Wales
-28.26545,153.568875,,New South Wales
-28.566094,153.427058,,New South Wales
-28.817484,153.272632,,New South Wales
-29.10744,153.1675,2013.0,New South Wales
-28.377665,153.451813,,New South Wales
-29.340286,153.25145,2018.0,New South Wales
-28.863541,153.543614,2022.0,New South Wales
-28.434738,153.12543,2010.0,New South Wales
-28.405654,153.534362,2024.0,New South Wales
-30.976505,150.249485,2017.0,New South Wales
-28.470239,153.539409,1994.0,New South Wales
-29.578635,153.333242,2008.0,New South Wales
-28.700126,153.606102,1994.0,New South Wales
-28.648711,153.598644,1986.0,New South Wales
-28.953255,153.368439,2023.0,New South Wales
-28.18435,153.460563,2024.0,New South Wales
-29.540865,153.238231,2022.0,New South Wales
-33.511895,151.313964,2008.0,New South Wales
-28.779617,153.592218,1994.0,New South Wales
-28.849815,153.252322,,New South Wales
-28.397898,153.117801,2011.0,New South Wales
-29.436144,153.358291,,New South Wales
-28.309622,153.525337,1994.0,New South Wales
-28.231393,153.496217,,New South Wales
-28.63416,153.3243,2017.0,New South Wales
-30.290538,153.109869,,New South Wales
-28.387944,153.0897,2011.0,New South Wales
-28.614354,153.080612,,New South Wales
-29.63389,153.3156,2013.0,New South Wales
-28.582275,153.503558,,New South Wales
-28.313157,153.339732,,New South Wales
-28.77513,153.504748,,New South Wales
-34.02673,151.1301,2014.0,New South Wales
-29.477665,153.360802,2009.0,New South Wales
-28.588573,153.516491,2001.0,New South Wales
-28.374627,153.560541,2005.0,New South Wales
-28.324936,153.52069,,New South Wales
-29.336157,153.222311,2009.0,New South Wales
-28.44455,153.193268,2018.0,New South Wales
-28.202394,153.459388,,New South Wales
-28.487215,153.271918,,New South Wales
-29.436425,153.310735,2009.0,New South Wales
-28.4273,153.521,2022.0,New South Wales
-28.774795,153.168676,2026.0,New South Wales
-34.078075,150.786497,2024.0,New South Wales
-28.715286,153.568875,,New South Wales
-28.39767,153.118,2015.0,New South Wales
-28.788765,153.563582,1994.0,New South Wales
-28.634803,153.598358,2023.0,New South Wales
-28.537342,153.467807,2021.0,New South Wales
-28.386904,153.105265,2011.0,New South Wales
-28.45396,153.218788,,New South Wales
-28.445242,153.19458,2018.0,New South Wales
-28.304354,153.482738,,New South Wales
-28.821053,153.464179,,New South Wales
-28.809751,153.381611,,New South Wales
-30.73889,152.92694,2017.0,New South Wales
-29.864457,150.577926,2026.0,New South Wales
-28.725875,153.611705,,New South Wales
-28.3732,153.5556,2013.0,New South Wales
-29.33913,153.2602,2015.0,New South Wales
-28.389177,153.324066,2018.0,New South Wales
-29.567355,153.336447,2009.0,New South Wales
-28.820922,153.594345,2025.0,New South Wales
-28.449989,153.139832,2018.0,New South Wales
-28.44954,153.1408,2015.0,New South Wales
-29.394596,153.208749,2009.0,New South Wales
-29.34108,153.2565,2015.0,New South Wales
-28.388014,153.094254,2018.0,New South Wales
-28.83414,153.434435,,New South Wales
-28.84297,153.551572,1994.0,New South Wales
-28.766972,153.594196,1994.0,New South Wales
-28.445654,153.19429,2017.0,New South Wales
-28.43871,153.1436,2014.0,New South Wales
-28.849532,153.049244,2021.0,New South Wales
-29.345859,153.22814,2009.0,New South Wales
-28.786994,153.555376,1994.0,New South Wales
-29.480363,153.364164,2009.0,New South Wales
-28.290196,153.397672,,New South Wales
-28.35549,153.57054,,New South Wales
-28.4396,153.1441,2015.0,New South Wales
-28.201647,153.549027,2022.0,New South Wales
-28.588573,153.516491,2004.0,New South Wales
-28.7984,153.299,2020.0,New South Wales
-28.35349,153.558167,,New South Wales
-29.340351,153.253403,2017.0,New South Wales
-28.441671,153.14283,2010.0,New South Wales
-28.738001,152.619947,2021.0,New South Wales
-28.641359,153.605114,2025.0,New South Wales
-29.47939,153.3639,2014.0,New South Wales
-28.640536,153.606857,,New South Wales
-28.56607,153.2877,2017.0,New South Wales
-29.340452,153.25322,2018.0,New South Wales
-28.661273,153.388987,,New South Wales
-29.447472,153.243124,2020.0,New South Wales
-29.11596,153.2332,2013.0,New South Wales
-29.192153,153.13429,,New South Wales
-29.398692,152.583576,2026.0,New South Wales
-28.168069,153.479825,1994.0,New South Wales
-28.308304,153.340094,2022.0,New South Wales
-33.825,151.04277,2019.0,New South Wales
-28.642951,153.615393,,New South Wales
-29.47954,153.3637,2013.0,New South Wales
-28.757038,153.551198,,New South Wales
-29.335417,153.223165,2009.0,New South Wales
-28.41188,153.1224,2015.0,New South Wales
-28.30807,153.34017,2020.0,New South Wales
-28.5095,152.964,2021.0,New South Wales
-28.40161,153.1133,2015.0,New South Wales
-28.76406,153.548849,,New South Wales
-29.574767,153.324759,2009.0,New South Wales
-28.621461,153.400034,1994.0,New South Wales
-28.43851,153.1437,2015.0,New South Wales
-28.299886,153.550649,2020.0,New South Wales
-28.828999,153.207059,2022.0,New South Wales
-28.44498,153.1943,2014.0,New South Wales
-28.617728,153.209219,,New South Wales
-28.60844,153.01106,,New South Wales
-29.340114,153.214376,2009.0,New South Wales
-28.4968,153.544,2022.0,New South Wales
-28.37325,153.5556,2013.0,New South Wales
-28.483646,153.325456,,New South Wales
-28.58225,153.554528,2023.0,New South Wales
-29.340527,153.253937,2018.0,New South Wales
-28.330419,153.537132,2007.0,New South Wales
-29.417279,153.270425,2020.0,New South Wales
-28.583226,153.041824,,New South Wales
-28.172506,153.508673,2005.0,New South Wales
-28.516771,153.533352,2024.0,New South Wales
-29.355859,153.269454,2009.0,New South Wales
-28.44495,153.194107,2018.0,New South Wales
-29.348446,153.229834,2009.0,New South Wales
-28.190943,153.44149,,New South Wales
-28.44653,153.1918,2014.0,New South Wales
-28.656789,153.355142,1992.0,New South Wales
-28.389029,153.323883,2018.0,New South Wales
-28.192123,153.460661,2023.0,New South Wales
-28.460934,153.142733,2006.0,New South Wales
-28.388446,153.324217,2024.0,New South Wales
-28.662225,153.454304,,New South Wales
-29.34501,153.2285,2014.0,New South Wales
-29.594531,153.329669,2009.0,New South Wales
-28.466624,153.540412,1994.0,New South Wales
-29.32428,153.2362,2015.0,New South Wales
-28.95691,152.77212,2023.0,New South Wales
-28.464454,153.263587,2004.0,New South Wales
-28.41631,153.122,2015.0,New South Wales
-29.33024,153.2369,2015.0,New South Wales
-28.428799,153.309157,,New South Wales
-29.383097,153.230882,2009.0,New South Wales
-28.188117,153.554598,,New South Wales
-28.43339,153.135,2015.0,New South Wales
-28.37682,153.5624,2013.0,New South Wales
-28.729556,153.424755,2021.0,New South Wales
-28.735392,152.962112,,New South Wales
-28.72873,153.406834,,New South Wales
-28.367052,153.315224,,New South Wales
-28.590266,153.515421,2007.0,New South Wales
-28.85066,153.5961,2016.0,New South Wales
-28.43296,153.1297,2015.0,New South Wales
-28.58605,153.549278,2023.0,New South Wales
-28.841341,153.558857,2019.0,New South Wales
-28.438303,153.143795,2009.0,New South Wales
-29.48316,153.3633,2015.0,New South Wales
-28.32831,153.394,2013.0,New South Wales
-28.386116,153.108377,2007.0,New South Wales
-33.593002,150.744547,1993.0,New South Wales
-28.522348,153.430626,1996.0,New South Wales
-28.567284,153.528186,,New South Wales
-30.220556,152.915556,2020.0,New South Wales
-28.40571,153.533599,2024.0,New South Wales
-28.588573,153.516491,1993.0,New South Wales
-28.852105,153.363884,,New South Wales
-14.26715,134.4454,2017.0,Northern Territory
-12.913138,132.643469,2016.0,Northern Territory
-16.4481,137.5623,2017.0,Northern Territory
-12.65183,134.29787,2010.0,Northern Territory
-12.913138,132.643469,2016.0,Northern Territory
-14.93436,133.12444,2022.0,Northern Territory
-13.95262,132.568905,2017.0,Northern Territory
-13.42888,130.78558,2011.0,Northern Territory
-13.49862,132.57773,2015.0,Northern Territory
-14.20303,130.90186,2014.0,Northern Territory
-12.407674,130.879824,2022.0,Northern Territory
-13.41142,132.48936,2019.0,Northern Territory
-15.47432,131.13071,2017.0,Northern Territory
-14.042665,134.272629,2013.0,Northern Territory
-12.62071,132.36327,2013.0,Northern Territory
-14.035673,134.291326,2007.0,Northern Territory
-14.214767,134.477046,2017.0,Northern Territory
-16.45147,137.57202,2012.0,Northern Territory
-14.256824,134.506059,2017.0,Northern Territory
-14.1555,131.05585,2015.0,Northern Territory
-14.2675,134.43953,2018.0,Northern Territory
-12.68925,132.3989,2014.0,Northern Territory
-12.465406,130.841068,2026.0,Northern Territory
-14.22166,134.11208,2017.0,Northern Territory
-13.013243,130.969325,2007.0,Northern Territory
-14.22166,134.11208,2014.0,Northern Territory
-14.87182,133.11119,2021.0,Northern Territory
-14.176509,134.465174,2014.0,Northern Territory
-14.129933,134.473961,2017.0,Northern Territory
-16.810585,137.531128,2014.0,Northern Territory
-14.21373,134.58018,2013.0,Northern Territory
-16.698209,137.305698,2017.0,Northern Territory
-12.92507,132.59003,2019.0,Northern Territory
-16.53318,137.37163,2013.0,Northern Territory
-14.129933,134.473961,2013.0,Northern Territory
-14.22603,134.10867,2018.0,Northern Territory
-12.458611,131.085,2011.0,Northern Territory
-12.965138,132.625482,2016.0,Northern Territory
-14.176509,134.465174,2018.0,Northern Territory
-13.210776,133.148277,2021.0,Northern Territory
-12.225278,136.704918,2019.0,Northern Territory
-14.20303,130.90186,2014.0,Northern Territory
-14.195641,132.242532,2017.0,Northern Territory
-14.176509,134.465174,2017.0,Northern Territory
-13.22893,132.28433,2019.0,Northern Territory
-14.21223,134.57502,2016.0,Northern Territory
-14.21223,134.57502,2017.0,Northern Territory
-16.706305,137.320195,2017.0,Northern Territory
-14.15849,134.46382,2017.0,Northern Territory
-16.28168,137.74042,2017.0,Northern Territory
-16.24791,137.70836,2012.0,Northern Territory
-12.878621,131.998583,2016.0,Northern Territory
-14.176509,134.465174,2017.0,Northern Territory
-12.52577,130.8735,2019.0,Northern Territory
-12.5723,130.93713,2019.0,Northern Territory
-12.52561,131.12279,2009.0,Northern Territory
-14.256824,134.506059,2017.0,Northern Territory
-14.731906,134.430457,2014.0,Northern Territory
-12.972608,132.587403,2017.0,Northern Territory
-14.417259,129.950338,2014.0,Northern Territory
-14.21373,134.58018,2017.0,Northern Territory
-14.032253,132.305906,2011.0,Northern Territory
-13.788802,131.185496,2006.0,Northern Territory
-14.21003,134.56943,2017.0,Northern Territory
-12.506939,131.023954,2023.0,Northern Territory
-16.0425,130.41512,2015.0,Northern Territory
-15.0765,132.6736,2022.0,Northern Territory
-14.21223,134.57502,2018.0,Northern Territory
-15.88915,130.19906,2017.0,Northern Territory
-14.61219,135.503629,2017.0,Northern Territory
-17.42326,137.78302,2017.0,Northern Territory
-13.102747,130.844266,2018.0,Northern Territory
-12.496022,131.003281,2024.0,Northern Territory
-12.972608,132.587403,2016.0,Northern Territory
-14.176509,134.465174,2014.0,Northern Territory
-12.692808,133.336751,2017.0,Northern Territory
-14.415069,132.235256,2020.0,Northern Territory
-12.539,131.123,2009.0,Northern Territory
-14.8714,133.11099,2021.0,Northern Territory
-14.129933,134.473961,2018.0,Northern Territory
-14.341981,132.726282,2005.0,Northern Territory
-13.22893,132.28433,2019.0,Northern Territory
-14.75167,133.66839,1999.0,Northern Territory
-14.11023,134.396932,2021.0,Northern Territory
-12.51831,132.21523,2019.0,Northern Territory
-17.48184,137.64438,2017.0,Northern Territory
-12.49169,133.107437,2017.0,Northern Territory
-14.21125,134.59922,2013.0,Northern Territory
-16.50527,132.81142,2021.0,Northern Territory
-16.88943,137.83595,2017.0,Northern Territory
-14.08761,132.6167,2017.0,Northern Territory
-16.48308,134.42226,2022.0,Northern Territory
-14.26715,134.4454,2017.0,Northern Territory
-13.692805,130.9343,2008.0,Northern Territory
-12.61349,131.07852,2009.0,Northern Territory
-12.519506,133.085054,2017.0,Northern Territory
-14.111705,132.567678,2005.0,Northern Territory
-14.69527,134.42898,2001.0,Northern Territory
-12.913217,132.64286,2016.0,Northern Territory
-13.000697,131.01321,2014.0,Northern Territory
-13.51342,132.50726,2019.0,Northern Territory
-14.044901,134.265183,2009.0,Northern Territory
-14.262722,134.512625,2017.0,Northern Territory
-12.911698,132.643503,2016.0,Northern Territory
-13.036486,132.647227,2016.0,Northern Territory
-15.634724,129.611368,2018.0,Northern Territory
-12.51831,132.21523,2019.0,Northern Territory
-14.146668,134.465851,2017.0,Northern Territory
-14.156198,134.190268,2007.0,Northern Territory
-12.532139,131.119306,2011.0,Northern Territory
-14.26715,134.4454,2017.0,Northern Territory
-16.24176,137.70752,2012.0,Northern Territory
-12.912115,132.6432,2016.0,Northern Territory
-14.366191,129.918114,2014.0,Northern Territory
-14.176509,134.465174,2014.0,Northern Territory
-14.176509,134.465174,2014.0,Northern Territory
-14.176509,134.465174,2017.0,Northern Territory
-12.79135,130.96676,2019.0,Northern Territory
-15.35543,132.885961,2022.0,Northern Territory
-12.225039,136.704718,2022.0,Northern Territory
-11.6384,132.55542,2014.0,Northern Territory
-13.069793,132.697793,2017.0,Northern Territory
-17.48184,137.64438,2017.0,Northern Territory
-14.28985,134.48625,2013.0,Northern Territory
-14.062963,134.416876,2017.0,Northern Territory
-14.169798,132.380817,2005.0,Northern Territory
-14.184135,134.18076,2017.0,Northern Territory
-14.87232,133.11101,2021.0,Northern Territory
-14.234861,134.491648,2014.0,Northern Territory
-12.74289,133.356854,2017.0,Northern Territory
-14.26965,134.45948,2017.0,Northern Territory
-12.86606,132.790298,2018.0,Northern Territory
-12.192239,136.709861,2022.0,Northern Territory
-15.354696,132.886057,2022.0,Northern Territory
-14.262722,134.512625,2014.0,Northern Territory
-12.963761,132.810567,2016.0,Northern Territory
-12.44057,132.97034,2019.0,Northern Territory
-15.35201,131.24315,2015.0,Northern Territory
-14.176509,134.465174,2014.0,Northern Territory
-12.52494,130.9856,2014.0,Northern Territory
-12.491239,133.108509,2017.0,Northern Territory
-13.814508,132.413329,2005.0,Northern Territory
-12.224956,136.704918,2019.0,Northern Territory
-12.663795,132.836945,2024.0,Northern Territory
-12.695837,133.318224,2017.0,Northern Territory
-14.21373,134.58018,2013.0,Northern Territory
-14.214767,134.477046,2017.0,Northern Territory
-12.742549,133.356716,2017.0,Northern Territory
-12.5723,130.93713,2019.0,Northern Territory
-12.6,131.2,2020.0,Northern Territory
-14.129933,134.473961,2014.0,Northern Territory
-12.64948,132.35806,2014.0,Northern Territory
-13.71697,131.07861,2015.0,Northern Territory
-18.3,133.8,2023.0,Northern Territory
-12.979561,130.962069,2014.0,Northern Territory
-16.809981,137.24583,2014.0,Northern Territory
-12.5375,131.121667,2015.0,Northern Territory
-16.783,135.753,1994.0,Northern Territory
-12.476089,133.112485,2017.0,Northern Territory
-12.70967,133.72862,2010.0,Northern Territory
-16.88913,137.83511,2017.0,Northern Territory
-12.443455,130.837815,2025.0,Northern Territory
-14.20303,130.90186,2014.0,Northern Territory
-12.371667,130.866111,2015.0,Northern Territory
-14.297795,134.492394,2013.0,Northern Territory
-14.21125,134.59922,2017.0,Northern Territory
-14.2637,134.42914,2017.0,Northern Territory
-14.256824,134.506059,2011.0,Northern Territory
-12.582574,131.091646,2018.0,Northern Territory
-15.513084,129.520131,2018.0,Northern Territory
-14.146668,134.465851,2014.0,Northern Territory
-13.71697,131.07861,2015.0,Northern Territory
-14.20303,130.90186,2014.0,Northern Territory
-13.513,132.50748,2019.0,Northern Territory
-15.47463,131.13019,2017.0,Northern Territory
-14.176509,134.465174,2017.0,Northern Territory
-13.784338,131.177924,2006.0,Northern Territory
-12.905633,132.800239,2016.0,Northern Territory
-14.26439,134.2532,2014.0,Northern Territory
-14.146668,134.465851,2017.0,Northern Territory
-16.24791,137.70836,2012.0,Northern Territory
-14.1555,131.05585,2015.0,Northern Territory
-13.26358,130.96259,2011.0,Northern Territory
-13.601,132.28385,2015.0,Northern Territory
-14.93246,131.88284,2015.0,Northern Territory
-15.23421,132.25478,2022.0,Northern Territory
-14.21373,134.58018,2013.0,Northern Territory
-13.51342,132.50726,2019.0,Northern Territory
-16.88943,137.83595,2017.0,Northern Territory
-13.53829,132.26381,2019.0,Northern Territory
-12.68411,132.4186,2014.0,Northern Territory
-14.612278,135.503513,2017.0,Northern Territory
-12.443992,130.836769,2025.0,Northern Territory
-14.98819,133.40532,2022.0,Northern Territory
-14.129933,134.473961,2017.0,Northern Territory
-12.913217,132.64286,2016.0,Northern Territory
-14.214028,134.47683,2021.0,Northern Territory
-12.906466,131.650787,2019.0,Northern Territory
-14.394832,132.39427,2020.0,Northern Territory
-14.256824,134.506059,2013.0,Northern Territory
-16.63559,137.42036,2014.0,Northern Territory
-14.256824,134.506059,2007.0,Northern Territory
-12.52565,131.14304,2022.0,Northern Territory
-12.4194,132.96529,2008.0,Northern Territory
-16.48258,134.5388,2022.0,Northern Territory
-14.262722,134.512625,2017.0,Northern Territory
-14.20303,130.90186,2014.0,Northern Territory
-13.015855,132.734655,2016.0,Northern Territory
-14.03234,132.30579,2018.0,Northern Territory
-12.606262,131.100833,2018.0,Northern Territory
-12.913217,132.64286,2016.0,Northern Territory
-15.89526,133.41963,2021.0,Northern Territory
-12.466648,130.841856,2024.0,Northern Territory
-14.08033,131.04832,2011.0,Northern Territory
-14.23604,134.40518,2017.0,Northern Territory
-12.495275,131.042516,2022.0,Northern Territory
-14.871822,133.111089,2021.0,Northern Territory
-16.24141,137.70876,2012.0,Northern Territory
-15.34644,133.66792,2021.0,Northern Territory
-14.23604,134.40518,2018.0,Northern Territory
-13.92669,131.16309,2011.0,Northern Territory
-12.652241,130.757662,2019.0,Northern Territory
-14.198701,134.473755,2018.0,Northern Territory
-16.73334,137.437,2009.0,Northern Territory
-12.69198,132.40193,2014.0,Northern Territory
-14.176509,134.465174,2014.0,Northern Territory
-12.486999,130.967145,2021.0,Northern Territory
-16.53318,137.37163,2013.0,Northern Territory
-16.48308,134.42226,2022.0,Northern Territory
-13.689301,131.436518,2008.0,Northern Territory
-13.038053,132.648591,2016.0,Northern Territory
-12.787972,134.360828,2014.0,Northern Territory
-14.389,132.416,2021.0,Northern Territory
-12.478001,130.966053,2024.0,Northern Territory
-14.26439,134.2532,2014.0,Northern Territory
-14.19501,132.18242,2015.0,Northern Territory
-12.913217,132.64286,2016.0,Northern Territory
-16.04795,130.38104,2017.0,Northern Territory
-12.44071,132.96976,2019.0,Northern Territory
-14.256824,134.506059,2017.0,Northern Territory
-12.742549,133.356716,2017.0,Northern Territory
-16.04795,130.38104,2017.0,Northern Territory
-13.51287,132.50688,2019.0,Northern Territory
-16.6806,133.4102,2022.0,Northern Territory
-13.51342,132.50726,2019.0,Northern Territory
-14.062963,134.416876,2017.0,Northern Territory
-14.87232,133.11101,2021.0,Northern Territory
-14.146668,134.465851,2007.0,Northern Territory
-13.19274,132.30194,2009.0,Northern Territory
-12.4998,130.974,2020.0,Northern Territory
-12.743705,133.356814,2017.0,Northern Territory
-14.256824,134.506059,2013.0,Northern Territory
-12.567719,130.944761,2020.0,Northern Territory
-12.454053,130.846022,2026.0,Northern Territory
-16.72548,137.42113,2014.0,Northern Territory
-16.64307,137.43148,2014.0,Northern Territory
-14.8714,133.11099,2021.0,Northern Territory
-13.563492,132.33176,2016.0,Northern Territory
-12.78831,132.17477,2019.0,Northern Territory
-14.87182,133.11119,2021.0,Northern Territory
-16.805449,137.249199,2014.0,Northern Territory
-14.256824,134.506059,2011.0,Northern Territory
-13.692842,130.934299,2008.0,Northern Territory
-12.495247,131.042559,2021.0,Northern Territory
-12.225193,136.704745,2021.0,Northern Territory
-16.24791,137.70836,2012.0,Northern Territory
-14.153947,134.464344,2021.0,Northern Territory
-12.911698,132.643503,2016.0,Northern Territory
-15.2875,132.89514,2022.0,Northern Territory
-13.035887,132.702519,2016.0,Northern Territory
-12.972608,132.587403,2016.0,Northern Territory
-16.88956,137.83575,2017.0,Northern Territory
-14.1555,131.05585,2015.0,Northern Territory
-14.232485,134.109606,2011.0,Northern Territory
-12.583333,131.316667,2011.0,Northern Territory
-11.42146,132.25466,2017.0,Northern Territory
-14.23604,134.40518,2018.0,Northern Territory
-16.679907,133.412765,2026.0,Northern Territory
-16.53471,137.37856,2013.0,Northern Territory
-14.042665,134.272629,2013.0,Northern Territory
-11.554195,130.576233,2016.0,Northern Territory
-12.51641,130.86644,2019.0,Northern Territory
-14.15849,134.46382,2017.0,Northern Territory
-14.188022,134.178703,2021.0,Northern Territory
-14.1555,131.05585,2015.0,Northern Territory
-14.214767,134.477046,2017.0,Northern Territory
-12.536384,130.918641,2008.0,Northern Territory
-14.19612,134.47302,2017.0,Northern Territory
-13.57097,132.58928,2019.0,Northern Territory
-15.06953,132.67943,2022.0,Northern Territory
-12.5896,131.053,2018.0,Northern Territory
-14.2675,134.43953,2018.0,Northern Territory
-12.18364,131.26189,2007.0,Northern Territory
-14.69447,134.42858,2001.0,Northern Territory
-14.87182,133.11119,2021.0,Northern Territory
-12.256938,136.88935,2023.0,Northern Territory
-15.666761,129.538294,2018.0,Northern Territory
-14.15849,134.46382,2018.0,Northern Territory
-12.89872,131.675888,2026.0,Northern Territory
-12.37238,134.37927,2010.0,Northern Territory
-14.262722,134.512625,2017.0,Northern Territory
-12.68672,132.41661,2014.0,Northern Territory
-16.24176,137.70752,2012.0,Northern Territory
-14.2867,134.48151,2013.0,Northern Territory
-14.30718,132.39825,2017.0,Northern Territory
-14.238864,134.132249,2011.0,Northern Territory
-13.557461,132.360898,2016.0,Northern Territory
-14.234861,134.491648,2017.0,Northern Territory
-14.87182,133.11119,2021.0,Northern Territory
-12.941944,132.0,2004.0,Northern Territory
-16.71661,137.5588,2013.0,Northern Territory
-13.557681,132.362494,2016.0,Northern Territory
-14.129933,134.473961,2017.0,Northern Territory
-14.871822,133.111089,2021.0,Northern Territory
-14.87232,133.11101,2021.0,Northern Territory
-12.56676,131.28816,2018.0,Northern Territory
-14.184983,134.6111,2017.0,Northern Territory
-12.8867,132.91917,2014.0,Northern Territory
-14.184983,134.6111,2014.0,Northern Territory
-16.87857,137.82202,2017.0,Northern Territory
-12.963761,132.810567,2016.0,Northern Territory
-14.156198,134.190268,2009.0,Northern Territory
-14.402034,129.924641,2014.0,Northern Territory
-13.51287,132.50688,2019.0,Northern Territory
-14.130012,132.392233,2005.0,Northern Territory
-14.30718,132.39825,2017.0,Northern Territory
-14.234861,134.491648,2013.0,Northern Territory
-13.53829,132.26381,2019.0,Northern Territory
-17.21366,137.69241,2017.0,Northern Territory
-14.129933,134.473961,2017.0,Northern Territory
-14.21125,134.59922,2013.0,Northern Territory
-14.21223,134.57502,2011.0,Northern Territory
-14.176509,134.465174,2014.0,Northern Territory
-12.252745,136.889179,2023.0,Northern Territory
-14.256824,134.506059,2017.0,Northern Territory
-14.023545,131.271387,2010.0,Northern Territory
-14.21223,134.57502,2013.0,Northern Territory
-14.21432,134.58908,2014.0,Northern Territory
-15.644559,129.619988,2018.0,Northern Territory
-12.62836,134.09685,2011.0,Northern Territory
-16.88943,137.83595,2017.0,Northern Territory
-14.184983,134.6111,2017.0,Northern Territory
-12.64746,132.3581,2014.0,Northern Territory
-12.25077,136.886543,2018.0,Northern Territory
-14.232485,134.109606,2011.0,Northern Territory
-12.340833,130.919722,2015.0,Northern Territory
-14.505741,134.569489,2015.0,Northern Territory
-13.668636,131.111748,2007.0,Northern Territory
-16.72548,137.42113,2014.0,Northern Territory
-14.30762,132.39912,2015.0,Northern Territory
-14.21223,134.57502,2013.0,Northern Territory
-14.21373,134.58018,2017.0,Northern Territory
-12.19987,131.16269,2018.0,Northern Territory
-15.602001,136.784225,2009.0,Northern Territory
-14.184983,134.6111,2017.0,Northern Territory
-14.176509,134.465174,2014.0,Northern Territory
-15.09817,133.07716,2022.0,Northern Territory
-14.21223,134.57502,2017.0,Northern Territory
-14.553107,132.32286,2020.0,Northern Territory
-16.08022,133.43277,2022.0,Northern Territory
-13.036486,132.647227,2016.0,Northern Territory
-14.146668,134.465851,2017.0,Northern Territory
-14.87232,133.11101,2021.0,Northern Territory
-12.405265,130.821896,2014.0,Northern Territory
-12.912115,132.6432,2016.0,Northern Territory
-13.22893,132.28433,2019.0,Northern Territory
-12.561109,130.948234,2019.0,Northern Territory
-13.038053,132.648591,2016.0,Northern Territory
-12.911698,132.643503,2016.0,Northern Territory
-14.485443,132.075847,2020.0,Northern Territory
-12.563756,131.303953,2011.0,Northern Territory
-12.74289,133.356854,2017.0,Northern Territory
-16.04816,130.38071,2017.0,Northern Territory
-13.12836,131.024524,2021.0,Northern Territory
-14.176509,134.465174,2014.0,Northern Territory
-12.672827,134.242083,2014.0,Northern Territory
-14.13245,132.45621,2011.0,Northern Territory
-14.22603,134.10867,2018.0,Northern Territory
-15.644559,129.619988,2018.0,Northern Territory
-13.43126,132.418861,2008.0,Northern Territory
-14.21373,134.58018,2013.0,Northern Territory
-12.514153,131.03035,2022.0,Northern Territory
-14.21373,134.58018,2016.0,Northern Territory
-14.062526,134.417053,2021.0,Northern Territory
-13.53829,132.26381,2019.0,Northern Territory
-16.73176,137.4389,2010.0,Northern Territory
-14.014964,132.272923,2011.0,Northern Territory
-14.24543,134.42307,2017.0,Northern Territory
-13.409166,132.252263,2016.0,Northern Territory
-14.21432,134.58908,2011.0,Northern Territory
-14.062963,134.416876,2017.0,Northern Territory
-14.834361,129.863669,2009.0,Northern Territory
-14.03234,132.30579,2018.0,Northern Territory
-14.176509,134.465174,2018.0,Northern Territory
-12.906743,131.650827,2019.0,Northern Territory
-16.72548,137.42113,2014.0,Northern Territory
-16.58173,134.25414,2021.0,Northern Territory
-12.5375,131.121667,2015.0,Northern Territory
-12.977304,131.015416,2014.0,Northern Territory
-12.340833,130.919722,2015.0,Northern Territory
-12.573331,131.204785,2019.0,Northern Territory
-12.56931,130.94226,2014.0,Northern Territory
-14.26715,134.4454,2017.0,Northern Territory
-12.606392,131.100852,2018.0,Northern Territory
-12.90444,132.890251,2016.0,Northern Territory
-14.129933,134.473961,2017.0,Northern Territory
-17.48184,137.64438,2017.0,Northern Territory
-13.294648,132.641425,2014.0,Northern Territory
-14.93632,133.18527,2022.0,Northern Territory
-14.553107,132.32286,2020.0,Northern Territory
-12.49627,131.03849,2009.0,Northern Territory
-16.810585,137.531128,2014.0,Northern Territory
-14.87232,133.11101,2021.0,Northern Territory
-12.64872,132.36054,2014.0,Northern Territory
-16.706305,137.320195,2017.0,Northern Territory
-14.20303,130.90186,2014.0,Northern Territory
-16.04795,130.38104,2017.0,Northern Territory
-14.21373,134.58018,2017.0,Northern Territory
-14.15849,134.46382,2017.0,Northern Territory
-14.129933,134.473961,2017.0,Northern Territory
-12.671587,134.242212,2014.0,Northern Territory
-14.336004,132.481678,2011.0,Northern Territory
-16.24791,137.70836,2012.0,Northern Territory
-14.21125,134.59922,2017.0,Northern Territory
-14.184983,134.6111,2014.0,Northern Territory
-12.457336,131.056458,2018.0,Northern Territory
-14.234861,134.491648,2011.0,Northern Territory
-13.04876,132.164343,2019.0,Northern Territory
-14.214767,134.477046,2013.0,Northern Territory
-12.913461,132.821659,2016.0,Northern Territory
-12.791409,130.967011,2021.0,Northern Territory
-14.129933,134.473961,2017.0,Northern Territory
-16.50527,132.81142,2021.0,Northern Territory
-14.184135,134.18076,2011.0,Northern Territory
-12.942767,132.638656,2017.0,Northern Territory
-12.861106,132.955786,2016.0,Northern Territory
-14.153991,134.464311,2013.0,Northern Territory
-16.53471,137.37856,2013.0,Northern Territory
-14.21834,132.21869,2011.0,Northern Territory
-12.49169,133.107437,2017.0,Northern Territory
-14.256824,134.506059,2017.0,Northern Territory
-14.129933,134.473961,2017.0,Northern Territory
-16.4562,130.54498,2017.0,Northern Territory
-12.4194,132.96529,2013.0,Northern Territory
-15.09817,133.07716,2022.0,Northern Territory
-12.942767,132.638656,2017.0,Northern Territory
-14.21373,134.58018,2014.0,Northern Territory
-12.92507,132.59003,2019.0,Northern Territory
-17.4905,137.72566,2017.0,Northern Territory
-12.606392,131.100852,2018.0,Northern Territory
-12.941235,132.639098,2016.0,Northern Territory
-13.758719,131.825498,2015.0,Northern Territory
-12.506583,131.10375,2011.0,Northern Territory
-14.184983,134.6111,2012.0,Northern Territory
-14.01117,132.29021,2015.0,Northern Territory
-12.5853,131.054,2023.0,Northern Territory
-14.176509,134.465174,2017.0,Northern Territory
-12.41,130.944,2009.0,Northern Territory
-14.2637,134.42914,2017.0,Northern Territory
-14.042665,134.272629,2009.0,Northern Territory
-12.524056,131.114611,2011.0,Northern Territory
-14.1555,131.05585,2015.0,Northern Territory
-16.24176,137.70752,2012.0,Northern Territory
-16.706305,137.320195,2017.0,Northern Territory
-14.1292,134.444,2023.0,Northern Territory
-12.891111,131.828056,2004.0,Northern Territory
-12.742549,133.356716,2017.0,Northern Territory
-12.697711,133.354001,2017.0,Northern Territory
-14.61219,135.503629,2017.0,Northern Territory
-16.04605,135.65117,1996.0,Northern Territory
-13.035887,132.702519,2016.0,Northern Territory
-12.64996,132.36195,2014.0,Northern Territory
-14.146668,134.465851,2014.0,Northern Territory
-14.146668,134.465851,2017.0,Northern Territory
-16.67697,137.57627,2013.0,Northern Territory
-12.340833,130.919722,2015.0,Northern Territory
-16.93236,133.42503,2022.0,Northern Territory
-12.964917,131.008307,2014.0,Northern Territory
-13.513,132.50748,2019.0,Northern Territory
-14.176509,134.465174,2014.0,Northern Territory
-14.87182,133.11119,2021.0,Northern Territory
-14.8714,133.11099,2021.0,Northern Territory
-14.184983,134.6111,2012.0,Northern Territory
-12.49169,133.107437,2017.0,Northern Territory
-16.73413,137.43544,2010.0,Northern Territory
-14.394498,132.394732,2020.0,Northern Territory
-14.2675,134.43953,2013.0,Northern Territory
-14.262722,134.512625,2012.0,Northern Territory
-12.904092,132.890698,2016.0,Northern Territory
-12.55393,131.31918,2018.0,Northern Territory
-12.900901,131.665894,2026.0,Northern Territory
-17.48184,137.64438,2017.0,Northern Territory
-14.20303,130.90186,2014.0,Northern Territory
-14.21524,134.11433,2013.0,Northern Territory
-12.787972,134.360828,2014.0,Northern Territory
-12.52577,130.8735,2019.0,Northern Territory
-14.15849,134.46382,2017.0,Northern Territory
-13.53829,132.26381,2019.0,Northern Territory
-14.30718,132.39825,2017.0,Northern Territory
-16.57904,137.48812,2014.0,Northern Territory
-14.21373,134.58018,2013.0,Northern Territory
-14.256824,134.506059,2014.0,Northern Territory
-14.01369,132.3246,2018.0,Northern Territory
-14.060798,134.419861,2017.0,Northern Territory
-14.176509,134.465174,2014.0,Northern Territory
-13.85352,130.70328,2011.0,Northern Territory
-12.977304,131.015416,2014.0,Northern Territory
-14.060798,134.419861,2017.0,Northern Territory
-12.913217,132.64286,2016.0,Northern Territory
-12.49169,133.107437,2017.0,Northern Territory
-16.67697,137.57627,2013.0,Northern Territory
-17.25306,133.45406,2022.0,Northern Territory
-12.21152,136.703137,2020.0,Northern Territory
-17.982653,135.545197,2014.0,Northern Territory
-12.569,130.94203,2014.0,Northern Territory
-12.787972,134.360828,2014.0,Northern Territory
-14.176509,134.465174,2014.0,Northern Territory
-12.5902,131.053,2020.0,Northern Territory
-12.5833,131.071,2020.0,Northern Territory
-14.26715,134.4454,2017.0,Northern Territory
-12.466958,130.841858,2025.0,Northern Territory
-12.999526,132.635424,2016.0,Northern Territory
-12.860583,131.594914,2012.0,Northern Territory
-14.214767,134.477046,2017.0,Northern Territory
-16.45147,137.57202,2012.0,Northern Territory
-15.634724,129.611368,2018.0,Northern Territory
-12.43452,132.94218,2019.0,Northern Territory
-14.256824,134.506059,2018.0,Northern Territory
-14.214767,134.477046,2016.0,Northern Territory
-12.444783,130.839206,2023.0,Northern Territory
-12.910981,132.871832,2016.0,Northern Territory
-12.908791,131.650756,2025.0,Northern Territory
-12.225015,136.704176,2018.0,Northern Territory
-12.789832,130.965527,2019.0,Northern Territory
-13.51342,132.50726,2019.0,Northern Territory
-14.21223,134.57502,2017.0,Northern Territory
-12.371667,130.866111,2015.0,Northern Territory
-12.709822,130.988596,2013.0,Northern Territory
-14.21125,134.59922,2017.0,Northern Territory
-14.176509,134.465174,2017.0,Northern Territory
-12.96132,131.008267,2014.0,Northern Territory
-12.193492,136.707505,2025.0,Northern Territory
-14.87232,133.11101,2021.0,Northern Territory
-17.61241,133.46823,2017.0,Northern Territory
-13.723439,131.003809,2007.0,Northern Territory
-13.786884,131.140609,2007.0,Northern Territory
-13.951703,131.306782,2010.0,Northern Territory
-14.4154,132.332,2021.0,Northern Territory
-13.04876,132.164343,2019.0,Northern Territory
-14.732036,134.430211,2014.0,Northern Territory
-14.3115,132.426,2022.0,Northern Territory
-12.602777,131.114943,2018.0,Northern Territory
-14.184983,134.6111,2017.0,Northern Territory
-12.52494,130.9856,2014.0,Northern Territory
-12.360745,136.697895,2023.0,Northern Territory
-17.06591,137.90973,2017.0,Northern Territory
-12.69263,132.40021,2014.0,Northern Territory
-16.88956,137.83575,2017.0,Northern Territory
-12.697167,134.110856,2021.0,Northern Territory
-14.2637,134.42914,2017.0,Northern Territory
-14.129933,134.473961,2017.0,Northern Territory
-13.069707,132.463752,2023.0,Northern Territory
-13.91115,131.16117,2011.0,Northern Territory
-14.21125,134.59922,2016.0,Northern Territory
-13.513,132.50748,2019.0,Northern Territory
-12.930417,132.658068,2016.0,Northern Territory
-16.04287,130.4147,2015.0,Northern Territory
-14.207715,134.47382,2018.0,Northern Territory
-13.762744,131.005889,2007.0,Northern Territory
-16.88943,137.83595,2017.0,Northern Territory
-16.78314,137.45097,2013.0,Northern Territory
-12.86066,132.98035,2009.0,Northern Territory
-12.548363,134.061083,2014.0,Northern Territory
-17.22183,133.77464,2021.0,Northern Territory
-14.262722,134.512625,2017.0,Northern Territory
-14.176509,134.465174,2017.0,Northern Territory
-14.234861,134.491648,2014.0,Northern Territory
-14.214767,134.477046,2017.0,Northern Territory
-13.51342,132.50726,2019.0,Northern Territory
-14.176509,134.465174,2014.0,Northern Territory
-14.22603,134.10867,2018.0,Northern Territory
-14.176509,134.465174,2011.0,Northern Territory
-13.016673,132.734387,2016.0,Northern Territory
-14.184983,134.6111,2013.0,Northern Territory
-13.96168,132.86019,2001.0,Northern Territory
-15.2875,132.89514,2022.0,Northern Territory
-12.183937,136.734413,2020.0,Northern Territory
-12.38902,131.11195,2018.0,Northern Territory
-11.46203,132.12172,2017.0,Northern Territory
-13.801706,131.18852,2007.0,Northern Territory
-12.379252,130.858474,2024.0,Northern Territory
-14.87232,133.11101,2021.0,Northern Territory
-13.51342,132.50726,2019.0,Northern Territory
-14.21373,134.58018,2017.0,Northern Territory
-12.492002,130.963323,1996.0,Northern Territory
-12.963498,132.810179,2016.0,Northern Territory
-12.912816,132.643244,2016.0,Northern Territory
-14.21223,134.57502,2017.0,Northern Territory
-12.226573,136.703771,2023.0,Northern Territory
-14.15849,134.46382,2017.0,Northern Territory
-12.44071,132.96976,2019.0,Northern Territory
-14.129933,134.473961,2017.0,Northern Territory
-14.2867,134.48151,2013.0,Northern Territory
-12.5672,130.96161,2019.0,Northern Territory
-14.87188,133.11154,2021.0,Northern Territory
-14.26965,134.45948,2017.0,Northern Territory
-14.1555,131.05585,2015.0,Northern Territory
-14.214767,134.477046,2013.0,Northern Territory
-14.129933,134.473961,2018.0,Northern Territory
-15.81874,137.048,2014.0,Northern Territory
-14.414883,132.333293,2022.0,Northern Territory
-14.351031,129.881526,2014.0,Northern Territory
-15.666761,129.538294,2018.0,Northern Territory
-13.7644,132.39871,2008.0,Northern Territory
-14.176509,134.465174,2014.0,Northern Territory
-12.913461,132.821659,2016.0,Northern Territory
-14.21125,134.59922,2016.0,Northern Territory
-13.497989,131.186498,2019.0,Northern Territory
-13.631239,131.555134,2018.0,Northern Territory
-16.394892,136.126236,2020.0,Northern Territory
-14.22603,134.10867,2018.0,Northern Territory
-12.603787,131.100814,2018.0,Northern Territory
-14.214767,134.477046,2014.0,Northern Territory
-12.861106,132.955786,2016.0,Northern Territory
-12.62745,132.3356,2014.0,Northern Territory
-16.48308,134.42226,2022.0,Northern Territory
-12.92949,132.59479,2008.0,Northern Territory
-12.888615,132.890735,2016.0,Northern Territory
-12.5375,131.121667,2015.0,Northern Territory
-16.24791,137.70836,2012.0,Northern Territory
-12.68812,132.41809,2014.0,Northern Territory
-12.743705,133.356814,2017.0,Northern Territory
-13.513,132.50748,2019.0,Northern Territory
-14.262722,134.512625,2018.0,Northern Territory
-14.176509,134.465174,2014.0,Northern Territory
-12.286459,136.830586,2007.0,Northern Territory
-15.601335,136.784938,2009.0,Northern Territory
-14.202524,134.474719,2018.0,Northern Territory
-12.371667,130.866111,2015.0,Northern Territory
-13.844352,132.648555,2005.0,Northern Territory
-12.5898,131.053,2021.0,Northern Territory
-13.43102,132.41936,2019.0,Northern Territory
-12.396371,130.935177,2018.0,Northern Territory
-14.176509,134.465174,2017.0,Northern Territory
-16.53471,137.37856,2013.0,Northern Territory
-12.604645,131.241578,2019.0,Northern Territory
-12.371667,130.866111,2015.0,Northern Territory
-14.060798,134.419861,2017.0,Northern Territory
-14.262722,134.512625,2017.0,Northern Territory
-12.973177,132.587511,2017.0,Northern Territory
-14.4154,132.332,2022.0,Northern Territory
-16.23279,137.71063,2012.0,Northern Territory
-13.627525,131.430433,2007.0,Northern Territory
-12.56353,131.27957,2018.0,Northern Territory
-13.034608,132.769244,2016.0,Northern Territory
-14.21373,134.58018,2016.0,Northern Territory
-12.340833,130.919722,2015.0,Northern Territory
-16.81372,137.31675,2017.0,Northern Territory
-16.706305,137.320195,2017.0,Northern Territory
-14.165962,134.212878,2012.0,Northern Territory
-13.51342,132.50726,2019.0,Northern Territory
-13.016673,132.734387,2016.0,Northern Territory
-12.6143,132.34261,2015.0,Northern Territory
-12.55719,131.21252,2018.0,Northern Territory
-14.184983,134.6111,2017.0,Northern Territory
-14.21125,134.59922,2013.0,Northern Territory
-14.87232,133.11101,2021.0,Northern Territory
-12.5901,131.053,2020.0,Northern Territory
-15.34613,133.66792,2021.0,Northern Territory
-14.21432,134.58908,2017.0,Northern Territory
-12.561109,130.948234,2019.0,Northern Territory
-14.176509,134.465174,2014.0,Northern Territory
-12.423106,130.92271,1997.0,Northern Territory
-14.214767,134.477046,2017.0,Northern Territory
-12.49169,133.107437,2017.0,Northern Territory
-13.513,132.50748,2019.0,Northern Territory
-12.665772,131.106714,2018.0,Northern Territory
-12.7228,130.355,2018.0,Northern Territory
-12.650938,132.573927,2015.0,Northern Territory
-14.32832,131.03502,2011.0,Northern Territory
-13.015855,132.734655,2016.0,Northern Territory
-14.176509,134.465174,2014.0,Northern Territory
-14.176509,134.465174,2014.0,Northern Territory
-14.26715,134.4454,2017.0,Northern Territory
-14.099057,132.653336,2005.0,Northern Territory
-17.21384,137.69225,2017.0,Northern Territory
-11.27092,131.85487,2017.0,Northern Territory
-14.234861,134.491648,2014.0,Northern Territory
-13.637195,131.302263,2008.0,Northern Territory
-12.6975,134.110772,2017.0,Northern Territory
-15.01478,133.2296,2021.0,Northern Territory
-12.44057,132.97034,2019.0,Northern Territory
-12.894983,131.995868,2016.0,Northern Territory
-16.446,137.5567,2017.0,Northern Territory
-15.88915,130.19906,2017.0,Northern Territory
-15.31077,132.86639,2022.0,Northern Territory
-14.21373,134.58018,2017.0,Northern Territory
-14.129933,134.473961,2014.0,Northern Territory
-14.176509,134.465174,2014.0,Northern Territory
-12.349723,133.730972,2021.0,Northern Territory
-14.15849,134.46382,2017.0,Northern Territory
-14.060798,134.419861,2009.0,Northern Territory
-12.211206,136.703604,2022.0,Northern Territory
-14.30759,132.39864,2017.0,Northern Territory
-12.911698,132.643503,2016.0,Northern Territory
-14.256824,134.506059,2014.0,Northern Territory
-14.93448,133.12425,2022.0,Northern Territory
-12.48797,131.00381,2009.0,Northern Territory
-15.637292,136.985954,2003.0,Northern Territory
-12.974372,132.823084,2016.0,Northern Territory
-14.87232,133.11101,2021.0,Northern Territory
-14.027813,131.26522,2010.0,Northern Territory
-12.211519,136.703264,2019.0,Northern Territory
-12.457961,130.824637,1996.0,Northern Territory
-14.062963,134.416876,2017.0,Northern Territory
-12.785663,132.04457,2016.0,Northern Territory
-16.45604,130.54543,2017.0,Northern Territory
-14.176509,134.465174,2011.0,Northern Territory
-14.256824,134.506059,2017.0,Northern Territory
-14.21223,134.57502,2017.0,Northern Territory
-12.445328,130.836764,2024.0,Northern Territory
-12.860577,132.955537,2016.0,Northern Territory
-12.8902,131.604969,2026.0,Northern Territory
-14.184983,134.6111,2017.0,Northern Territory
-13.497364,130.86817,2006.0,Northern Territory
-14.207715,134.47382,2018.0,Northern Territory
-14.2519,134.11264,2017.0,Northern Territory
-12.69464,132.40001,2014.0,Northern Territory
-14.108298,131.35002,2007.0,Northern Territory
-13.210776,133.148277,2021.0,Northern Territory
-13.43102,132.41936,2019.0,Northern Territory
-14.184983,134.6111,2017.0,Northern Territory
-16.88943,137.83595,2017.0,Northern Territory
-14.1555,131.05585,2015.0,Northern Territory
-12.52558,131.144018,2022.0,Northern Territory
-12.696897,134.11109,2021.0,Northern Territory
-12.340833,130.919722,2015.0,Northern Territory
-13.016673,132.734387,2016.0,Northern Territory
-15.706064,131.954319,2021.0,Northern Territory
-15.355118,132.885517,2022.0,Northern Territory
-17.48184,137.64438,2017.0,Northern Territory
-15.31077,132.86639,2022.0,Northern Territory
-14.505741,134.569492,2015.0,Northern Territory
-12.5898,131.053,2022.0,Northern Territory
-12.963761,132.810567,2016.0,Northern Territory
-14.26715,134.4454,2017.0,Northern Territory
-12.979561,130.962069,2014.0,Northern Territory
-12.340833,130.919722,2015.0,Northern Territory
-14.176509,134.465174,2014.0,Northern Territory
-16.55559,134.73894,2022.0,Northern Territory
-12.225103,136.704449,2023.0,Northern Territory
-16.88943,137.83595,2017.0,Northern Territory
-14.20303,130.90186,2014.0,Northern Territory
-17.6182,133.4598,2017.0,Northern Territory
-15.725381,136.669825,2003.0,Northern Territory
-12.697711,133.354001,2017.0,Northern Territory
-12.379245,130.858537,2024.0,Northern Territory
-14.262722,134.512625,2013.0,Northern Territory
-12.904092,132.890698,2016.0,Northern Territory
-12.96613,135.017719,2019.0,Northern Territory
-15.89518,133.42017,2022.0,Northern Territory
-14.180054,132.187698,2006.0,Northern Territory
-16.50494,132.81171,2021.0,Northern Territory
-16.0425,130.41512,2015.0,Northern Territory
-13.211246,133.147451,2021.0,Northern Territory
-14.30737,132.39972,2017.0,Northern Territory
-17.06591,137.90973,2017.0,Northern Territory
-13.04876,132.164343,2019.0,Northern Territory
-14.21373,134.58018,2017.0,Northern Territory
-13.060098,132.686981,2016.0,Northern Territory
-13.563492,132.33176,2016.0,Northern Territory
-12.181783,136.786549,2018.0,Northern Territory
-14.20753,130.95526,2015.0,Northern Territory
-12.531583,131.117472,2011.0,Northern Territory
-14.129933,134.473961,2017.0,Northern Territory
-14.234861,134.491648,2017.0,Northern Territory
-14.34732,132.564245,2017.0,Northern Territory
-14.184983,134.6111,2013.0,Northern Territory
-14.21125,134.59922,2017.0,Northern Territory
-15.667124,129.539381,2018.0,Northern Territory
-13.51287,132.50688,2019.0,Northern Territory
-14.21373,134.58018,2017.0,Northern Territory
-13.04443,132.93787,2004.0,Northern Territory
-14.184983,134.6111,2017.0,Northern Territory
-14.213972,134.47656,2018.0,Northern Territory
-16.50527,132.81142,2021.0,Northern Territory
-14.129933,134.473961,2017.0,Northern Territory
-12.606262,131.100833,2018.0,Northern Territory
-14.184983,134.6111,2017.0,Northern Territory
-12.550689,131.080568,2021.0,Northern Territory
-14.841209,129.542813,2009.0,Northern Territory
-14.03187,132.30571,2015.0,Northern Territory
-14.176509,134.465174,2017.0,Northern Territory
-12.55318,131.130753,2023.0,Northern Territory
-12.467038,130.841776,2024.0,Northern Territory
-11.27041,131.85471,2017.0,Northern Territory
-14.214767,134.477046,2017.0,Northern Territory
-12.930057,132.657814,2016.0,Northern Territory
-14.060798,134.419861,2017.0,Northern Territory
-13.53829,132.26381,2019.0,Northern Territory
-14.732036,134.430211,2014.0,Northern Territory
-12.491239,133.108509,2017.0,Northern Territory
-17.539876,133.540708,2009.0,Northern Territory
-14.213972,134.47656,2018.0,Northern Territory
-14.15849,134.46382,2017.0,Northern Territory
-14.165962,134.212878,2009.0,Northern Territory
-14.26715,134.4454,2017.0,Northern Territory
-12.911698,132.643503,2016.0,Northern Territory
-13.016673,132.734387,2016.0,Northern Territory
-15.17044,131.85695,2015.0,Northern Territory
-12.5573,131.298,2023.0,Northern Territory
-12.43452,132.94218,2019.0,Northern Territory
-12.92507,132.59003,2019.0,Northern Territory
-14.305072,132.423473,2024.0,Northern Territory
-12.64594,132.36307,2014.0,Northern Territory
-14.17009,132.38132,2011.0,Northern Territory
-14.129933,134.473961,2017.0,Northern Territory
-12.49169,133.107437,2017.0,Northern Territory
-13.9191,130.71819,2012.0,Northern Territory
-14.688176,129.782021,2007.0,Northern Territory
-16.45147,137.57202,2017.0,Northern Territory
-12.59,131.053,2018.0,Northern Territory
-12.5375,131.121667,2015.0,Northern Territory
-13.069793,132.697793,2017.0,Northern Territory
-17.44763,130.830413,2025.0,Northern Territory
-14.20303,130.90186,2014.0,Northern Territory
-12.5375,131.121667,2015.0,Northern Territory
-15.607693,136.667014,2009.0,Northern Territory
-12.697711,133.354001,2017.0,Northern Territory
-12.411728,130.822464,2019.0,Northern Territory
-12.52577,130.8735,2019.0,Northern Territory
-14.176509,134.465174,2014.0,Northern Territory
-12.44057,132.97034,2019.0,Northern Territory
-16.807411,137.248128,2014.0,Northern Territory
-14.153991,134.464311,2017.0,Northern Territory
-12.452802,130.974115,2022.0,Northern Territory
-17.42326,137.78302,2017.0,Northern Territory
-17.14235,133.46077,2022.0,Northern Territory
-14.25383,132.43706,2015.0,Northern Territory
-14.129933,134.473961,2017.0,Northern Territory
-13.016673,132.734387,2016.0,Northern Territory
-13.35209,132.4735,2019.0,Northern Territory
-16.0425,130.41512,2015.0,Northern Territory
-16.04287,130.4147,2015.0,Northern Territory
-14.30759,132.39864,2017.0,Northern Territory
-14.26715,134.4454,2017.0,Northern Territory
-14.19307,130.88368,2011.0,Northern Territory
-14.20303,130.90186,2014.0,Northern Territory
-12.5899,131.053,2020.0,Northern Territory
-17.41553,137.80117,1990.0,Northern Territory
-14.1555,131.05585,2015.0,Northern Territory
-14.87232,133.11101,2021.0,Northern Territory
-14.21373,134.58018,2013.0,Northern Territory
-14.214767,134.477046,2018.0,Northern Territory
-14.394498,132.394732,2020.0,Northern Territory
-12.368828,134.918442,2026.0,Northern Territory
-16.809981,137.24583,2014.0,Northern Territory
-14.21373,134.58018,2013.0,Northern Territory
-16.810585,137.531128,2014.0,Northern Territory
-16.78125,137.45249,2010.0,Northern Territory
-14.22603,134.10867,2017.0,Northern Territory
-12.61753,132.34556,2014.0,Northern Territory
-17.48184,137.64438,2017.0,Northern Territory
-14.731906,134.43045,2014.0,Northern Territory
-13.22915,132.28467,2019.0,Northern Territory
-14.21125,134.59922,2016.0,Northern Territory
-12.932378,132.538852,2024.0,Northern Territory
-13.944355,131.289825,2010.0,Northern Territory
-14.21432,134.58908,2017.0,Northern Territory
-14.21373,134.58018,2013.0,Northern Territory
-13.51342,132.50726,2019.0,Northern Territory
-12.4951,131.042,2021.0,Northern Territory
-12.44058,132.97035,2013.0,Northern Territory
-14.08761,132.6167,2017.0,Northern Territory
-12.52577,130.8735,2019.0,Northern Territory
-14.918572,133.067664,2025.0,Northern Territory
-12.98684,130.98588,2012.0,Northern Territory
-14.229925,134.017501,2018.0,Northern Territory
-14.21125,134.59922,2014.0,Northern Territory
-14.87182,133.11119,2021.0,Northern Territory
-14.176509,134.465174,2014.0,Northern Territory
-12.531583,131.117472,2011.0,Northern Territory
-12.49169,133.107437,2017.0,Northern Territory
-12.671587,134.242212,2014.0,Northern Territory
-14.214767,134.477046,2017.0,Northern Territory
-12.211167,136.703646,2020.0,Northern Territory
-14.315533,132.421067,2024.0,Northern Territory
-14.256824,134.506059,2017.0,Northern Territory
-14.337768,132.482484,2017.0,Northern Territory
-12.894983,131.995868,2016.0,Northern Territory
-12.257609,136.89038,2023.0,Northern Territory
-16.48258,134.5388,2022.0,Northern Territory
-16.61969,137.36361,2011.0,Northern Territory
-12.911698,132.643503,2016.0,Northern Territory
-14.87182,133.11119,2021.0,Northern Territory
-12.62745,132.3356,2014.0,Northern Territory
-13.060098,132.686981,2016.0,Northern Territory
-13.060098,132.686981,2016.0,Northern Territory
-12.697391,133.353594,2017.0,Northern Territory
-14.714804,134.881841,2015.0,Northern Territory
-15.34613,133.66792,2021.0,Northern Territory
-16.698151,137.305716,2021.0,Northern Territory
-14.20303,130.90186,2014.0,Northern Territory
-16.0425,130.41512,2015.0,Northern Territory
-12.5898,131.053,2018.0,Northern Territory
-13.930938,131.221458,2010.0,Northern Territory
-11.24657,131.88432,2017.0,Northern Territory
-14.146668,134.465851,2017.0,Northern Territory
-13.513,132.50748,2019.0,Northern Territory
-16.88943,137.83595,2017.0,Northern Territory
-13.917211,130.792403,2014.0,Northern Territory
-14.232485,134.109606,2017.0,Northern Territory
-14.15849,134.46382,2017.0,Northern Territory
-14.214767,134.477046,2017.0,Northern Territory
-13.132655,133.425798,2017.0,Northern Territory
-14.34308,129.43608,2018.0,Northern Territory
-14.214767,134.477046,2014.0,Northern Territory
-15.47463,131.13019,2017.0,Northern Territory
-16.809981,137.24583,2014.0,Northern Territory
-17.4905,137.72566,2017.0,Northern Territory
-12.5,131.0,2021.0,Northern Territory
-16.067695,137.280138,2016.0,Northern Territory
-13.1567,135.875,2002.0,Northern Territory
-14.15849,134.46382,2017.0,Northern Territory
-13.04865,132.70189,2010.0,Northern Territory
-14.229968,134.008328,2019.0,Northern Territory
-12.90444,132.890251,2016.0,Northern Territory
-14.256824,134.506059,2017.0,Northern Territory
-16.87903,137.82242,2017.0,Northern Territory
-12.697711,133.354001,2017.0,Northern Territory
-13.786625,131.191513,2007.0,Northern Territory
-16.4562,130.54498,2017.0,Northern Territory
-14.256824,134.506059,2018.0,Northern Territory
-14.153991,134.464311,2014.0,Northern Territory
-12.905633,132.800239,2016.0,Northern Territory
-14.153991,134.464311,2013.0,Northern Territory
-17.25306,133.45406,2022.0,Northern Territory
-15.666761,129.538294,2018.0,Northern Territory
-12.045,134.222778,2006.0,Northern Territory
-14.21223,134.57502,2016.0,Northern Territory
-14.21373,134.58018,2017.0,Northern Territory
-12.966232,135.017854,2019.0,Northern Territory
-13.53829,132.26381,2019.0,Northern Territory
-14.229968,134.008328,2019.0,Northern Territory
-14.062963,134.416876,2014.0,Northern Territory
-15.31077,132.86639,2022.0,Northern Territory
-12.225127,136.704538,2022.0,Northern Territory
-14.184983,134.6111,2014.0,Northern Territory
-14.129933,134.473961,2017.0,Northern Territory
-14.15849,134.46382,2017.0,Northern Territory
-14.129933,134.473961,2013.0,Northern Territory
-14.732036,134.430211,2014.0,Northern Territory
-14.407536,132.414492,2020.0,Northern Territory
-14.21432,134.58908,2014.0,Northern Territory
-17.41853,137.78871,2017.0,Northern Territory
-14.2675,134.43953,2016.0,Northern Territory
-16.706305,137.320195,2017.0,Northern Territory
-12.685736,131.02916,2024.0,Northern Territory
-14.176509,134.465174,2017.0,Northern Territory
-14.20303,130.90186,2014.0,Northern Territory
-12.787972,134.360828,2014.0,Northern Territory
-13.557461,132.360898,2016.0,Northern Territory
-14.184983,134.6111,2017.0,Northern Territory
-12.461155,130.836305,2022.0,Northern Territory
-13.51287,132.50688,2019.0,Northern Territory
-14.176509,134.465174,2012.0,Northern Territory
-14.256824,134.506059,2017.0,Northern Territory
-15.355051,132.885962,2022.0,Northern Territory
-14.15849,134.46382,2017.0,Northern Territory
-12.59,131.053,2018.0,Northern Territory
-12.56676,131.28816,2018.0,Northern Territory
-17.60118,137.8871,2017.0,Northern Territory
-14.26965,134.45948,2017.0,Northern Territory
-13.599746,131.141815,2007.0,Northern Territory
-16.26901,136.090744,2008.0,Northern Territory
-14.062963,134.416876,2017.0,Northern Territory
-14.2637,134.42914,2017.0,Northern Territory
-13.59476,132.27161,2015.0,Northern Territory
-14.15849,134.46382,2017.0,Northern Territory
-12.5,131.1,2021.0,Northern Territory
-16.88943,137.83595,2017.0,Northern Territory
-14.129933,134.473961,2014.0,Northern Territory
-14.176509,134.465174,2017.0,Northern Territory
-14.249232,133.615315,2023.0,Northern Territory
-13.047321,131.025849,2023.0,Northern Territory
-12.6135,131.077778,2011.0,Northern Territory
-12.905147,132.799982,2016.0,Northern Territory
-14.21432,134.58908,2017.0,Northern Territory
-11.996643,135.575455,2013.0,Northern Territory
-14.1555,131.05585,2015.0,Northern Territory
-14.505063,134.567786,2015.0,Northern Territory
-14.15849,134.46382,2017.0,Northern Territory
-14.26439,134.2532,2014.0,Northern Territory
-14.201302,134.114623,2014.0,Northern Territory
-14.28985,134.48625,2013.0,Northern Territory
-12.5723,130.93713,2019.0,Northern Territory
-14.21003,134.56943,2016.0,Northern Territory
-14.87232,133.11101,2021.0,Northern Territory
-14.214767,134.477046,2013.0,Northern Territory
-16.87857,137.82202,2017.0,Northern Territory
-14.2591,129.87341,2008.0,Northern Territory
-16.807411,137.248128,2014.0,Northern Territory
-15.413,135.686,2022.0,Northern Territory
-14.87182,133.11119,2021.0,Northern Territory
-15.644559,129.619988,2018.0,Northern Territory
-12.930057,132.657814,2016.0,Northern Territory
-14.214767,134.477046,2014.0,Northern Territory
-14.21373,134.58018,2013.0,Northern Territory
-14.146668,134.465851,2016.0,Northern Territory
-16.397375,136.100052,2011.0,Northern Territory
-14.214767,134.477046,2017.0,Northern Territory
-14.73087,134.43228,2001.0,Northern Territory
-15.35062,133.65302,2021.0,Northern Territory
-15.89518,133.42017,2022.0,Northern Territory
-12.469597,133.740014,2017.0,Northern Territory
-13.51342,132.50726,2019.0,Northern Territory
-12.532,131.089,2009.0,Northern Territory
-13.644044,134.300092,2026.0,Northern Territory
-12.903962,132.891379,2016.0,Northern Territory
-15.58761,136.59418,2009.0,Northern Territory
-14.505917,132.21471,2020.0,Northern Territory
-12.905931,132.521478,2009.0,Northern Territory
-16.0425,130.41512,2015.0,Northern Territory
-14.176509,134.465174,2014.0,Northern Territory
-12.51641,130.86644,2019.0,Northern Territory
-14.214767,134.477046,2017.0,Northern Territory
-15.47378,131.13071,2017.0,Northern Territory
-13.016673,132.734387,2016.0,Northern Territory
-12.340833,130.919722,2015.0,Northern Territory
-12.736556,130.969639,2011.0,Northern Territory
-14.217143,131.910913,2012.0,Northern Territory
-15.71795,135.47197,1996.0,Northern Territory
-14.87182,133.11119,2021.0,Northern Territory
-12.69399,132.40172,2014.0,Northern Territory
-13.51287,132.50688,2019.0,Northern Territory
-14.23155,130.91277,2011.0,Northern Territory
-12.192353,136.709971,2022.0,Northern Territory
-14.129933,134.473961,2011.0,Northern Territory
-12.508753,133.121455,2021.0,Northern Territory
-13.964909,131.694021,2010.0,Northern Territory
-12.697167,134.110856,2021.0,Northern Territory
-12.604639,131.117141,2018.0,Northern Territory
-16.72548,137.42113,2014.0,Northern Territory
-14.176509,134.465174,2014.0,Northern Territory
-12.756092,136.380057,2021.0,Northern Territory
-14.2867,134.48151,2013.0,Northern Territory
-13.513,132.50748,2019.0,Northern Territory
-16.71661,137.5588,2013.0,Northern Territory
-14.129933,134.473961,2017.0,Northern Territory
-14.176509,134.465174,2014.0,Northern Territory
-14.431557,132.305496,2023.0,Northern Territory
-14.26965,134.45948,2017.0,Northern Territory
-12.5375,131.121667,2015.0,Northern Territory
-12.695837,133.318224,2017.0,Northern Territory
-14.176509,134.465174,2014.0,Northern Territory
-14.01068,132.29482,2015.0,Northern Territory
-12.52622,130.87366,2019.0,Northern Territory
-12.898719,131.675577,2024.0,Northern Territory
-12.930837,132.658299,2016.0,Northern Territory
-13.758719,131.825498,2015.0,Northern Territory
-16.4562,130.54498,2017.0,Northern Territory
-15.35543,132.885961,2022.0,Northern Territory
-14.15849,134.46382,2018.0,Northern Territory
-14.180453,132.188172,2024.0,Northern Territory
-12.692808,133.336751,2017.0,Northern Territory
-13.000697,131.01321,2014.0,Northern Territory
-12.904092,132.890698,2016.0,Northern Territory
-14.21373,134.58018,2017.0,Northern Territory
-12.992402,131.001829,2014.0,Northern Territory
-12.23769,131.14966,2018.0,Northern Territory
-16.810585,137.531128,2014.0,Northern Territory
-16.798018,137.249923,2014.0,Northern Territory
-15.354696,132.886057,2022.0,Northern Territory
-14.232485,134.109606,2011.0,Northern Territory
-12.56676,131.28816,2018.0,Northern Territory
-14.8714,133.11099,2021.0,Northern Territory
-14.234861,134.491648,2017.0,Northern Territory
-12.340833,130.919722,2015.0,Northern Territory
-14.039897,134.275627,2021.0,Northern Territory
-12.225105,136.704676,2022.0,Northern Territory
-14.26715,134.4454,2017.0,Northern Territory
-12.19764,136.767341,2025.0,Northern Territory
-12.62015,136.25908,2009.0,Northern Territory
-14.26965,134.45948,2017.0,Northern Territory
-14.87182,133.11119,2021.0,Northern Territory
-12.787972,134.360828,2014.0,Northern Territory
-14.20303,130.90186,2014.0,Northern Territory
-12.33472,136.4036,2009.0,Northern Territory
-14.87182,133.11119,2021.0,Northern Territory
-14.338051,132.481842,2017.0,Northern Territory
-12.912115,132.6432,2016.0,Northern Territory
-13.104247,133.074481,2021.0,Northern Territory
-14.234861,134.491648,2017.0,Northern Territory
-13.036486,132.647227,2016.0,Northern Territory
-14.146668,134.465851,2017.0,Northern Territory
-14.21125,134.59922,2017.0,Northern Territory
-14.129933,134.473961,2014.0,Northern Territory
-13.51342,132.50726,2019.0,Northern Territory
-13.573337,132.373568,2016.0,Northern Territory
-16.88956,137.83575,2017.0,Northern Territory
-13.016673,132.734387,2016.0,Northern Territory
-12.791276,130.966822,2020.0,Northern Territory
-14.129933,134.473961,2018.0,Northern Territory
-12.671892,131.134986,2014.0,Northern Territory
-14.2867,134.48151,2013.0,Northern Territory
-12.5901,131.053,2023.0,Northern Territory
-14.262722,134.512625,2014.0,Northern Territory
-14.26965,134.45948,2017.0,Northern Territory
-14.234861,134.491648,2014.0,Northern Territory
-14.042665,134.272629,2013.0,Northern Territory
-12.465618,130.847333,2024.0,Northern Territory
-14.153991,134.464311,2011.0,Northern Territory
-12.65875,134.0778,2014.0,Northern Territory
-12.791123,130.966815,2022.0,Northern Territory
-14.176509,134.465174,2014.0,Northern Territory
-14.911708,133.088731,2024.0,Northern Territory
-12.964832,132.625913,2016.0,Northern Territory
-16.87891,137.82169,2017.0,Northern Territory
-12.972183,132.587222,2017.0,Northern Territory
-12.470347,130.845525,2025.0,Northern Territory
-14.176509,134.465174,2017.0,Northern Territory
-15.34613,133.66792,2021.0,Northern Territory
-14.21003,134.56943,2017.0,Northern Territory
-13.513,132.50748,2019.0,Northern Territory
-12.518584,131.008353,2019.0,Northern Territory
-12.905633,132.800239,2016.0,Northern Territory
-15.634724,129.611368,2018.0,Northern Territory
-14.184983,134.6111,2017.0,Northern Territory
-14.129933,134.473961,2017.0,Northern Territory
-12.79154,130.967013,2021.0,Northern Territory
-14.22603,134.10867,2018.0,Northern Territory
-15.65946,131.32774,2010.0,Northern Territory
-14.184983,134.6111,2013.0,Northern Territory
-14.229858,134.006754,2019.0,Northern Territory
-12.49169,133.107437,2017.0,Northern Territory
-12.942767,132.638656,2017.0,Northern Territory
-14.176509,134.465174,2014.0,Northern Territory
-12.972183,132.587222,2016.0,Northern Territory
-14.26715,134.4454,2018.0,Northern Territory
-12.583116,132.874524,2026.0,Northern Territory
-12.691487,134.064754,2021.0,Northern Territory
-14.129933,134.473961,2017.0,Northern Territory
-14.21851,132.21945,2015.0,Northern Territory
-12.860577,132.955537,2016.0,Northern Territory
-14.20303,130.90186,2014.0,Northern Territory
-14.18101,134.46613,2017.0,Northern Territory
-13.51315,132.50789,2019.0,Northern Territory
-12.963761,132.810567,2016.0,Northern Territory
-14.262722,134.512625,2017.0,Northern Territory
-12.564703,131.30515,2021.0,Northern Territory
-13.51342,132.50726,2019.0,Northern Territory
-14.403171,132.413779,2023.0,Northern Territory
-14.316087,132.420975,2024.0,Northern Territory
-12.973177,132.587511,2017.0,Northern Territory
-14.184983,134.6111,2017.0,Northern Territory
-14.183689,132.038324,2019.0,Northern Territory
-12.210767,136.70593,2021.0,Northern Territory
-14.15849,134.46382,2017.0,Northern Territory
-14.060798,134.419861,2011.0,Northern Territory
-14.042665,134.272629,2013.0,Northern Territory
-14.8714,133.11099,2021.0,Northern Territory
-16.63559,137.42036,2014.0,Northern Territory
-16.719335,137.415849,2023.0,Northern Territory
-16.88956,137.83575,2017.0,Northern Territory
-15.63157,132.97469,2021.0,Northern Territory
-12.44057,132.97034,2019.0,Northern Territory
-12.910626,132.872897,2017.0,Northern Territory
-14.256824,134.506059,2017.0,Northern Territory
-14.184983,134.6111,2017.0,Northern Territory
-14.146668,134.465851,2017.0,Northern Territory
-14.87182,133.11119,2021.0,Northern Territory
-12.5,131.1,2019.0,Northern Territory
-12.44071,132.96976,2019.0,Northern Territory
-14.262722,134.512625,2017.0,Northern Territory
-14.61219,135.503629,2017.0,Northern Territory
-16.60216,137.47276,2016.0,Northern Territory
-14.261859,132.560508,2005.0,Northern Territory
-14.15849,134.46382,2017.0,Northern Territory
-14.060798,134.419861,2017.0,Northern Territory
-12.697167,134.110856,2021.0,Northern Territory
-12.899887,131.6757,2026.0,Northern Territory
-14.21432,134.58908,2018.0,Northern Territory
-16.73413,137.43544,2013.0,Northern Territory
-15.35062,133.65302,2021.0,Northern Territory
-16.67697,137.57627,2013.0,Northern Territory
-14.146668,134.465851,2014.0,Northern Territory
-14.21373,134.58018,2017.0,Northern Territory
-14.432435,132.257673,2020.0,Northern Territory
-14.155457,131.054888,2014.0,Northern Territory
-14.176509,134.465174,2013.0,Northern Territory
-13.944301,131.308864,2010.0,Northern Territory
-13.43102,132.41936,2019.0,Northern Territory
-13.53829,132.26381,2019.0,Northern Territory
-12.273878,136.846473,2007.0,Northern Territory
-14.22603,134.10867,2018.0,Northern Territory
-14.184983,134.6111,2017.0,Northern Territory
-13.573337,132.373568,2016.0,Northern Territory
-12.597,131.306,,Northern Territory
-12.904857,132.519485,2025.0,Northern Territory
-12.6214,132.3694,2014.0,Northern Territory
-12.59,131.053,2018.0,Northern Territory
-14.19556,132.24311,2017.0,Northern Territory
-12.340833,130.919722,2015.0,Northern Territory
-14.21003,134.56943,2017.0,Northern Territory
-13.6212,131.549,2023.0,Northern Territory
-16.706305,137.320195,2017.0,Northern Territory
-14.184983,134.6111,2017.0,Northern Territory
-12.79098,130.966698,2018.0,Northern Territory
-14.176509,134.465174,2014.0,Northern Territory
-13.034975,132.770771,2016.0,Northern Territory
-12.604895,131.101266,2018.0,Northern Territory
-13.934912,131.303238,2010.0,Northern Territory
-14.15849,134.46382,2017.0,Northern Territory
-16.45147,137.57202,2017.0,Northern Territory
-13.58317,132.31599,2015.0,Northern Territory
-14.15849,134.46382,2017.0,Northern Territory
-14.184983,134.6111,2012.0,Northern Territory
-12.5375,131.121667,2015.0,Northern Territory
-14.129933,134.473961,2017.0,Northern Territory
-14.649419,134.75133,2014.0,Northern Territory
-14.256824,134.506059,2017.0,Northern Territory
-13.513,132.50748,2019.0,Northern Territory
-14.1555,131.05585,2015.0,Northern Territory
-14.15849,134.46382,2014.0,Northern Territory
-14.184983,134.6111,2014.0,Northern Territory
-14.87182,133.11119,2021.0,Northern Territory
-16.067695,137.280138,2016.0,Northern Territory
-14.165962,134.212878,2017.0,Northern Territory
-16.64307,137.43148,2014.0,Northern Territory
-12.4952,131.042,2020.0,Northern Territory
-14.176509,134.465174,2017.0,Northern Territory
-12.211278,136.703537,2022.0,Northern Territory
-14.129933,134.473961,2017.0,Northern Territory
-15.34644,133.66792,2021.0,Northern Territory
-12.79119,130.96727,2019.0,Northern Territory
-14.15849,134.46382,2017.0,Northern Territory
-14.214767,134.477046,2014.0,Northern Territory
-16.50494,132.81171,2021.0,Northern Territory
-12.606262,131.100833,2018.0,Northern Territory
-14.129933,134.473961,2014.0,Northern Territory
-13.51342,132.50726,2019.0,Northern Territory
-16.88943,137.83595,2017.0,Northern Territory
-16.63559,137.42036,2014.0,Northern Territory
-12.226599,136.703766,2019.0,Northern Territory
-12.49169,133.107437,2017.0,Northern Territory
-13.070143,132.698859,2017.0,Northern Territory
-14.24543,134.42307,2017.0,Northern Territory
-12.979561,130.962069,2014.0,Northern Territory
-12.565852,131.118577,2021.0,Northern Territory
-14.21125,134.59922,2017.0,Northern Territory
-14.193434,131.922568,2012.0,Northern Territory
-14.129933,134.473961,2018.0,Northern Territory
-14.21223,134.57502,2013.0,Northern Territory
-14.87182,133.11119,2021.0,Northern Territory
-14.15849,134.46382,2017.0,Northern Territory
-14.15849,134.46382,2017.0,Northern Territory
-12.583333,131.316667,2011.0,Northern Territory
-12.608446,132.423309,2015.0,Northern Territory
-12.5375,131.121667,2015.0,Northern Territory
-16.78125,137.45249,2010.0,Northern Territory
-14.2867,134.48151,2013.0,Northern Territory
-14.129933,134.473961,2014.0,Northern Territory
-12.986604,131.002744,2014.0,Northern Territory
-13.48953,132.26123,2015.0,Northern Territory
-14.05627,131.03946,2011.0,Northern Territory
-14.062963,134.416876,2014.0,Northern Territory
-13.409166,132.252263,2016.0,Northern Territory
-17.21366,137.69241,2017.0,Northern Territory
-14.19501,132.18242,2015.0,Northern Territory
-14.15849,134.46382,2017.0,Northern Territory
-15.6453,129.62758,2018.0,Northern Territory
-12.40357,131.23747,2018.0,Northern Territory
-12.697391,133.353594,2017.0,Northern Territory
-12.358261,130.885861,2024.0,Northern Territory
-16.67697,137.57627,2013.0,Northern Territory
-12.14961,132.609505,2007.0,Northern Territory
-14.15849,134.46382,2014.0,Northern Territory
-12.39993,130.933363,2022.0,Northern Territory
-13.573337,132.373568,2016.0,Northern Territory
-17.60082,137.88727,2017.0,Northern Territory
-13.43102,132.41936,2019.0,Northern Territory
-14.262722,134.512625,2017.0,Northern Territory
-12.964832,132.625913,2016.0,Northern Territory
-14.214767,134.477046,2014.0,Northern Territory
-14.126535,132.482157,2005.0,Northern Territory
-13.015855,132.734655,2016.0,Northern Territory
-13.51342,132.50726,2019.0,Northern Territory
-12.09403,135.36202,2005.0,Northern Territory
-14.201302,134.114623,2011.0,Northern Territory
-16.50494,132.81171,2021.0,Northern Territory
-14.22587,134.10744,2017.0,Northern Territory
-14.229968,134.008328,2019.0,Northern Territory
-17.61241,133.46823,2017.0,Northern Territory
-14.28985,134.48625,2013.0,Northern Territory
-12.81975,132.54779,2007.0,Northern Territory
-14.15849,134.46382,2014.0,Northern Territory
-12.790817,130.968715,2019.0,Northern Territory
-12.5897,131.053,2018.0,Northern Territory
-12.330194,130.895763,2023.0,Northern Territory
-14.15849,134.46382,2017.0,Northern Territory
-14.146668,134.465851,2017.0,Northern Territory
-14.234861,134.491648,2017.0,Northern Territory
-14.184983,134.6111,2014.0,Northern Territory
-14.413931,132.338593,2020.0,Northern Territory
-14.265718,134.519985,2009.0,Northern Territory
-13.758719,131.825498,2015.0,Northern Territory
-13.557461,132.360898,2016.0,Northern Territory
-12.46956,132.88118,2019.0,Northern Territory
-12.65116,132.36131,2014.0,Northern Territory
-14.22603,134.10867,2018.0,Northern Territory
-14.72947,134.43748,2001.0,Northern Territory
-13.034975,132.770771,2016.0,Northern Territory
-12.910981,132.871832,2016.0,Northern Territory
-13.001977,132.614963,2016.0,Northern Territory
-12.34947,130.89951,2020.0,Northern Territory
-12.392154,130.869516,2026.0,Northern Territory
-14.21373,134.58018,2013.0,Northern Territory
-16.24791,137.70836,2012.0,Northern Territory
-14.15849,134.46382,2017.0,Northern Territory
-14.20303,130.90186,2014.0,Northern Territory
-14.262722,134.512625,2018.0,Northern Territory
-12.62086,132.36531,2017.0,Northern Territory
-13.036486,132.647227,2016.0,Northern Territory
-14.129933,134.473961,2017.0,Northern Territory
-14.256824,134.506059,2017.0,Northern Territory
-12.5901,131.053,2021.0,Northern Territory
-14.338051,132.481842,2017.0,Northern Territory
-14.26715,134.4454,2018.0,Northern Territory
-12.5899,131.053,2020.0,Northern Territory
-14.234861,134.491648,2014.0,Northern Territory
-13.015855,132.734655,2016.0,Northern Territory
-13.17026,135.87226,2002.0,Northern Territory
-17.48184,137.64438,2017.0,Northern Territory
-14.337329,132.48127,2017.0,Northern Territory
-14.176509,134.465174,2017.0,Northern Territory
-14.176509,134.465174,2014.0,Northern Territory
-16.50494,132.81171,2021.0,Northern Territory
-14.34308,129.43608,2018.0,Northern Territory
-14.262722,134.512625,2017.0,Northern Territory
-16.78159,137.45282,2017.0,Northern Territory
-12.672827,134.242083,2014.0,Northern Territory
-14.312112,132.472105,2021.0,Northern Territory
-14.21003,134.56943,2017.0,Northern Territory
-16.706305,137.320195,2017.0,Northern Territory
-14.214767,134.477046,2017.0,Northern Territory
-16.086714,130.441327,2017.0,Northern Territory
-14.184983,134.6111,2012.0,Northern Territory
-12.979561,130.962069,2014.0,Northern Territory
-14.234861,134.491648,2017.0,Northern Territory
-14.129933,134.473961,2017.0,Northern Territory
-14.1555,131.05585,2015.0,Northern Territory
-14.129933,134.473961,2017.0,Northern Territory
-14.214767,134.477046,2014.0,Northern Territory
-15.23421,132.25478,2022.0,Northern Territory
-14.129933,134.473961,2017.0,Northern Territory
-12.192092,136.709737,2022.0,Northern Territory
-14.23604,134.40518,2018.0,Northern Territory
-12.57851,131.017389,2016.0,Northern Territory
-16.53471,137.37856,2013.0,Northern Territory
-12.61349,131.07852,2009.0,Northern Territory
-16.88956,137.83575,2017.0,Northern Territory
-14.184983,134.6111,2017.0,Northern Territory
-14.176509,134.465174,2017.0,Northern Territory
-12.927188,132.88722,2016.0,Northern Territory
-14.262722,134.512625,2017.0,Northern Territory
-14.153991,134.464311,2017.0,Northern Territory
-15.34644,133.66792,2021.0,Northern Territory
-16.08022,133.43277,2022.0,Northern Territory
-14.176509,134.465174,2011.0,Northern Territory
-13.53813,132.26341,2019.0,Northern Territory
-14.87182,133.11119,2021.0,Northern Territory
-14.184983,134.6111,2014.0,Northern Territory
-12.22506,136.704784,2022.0,Northern Territory
-16.30587,133.7455,2022.0,Northern Territory
-12.5901,131.053,2018.0,Northern Territory
-14.2637,134.42914,2018.0,Northern Territory
-12.192354,136.709662,2020.0,Northern Territory
-15.47432,131.13071,2017.0,Northern Territory
-15.666992,129.537683,2018.0,Northern Territory
-12.44071,132.96976,2019.0,Northern Territory
-12.44057,132.97034,2019.0,Northern Territory
-16.810585,137.531128,2014.0,Northern Territory
-13.513,132.50748,2019.0,Northern Territory
-14.297795,134.492394,2011.0,Northern Territory
-12.5903,131.053,2020.0,Northern Territory
-15.81874,137.048,2014.0,Northern Territory
-13.505747,130.980336,2007.0,Northern Territory
-12.340833,130.919722,2015.0,Northern Territory
-13.951703,131.306782,2010.0,Northern Territory
-14.2867,134.48151,2013.0,Northern Territory
-13.016673,132.734387,2016.0,Northern Territory
-14.129933,134.473961,2018.0,Northern Territory
-13.26292,132.69713,2014.0,Northern Territory
-14.21223,134.57502,2018.0,Northern Territory
-16.0425,130.41512,2015.0,Northern Territory
-16.04294,130.41502,2015.0,Northern Territory
-16.53318,137.37163,2013.0,Northern Territory
-16.53318,137.37163,2013.0,Northern Territory
-12.5572,131.298,2020.0,Northern Territory
-13.51628,132.50748,2001.0,Northern Territory
-14.30734,132.40042,2015.0,Northern Territory
-14.15849,134.46382,2017.0,Northern Territory
-11.385061,132.551224,2017.0,Northern Territory
-12.686311,131.00822,2010.0,Northern Territory
-12.68642,132.41748,2014.0,Northern Territory
-14.15849,134.46382,2017.0,Northern Territory
-12.44071,132.96976,2019.0,Northern Territory
-13.563377,132.33126,2016.0,Northern Territory
-12.5871,131.054,2023.0,Northern Territory
-14.871822,133.111089,2021.0,Northern Territory
-14.262722,134.512625,2012.0,Northern Territory
-14.21432,134.58908,2017.0,Northern Territory
-15.47432,131.13071,2017.0,Northern Territory
-12.225187,136.704793,2018.0,Northern Territory
-17.21416,137.6922,2017.0,Northern Territory
-13.563492,132.33176,2016.0,Northern Territory
-12.5897,131.053,2021.0,Northern Territory
-14.129933,134.473961,2016.0,Northern Territory
-12.79116,130.966831,2019.0,Northern Territory
-12.911698,132.643503,2016.0,Northern Territory
-12.35764,130.87674,2020.0,Northern Territory
-14.553107,132.32286,2020.0,Northern Territory
-14.2867,134.48151,2013.0,Northern Territory
-12.44071,132.96976,2019.0,Northern Territory
-13.03641,132.702328,2016.0,Northern Territory
-14.256824,134.506059,2013.0,Northern Territory
-14.232485,134.109606,2017.0,Northern Territory
-14.176509,134.465174,2017.0,Northern Territory
-14.15849,134.46382,2017.0,Northern Territory
-17.48184,137.64438,2017.0,Northern Territory
-14.871822,133.111089,2021.0,Northern Territory
-12.791189,130.966817,2021.0,Northern Territory
-12.791615,130.966839,2023.0,Northern Territory
-12.941826,132.639027,2017.0,Northern Territory
-16.04795,130.38104,2017.0,Northern Territory
-12.343986,130.885171,2023.0,Northern Territory
-12.973177,132.587511,2017.0,Northern Territory
-14.15849,134.46382,2017.0,Northern Territory
-14.214767,134.477046,2014.0,Northern Territory
-14.21373,134.58018,2016.0,Northern Territory
-16.24791,137.70836,2012.0,Northern Territory
-12.46956,132.88118,2019.0,Northern Territory
-14.234861,134.491648,2014.0,Northern Territory
-13.758719,131.825498,2015.0,Northern Territory
-13.557795,132.361387,2016.0,Northern Territory
-12.535917,131.120917,2011.0,Northern Territory
-12.697711,133.354001,2017.0,Northern Territory
-12.697391,133.353594,2017.0,Northern Territory
-14.60165,129.86536,2007.0,Northern Territory
-14.262722,134.512625,2017.0,Northern Territory
-14.256824,134.506059,2017.0,Northern Territory
-14.176509,134.465174,2014.0,Northern Territory
-14.30734,132.40042,2015.0,Northern Territory
-14.234861,134.491648,2014.0,Northern Territory
-17.48184,137.64438,2017.0,Northern Territory
-14.1555,131.05585,2015.0,Northern Territory
-12.697711,133.354001,2017.0,Northern Territory
-12.43423,132.94179,2019.0,Northern Territory
-12.702253,130.985917,2024.0,Northern Territory
-12.44057,132.97034,2019.0,Northern Territory
-14.297795,134.492394,2013.0,Northern Territory
-13.210776,133.148277,2021.0,Northern Territory
-12.467052,131.017384,2024.0,Northern Territory
-12.437516,130.733953,2023.0,Northern Territory
-14.882,133.0598,2022.0,Northern Territory
-13.060382,132.6874,2016.0,Northern Territory
-12.446737,130.84523,2020.0,Northern Territory
-12.91244,132.55861,2008.0,Northern Territory
-13.553454,132.29593,2016.0,Northern Territory
-12.880693,132.014497,2016.0,Northern Territory
-14.153991,134.464311,2014.0,Northern Territory
-12.44057,132.97034,2019.0,Northern Territory
-13.034846,132.770314,2016.0,Northern Territory
-13.563494,132.333203,2016.0,Northern Territory
-13.513,132.50748,2019.0,Northern Territory
-13.787565,131.066342,2007.0,Northern Territory
-12.541196,131.148689,2023.0,Northern Territory
-16.78159,137.45282,2017.0,Northern Territory
-13.22398,131.115247,2018.0,Northern Territory
-14.234861,134.491648,2014.0,Northern Territory
-14.87232,133.11101,2021.0,Northern Territory
-14.69597,134.42088,2001.0,Northern Territory
-12.58133,130.99014,2019.0,Northern Territory
-12.44071,132.96976,2019.0,Northern Territory
-14.48036,135.199537,2014.0,Northern Territory
-16.22582,137.6801,2016.0,Northern Territory
-14.21223,134.57502,2013.0,Northern Territory
-14.21003,134.56943,2017.0,Northern Territory
-13.51342,132.50726,2019.0,Northern Territory
-14.176509,134.465174,2014.0,Northern Territory
-14.20303,130.90186,2014.0,Northern Territory
-16.88943,137.83595,2017.0,Northern Territory
-14.21223,134.57502,2018.0,Northern Territory
-14.184983,134.6111,2017.0,Northern Territory
-14.214767,134.477046,2017.0,Northern Territory
-12.5375,131.121667,2015.0,Northern Territory
-15.595654,130.451733,2020.0,Northern Territory
-12.912816,132.643244,2016.0,Northern Territory
-12.942767,132.638656,2017.0,Northern Territory
-14.21432,134.58908,2018.0,Northern Territory
-12.6214,132.3694,2014.0,Northern Territory
-14.214767,134.477046,2017.0,Northern Territory
-16.810585,137.531128,2014.0,Northern Territory
-13.423284,132.262598,2016.0,Northern Territory
-12.913217,132.64286,2016.0,Northern Territory
-16.63559,137.42036,2014.0,Northern Territory
-12.912115,132.6432,2016.0,Northern Territory
-12.998034,132.635895,2016.0,Northern Territory
-12.487287,130.971667,1998.0,Northern Territory
-14.26715,134.4454,2017.0,Northern Territory
-12.894983,131.995868,2016.0,Northern Territory
-14.496148,132.210613,2018.0,Northern Territory
-13.58217,131.400627,2007.0,Northern Territory
-12.41105,130.825424,2016.0,Northern Territory
-12.499472,131.033305,2024.0,Northern Territory
-14.87171,133.11069,2021.0,Northern Territory
-14.2867,134.48151,2013.0,Northern Territory
-12.5375,131.121667,2015.0,Northern Territory
-14.146668,134.465851,2017.0,Northern Territory
-14.176509,134.465174,2018.0,Northern Territory
-14.21223,134.57502,2012.0,Northern Territory
-14.229858,134.006754,2019.0,Northern Territory
-14.21223,134.57502,2018.0,Northern Territory
-14.2867,134.48151,2013.0,Northern Territory
-12.52577,130.8735,2019.0,Northern Territory
-12.998393,132.932869,2009.0,Northern Territory
-14.176509,134.465174,2014.0,Northern Territory
-14.184983,134.6111,2013.0,Northern Territory
-16.87903,137.82242,2017.0,Northern Territory
-13.669928,130.930156,2008.0,Northern Territory
-14.153991,134.464311,2014.0,Northern Territory
-14.176509,134.465174,2017.0,Northern Territory
-14.15849,134.46382,2018.0,Northern Territory
-12.18016,136.78586,2022.0,Northern Territory
-14.30737,132.39972,2017.0,Northern Territory
-16.410914,136.086391,2003.0,Northern Territory
-12.903962,132.891379,2017.0,Northern Territory
-14.129933,134.473961,2013.0,Northern Territory
-16.08022,133.43277,2022.0,Northern Territory
-15.725381,136.669825,2003.0,Northern Territory
-12.449905,130.822678,2025.0,Northern Territory
-14.21432,134.58908,2014.0,Northern Territory
-14.21223,134.57502,2016.0,Northern Territory
-12.5897,131.053,2018.0,Northern Territory
-16.800652,137.251092,2014.0,Northern Territory
-15.634724,129.611368,2018.0,Northern Territory
-14.129933,134.473961,2017.0,Northern Territory
-14.93436,133.12444,2022.0,Northern Territory
-14.176509,134.465174,2017.0,Northern Territory
-14.146668,134.465851,2017.0,Northern Territory
-16.59072,135.03354,2022.0,Northern Territory
-12.61524,132.34347,2015.0,Northern Territory
-12.566667,131.3,2011.0,Northern Territory
-12.95263,131.168205,2021.0,Northern Territory
-12.913138,132.643469,2016.0,Northern Territory
-14.21125,134.59922,2017.0,Northern Territory
-12.743705,133.356814,2017.0,Northern Territory
-14.87182,133.11119,2021.0,Northern Territory
-14.87171,133.11069,2021.0,Northern Territory
-12.672827,134.242083,2014.0,Northern Territory
-12.911698,132.643503,2016.0,Northern Territory
-12.61524,132.34347,2015.0,Northern Territory
-12.385704,130.84736,1999.0,Northern Territory
-14.21223,134.57502,2017.0,Northern Territory
-14.732036,134.430211,2014.0,Northern Territory
-14.26715,134.4454,2017.0,Northern Territory
-14.1555,131.05585,2015.0,Northern Territory
-12.913461,132.821659,2016.0,Northern Territory
-14.15849,134.46382,2017.0,Northern Territory
-14.129933,134.473961,2018.0,Northern Territory
-14.21003,134.56943,2017.0,Northern Territory
-16.809981,137.24583,2014.0,Northern Territory
-14.146668,134.465851,2017.0,Northern Territory
-15.635562,136.982104,2003.0,Northern Territory
-16.34478,137.64997,2013.0,Northern Territory
-12.305444,136.923613,2007.0,Northern Territory
-12.340833,130.919722,2015.0,Northern Territory
-13.103465,130.844986,2024.0,Northern Territory
-14.129933,134.473961,2017.0,Northern Territory
-12.44057,132.97034,2019.0,Northern Territory
-14.234861,134.491648,2014.0,Northern Territory
-12.679318,132.47435,2024.0,Northern Territory
-14.21373,134.58018,2017.0,Northern Territory
-12.52622,130.87366,2019.0,Northern Territory
-12.553209,131.130786,2021.0,Northern Territory
-16.61028,137.47075,2016.0,Northern Territory
-14.060798,134.419861,2017.0,Northern Territory
-13.19274,132.30194,2004.0,Northern Territory
-16.810585,137.531128,2014.0,Northern Territory
-12.633809,131.118688,2021.0,Northern Territory
-17.579462,133.568955,2024.0,Northern Territory
-14.214767,134.477046,2017.0,Northern Territory
-13.15556,135.88026,2002.0,Northern Territory
-15.34613,133.66792,2021.0,Northern Territory
-12.904963,132.521758,2024.0,Northern Territory
-14.337922,129.923397,2025.0,Northern Territory
-14.12653,132.48215,2011.0,Northern Territory
-12.37085,136.95465,2009.0,Northern Territory
-14.176509,134.465174,2017.0,Northern Territory
-13.601,132.28385,2015.0,Northern Territory
-16.72548,137.42113,2014.0,Northern Territory
-16.307203,129.549893,2013.0,Northern Territory
-14.87232,133.11101,2021.0,Northern Territory
-14.28985,134.48625,2014.0,Northern Territory
-14.1555,131.05585,2015.0,Northern Territory
-15.666992,129.537683,2018.0,Northern Territory
-13.069793,132.697793,2017.0,Northern Territory
-12.211209,136.703603,2022.0,Northern Territory
-14.20246,132.63123,2017.0,Northern Territory
-14.93436,133.12444,2022.0,Northern Territory
-12.530538,134.101318,2021.0,Northern Territory
-14.129933,134.473961,2017.0,Northern Territory
-14.71486,134.882621,2015.0,Northern Territory
-14.15849,134.46382,2017.0,Northern Territory
-14.01414,132.32462,2018.0,Northern Territory
-14.153991,134.464311,2011.0,Northern Territory
-14.21373,134.58018,2013.0,Northern Territory
-12.911698,132.643503,2016.0,Northern Territory
-14.15849,134.46382,2017.0,Northern Territory
-12.889298,132.908807,2016.0,Northern Territory
-16.88943,137.83595,2017.0,Northern Territory
-14.22603,134.10867,2018.0,Northern Territory
-13.758719,131.825498,2015.0,Northern Territory
-12.5254,131.02918,2009.0,Northern Territory
-15.35201,131.24315,2015.0,Northern Territory
-12.691487,134.064754,2021.0,Northern Territory
-13.6788,131.993,2019.0,Northern Territory
-14.153991,134.464311,2016.0,Northern Territory
-14.214767,134.477046,2017.0,Northern Territory
-12.912115,132.6432,2016.0,Northern Territory
-12.57582,130.95714,2019.0,Northern Territory
-14.87182,133.11119,2021.0,Northern Territory
-14.21373,134.58018,2017.0,Northern Territory
-14.23604,134.40518,2017.0,Northern Territory
-14.21373,134.58018,2017.0,Northern Territory
-14.15849,134.46382,2017.0,Northern Territory
-14.26965,134.45948,2017.0,Northern Territory
-13.53829,132.26381,2019.0,Northern Territory
-12.942767,132.638656,2017.0,Northern Territory
-13.557461,132.360898,2016.0,Northern Territory
-12.225132,136.704835,2019.0,Northern Territory
-14.011133,132.289685,2011.0,Northern Territory
-12.913461,132.821659,2016.0,Northern Territory
-13.573337,132.373568,2016.0,Northern Territory
-16.72477,137.419,2010.0,Northern Territory
-12.70974,132.90425,2004.0,Northern Territory
-17.217,137.95,1983.0,Northern Territory
-12.5843,131.055,2023.0,Northern Territory
-16.78159,137.45282,2017.0,Northern Territory
-12.423106,130.92271,1996.0,Northern Territory
-15.18909,132.9695,2022.0,Northern Territory
-14.313503,132.423263,2023.0,Northern Territory
-16.50494,132.81171,2021.0,Northern Territory
-12.606392,131.100852,2018.0,Northern Territory
-14.326338,134.916674,2014.0,Northern Territory
-14.26965,134.45948,2017.0,Northern Territory
-12.791402,130.966909,2018.0,Northern Territory
-16.87857,137.82202,2017.0,Northern Territory
-14.040369,134.275265,2007.0,Northern Territory
-12.210489,136.706218,2019.0,Northern Territory
-16.617,137.45409,2014.0,Northern Territory
-14.129933,134.473961,2017.0,Northern Territory
-13.069793,132.697793,2017.0,Northern Territory
-14.297795,134.492394,2013.0,Northern Territory
-12.5897,131.053,2023.0,Northern Territory
-12.4952,131.042,2020.0,Northern Territory
-14.21432,134.58908,2018.0,Northern Territory
-12.979561,130.962069,2014.0,Northern Territory
-12.998829,131.015929,2014.0,Northern Territory
-14.15849,134.46382,2017.0,Northern Territory
-12.464532,130.838275,2025.0,Northern Territory
-12.695837,133.318224,2017.0,Northern Territory
-14.87232,133.11101,2021.0,Northern Territory
-14.21432,134.58908,2017.0,Northern Territory
-12.5896,131.053,2017.0,Northern Territory
-13.28295,132.84386,2009.0,Northern Territory
-14.87232,133.11101,2021.0,Northern Territory
-14.060798,134.419861,2017.0,Northern Territory
-14.920833,133.066667,2006.0,Northern Territory
-14.317251,132.421729,2005.0,Northern Territory
-16.50494,132.81171,2021.0,Northern Territory
-14.129933,134.473961,2017.0,Northern Territory
-14.2637,134.42914,2017.0,Northern Territory
-17.48184,137.64438,2017.0,Northern Territory
-15.667124,129.539381,2018.0,Northern Territory
-13.758719,131.825498,2015.0,Northern Territory
-12.211191,136.7036,2022.0,Northern Territory
-11.373654,132.564878,2017.0,Northern Territory
-12.59,131.053,2021.0,Northern Territory
-14.03234,132.30579,2018.0,Northern Territory
-16.72548,137.42113,2014.0,Northern Territory
-14.062963,134.416876,2011.0,Northern Territory
-12.193154,136.710456,2020.0,Northern Territory
-12.61733,132.34166,2014.0,Northern Territory
-15.18909,132.9695,2022.0,Northern Territory
-15.844024,135.289563,2006.0,Northern Territory
-14.26715,134.4454,2017.0,Northern Territory
-15.982453,129.266235,2008.0,Northern Territory
-12.662614,132.921295,2011.0,Northern Territory
-14.214767,134.477046,2014.0,Northern Territory
-14.21223,134.57502,2017.0,Northern Territory
-14.232485,134.109606,2017.0,Northern Territory
-12.437628,130.833775,2022.0,Northern Territory
-14.21003,134.56943,2017.0,Northern Territory
-14.21432,134.58908,2016.0,Northern Territory
-14.15849,134.46382,2017.0,Northern Territory
-14.1555,131.05585,2015.0,Northern Territory
-13.723476,131.003807,2007.0,Northern Territory
-14.21373,134.58018,2013.0,Northern Territory
-13.762707,131.00589,2007.0,Northern Territory
-12.61524,132.34347,2015.0,Northern Territory
-14.26715,134.4454,2018.0,Northern Territory
-12.703362,130.998597,2023.0,Northern Territory
-12.18667,136.72223,2020.0,Northern Territory
-14.15849,134.46382,2017.0,Northern Territory
-13.63651,132.60549,2004.0,Northern Territory
-11.373324,132.564019,2017.0,Northern Territory
-14.214767,134.477046,2017.0,Northern Territory
-14.176509,134.465174,2014.0,Northern Territory
-13.58787,132.27727,2015.0,Northern Territory
-13.132655,133.425798,2017.0,Northern Territory
-13.016673,132.734387,2016.0,Northern Territory
-12.904092,132.890698,2016.0,Northern Territory
-12.59694,136.502293,2021.0,Northern Territory
-16.809981,137.24583,2014.0,Northern Territory
-14.87232,133.11101,2021.0,Northern Territory
-12.880211,132.701143,2017.0,Northern Territory
-14.21373,134.58018,2017.0,Northern Territory
-11.373654,132.564878,2017.0,Northern Territory
-14.03234,132.30579,2018.0,Northern Territory
-12.907079,131.650393,2017.0,Northern Territory
-16.4562,130.54498,2017.0,Northern Territory
-14.87232,133.11101,2021.0,Northern Territory
-14.23604,134.40518,2012.0,Northern Territory
-14.22603,134.10867,2014.0,Northern Territory
-14.87232,133.11101,2021.0,Northern Territory
-12.19735,131.032403,2019.0,Northern Territory
-14.21432,134.58908,2018.0,Northern Territory
-14.184983,134.6111,2014.0,Northern Territory
-14.21373,134.58018,2017.0,Northern Territory
-14.214767,134.477046,2011.0,Northern Territory
-14.062963,134.416876,2017.0,Northern Territory
-14.176509,134.465174,2017.0,Northern Territory
-14.505917,132.21471,2020.0,Northern Territory
-14.262722,134.512625,2014.0,Northern Territory
-16.0425,130.41512,2015.0,Northern Territory
-14.146668,134.465851,2017.0,Northern Territory
-13.438803,130.790169,2006.0,Northern Territory
-14.15849,134.46382,2014.0,Northern Territory
-12.719588,130.96692,2022.0,Northern Territory
-16.53471,137.37856,2013.0,Northern Territory
-12.53603,131.97549,2009.0,Northern Territory
-14.147415,134.465713,2021.0,Northern Territory
-12.61605,136.23886,2009.0,Northern Territory
-12.5898,131.053,2022.0,Northern Territory
-16.067695,137.280138,2016.0,Northern Territory
-14.2867,134.48151,2013.0,Northern Territory
-14.2637,134.42914,2017.0,Northern Territory
-12.743705,133.356814,2017.0,Northern Territory
-16.71661,137.5588,2013.0,Northern Territory
-14.871822,133.111089,2021.0,Northern Territory
-14.15849,134.46382,2017.0,Northern Territory
-14.256824,134.506059,2011.0,Northern Territory
-14.26965,134.45948,2017.0,Northern Territory
-12.62071,132.36327,2013.0,Northern Territory
-13.557461,132.360898,2016.0,Northern Territory
-16.3023,133.72607,2022.0,Northern Territory
-12.912816,132.643244,2016.0,Northern Territory
-12.6521,136.23309,2009.0,Northern Territory
-12.4463,130.836842,2023.0,Northern Territory
-14.262722,134.512625,2017.0,Northern Territory
-12.459131,130.840765,2025.0,Northern Territory
-13.543243,132.351569,2016.0,Northern Territory
-14.214767,134.477046,2017.0,Northern Territory
-14.062963,134.416876,2014.0,Northern Territory
-12.44057,132.97034,2019.0,Northern Territory
-12.183656,136.733729,2020.0,Northern Territory
-14.183077,132.038152,2023.0,Northern Territory
-16.45629,130.54622,2017.0,Northern Territory
-15.644559,129.619988,2018.0,Northern Territory
-14.62837,134.21168,2002.0,Northern Territory
-14.129933,134.473961,2017.0,Northern Territory
-13.038053,132.648591,2016.0,Northern Territory
-14.213972,134.47656,2018.0,Northern Territory
-13.96678,132.86299,2001.0,Northern Territory
-14.25343,134.11292,2017.0,Northern Territory
-14.176509,134.465174,2018.0,Northern Territory
-14.176509,134.465174,2014.0,Northern Territory
-14.01369,132.3246,2018.0,Northern Territory
-14.184983,134.6111,2017.0,Northern Territory
-14.229858,134.006754,2019.0,Northern Territory
-12.903962,132.891379,2016.0,Northern Territory
-13.438013,133.514607,2021.0,Northern Territory
-16.22582,137.6801,2016.0,Northern Territory
-14.21223,134.57502,2013.0,Northern Territory
-13.51342,132.50726,2019.0,Northern Territory
-13.567448,132.34801,2016.0,Northern Territory
-12.7913,130.966786,2022.0,Northern Territory
-12.54327,131.088687,2021.0,Northern Territory
-12.61518,132.34588,2014.0,Northern Territory
-12.538151,136.574457,2020.0,Northern Territory
-14.1555,131.05585,2015.0,Northern Territory
-14.256824,134.506059,2008.0,Northern Territory
-12.55062,131.08,2009.0,Northern Territory
-16.04287,130.4147,2015.0,Northern Territory
-15.88966,130.1998,2017.0,Northern Territory
-14.21223,134.57502,2017.0,Northern Territory
-12.53946,131.12256,2009.0,Northern Territory
-15.1064,133.1378,2022.0,Northern Territory
-16.45147,137.57202,2017.0,Northern Territory
-16.45147,137.57202,2017.0,Northern Territory
-12.979561,130.962069,2014.0,Northern Territory
-13.92029,131.01219,2011.0,Northern Territory
-16.44854,137.88416,1990.0,Northern Territory
-15.304014,129.821678,2018.0,Northern Territory
-12.62267,132.36296,2014.0,Northern Territory
-14.238864,134.132249,2011.0,Northern Territory
-12.59,131.053,2020.0,Northern Territory
-14.26965,134.45948,2013.0,Northern Territory
-14.195019,132.243112,2017.0,Northern Territory
-12.45972,130.98309,2009.0,Northern Territory
-12.225093,136.704696,2021.0,Northern Territory
-12.41047,130.888488,2023.0,Northern Territory
-13.000697,131.01321,2014.0,Northern Territory
-14.129933,134.473961,2017.0,Northern Territory
-14.21373,134.58018,2017.0,Northern Territory
-12.225172,136.704554,2022.0,Northern Territory
-14.256824,134.506059,2017.0,Northern Territory
-14.129933,134.473961,2017.0,Northern Territory
-14.2867,134.48151,2013.0,Northern Territory
-14.87188,133.11154,2021.0,Northern Territory
-14.176509,134.465174,2014.0,Northern Territory
-13.044433,132.93787,2009.0,Northern Territory
-14.732036,134.430211,2014.0,Northern Territory
-17.25306,133.45406,2022.0,Northern Territory
-14.15849,134.46382,2017.0,Northern Territory
-14.15849,134.46382,2017.0,Northern Territory
-13.28295,132.84386,2009.0,Northern Territory
-12.489198,130.997807,2018.0,Northern Territory
-16.706305,137.320195,2017.0,Northern Territory
-15.09817,133.07716,2022.0,Northern Territory
-12.401652,130.915942,1997.0,Northern Territory
-14.214767,134.477046,2018.0,Northern Territory
-12.979561,130.962069,2014.0,Northern Territory
-14.214767,134.477046,2016.0,Northern Territory
-12.32013,131.228894,2019.0,Northern Territory
-14.2675,134.43953,2013.0,Northern Territory
-12.670687,132.832795,2022.0,Northern Territory
-14.176509,134.465174,2014.0,Northern Territory
-16.067695,137.280138,2016.0,Northern Territory
-12.380805,130.860894,2023.0,Northern Territory
-14.129933,134.473961,2013.0,Northern Territory
-14.234861,134.491648,2011.0,Northern Territory
-14.184983,134.6111,2017.0,Northern Territory
-14.711111,131.668321,2008.0,Northern Territory
-12.942767,132.638656,2017.0,Northern Territory
-14.21125,134.59922,2013.0,Northern Territory
-12.52494,130.9856,2014.0,Northern Territory
-13.51287,132.50688,2019.0,Northern Territory
-12.791556,130.966811,2021.0,Northern Territory
-12.697711,133.354001,2017.0,Northern Territory
-14.21432,134.58908,2017.0,Northern Territory
-14.93876,133.12531,2022.0,Northern Territory
-12.52622,130.87366,2019.0,Northern Territory
-14.06534,131.1433,2015.0,Northern Territory
-14.153991,134.464311,2017.0,Northern Territory
-14.214767,134.477046,2011.0,Northern Territory
-12.6491947,134.299002,2006.0,Northern Territory
-14.214767,134.477046,2017.0,Northern Territory
-14.129933,134.473961,2017.0,Northern Territory
-14.062963,134.416876,2018.0,Northern Territory
-16.698896,137.302913,2017.0,Northern Territory
-12.597,131.306,,Northern Territory
-14.214767,134.477046,2017.0,Northern Territory
-12.5578,131.297,2023.0,Northern Territory
-14.732036,134.430211,2014.0,Northern Territory
-12.90444,132.890251,2016.0,Northern Territory
-12.476089,133.112485,2017.0,Northern Territory
-15.304014,129.821678,2018.0,Northern Territory
-12.525542,131.143915,2022.0,Northern Territory
-14.062963,134.416876,2017.0,Northern Territory
-14.042665,134.272629,2013.0,Northern Territory
-12.5901,131.053,2020.0,Northern Territory
-16.70211,137.57558,2013.0,Northern Territory
-12.583333,131.316667,2011.0,Northern Territory
-17.48184,137.64438,2017.0,Northern Territory
-12.225086,136.704593,2022.0,Northern Territory
-12.696194,133.318634,2017.0,Northern Territory
-12.467044,130.840874,2024.0,Northern Territory
-16.706305,137.320195,2017.0,Northern Territory
-12.5899,131.053,2021.0,Northern Territory
-13.22893,132.28433,2019.0,Northern Territory
-14.394498,132.394732,2020.0,Northern Territory
-14.250147,133.570003,2023.0,Northern Territory
-12.211261,136.703542,2022.0,Northern Territory
-12.49169,133.107437,2017.0,Northern Territory
-13.104247,133.074481,2021.0,Northern Territory
-12.184158,136.734598,2020.0,Northern Territory
-16.24176,137.70752,2012.0,Northern Territory
-14.20272,132.63065,2017.0,Northern Territory
-16.88943,137.83595,2017.0,Northern Territory
-13.069793,132.697793,2017.0,Northern Territory
-14.129933,134.473961,2017.0,Northern Territory
-16.68064,133.41025,2022.0,Northern Territory
-14.21125,134.59922,2017.0,Northern Territory
-12.5899,131.054,2018.0,Northern Territory
-12.211244,136.703581,2022.0,Northern Territory
-12.671892,131.134986,2014.0,Northern Territory
-16.72548,137.42113,2014.0,Northern Territory
-12.70301,134.306546,2014.0,Northern Territory
-14.2867,134.48151,2013.0,Northern Territory
-14.234861,134.491648,2013.0,Northern Territory
-15.54705,136.86044,2010.0,Northern Territory
-12.696211,134.052101,2017.0,Northern Territory
-13.734935,131.005977,2007.0,Northern Territory
-14.232984,134.10996,2021.0,Northern Territory
-15.47463,131.13019,2017.0,Northern Territory
-12.225175,136.70475,2020.0,Northern Territory
-16.810585,137.531128,2014.0,Northern Territory
-12.913217,132.64286,2016.0,Northern Territory
-14.176509,134.465174,2011.0,Northern Territory
-16.45147,137.57202,2017.0,Northern Territory
-14.176509,134.465174,2014.0,Northern Territory
-14.15849,134.46382,2014.0,Northern Territory
-14.05985,131.1982,2014.0,Northern Territory
-14.87182,133.11119,2021.0,Northern Territory
-17.531871,137.801176,1986.0,Northern Territory
-17.41553,137.80117,1990.0,Northern Territory
-16.53318,137.37163,2013.0,Northern Territory
-12.963498,132.810179,2016.0,Northern Territory
-14.32863,131.0493,2011.0,Northern Territory
-14.87232,133.11101,2021.0,Northern Territory
-13.51287,132.50688,2019.0,Northern Territory
-12.478213,130.966772,2024.0,Northern Territory
-16.792811,137.24897,2014.0,Northern Territory
-12.64754,132.36221,2014.0,Northern Territory
-12.780078,130.963255,2024.0,Northern Territory
-14.042665,134.272629,2013.0,Northern Territory
-14.20303,130.90186,2014.0,Northern Territory
-14.3334,131.81242,2015.0,Northern Territory
-13.664155,131.237325,2007.0,Northern Territory
-12.979561,130.962069,2014.0,Northern Territory
-12.62249,132.366286,2016.0,Northern Territory
-14.184983,134.6111,2012.0,Northern Territory
-13.513,132.50748,2019.0,Northern Territory
-13.513,132.50748,2019.0,Northern Territory
-12.860577,132.955537,2016.0,Northern Territory
-13.607396,132.960673,2009.0,Northern Territory
-14.26965,134.45948,2018.0,Northern Territory
-13.51287,132.50688,2019.0,Northern Territory
-12.655318,131.141797,2014.0,Northern Territory
-14.153991,134.464311,2017.0,Northern Territory
-12.963584,131.008237,2014.0,Northern Territory
-12.444013,130.838203,2019.0,Northern Territory
-14.87232,133.11101,2021.0,Northern Territory
-15.577922,135.426248,2003.0,Northern Territory
-12.506998,131.023345,2023.0,Northern Territory
-12.09956,132.9308,2011.0,Northern Territory
-14.28985,134.48625,2013.0,Northern Territory
-12.791527,130.966832,2021.0,Northern Territory
-16.72548,137.42113,2014.0,Northern Territory
-12.5897,131.053,2023.0,Northern Territory
-14.3467,132.56352,2017.0,Northern Territory
-14.176509,134.465174,2014.0,Northern Territory
-12.425731,130.842378,2022.0,Northern Territory
-12.610087,136.405258,2025.0,Northern Territory
-14.129933,134.473961,2017.0,Northern Territory
-14.176509,134.465174,2017.0,Northern Territory
-14.21373,134.58018,2017.0,Northern Territory
-14.20303,130.90186,2014.0,Northern Territory
-14.153991,134.464311,2017.0,Northern Territory
-14.129933,134.473961,2017.0,Northern Territory
-14.215717,134.114115,2021.0,Northern Territory
-12.743705,133.356814,2017.0,Northern Territory
-14.696241,129.818523,2007.0,Northern Territory
-14.176509,134.465174,2011.0,Northern Territory
-12.912115,132.6432,2016.0,Northern Territory
-13.070143,132.698859,2017.0,Northern Territory
-15.634724,129.611368,2018.0,Northern Territory
-14.15849,134.46382,2014.0,Northern Territory
-12.68562,132.41426,2014.0,Northern Territory
-16.04816,130.38071,2017.0,Northern Territory
-15.35543,132.885961,2022.0,Northern Territory
-14.256824,134.506059,2011.0,Northern Territory
-17.189543,137.740175,1991.0,Northern Territory
-13.733853,132.770697,2009.0,Northern Territory
-14.184983,134.6111,2017.0,Northern Territory
-12.962884,132.841131,2016.0,Northern Territory
-12.44057,132.97034,2019.0,Northern Territory
-16.24791,137.70836,2012.0,Northern Territory
-12.192085,136.709603,2021.0,Northern Territory
-14.214767,134.477046,2017.0,Northern Territory
-12.557744,131.332024,2012.0,Northern Territory
-14.26715,134.4454,2017.0,Northern Territory
-12.695837,133.318224,2017.0,Northern Territory
-12.743342,133.356707,2017.0,Northern Territory
-12.868047,132.147578,2016.0,Northern Territory
-14.062963,134.416876,2011.0,Northern Territory
-14.87232,133.11101,2021.0,Northern Territory
-14.214767,134.477046,2014.0,Northern Territory
-12.989112,131.008274,2014.0,Northern Territory
-14.214767,134.477046,2017.0,Northern Territory
-12.358495,130.875947,2022.0,Northern Territory
-14.5,132.2,2021.0,Northern Territory
-14.222119,134.483073,2017.0,Northern Territory
-14.26715,134.4454,2017.0,Northern Territory
-14.176509,134.465174,2014.0,Northern Territory
-16.810585,137.531128,2014.0,Northern Territory
-12.671587,134.242212,2014.0,Northern Territory
-14.214767,134.477046,2018.0,Northern Territory
-16.0425,130.41512,2015.0,Northern Territory
-12.371667,130.866111,2015.0,Northern Territory
-16.57904,137.48812,2014.0,Northern Territory
-14.129933,134.473961,2017.0,Northern Territory
-13.51342,132.50726,2019.0,Northern Territory
-14.21373,134.58018,2013.0,Northern Territory
-13.567905,132.348961,2016.0,Northern Territory
-14.87232,133.11101,2021.0,Northern Territory
-13.22893,132.28433,2019.0,Northern Territory
-14.207715,134.47382,2018.0,Northern Territory
-12.44532,130.836101,2023.0,Northern Territory
-13.034975,132.770771,2016.0,Northern Territory
-12.225159,136.704722,2020.0,Northern Territory
-15.35543,132.885961,2022.0,Northern Territory
-13.930938,131.221458,2010.0,Northern Territory
-12.743705,133.356814,2017.0,Northern Territory
-13.51287,132.50688,2019.0,Northern Territory
-14.176509,134.465174,2009.0,Northern Territory
-14.25365,132.43745,2015.0,Northern Territory
-15.8187,137.048,2016.0,Northern Territory
-13.606434,132.960163,2009.0,Northern Territory
-17.48184,137.64438,2017.0,Northern Territory
-14.156198,134.190268,2017.0,Northern Territory
-12.44057,132.97034,2019.0,Northern Territory
-12.210151,136.706037,2022.0,Northern Territory
-12.911698,132.643503,2016.0,Northern Territory
-14.234861,134.491648,2017.0,Northern Territory
-14.21373,134.58018,2014.0,Northern Territory
-14.129933,134.473961,2014.0,Northern Territory
-12.911698,132.643503,2016.0,Northern Territory
-14.19501,132.18242,2015.0,Northern Territory
-12.943004,132.818575,2016.0,Northern Territory
-12.419709,130.85183,2025.0,Northern Territory
-12.49169,133.107437,2017.0,Northern Territory
-12.904092,132.890698,2016.0,Northern Territory
-12.910849,132.87234,2016.0,Northern Territory
-12.466694,131.139722,2011.0,Northern Territory
-13.51342,132.50726,2019.0,Northern Territory
-16.57904,137.48812,2014.0,Northern Territory
-13.55995,132.314663,2016.0,Northern Territory
-13.016673,132.734387,2016.0,Northern Territory
-14.652214,129.903493,2007.0,Northern Territory
-13.553235,132.296803,2016.0,Northern Territory
-12.68812,132.41809,2014.0,Northern Territory
-14.129933,134.473961,2014.0,Northern Territory
-12.525623,131.143815,2022.0,Northern Territory
-12.37367,131.23595,2018.0,Northern Territory
-12.68378,132.41653,2014.0,Northern Territory
-14.213972,134.47656,2018.0,Northern Territory
-14.2867,134.48151,2013.0,Northern Territory
-14.93632,133.18527,2022.0,Northern Territory
-12.371667,130.866111,2015.0,Northern Territory
-12.44075,132.97075,2019.0,Northern Territory
-14.214767,134.477046,2018.0,Northern Territory
-14.184983,134.6111,2017.0,Northern Territory
-12.908234,132.521155,2024.0,Northern Territory
-12.64872,132.36054,2014.0,Northern Territory
-14.21223,134.57502,2013.0,Northern Territory
-12.476343,133.112028,2017.0,Northern Territory
-14.129933,134.473961,2016.0,Northern Territory
-14.176509,134.465174,2014.0,Northern Territory
-14.15849,134.46382,2017.0,Northern Territory
-12.49169,133.107437,2017.0,Northern Territory
-14.26439,134.2532,2014.0,Northern Territory
-14.176509,134.465174,2017.0,Northern Territory
-16.809981,137.24583,2014.0,Northern Territory
-12.182382,136.734303,2020.0,Northern Territory
-14.262722,134.512625,2018.0,Northern Territory
-14.28985,134.48625,2013.0,Northern Territory
-12.943303,132.638393,2017.0,Northern Territory
-12.26289,131.03065,2018.0,Northern Territory
-16.04287,130.4147,2015.0,Northern Territory
-12.697711,133.354001,2017.0,Northern Territory
-14.176509,134.465174,2017.0,Northern Territory
-14.922709,133.134062,2003.0,Northern Territory
-14.87182,133.11119,2021.0,Northern Territory
-13.44375,132.85302,2004.0,Northern Territory
-14.262722,134.512625,2016.0,Northern Territory
-12.904092,132.890698,2016.0,Northern Territory
-16.08022,133.43277,2022.0,Northern Territory
-12.445707,130.836538,2019.0,Northern Territory
-16.66199,137.42158,2011.0,Northern Territory
-14.21223,134.57502,2016.0,Northern Territory
-14.15849,134.46382,2017.0,Northern Territory
-14.21373,134.58018,2017.0,Northern Territory
-12.979561,130.962069,2014.0,Northern Territory
-16.698209,137.305698,2017.0,Northern Territory
-13.060098,132.686981,2016.0,Northern Territory
-12.860577,132.955537,2016.0,Northern Territory
-14.22587,134.10744,2017.0,Northern Territory
-12.972608,132.587403,2016.0,Northern Territory
-14.129933,134.473961,2017.0,Northern Territory
-14.19866,134.47363,2017.0,Northern Territory
-12.495205,131.042489,2021.0,Northern Territory
-14.21223,134.57502,2013.0,Northern Territory
-12.930417,132.658068,2016.0,Northern Territory
-12.5375,131.121667,2015.0,Northern Territory
-12.69399,132.40172,2014.0,Northern Territory
-13.651228,131.143722,2007.0,Northern Territory
-13.038053,132.648591,2016.0,Northern Territory
-12.84752,132.4679,2011.0,Northern Territory
-14.256824,134.506059,2017.0,Northern Territory
-13.593592,131.133344,2007.0,Northern Territory
-12.751159,136.012194,2021.0,Northern Territory
-14.216151,132.653207,2005.0,Northern Territory
-12.210818,136.7059,2019.0,Northern Territory
-16.28168,137.74042,2017.0,Northern Territory
-12.942767,132.638656,2017.0,Northern Territory
-12.35764,130.87674,2020.0,Northern Territory
-14.87232,133.11101,2021.0,Northern Territory
-14.731147,129.740483,2007.0,Northern Territory
-14.234861,134.491648,2013.0,Northern Territory
-13.57328,132.3179,2015.0,Northern Territory
-12.696078,133.352877,2017.0,Northern Territory
-14.060798,134.419861,2017.0,Northern Territory
-13.608767,131.371541,2007.0,Northern Territory
-13.001977,132.614963,2016.0,Northern Territory
-16.53471,137.37856,2013.0,Northern Territory
-12.69399,132.40172,2014.0,Northern Territory
-12.606392,131.100852,2018.0,Northern Territory
-14.176509,134.465174,2014.0,Northern Territory
-14.176509,134.465174,2014.0,Northern Territory
-13.97212,130.75262,2012.0,Northern Territory
-12.63125,131.01725,2011.0,Northern Territory
-12.46,130.983,2009.0,Northern Territory
-13.423284,132.262598,2016.0,Northern Territory
-14.176509,134.465174,2014.0,Northern Territory
-12.400432,130.925769,2008.0,Northern Territory
-13.036344,133.397248,2017.0,Northern Territory
-16.04816,130.38071,2017.0,Northern Territory
-14.21223,134.57502,2017.0,Northern Territory
-16.45147,137.57202,2017.0,Northern Territory
-15.47392,131.13083,2017.0,Northern Territory
-12.52622,130.87366,2019.0,Northern Territory
-16.0425,130.41512,2015.0,Northern Territory
-12.69672,133.318791,2017.0,Northern Territory
-14.912245,132.804602,2014.0,Northern Territory
-14.26965,134.45948,2017.0,Northern Territory
-14.184983,134.6111,2014.0,Northern Territory
-12.456508,133.593555,2017.0,Northern Territory
-15.88915,130.19906,2017.0,Northern Territory
-15.47465,135.40537,1996.0,Northern Territory
-14.15849,134.46382,2017.0,Northern Territory
-14.20303,130.90186,2014.0,Northern Territory
-14.129933,134.473961,2014.0,Northern Territory
-13.917211,130.792403,2014.0,Northern Territory
-16.067695,137.280138,2016.0,Northern Territory
-14.146668,134.465851,2017.0,Northern Territory
-12.5891,131.054,2018.0,Northern Territory
-14.22603,134.10867,2011.0,Northern Territory
-14.171916,131.938653,2012.0,Northern Territory
-14.20303,130.90186,2014.0,Northern Territory
-14.15849,134.46382,2017.0,Northern Territory
-12.784822,131.609744,2024.0,Northern Territory
-14.176509,134.465174,2017.0,Northern Territory
-12.52494,130.9856,2014.0,Northern Territory
-14.262722,134.512625,2016.0,Northern Territory
-14.214767,134.477046,2011.0,Northern Territory
-13.035887,132.702519,2016.0,Northern Territory
-12.382,130.845,2011.0,Northern Territory
-12.4952,131.042,2021.0,Northern Territory
-14.93436,133.12444,2022.0,Northern Territory
-14.176509,134.465174,2014.0,Northern Territory
-14.87182,133.11119,2021.0,Northern Territory
-11.268152,132.198487,2023.0,Northern Territory
-11.385061,132.551224,2017.0,Northern Territory
-12.903962,132.891379,2017.0,Northern Territory
-12.49169,133.107437,2017.0,Northern Territory
-14.15849,134.46382,2017.0,Northern Territory
-14.26715,134.4454,2017.0,Northern Territory
-16.72548,137.42113,2014.0,Northern Territory
-14.184983,134.6111,2017.0,Northern Territory
-16.4802,137.18092,2013.0,Northern Territory
-14.2675,134.43953,2016.0,Northern Territory
-14.256824,134.506059,2018.0,Northern Territory
-16.07,136.3,1992.0,Northern Territory
-17.14235,133.46077,2022.0,Northern Territory
-12.443426,130.837046,2024.0,Northern Territory
-18.654736,146.152539,2019.0,Queensland
-25.279571,152.812281,2021.0,Queensland
-27.465,152.875,2004.0,Queensland
-24.32757,151.5594,,Queensland
-18.13852,143.17426,,Queensland
-20.79827,148.54376,1994.0,Queensland
-23.49116,150.474637,2024.0,Queensland
-17.285938,145.635398,2024.0,Queensland
-19.423189,146.814729,2020.0,Queensland
-20.47254,147.4238,2006.0,Queensland
-17.434172,145.012937,,Queensland
-20.14832,147.55112,1974.0,Queensland
-24.42011,151.04576,2004.0,Queensland
-16.890761,145.748697,2025.0,Queensland
-25.931494,152.606442,2025.0,Queensland
-27.415031,153.034526,2018.0,Queensland
-26.96496,152.95108,1994.0,Queensland
-17.20488,145.67685,2026.0,Queensland
-26.506284,153.090478,2019.0,Queensland
-26.470936,152.948811,2021.0,Queensland
-25.35464,152.62617,2016.0,Queensland
-27.943458,153.237704,2023.0,Queensland
-21.151958,148.467177,2020.0,Queensland
-27.4734,152.20942,1993.0,Queensland
-19.132222,143.469444,2022.0,Queensland
-28.1734,152.906,2023.0,Queensland
-26.790482,152.945707,2022.0,Queensland
-23.41499,147.70112,1978.0,Queensland
-17.92804,141.33306,2001.0,Queensland
-17.405783,145.419508,2021.0,Queensland
-25.541899,152.661674,2025.0,Queensland
-26.506284,153.090478,2024.0,Queensland
-28.15554,153.5014,2003.0,Queensland
-17.77332,141.11779,1980.0,Queensland
-16.5031,145.05962,2016.0,Queensland
-13.94314,143.19746,1978.0,Queensland
-17.97332,145.87612,1949.0,Queensland
-19.335159,146.594354,2021.0,Queensland
-25.362286,152.895795,2023.0,Queensland
-26.471,152.949,2021.0,Queensland
-16.526993,145.467263,2024.0,Queensland
-16.819638,145.630005,2024.0,Queensland
-27.34006,152.62608,1992.0,Queensland
-27.581787,152.892924,2022.0,Queensland
-27.99038,153.329636,2025.0,Queensland
-17.004632,145.450563,2020.0,Queensland
-26.936133,152.943503,2025.0,Queensland
-26.188607,153.029968,2022.0,Queensland
-27.138654,152.814331,2017.0,Queensland
-19.1783,145.92486,2016.0,Queensland
-26.37339,152.99273,1993.0,Queensland
-18.56677,138.21434,2017.0,Queensland
-16.58977,145.22798,2015.0,Queensland
-24.46243,150.92529,,Queensland
-26.8057,152.962,2023.0,Queensland
-17.288247,145.629594,2025.0,Queensland
-26.585305,152.746849,2020.0,Queensland
-24.5261,151.46973,,Queensland
-27.49316,152.2465,2026.0,Queensland
-27.934459,153.294508,2020.0,Queensland
-16.816667,145.366667,1998.0,Queensland
-15.475816,145.247098,2016.0,Queensland
-16.9,145.7,2022.0,Queensland
-24.21511,151.08081,2016.0,Queensland
-23.71509,148.51778,1995.0,Queensland
-26.94832,152.78445,1957.0,Queensland
-26.7428,151.88888,1997.0,Queensland
-27.5304,152.974,2020.0,Queensland
-16.58922,145.23433,2015.0,Queensland
-25.17569,150.2036,2000.0,Queensland
-24.9489,153.25167,1998.0,Queensland
-21.279443,149.151672,2020.0,Queensland
-23.18165,150.46778,1980.0,Queensland
-19.67805,144.07519,1996.0,Queensland
-26.634413,152.843324,2022.0,Queensland
-19.68344,146.850868,2023.0,Queensland
-27.451368,152.49025,2021.0,Queensland
-24.2198,151.864,2019.0,Queensland
-16.503115,145.059613,,Queensland
-26.3549,152.676,2023.0,Queensland
-21.04454,148.58591,2012.0,Queensland
-19.42258,146.945358,2016.0,Queensland
-24.306,143.186,2019.0,Queensland
-16.885663,145.695619,2023.0,Queensland
-17.011323,145.581827,2025.0,Queensland
-26.680478,152.795756,2023.0,Queensland
-24.67611,151.94825,,Queensland
-17.442356,145.456215,2019.0,Queensland
-17.04395,141.30339,,Queensland
-27.35673,152.37608,1992.0,Queensland
-18.96499,145.76779,1964.0,Queensland
-25.931654,152.60603,2025.0,Queensland
-17.65665,145.95112,1938.0,Queensland
-27.942491,152.757567,2020.0,Queensland
-13.91688,143.55683,,Queensland
-19.423381,146.814155,2022.0,Queensland
-26.66912,152.74406,2005.0,Queensland
-28.18539,153.11582,1999.0,Queensland
-27.320687,153.034573,2017.0,Queensland
-17.765688,139.56112,2023.0,Queensland
-27.640274,153.237533,2023.0,Queensland
-17.425644,145.603841,2017.0,Queensland
-17.11577,144.99463,,Queensland
-13.88448,143.27379,1979.0,Queensland
-25.6989,152.624,2021.0,Queensland
-17.295679,145.635381,2025.0,Queensland
-16.611432,144.925755,,Queensland
-25.98165,152.85112,1960.0,Queensland
-24.200277,151.01361,1955.0,Queensland
-16.528764,144.997077,,Queensland
-26.70815,152.49238,1998.0,Queensland
-25.6722,152.578,2023.0,Queensland
-19.306564,146.775439,2024.0,Queensland
-27.632585,153.072073,2021.0,Queensland
-27.236016,153.017031,2023.0,Queensland
-27.0433,153.101,2021.0,Queensland
-25.789414,152.695311,2021.0,Queensland
-17.898629,145.928907,2024.0,Queensland
-25.35779,148.23251,2010.0,Queensland
-27.441335,152.921737,2018.0,Queensland
-22.3794,146.700846,2025.0,Queensland
-27.97339,153.25941,1992.0,Queensland
-27.529502,152.755398,2021.0,Queensland
-26.66499,152.00112,1959.0,Queensland
-26.81548,152.81792,,Queensland
-27.49198,152.86794,2005.0,Queensland
-24.719481,152.210645,2021.0,Queensland
-26.83074,153.08628,2006.0,Queensland
-17.00456,145.57012,2007.0,Queensland
-19.05905,146.17105,2013.0,Queensland
-25.57285,149.86361,1996.0,Queensland
-26.475087,152.960227,2019.0,Queensland
-17.11567,145.01118,,Queensland
-16.645383,145.262719,,Queensland
-23.879986,151.214067,2025.0,Queensland
-19.252135,146.67323,2018.0,Queensland
-27.44259,152.94915,,Queensland
-16.599023,144.909931,,Queensland
-25.81499,152.61778,1950.0,Queensland
-25.0722,149.26726,2001.0,Queensland
-26.84006,152.9094,1994.0,Queensland
-27.64464,153.052273,2022.0,Queensland
-27.47401,153.029038,2020.0,Queensland
-18.78884,143.45346,,Queensland
-16.847304,145.745946,2019.0,Queensland
-28.05672,153.34274,1993.0,Queensland
-27.3184,153.064,2022.0,Queensland
-19.33165,145.86778,1985.0,Queensland
-19.19241,146.77354,,Queensland
-27.5335,152.818,2021.0,Queensland
-16.529876,145.021812,,Queensland
-14.90691,144.41997,2019.0,Queensland
-16.782647,145.688067,2022.0,Queensland
-19.117125,146.861756,2026.0,Queensland
-21.2687,146.869997,2018.0,Queensland
-27.582013,152.893067,2020.0,Queensland
-20.289185,148.727345,2023.0,Queensland
-16.872,145.583336,2021.0,Queensland
-19.42338,146.814189,2023.0,Queensland
-19.141979,146.845669,2026.0,Queensland
-25.00642,152.30625,1997.0,Queensland
-26.4368,152.668,2019.0,Queensland
-27.443693,153.173618,2025.0,Queensland
-24.41338,151.03849,,Queensland
-23.85396,151.07523,1997.0,Queensland
-23.85,151.26666,1964.0,Queensland
-26.85673,152.97607,1994.0,Queensland
-27.300728,153.028324,2025.0,Queensland
-27.5328,152.816,2022.0,Queensland
-23.85,151.26666,1963.0,Queensland
-27.5934,152.915,2018.0,Queensland
-24.20674,151.33163,1992.0,Queensland
-20.62059,147.61221,2006.0,Queensland
-20.86001,147.77514,2006.0,Queensland
-25.87678,152.64367,,Queensland
-17.286074,145.635762,2024.0,Queensland
-28.0391,153.18,2022.0,Queensland
-23.406988,150.662283,2020.0,Queensland
-26.249329,152.771111,2019.0,Queensland
-19.20388,146.06665,2010.0,Queensland
-27.640808,153.07037,2021.0,Queensland
-27.5327,152.816,2021.0,Queensland
-27.92339,153.25941,1993.0,Queensland
-19.423621,146.814469,2022.0,Queensland
-16.52875,144.99708,2013.0,Queensland
-26.392591,153.039688,2025.0,Queensland
-26.7921,149.74,2017.0,Queensland
-28.058257,153.338075,2021.0,Queensland
-26.78985,151.92028,,Queensland
-27.494543,152.94101,2018.0,Queensland
-22.8985,148.34533,2001.0,Queensland
-26.9354,152.658,2023.0,Queensland
-24.53652,151.27434,2019.0,Queensland
-27.58655,152.86024,2005.0,Queensland
-24.733334,152.11667,,Queensland
-26.08165,152.05112,1967.0,Queensland
-24.8411,151.41112,,Queensland
-16.806434,145.63503,2021.0,Queensland
-25.6735,152.579,2020.0,Queensland
-27.38159,152.85459,1997.0,Queensland
-16.529876,145.021812,,Queensland
-25.55891,152.684,2022.0,Queensland
-23.79082,151.12598,2007.0,Queensland
-26.479667,152.96487,2022.0,Queensland
-26.6335,152.859,2020.0,Queensland
-20.64832,145.30112,1968.0,Queensland
-26.4149,152.759,2022.0,Queensland
-25.52332,151.28445,,Queensland
-26.466958,152.796221,2021.0,Queensland
-26.483998,153.095616,2021.0,Queensland
-19.0036,146.08223,1996.0,Queensland
-24.1794,151.885,2021.0,Queensland
-25.934733,152.625167,2018.0,Queensland
-27.660393,153.091846,2025.0,Queensland
-24.0032,151.329,2022.0,Queensland
-26.75837,152.54204,,Queensland
-26.15673,153.04273,1994.0,Queensland
-23.490466,150.479666,2023.0,Queensland
-16.593343,144.931027,,Queensland
-19.1783,145.92486,2016.0,Queensland
-23.255,150.727,2021.0,Queensland
-27.50351,152.96623,2012.0,Queensland
-27.342909,151.822266,2024.0,Queensland
-27.6756,152.75,2021.0,Queensland
-27.433823,153.033973,2022.0,Queensland
-25.525949,152.672131,2024.0,Queensland
-27.38159,152.85459,1997.0,Queensland
-27.600648,152.167157,2025.0,Queensland
-24.774445,151.695,1967.0,Queensland
-24.723711,150.987833,2025.0,Queensland
-19.725195,146.853772,2012.0,Queensland
-25.47507,150.12805,1996.0,Queensland
-27.5204,152.8974,1997.0,Queensland
-17.285283,145.629358,2024.0,Queensland
-16.48179,145.46778,1991.0,Queensland
-23.24832,150.66779,1950.0,Queensland
-15.65965,144.97209,1996.0,Queensland
-21.048125,149.160256,2022.0,Queensland
-20.26912,146.87897,,Queensland
-11.74295,142.5386,1992.0,Queensland
-22.76082,150.31306,1992.0,Queensland
-27.680478,152.927286,2023.0,Queensland
-25.5459,152.581,2018.0,Queensland
-27.8206,153.39523,1994.0,Queensland
-16.582854,144.919297,,Queensland
-19.23177,146.75111,1983.0,Queensland
-25.68165,152.86778,1959.0,Queensland
-26.755732,152.801128,2018.0,Queensland
-19.424271,146.81544,2019.0,Queensland
-27.462396,153.017327,2021.0,Queensland
-27.5667,152.5,2002.0,Queensland
-19.3819194,146.4341754,1976.0,Queensland
-27.8365,153.169,2021.0,Queensland
-18.1,145.91667,,Queensland
-27.475877,152.975047,2025.0,Queensland
-19.33213,146.755342,2024.0,Queensland
-19.195773,146.76606,2026.0,Queensland
-25.51499,152.05112,1940.0,Queensland
-26.612593,152.95534,2023.0,Queensland
-27.218684,153.029576,2024.0,Queensland
-17.2797,145.579,2023.0,Queensland
-26.548793,153.09595,2019.0,Queensland
-26.049611,153.032426,2011.0,Queensland
-27.6313,152.392,2021.0,Queensland
-12.65,141.86667,1983.0,Queensland
-24.38539,151.01352,2003.0,Queensland
-27.444515,152.924418,2020.0,Queensland
-24.937404,152.288122,2023.0,Queensland
-19.3934,146.723,2018.0,Queensland
-23.976803,151.200143,2020.0,Queensland
-13.435938,142.939708,2023.0,Queensland
-26.82339,153.1094,1992.0,Queensland
-17.271471,145.581097,2021.0,Queensland
-27.575897,152.875437,2024.0,Queensland
-26.108866,151.544288,2023.0,Queensland
-26.548793,153.09595,2021.0,Queensland
-25.4,153.0,2023.0,Queensland
-16.831456,145.700044,2024.0,Queensland
-17.42598,145.486755,2017.0,Queensland
-26.506284,153.090478,2020.0,Queensland
-27.70672,152.94274,1992.0,Queensland
-25.391674,153.028958,2019.0,Queensland
-27.283375,152.884464,2020.0,Queensland
-27.820303,152.952171,2018.0,Queensland
-28.11652,152.95119,1998.0,Queensland
-19.44832,146.51779,1991.0,Queensland
-25.279451,152.81227,2021.0,Queensland
-27.462448,153.017354,2021.0,Queensland
-25.2265,150.0658,1996.0,Queensland
-16.55761,145.13055,2013.0,Queensland
-20.6945,148.629,2022.0,Queensland
-26.47343,150.24686,,Queensland
-27.466667,153.016667,,Queensland
-16.678583,145.256353,,Queensland
-20.64989,147.62511,2006.0,Queensland
-28.11499,153.46778,1974.0,Queensland
-25.550469,152.466561,2023.0,Queensland
-19.326232,146.753726,2026.0,Queensland
-27.9498,153.071,2022.0,Queensland
-27.139117,152.982131,2025.0,Queensland
-26.6785,151.952,2022.0,Queensland
-22.09123,145.19706,,Queensland
-16.276372,145.474822,2022.0,Queensland
-16.992859,145.417949,2019.0,Queensland
-26.4562,152.999,2021.0,Queensland
-26.252783,152.999853,2026.0,Queensland
-27.9503,153.071,2022.0,Queensland
-23.6525,150.69453,2014.0,Queensland
-27.1951,152.946,2023.0,Queensland
-17.3929,145.384,2020.0,Queensland
-28.246,152.52638,,Queensland
-27.303825,153.058974,2021.0,Queensland
-25.353132,152.894339,2022.0,Queensland
-26.548793,153.09595,2025.0,Queensland
-16.823034,145.692245,2019.0,Queensland
-26.33626,152.78706,2020.0,Queensland
-16.51093,145.03217,2016.0,Queensland
-27.4742,153.029,2019.0,Queensland
-23.754167,151.115,1999.0,Queensland
-27.480137,152.971497,2023.0,Queensland
-20.7884,147.73671,2006.0,Queensland
-11.74295,142.5386,1992.0,Queensland
-20.073924,146.247675,2022.0,Queensland
-17.211905,145.479692,2025.0,Queensland
-25.7885,152.695125,2026.0,Queensland
-19.439355,146.952583,2012.0,Queensland
-27.328795,152.760987,2025.0,Queensland
-23.273191,150.37192,2020.0,Queensland
-17.429158,145.200406,2025.0,Queensland
-18.94832,146.28445,1978.0,Queensland
-27.49423,152.91357,1980.0,Queensland
-16.593343,144.931027,,Queensland
-19.422225,146.81574,2023.0,Queensland
-23.79585,149.0711,1997.0,Queensland
-19.42334,146.814247,2023.0,Queensland
-25.9401,152.91348,2001.0,Queensland
-27.4899,152.744,2021.0,Queensland
-18.70554,138.68394,,Queensland
-21.61509,149.18443,1991.0,Queensland
-26.745375,152.817505,2022.0,Queensland
-17.19832,144.50112,1954.0,Queensland
-27.0456,153.103,2022.0,Queensland
-27.397257,153.107754,2020.0,Queensland
-22.89884,148.31954,,Queensland
-26.737153,152.818474,2021.0,Queensland
-27.590272,152.961553,2026.0,Queensland
-26.2157,152.879,2023.0,Queensland
-25.6984,152.625,2023.0,Queensland
-26.677675,152.026357,2021.0,Queensland
-28.04006,152.64275,1992.0,Queensland
-27.8542,153.095,2022.0,Queensland
-27.148363,152.857157,2020.0,Queensland
-25.88344,152.61902,,Queensland
-20.64122,147.62127,2006.0,Queensland
-21.96024,148.69734,,Queensland
-16.944498,145.706987,2004.0,Queensland
-24.99832,151.95112,1945.0,Queensland
-27.03076,153.01335,2013.0,Queensland
-23.66885,149.72433,,Queensland
-17.48116,138.183,,Queensland
-12.620956,141.884445,2020.0,Queensland
-16.39337,145.29537,,Queensland
-21.304276,149.226739,2023.0,Queensland
-23.49175,149.27499,1998.0,Queensland
-19.422636,146.814736,2021.0,Queensland
-16.52875,144.99708,2013.0,Queensland
-17.246111,145.638888,2025.0,Queensland
-22.77255,150.6989,,Queensland
-23.917,151.278,2023.0,Queensland
-18.11572,143.22508,,Queensland
-17.894501,146.092745,2012.0,Queensland
-17.43985,145.02373,,Queensland
-27.395401,152.993804,2018.0,Queensland
-24.947111,152.270538,2022.0,Queensland
-24.17756,148.91941,2012.0,Queensland
-26.548793,153.09595,2024.0,Queensland
-27.99832,153.41778,1974.0,Queensland
-27.49198,152.86794,2005.0,Queensland
-24.213073,151.242366,2018.0,Queensland
-25.3923,153.029,2018.0,Queensland
-20.28194,148.730519,2024.0,Queensland
-16.57619,144.91793,2014.0,Queensland
-27.918762,153.200592,2024.0,Queensland
-19.48365,139.46592,,Queensland
-19.425956,146.815415,2021.0,Queensland
-25.601011,152.616329,2021.0,Queensland
-26.8474,152.809,2022.0,Queensland
-16.55761,145.13055,2013.0,Queensland
-12.69615,143.33296,1993.0,Queensland
-26.73,151.734,2022.0,Queensland
-18.14311,144.321262,2025.0,Queensland
-17.86911,145.36393,2017.0,Queensland
-25.365985,152.785226,2018.0,Queensland
-27.5328,152.816,2022.0,Queensland
-26.58536,152.746781,2020.0,Queensland
-19.423449,146.814308,2021.0,Queensland
-21.59832,148.38445,1958.0,Queensland
-26.75762,152.54264,1997.0,Queensland
-27.779008,152.777249,2018.0,Queensland
-27.567605,152.975228,2024.0,Queensland
-16.557625,145.130542,,Queensland
-28.21499,153.18445,1974.0,Queensland
-27.406647,152.951883,2018.0,Queensland
-28.054454,153.112527,2021.0,Queensland
-16.588994,144.923428,,Queensland
-17.653073,145.475981,2022.0,Queensland
-27.492777,153.40494,2021.0,Queensland
-27.463008,153.018941,2024.0,Queensland
-16.501205,145.465083,2019.0,Queensland
-16.92865,145.69771,1976.0,Queensland
-25.2319,152.599,2020.0,Queensland
-25.352633,152.750737,2022.0,Queensland
-27.509208,152.989833,2024.0,Queensland
-26.79006,152.99273,1993.0,Queensland
-26.109109,151.544294,2022.0,Queensland
-28.0755,152.853,2022.0,Queensland
-27.662318,153.205598,2022.0,Queensland
-26.14162,152.84561,2021.0,Queensland
-28.092469,153.352586,2023.0,Queensland
-27.38165,151.26778,1973.0,Queensland
-23.79657,149.06997,,Queensland
-27.38,153.046,2020.0,Queensland
-22.81471,150.6064,1991.0,Queensland
-19.32427,146.89139,1995.0,Queensland
-18.66616,146.139619,2022.0,Queensland
-24.58174,151.5094,1992.0,Queensland
-27.9617,152.992,2021.0,Queensland
-15.67749,142.97445,,Queensland
-16.315786,145.424954,2018.0,Queensland
-25.6989,152.624,2020.0,Queensland
-26.8079,152.959,2022.0,Queensland
-19.422691,146.941429,2014.0,Queensland
-15.46082,142.16816,2010.0,Queensland
-25.227882,152.322198,2022.0,Queensland
-26.41499,152.91778,1960.0,Queensland
-24.102636,151.166293,2024.0,Queensland
-27.4,153.1,2021.0,Queensland
-26.68588,152.62063,,Queensland
-17.140512,144.524859,2023.0,Queensland
-27.400565,153.043702,2020.0,Queensland
-25.6987,152.625,2022.0,Queensland
-24.58589,152.08495,,Queensland
-27.63359,153.0949,2007.0,Queensland
-22.25665,150.14529,1990.0,Queensland
-17.463001,145.015353,,Queensland
-23.490541,150.474863,2025.0,Queensland
-19.4059,146.73,2020.0,Queensland
-16.903533,145.748486,2025.0,Queensland
-12.76948,143.28363,1993.0,Queensland
-26.85974,153.03676,1995.0,Queensland
-19.2199,144.849,2023.0,Queensland
-25.337367,153.201325,2022.0,Queensland
-23.55674,151.15524,1975.0,Queensland
-25.28415,152.79945,1995.0,Queensland
-23.84832,151.13445,1957.0,Queensland
-26.829773,152.71514,2024.0,Queensland
-27.091434,152.375054,2026.0,Queensland
-23.9172,151.278,2023.0,Queensland
-21.97749,148.77223,2018.0,Queensland
-16.5031,145.05962,2016.0,Queensland
-22.73926,147.63417,1997.0,Queensland
-16.526245,145.474595,2021.0,Queensland
-18.5994,138.13111,2010.0,Queensland
-12.683333,141.88333,1982.0,Queensland
-27.420424,153.022913,2025.0,Queensland
-19.298103,146.778854,2023.0,Queensland
-16.59901,144.90994,2014.0,Queensland
-23.45677,146.45946,1998.0,Queensland
-25.63591,149.78583,1996.0,Queensland
-19.424092,146.815703,2019.0,Queensland
-27.778852,152.777592,2018.0,Queensland
-19.2215,146.658,2022.0,Queensland
-15.86526,144.85862,2001.0,Queensland
-28.15,153.325,2021.0,Queensland
-12.71215,143.31896,1993.0,Queensland
-13.42331,142.49227,2015.0,Queensland
-27.533,152.818,2021.0,Queensland
-26.628616,152.99907,2022.0,Queensland
-27.451588,152.951056,2024.0,Queensland
-17.496258,146.042344,2022.0,Queensland
-15.63165,141.81779,1971.0,Queensland
-26.4601,152.981,2021.0,Queensland
-16.528764,144.997077,,Queensland
-26.1614,152.32967,,Queensland
-27.0407,153.104,2023.0,Queensland
-16.4834,145.463166,2024.0,Queensland
-27.529628,152.755415,2022.0,Queensland
-26.625017,152.864579,2021.0,Queensland
-14.37637,143.74029,2009.0,Queensland
-27.5331,152.818,2021.0,Queensland
-16.944336,145.725472,2023.0,Queensland
-25.88555,152.63068,1995.0,Queensland
-27.643658,153.197783,2025.0,Queensland
-26.65673,153.07606,,Queensland
-27.27402,152.95971,2021.0,Queensland
-27.474055,153.519438,2025.0,Queensland
-23.255,150.726,2020.0,Queensland
-21.13165,148.50112,1974.0,Queensland
-27.5328,152.816,2022.0,Queensland
-27.47875,152.94414,2023.0,Queensland
-16.550288,145.130575,,Queensland
-24.14424,151.70107,1983.0,Queensland
-16.8055,145.63608,2011.0,Queensland
-27.532837,152.816383,2024.0,Queensland
-27.778858,152.777512,2018.0,Queensland
-19.11243,146.11054,2010.0,Queensland
-27.451384,152.490019,2021.0,Queensland
-27.818979,152.977469,2021.0,Queensland
-27.399692,153.107956,2024.0,Queensland
-26.762321,152.78426,2016.0,Queensland
-23.03953,150.14816,,Queensland
-27.529828,153.146615,2023.0,Queensland
-27.59579,151.94445,,Queensland
-19.1575,146.856,2019.0,Queensland
-23.828056,151.13611,1967.0,Queensland
-25.88344,152.61902,1995.0,Queensland
-25.070827,148.243896,2012.0,Queensland
-16.812695,145.628495,2020.0,Queensland
-26.38981,152.97957,,Queensland
-26.62421,152.86468,,Queensland
-19.398621,146.951265,2019.0,Queensland
-27.961083,153.383087,2025.0,Queensland
-27.92339,153.34274,1992.0,Queensland
-25.33701,152.44299,1997.0,Queensland
-28.05118,153.41356,2007.0,Queensland
-17.421208,144.999244,,Queensland
-20.18165,139.71779,1974.0,Queensland
-16.110603,145.457833,2021.0,Queensland
-22.81499,149.88445,1971.0,Queensland
-25.234108,152.555618,2021.0,Queensland
-26.67946,153.018845,2018.0,Queensland
-27.466667,153.083333,,Queensland
-17.335517,145.578854,2022.0,Queensland
-27.65355,152.757355,2026.0,Queensland
-26.7669,153.006,2022.0,Queensland
-21.86303,147.93614,2006.0,Queensland
-16.65801,145.26263,2013.0,Queensland
-27.52339,153.2094,1993.0,Queensland
-27.482885,152.972617,2025.0,Queensland
-23.89507,151.25941,1991.0,Queensland
-27.00851,152.92443,,Queensland
-27.0407,153.103,2021.0,Queensland
-16.7963,145.689,2022.0,Queensland
-27.656915,152.886929,2024.0,Queensland
-26.400444,153.083146,2021.0,Queensland
-27.508547,152.881437,2022.0,Queensland
-24.41725,151.05123,1998.0,Queensland
-25.67323,152.01875,1997.0,Queensland
-17.41512,145.69278,1981.0,Queensland
-27.595503,152.28035,2024.0,Queensland
-25.56219,152.67571,2020.0,Queensland
-27.382627,153.036797,2022.0,Queensland
-26.90673,152.97607,1994.0,Queensland
-19.15677,146.42195,,Queensland
-27.24832,152.98445,1957.0,Queensland
-21.2791,148.52342,,Queensland
-17.49629,146.04227,2022.0,Queensland
-25.260068,152.533871,2023.0,Queensland
-27.6357,152.924,2022.0,Queensland
-18.219444,139.877222,2006.0,Queensland
-27.452353,152.6418,2026.0,Queensland
-24.86499,152.30112,1974.0,Queensland
-26.7532,150.635,2021.0,Queensland
-16.602848,144.931928,,Queensland
-20.35101,148.72723,,Queensland
-27.9498,153.071,2022.0,Queensland
-19.36499,143.16779,1972.0,Queensland
-26.96208,152.88621,1995.0,Queensland
-27.44213,152.88976,2001.0,Queensland
-26.506284,153.090478,2023.0,Queensland
-25.48582,149.65711,2011.0,Queensland
-27.92339,153.15941,1992.0,Queensland
-14.04014,143.70946,1979.0,Queensland
-16.5103,145.463,2023.0,Queensland
-28.25038,153.07448,1997.0,Queensland
-26.73165,151.97195,1979.0,Queensland
-26.62384,152.84927,2002.0,Queensland
-19.422355,146.813913,2022.0,Queensland
-12.043,142.06068,,Queensland
-27.2,153.0,2021.0,Queensland
-27.67339,152.92608,1993.0,Queensland
-27.6516,152.392,2022.0,Queensland
-20.76443,147.70126,2006.0,Queensland
-26.90748,153.12353,2011.0,Queensland
-25.931546,152.606287,2025.0,Queensland
-26.3146,151.869,2023.0,Queensland
-19.69832,144.38445,1967.0,Queensland
-27.89971,153.3739,,Queensland
-26.44839,153.0844,1993.0,Queensland
-17.3925,145.384,2020.0,Queensland
-23.4198,144.274,2022.0,Queensland
-16.508184,145.055732,,Queensland
-26.93258,152.79965,,Queensland
-27.521456,153.110804,2025.0,Queensland
-16.219288,145.422689,2015.0,Queensland
-20.28165,147.80112,1974.0,Queensland
-27.410474,153.061261,2024.0,Queensland
-19.208606,146.758801,2024.0,Queensland
-19.50425,139.3778,,Queensland
-12.06515,143.09562,1993.0,Queensland
-27.30326,153.056625,2022.0,Queensland
-25.6989,152.625,2020.0,Queensland
-27.4186,153.043,2023.0,Queensland
-16.739217,145.668213,2023.0,Queensland
-19.423146,146.814506,2023.0,Queensland
-25.550213,152.466509,2022.0,Queensland
-16.527896,145.473394,2021.0,Queensland
-24.7293,152.063,2022.0,Queensland
-16.975866,145.679779,2022.0,Queensland
-27.601816,153.14596,2025.0,Queensland
-27.63467,153.241346,2023.0,Queensland
-16.51093,145.03217,2016.0,Queensland
-25.32443,153.21028,,Queensland
-28.1374,153.489,2023.0,Queensland
-26.69259,152.74154,2016.0,Queensland
-13.41117,142.60984,2015.0,Queensland
-25.5459,152.581,2018.0,Queensland
-27.899592,153.021248,2021.0,Queensland
-26.59693,152.72973,2003.0,Queensland
-17.330417,145.501133,2025.0,Queensland
-26.3396,152.822,2022.0,Queensland
-26.47749,151.02195,1971.0,Queensland
-25.931656,152.606188,2024.0,Queensland
-20.46641,147.37937,2006.0,Queensland
-25.378893,152.900153,2024.0,Queensland
-26.4676,152.891,2019.0,Queensland
-15.423,145.118,1993.0,Queensland
-28.02453,152.51904,,Queensland
-27.6348,153.04,2022.0,Queensland
-18.222497,144.667388,2019.0,Queensland
-26.271129,152.857344,2025.0,Queensland
-26.506284,153.090478,2022.0,Queensland
-26.57339,153.0094,1993.0,Queensland
-21.06509,148.58443,1975.0,Queensland
-16.892192,145.747756,2025.0,Queensland
-27.8001,152.999,2021.0,Queensland
-27.487349,152.669884,2016.0,Queensland
-25.36324,152.47486,2014.0,Queensland
-27.551,151.99559,2022.0,Queensland
-27.529432,152.755416,2022.0,Queensland
-21.41926,144.997722,2022.0,Queensland
-16.593343,144.931027,,Queensland
-19.422329,146.813925,2022.0,Queensland
-16.102364,145.451411,2022.0,Queensland
-23.3,150.633333,1991.0,Queensland
-27.532428,152.977158,2024.0,Queensland
-17.88165,145.96778,1945.0,Queensland
-27.110117,152.964329,2024.0,Queensland
-26.667964,153.105903,2018.0,Queensland
-25.70905,152.90367,2021.0,Queensland
-25.80673,151.33441,1999.0,Queensland
-21.11499,148.78445,1944.0,Queensland
-27.47339,152.95941,1993.0,Queensland
-27.0217,153.055,2022.0,Queensland
-27.548265,153.05214,2025.0,Queensland
-26.72339,153.09273,1993.0,Queensland
-18.82585,143.41576,,Queensland
-27.52332,153.04278,1956.0,Queensland
-26.15089,152.55485,1996.0,Queensland
-27.6382,153.304,2021.0,Queensland
-27.3471,152.934,2020.0,Queensland
-27.48867,152.76358,1993.0,Queensland
-26.67985,151.755007,2021.0,Queensland
-27.5328,152.816,2022.0,Queensland
-26.726854,152.864395,2022.0,Queensland
-19.1552,146.844,2018.0,Queensland
-27.545918,153.072712,2024.0,Queensland
-23.23752,148.86922,,Queensland
-19.423376,146.814218,2020.0,Queensland
-28.084734,152.416115,2025.0,Queensland
-27.584642,153.232133,2021.0,Queensland
-26.86196,150.20042,2009.0,Queensland
-24.633333,150.0,1983.0,Queensland
-28.1503,153.325,2020.0,Queensland
-24.98666,152.05671,1998.0,Queensland
-27.42339,152.97607,1994.0,Queensland
-16.08688,145.459625,2017.0,Queensland
-12.762452,143.287488,2024.0,Queensland
-23.378606,150.484728,2022.0,Queensland
-18.74832,145.53445,1974.0,Queensland
-26.82245,152.8906,2000.0,Queensland
-23.776705,151.329652,2023.0,Queensland
-28.147482,153.436289,2021.0,Queensland
-26.93165,151.45112,1980.0,Queensland
-26.321201,152.394864,2020.0,Queensland
-25.2322,152.595,2021.0,Queensland
-22.816668,149.88333,1971.0,Queensland
-17.29971,145.47473,2000.0,Queensland
-27.072597,153.205299,2021.0,Queensland
-26.9353,152.658,2023.0,Queensland
-26.10227,152.97006,1997.0,Queensland
-25.32332,152.30112,1963.0,Queensland
-21.12759,148.49276,1996.0,Queensland
-28.19085,153.25606,,Queensland
-28.068066,153.385012,2023.0,Queensland
-26.84832,152.50112,1961.0,Queensland
-27.91401,152.82084,2006.0,Queensland
-27.6331,153.302,2021.0,Queensland
-25.2902,152.895,2021.0,Queensland
-15.112128,143.316133,2021.0,Queensland
-25.699,152.624,2023.0,Queensland
-19.166667,146.6,1998.0,Queensland
-27.47339,153.17607,1992.0,Queensland
-25.2755,152.767,2022.0,Queensland
-25.90065,153.064772,2021.0,Queensland
-26.97478,152.89135,1994.0,Queensland
-21.17332,148.80112,1979.0,Queensland
-27.5335,152.818,2021.0,Queensland
-21.95947,148.69491,,Queensland
-27.348,151.823,2023.0,Queensland
-19.425949,146.815442,2021.0,Queensland
-17.007599,145.398152,2020.0,Queensland
-25.87499,152.624,,Queensland
-26.73708,152.818601,2020.0,Queensland
-25.99523,152.834045,2024.0,Queensland
-25.4,153.0,2020.0,Queensland
-16.57619,144.91793,2014.0,Queensland
-27.0345,153.086,2022.0,Queensland
-26.4269,150.05456,2014.0,Queensland
-21.279722,149.151672,2019.0,Queensland
-27.45673,152.54275,1993.0,Queensland
-16.317718,145.404766,2014.0,Queensland
-27.8577,153.074,2022.0,Queensland
-19.366669,147.028321,2023.0,Queensland
-15.56717,144.44738,2017.0,Queensland
-21.14842,149.18442,1991.0,Queensland
-17.82596,145.56465,,Queensland
-20.6951,148.628,2020.0,Queensland
-27.5379,152.808,2021.0,Queensland
-27.529542,152.755357,2022.0,Queensland
-20.34843,148.72609,1976.0,Queensland
-27.432372,152.943671,2023.0,Queensland
-20.1354,145.44159,2011.0,Queensland
-28.054597,153.112415,2019.0,Queensland
-27.430439,152.934706,2022.0,Queensland
-18.15622,143.21664,,Queensland
-26.42929,150.11272,2014.0,Queensland
-21.14204,148.15592,2012.0,Queensland
-25.34443,151.07917,2001.0,Queensland
-28.08443,153.15417,,Queensland
-21.3796,149.309,2023.0,Queensland
-17.41665,145.34084,2003.0,Queensland
-28.14005,153.44274,1993.0,Queensland
-16.52875,144.99708,2013.0,Queensland
-16.534097,145.469336,2021.0,Queensland
-25.1285,152.498,2021.0,Queensland
-18.24554,142.22334,2007.0,Queensland
-17.41996,145.010408,,Queensland
-12.630067,143.427292,2025.0,Queensland
-26.72519,152.65786,,Queensland
-27.4982,153.138,2022.0,Queensland
-17.8846,146.01,2018.0,Queensland
-27.463724,151.937748,2023.0,Queensland
-27.554775,152.338745,2026.0,Queensland
-27.482161,152.66128,2025.0,Queensland
-25.114831,152.563524,2024.0,Queensland
-21.90398,147.99277,1994.0,Queensland
-25.353199,152.894222,2022.0,Queensland
-25.6109,152.874,2022.0,Queensland
-22.3667,149.45,1993.0,Queensland
-22.80388,150.61223,1991.0,Queensland
-25.901642,153.078608,2025.0,Queensland
-26.541224,152.084834,2022.0,Queensland
-16.821097,145.641853,2025.0,Queensland
-27.4112,153.039,2020.0,Queensland
-16.582854,144.919297,,Queensland
-16.510945,145.032158,,Queensland
-25.539651,152.69593,2021.0,Queensland
-16.525725,145.006184,,Queensland
-12.38276,142.1789,2010.0,Queensland
-27.463973,153.189772,2023.0,Queensland
-24.9458,152.271,2023.0,Queensland
-26.407688,152.989417,2020.0,Queensland
-27.4109,153.04,2023.0,Queensland
-16.609452,144.918392,,Queensland
-27.484128,152.975644,2024.0,Queensland
-28.1504,153.325,2022.0,Queensland
-24.82701,149.90821,,Queensland
-25.6987,152.625,2020.0,Queensland
-27.5161,152.99084,1983.0,Queensland
-17.41996,145.010408,,Queensland
-27.2,153.1,2021.0,Queensland
-27.6328,153.303,2021.0,Queensland
-17.6,146.0,1960.0,Queensland
-26.37909,152.98605,,Queensland
-27.899561,153.021216,2022.0,Queensland
-23.46499,147.71778,1974.0,Queensland
-27.707295,153.219187,2021.0,Queensland
-27.438996,153.002097,2021.0,Queensland
-21.197032,147.643763,2025.0,Queensland
-25.55471,153.064666,2023.0,Queensland
-26.921343,152.93997,2025.0,Queensland
-19.228613,146.659395,2022.0,Queensland
-27.3883,152.8783,2019.0,Queensland
-16.59901,144.90994,2014.0,Queensland
-27.4038,153.044,2021.0,Queensland
-27.296993,152.996464,2017.0,Queensland
-25.63951,152.14439,,Queensland
-16.91443,145.58001,2003.0,Queensland
-20.91529,147.79354,2006.0,Queensland
-27.593583,151.953752,2026.0,Queensland
-27.476137,152.964079,2021.0,Queensland
-18.6161,138.48909,2017.0,Queensland
-23.63165,149.26779,1972.0,Queensland
-27.384036,153.05364,2023.0,Queensland
-17.40139,145.45011,2001.0,Queensland
-24.937391,152.287981,2023.0,Queensland
-20.37777,148.41723,1994.0,Queensland
-26.548793,153.09595,2017.0,Queensland
-27.9807,153.385,2021.0,Queensland
-27.42339,152.95941,1994.0,Queensland
-24.78165,151.23445,1960.0,Queensland
-16.80595,145.63611,2012.0,Queensland
-27.62562,152.59553,1992.0,Queensland
-22.70804,150.63028,1991.0,Queensland
-22.64277,150.45667,1991.0,Queensland
-20.071593,146.259928,2025.0,Queensland
-27.54006,153.2594,1993.0,Queensland
-24.36249,151.00575,2002.0,Queensland
-26.7965,152.87088,2016.0,Queensland
-20.722232,139.794948,2025.0,Queensland
-23.93165,151.35112,1960.0,Queensland
-26.234862,152.639825,2017.0,Queensland
-27.470924,152.970927,2023.0,Queensland
-26.745359,152.817452,2022.0,Queensland
-27.498052,153.010907,2025.0,Queensland
-17.43985,145.02373,,Queensland
-12.65,141.86667,1983.0,Queensland
-16.801016,145.672309,2018.0,Queensland
-27.0502,153.1,2023.0,Queensland
-23.7489,151.3,2023.0,Queensland
-13.40698,142.31447,1993.0,Queensland
-27.3892,152.504,2021.0,Queensland
-13.39191,142.61426,2013.0,Queensland
-27.545926,153.167245,2026.0,Queensland
-23.49065,150.474718,2023.0,Queensland
-25.523383,152.68365,2018.0,Queensland
-16.65911,145.2476,2016.0,Queensland
-26.23634,152.29089,1997.0,Queensland
-20.46736,147.37338,2006.0,Queensland
-27.5,152.8333,2001.0,Queensland
-17.48221,141.17501,1999.0,Queensland
-27.311429,152.957975,2024.0,Queensland
-12.6219,141.881,2021.0,Queensland
-16.829636,145.702956,2020.0,Queensland
-27.596944,153.248056,2009.0,Queensland
-27.5136,152.929,2021.0,Queensland
-26.37849,150.93745,,Queensland
-24.89913,153.23263,2022.0,Queensland
-26.703411,153.056731,2020.0,Queensland
-23.7563,151.304,2023.0,Queensland
-24.39556,151.04959,1997.0,Queensland
-26.321578,152.394961,2022.0,Queensland
-25.32693,153.15383,2021.0,Queensland
-25.69672,152.62003,2020.0,Queensland
-27.697777,152.897484,2022.0,Queensland
-28.058772,153.337977,2021.0,Queensland
-26.643744,149.676903,2020.0,Queensland
-25.42565,152.92046,2018.0,Queensland
-27.443483,152.925976,2025.0,Queensland
-27.548608,152.128908,2023.0,Queensland
-19.282785,146.787471,2018.0,Queensland
-26.915262,152.754837,2023.0,Queensland
-26.548793,153.09595,2024.0,Queensland
-23.65674,150.99275,1992.0,Queensland
-26.50799,152.55207,,Queensland
-25.88285,152.63362,1995.0,Queensland
-26.9917,153.02,2023.0,Queensland
-27.921867,153.389378,2024.0,Queensland
-13.60861,142.70515,2010.0,Queensland
-20.092398,148.510682,2026.0,Queensland
-27.821787,153.418849,2008.0,Queensland
-27.680928,152.928516,2024.0,Queensland
-17.393,145.384,2020.0,Queensland
-16.9238,145.419,2018.0,Queensland
-16.550288,145.130575,,Queensland
-27.24006,152.42608,1993.0,Queensland
-23.466667,150.4,1990.0,Queensland
-16.564531,145.122802,,Queensland
-24.4257,151.942,2020.0,Queensland
-16.26201,145.392364,2021.0,Queensland
-24.01507,151.68023,1981.0,Queensland
-16.902124,145.750394,2022.0,Queensland
-20.12034,146.9125,,Queensland
-18.218257,142.72226,,Queensland
-12.61531,143.43129,1993.0,Queensland
-21.11769,149.183063,2019.0,Queensland
-26.8,152.99,2007.0,Queensland
-27.637809,153.092978,2022.0,Queensland
-11.70265,142.85746,1993.0,Queensland
-20.64603,147.62337,2006.0,Queensland
-26.67297,152.83595,2011.0,Queensland
-26.92698,150.29916,2012.0,Queensland
-16.51093,145.03217,2016.0,Queensland
-26.5941,152.913,2022.0,Queensland
-26.483333,153.1,,Queensland
-27.2605,152.963,2023.0,Queensland
-12.7141,143.287,2020.0,Queensland
-20.46705,147.36872,2006.0,Queensland
-22.3636,150.2664,1993.0,Queensland
-16.976082,145.751258,2024.0,Queensland
-26.387556,152.930154,2024.0,Queensland
-27.70672,153.20941,1992.0,Queensland
-17.898228,146.089488,2020.0,Queensland
-15.112117,143.316131,2021.0,Queensland
-17.266618,145.578117,2024.0,Queensland
-27.476617,152.977618,2023.0,Queensland
-25.93156,152.606299,2025.0,Queensland
-12.61531,143.43129,1994.0,Queensland
-27.914777,153.203138,2022.0,Queensland
-27.47339,153.02607,1992.0,Queensland
-19.14228,146.46495,1998.0,Queensland
-20.20665,148.36778,1969.0,Queensland
-27.9871,152.696,2022.0,Queensland
-26.45,152.683333,2020.0,Queensland
-21.95947,148.69491,,Queensland
-19.431556,146.94404,2023.0,Queensland
-19.11929,146.47963,2002.0,Queensland
-19.01499,140.42612,1977.0,Queensland
-25.2326,152.6,2021.0,Queensland
-26.715694,153.062285,2023.0,Queensland
-11.75515,142.58828,2009.0,Queensland
-27.5,152.9,2023.0,Queensland
-27.093331,152.702837,2025.0,Queensland
-27.5,153.0,2020.0,Queensland
-27.0437,153.082,2022.0,Queensland
-27.377538,152.791237,2021.0,Queensland
-19.9233,147.843038,2024.0,Queensland
-27.94342,153.238002,2020.0,Queensland
-24.516666,151.48334,1975.0,Queensland
-27.07339,152.91774,1981.0,Queensland
-26.73165,150.63445,1976.0,Queensland
-27.474657,153.029032,2022.0,Queensland
-27.42828,152.44026,,Queensland
-13.0422,142.91022,2014.0,Queensland
-14.87418,144.43205,2018.0,Queensland
-13.95681,143.20946,1979.0,Queensland
-19.10692,146.50444,2001.0,Queensland
-27.4153,152.967,2022.0,Queensland
-27.916443,152.379405,2024.0,Queensland
-16.894332,145.719517,2024.0,Queensland
-27.96394,153.15986,2006.0,Queensland
-26.82339,153.09273,1992.0,Queensland
-26.33165,151.25112,1960.0,Queensland
-12.76006,143.287529,2026.0,Queensland
-27.635252,153.071848,2021.0,Queensland
-17.44832,141.09418,2001.0,Queensland
-24.2201,151.864,2018.0,Queensland
-14.41415,143.71501,2016.0,Queensland
-27.0642,153.169,2023.0,Queensland
-28.08521,152.41759,2006.0,Queensland
-23.704832,150.799707,2018.0,Queensland
-17.29832,145.92612,1974.0,Queensland
-27.576137,151.969618,2022.0,Queensland
-27.387406,152.796214,2023.0,Queensland
-25.30043,148.53709,,Queensland
-27.0304,153.072,2017.0,Queensland
-27.3894,152.504,2022.0,Queensland
-27.441278,152.924637,2023.0,Queensland
-27.613098,152.745432,2024.0,Queensland
-27.47339,153.04274,1992.0,Queensland
-27.0734,152.55941,1992.0,Queensland
-26.628943,152.998789,2022.0,Queensland
-28.30672,152.85942,1994.0,Queensland
-26.65673,152.94273,1993.0,Queensland
-26.60034,152.96773,1993.0,Queensland
-25.36324,152.38661,1997.0,Queensland
-27.441759,152.923634,2025.0,Queensland
-16.927084,145.7548,2022.0,Queensland
-22.4676,142.949,2022.0,Queensland
-27.653911,153.191431,2025.0,Queensland
-26.7919,149.739,2020.0,Queensland
-17.285609,145.635381,2023.0,Queensland
-15.30554,145.01584,2004.0,Queensland
-24.79277,147.20198,1999.0,Queensland
-26.54832,151.81778,1974.0,Queensland
-26.548793,153.09595,2016.0,Queensland
-28.077577,153.110607,2022.0,Queensland
-17.20503,145.678497,2025.0,Queensland
-16.588994,144.923428,,Queensland
-27.44213,152.88976,2001.0,Queensland
-23.99676,151.09056,2017.0,Queensland
-27.550007,152.50889,2010.0,Queensland
-27.599645,152.902695,2026.0,Queensland
-16.92762,145.75111,,Queensland
-25.31971,151.07445,2001.0,Queensland
-15.46564,142.77864,1993.0,Queensland
-27.865746,152.980382,2021.0,Queensland
-23.290783,150.376952,2022.0,Queensland
-18.216162,142.688066,,Queensland
-27.460825,152.883459,2023.0,Queensland
-17.161537,145.629578,2018.0,Queensland
-27.259805,152.05996,2025.0,Queensland
-27.567093,153.162433,2022.0,Queensland
-26.778338,152.85986,2020.0,Queensland
-27.48109,152.08956,1999.0,Queensland
-26.76499,152.85112,1959.0,Queensland
-16.584717,145.227937,,Queensland
-27.90672,153.32607,1994.0,Queensland
-20.703862,140.485936,2024.0,Queensland
-17.285992,145.63562,2025.0,Queensland
-24.231207,151.877235,2026.0,Queensland
-17.48448,138.22005,,Queensland
-26.73706,152.818501,2017.0,Queensland
-16.503115,145.059613,,Queensland
-27.601489,153.163439,2024.0,Queensland
-26.30674,151.34276,1991.0,Queensland
-27.5328,152.816,2020.0,Queensland
-17.28178,145.58445,1991.0,Queensland
-28.082471,153.384169,2022.0,Queensland
-16.529876,145.021812,,Queensland
-27.218684,153.029577,2024.0,Queensland
-19.48319,139.39718,,Queensland
-16.39832,144.75112,1978.0,Queensland
-24.8481,152.336,2021.0,Queensland
-16.580431,145.222251,,Queensland
-27.116542,152.810685,2022.0,Queensland
-27.259329,153.038236,2023.0,Queensland
-27.219616,153.033081,2024.0,Queensland
-16.528764,144.997077,,Queensland
-23.179715,150.795786,2023.0,Queensland
-27.901637,153.182215,2024.0,Queensland
-23.82063,151.14551,1997.0,Queensland
-21.31499,149.00112,1974.0,Queensland
-26.20705,153.07214,2008.0,Queensland
-26.6333,152.859,2021.0,Queensland
-27.4629,153.061,2021.0,Queensland
-16.58943,145.20388,2013.0,Queensland
-23.77888,151.13015,2007.0,Queensland
-27.32332,152.75528,1973.0,Queensland
-16.5973,145.25209,,Queensland
-16.087556,145.460531,2023.0,Queensland
-14.89832,141.61779,1974.0,Queensland
-23.44146,151.91495,1970.0,Queensland
-27.40368,152.81444,1999.0,Queensland
-17.890617,146.092195,2022.0,Queensland
-18.32082,145.42001,2022.0,Queensland
-20.63903,147.62026,2006.0,Queensland
-27.5328,152.816,2021.0,Queensland
-26.9761,152.49556,1966.0,Queensland
-27.311415,152.95797,2025.0,Queensland
-25.6721,152.577,2023.0,Queensland
-16.51093,145.03217,2016.0,Queensland
-19.423448,146.814226,2020.0,Queensland
-27.9845,152.62331,1992.0,Queensland
-19.4224,146.814239,2021.0,Queensland
-28.127416,153.433852,2021.0,Queensland
-21.19198,148.47792,,Queensland
-25.10674,152.38856,1981.0,Queensland
-16.881657,145.717671,2020.0,Queensland
-18.23804,146.00081,,Queensland
-27.45249,153.00945,1974.0,Queensland
-27.86499,152.48445,1974.0,Queensland
-11.91832,142.86834,2007.0,Queensland
-27.47076,152.2521,1993.0,Queensland
-24.774445,151.695,1967.0,Queensland
-27.191255,152.94627,2024.0,Queensland
-17.48807,138.21924,,Queensland
-17.41747,145.604296,2022.0,Queensland
-26.394137,153.087036,2022.0,Queensland
-19.2891,146.814,2018.0,Queensland
-26.19832,152.45112,1956.0,Queensland
-27.822262,153.413849,2009.0,Queensland
-23.36499,150.53445,1974.0,Queensland
-27.47485,153.032233,2020.0,Queensland
-25.1282,152.498,2023.0,Queensland
-24.36544,150.90658,2018.0,Queensland
-25.48553,149.66083,1999.0,Queensland
-23.24748,149.75208,1999.0,Queensland
-27.232097,152.818175,2020.0,Queensland
-19.332211,146.753723,2017.0,Queensland
-17.2796,145.579,2022.0,Queensland
-23.84341,151.0794,1997.0,Queensland
-21.08165,146.15112,1974.0,Queensland
-24.887308,152.389002,2026.0,Queensland
-25.610263,152.514247,2021.0,Queensland
-23.490489,150.474917,2024.0,Queensland
-27.46391,152.993088,2018.0,Queensland
-27.899657,153.021099,2022.0,Queensland
-27.504063,152.945205,2022.0,Queensland
-17.285575,145.635803,2025.0,Queensland
-26.216217,152.878259,2022.0,Queensland
-25.59927,153.09175,2022.0,Queensland
-27.392296,152.859036,2024.0,Queensland
-25.3058,152.764,2020.0,Queensland
-28.06505,153.4344,1981.0,Queensland
-27.1454,152.9718,2025.0,Queensland
-25.92679,152.62606,2001.0,Queensland
-26.807232,152.996439,2022.0,Queensland
-26.481208,153.026176,2021.0,Queensland
-24.21502,151.08073,2023.0,Queensland
-25.7688,152.502,2021.0,Queensland
-16.133889,145.452906,2020.0,Queensland
-27.5329,152.816,2021.0,Queensland
-17.0073,145.399,2019.0,Queensland
-16.576199,144.917926,,Queensland
-13.37619,142.66546,2016.0,Queensland
-16.582854,144.919297,,Queensland
-27.662599,152.848359,2022.0,Queensland
-22.64749,150.46056,1992.0,Queensland
-16.5031,145.05962,2016.0,Queensland
-26.628956,152.998624,2022.0,Queensland
-16.609452,144.918392,,Queensland
-27.8362,153.168,2021.0,Queensland
-27.29006,152.64274,1993.0,Queensland
-16.0667,145.0333,1996.0,Queensland
-27.6305,152.449928,2021.0,Queensland
-25.6722,152.578,2021.0,Queensland
-16.55005,145.22463,2014.0,Queensland
-25.536443,152.10023,2021.0,Queensland
-24.351442,150.507887,2022.0,Queensland
-18.216162,142.688066,,Queensland
-19.423524,146.814203,2022.0,Queensland
-19.34844,146.59278,1989.0,Queensland
-17.890305,146.092562,2022.0,Queensland
-16.582854,144.919297,,Queensland
-21.95947,148.69491,,Queensland
-27.533185,153.06214,2021.0,Queensland
-28.32339,152.92608,1994.0,Queensland
-27.415945,152.965942,2020.0,Queensland
-27.34332,152.92556,2002.0,Queensland
-16.7455,145.67,2022.0,Queensland
-19.425991,146.815437,2021.0,Queensland
-27.531571,152.974015,2021.0,Queensland
-19.12463,146.20055,2014.0,Queensland
-26.71882,153.023028,2025.0,Queensland
-21.105257,148.944993,2020.0,Queensland
-27.4634,153.028,2021.0,Queensland
-26.50673,153.09273,1993.0,Queensland
-16.8703,145.679,2023.0,Queensland
-26.407922,152.989106,2020.0,Queensland
-16.916653,145.766587,2020.0,Queensland
-27.444722,152.948611,2003.0,Queensland
-26.250556,152.973205,2023.0,Queensland
-27.5122,152.498,2022.0,Queensland
-25.31499,152.86778,1974.0,Queensland
-24.65524,151.68899,1997.0,Queensland
-23.520643,148.169699,2022.0,Queensland
-19.304045,146.778642,2026.0,Queensland
-27.493442,152.965496,2025.0,Queensland
-19.121968,146.078823,2022.0,Queensland
-17.49203,145.38385,,Queensland
-17.34249,145.41779,2019.0,Queensland
-25.33035,152.548628,2018.0,Queensland
-27.45672,153.02607,,Queensland
-27.62339,152.84274,1993.0,Queensland
-22.66499,148.93445,1974.0,Queensland
-25.52,149.621667,1996.0,Queensland
-27.027474,153.145426,2018.0,Queensland
-26.701418,152.803621,2022.0,Queensland
-26.835634,151.973243,2024.0,Queensland
-19.278879,146.787467,2020.0,Queensland
-27.54232,152.995009,2020.0,Queensland
-19.423266,146.814303,2023.0,Queensland
-18.297111,143.354013,1962.0,Queensland
-27.639806,152.59961,2021.0,Queensland
-27.338705,152.925277,2020.0,Queensland
-18.414689,145.944006,2012.0,Queensland
-27.628,152.89,2022.0,Queensland
-27.520842,153.143724,2022.0,Queensland
-17.286014,145.635481,2026.0,Queensland
-23.9169,151.278,2023.0,Queensland
-27.68165,152.02082,,Queensland
-24.93213,151.03028,2002.0,Queensland
-20.46731,147.38708,2006.0,Queensland
-26.4676,152.891,2020.0,Queensland
-27.463307,151.938027,2022.0,Queensland
-25.931634,152.606097,2025.0,Queensland
-17.70138,145.12778,2000.0,Queensland
-27.58101,151.97402,,Queensland
-20.61499,143.03445,1980.0,Queensland
-27.7,152.9,2021.0,Queensland
-27.132427,153.052202,2021.0,Queensland
-19.19277,146.77352,,Queensland
-19.73165,146.43445,1940.0,Queensland
-26.471,152.949,2021.0,Queensland
-27.52332,153.00112,1957.0,Queensland
-16.078814,145.467399,2023.0,Queensland
-18.218257,142.72226,,Queensland
-27.226519,153.032311,2021.0,Queensland
-27.568578,153.063797,2024.0,Queensland
-25.88285,152.63362,,Queensland
-27.43165,151.71778,1974.0,Queensland
-26.83258,153.0854,2006.0,Queensland
-27.538343,153.038023,2024.0,Queensland
-19.422392,146.813871,2022.0,Queensland
-26.04006,152.63362,1997.0,Queensland
-12.65,141.86667,1983.0,Queensland
-19.2936,146.786,2022.0,Queensland
-13.93675,143.55569,,Queensland
-17.28609,145.6358,2023.0,Queensland
-27.4081,153.043,2020.0,Queensland
-27.546427,153.091751,2024.0,Queensland
-24.310243,151.737046,2022.0,Queensland
-12.747791,143.282836,2018.0,Queensland
-24.946185,152.008988,2021.0,Queensland
-26.372754,153.017991,2022.0,Queensland
-26.414793,153.117412,2022.0,Queensland
-16.522725,145.025145,,Queensland
-19.351886,146.48169,2025.0,Queensland
-28.227393,153.38499,2024.0,Queensland
-27.179124,152.899349,2022.0,Queensland
-28.006814,153.38652,2024.0,Queensland
-18.29082,145.48195,1998.0,Queensland
-26.7668,152.956,2021.0,Queensland
-20.86946,147.78105,2006.0,Queensland
-25.934712,152.625142,2023.0,Queensland
-26.6515,152.942,2022.0,Queensland
-16.67653,145.243303,,Queensland
-27.981899,153.324081,2025.0,Queensland
-27.5,153.0,2023.0,Queensland
-27.4899,152.744,2021.0,Queensland
-27.544511,152.709688,2022.0,Queensland
-20.013375,148.247983,1962.0,Queensland
-19.428928,146.737906,2025.0,Queensland
-26.470058,153.010639,2023.0,Queensland
-27.0483,153.077,2021.0,Queensland
-16.584717,145.227937,,Queensland
-25.70567,152.39554,,Queensland
-16.762049,145.671097,2019.0,Queensland
-13.42064,142.5418,2008.0,Queensland
-27.635218,153.070255,2025.0,Queensland
-13.21046,142.60983,2015.0,Queensland
-26.651425,152.88907,2020.0,Queensland
-25.15202,152.18021,1997.0,Queensland
-20.35101,148.72723,,Queensland
-27.50673,152.74274,1993.0,Queensland
-13.93193,143.55563,,Queensland
-25.6738,152.579,2020.0,Queensland
-16.9793,145.477,2020.0,Queensland
-25.2331,152.6,2021.0,Queensland
-23.3314,150.501206,2026.0,Queensland
-13.04278,142.87583,2010.0,Queensland
-16.5829,145.12647,2016.0,Queensland
-19.23994,146.800445,2024.0,Queensland
-27.640285,153.070073,2022.0,Queensland
-24.225283,151.254483,2018.0,Queensland
-27.801471,153.066329,2023.0,Queensland
-27.5363,152.823,2018.0,Queensland
-20.63523,147.61862,2006.0,Queensland
-27.455612,152.974983,2018.0,Queensland
-16.4882,145.391,2020.0,Queensland
-25.638203,149.791374,2025.0,Queensland
-25.87678,152.64367,,Queensland
-27.1325,153.052,2021.0,Queensland
-17.331665,145.862749,2025.0,Queensland
-18.218257,142.72226,,Queensland
-27.529542,152.755358,2023.0,Queensland
-27.097677,152.702334,2021.0,Queensland
-27.1626,152.938,2021.0,Queensland
-17.891547,146.098281,2023.0,Queensland
-13.91499,143.60112,1978.0,Queensland
-25.0225,152.178,2020.0,Queensland
-26.40766,152.989456,2020.0,Queensland
-16.522725,145.025145,,Queensland
-12.65,141.86667,1983.0,Queensland
-25.2821,149.17815,,Queensland
-27.990517,153.293764,2018.0,Queensland
-24.75665,151.16778,1964.0,Queensland
-26.89496,151.28029,2019.0,Queensland
-25.294714,152.832389,2025.0,Queensland
-26.84006,153.1094,1992.0,Queensland
-26.84006,153.1094,1993.0,Queensland
-16.525558,145.473348,2026.0,Queensland
-27.59249,152.54945,,Queensland
-16.537478,145.470181,2021.0,Queensland
-19.18852,145.92882,2012.0,Queensland
-27.53173,153.00524,1980.0,Queensland
-27.4033,152.13,2021.0,Queensland
-28.31506,152.74275,1995.0,Queensland
-16.525534,145.011759,,Queensland
-27.40673,152.09275,1993.0,Queensland
-16.525534,145.011759,,Queensland
-27.90672,153.3594,1994.0,Queensland
-26.2884,152.78209,1997.0,Queensland
-27.3062,153.055,2023.0,Queensland
-19.252179,146.67292,2018.0,Queensland
-27.61506,152.93024,1996.0,Queensland
-19.187112,146.532026,2020.0,Queensland
-27.52749,153.28445,1963.0,Queensland
-27.412937,152.943464,2023.0,Queensland
-27.671124,153.099458,2020.0,Queensland
-27.544197,153.069443,2023.0,Queensland
-25.931526,152.606361,2024.0,Queensland
-26.97339,152.89274,1994.0,Queensland
-20.86499,144.60112,1974.0,Queensland
-27.24985,152.874153,2025.0,Queensland
-27.576137,151.969618,2022.0,Queensland
-26.26192,152.79671,2021.0,Queensland
-20.08165,144.56778,1971.0,Queensland
-18.66616,146.139619,2022.0,Queensland
-25.88533,152.64169,,Queensland
-25.018889,147.895,2013.0,Queensland
-27.204399,150.913503,2022.0,Queensland
-25.88344,152.61902,,Queensland
-25.40187,152.40252,1997.0,Queensland
-18.592,138.124,1995.0,Queensland
-27.8676,153.319992,2026.0,Queensland
-27.06953,152.65349,2010.0,Queensland
-23.63601,149.75633,,Queensland
-24.42011,151.04576,2004.0,Queensland
-27.73809,153.13651,1995.0,Queensland
-17.09415,145.78445,1937.0,Queensland
-26.6334,152.859,2023.0,Queensland
-28.21652,152.76363,2000.0,Queensland
-22.76082,150.31306,1991.0,Queensland
-26.548793,153.09595,2023.0,Queensland
-23.643346,150.386781,2023.0,Queensland
-26.6332,152.858,2023.0,Queensland
-27.451119,153.116223,2011.0,Queensland
-27.09587,152.83843,2000.0,Queensland
-27.139674,152.639446,2019.0,Queensland
-19.1783,145.92486,2016.0,Queensland
-23.496265,150.469626,2025.0,Queensland
-26.999512,152.8936,2022.0,Queensland
-16.225178,145.436188,2025.0,Queensland
-17.411574,144.995002,,Queensland
-19.384277,147.101277,2019.0,Queensland
-27.46232,152.28798,1997.0,Queensland
-24.774445,151.695,1967.0,Queensland
-13.41038,142.83405,2011.0,Queensland
-26.80046,152.86261,2016.0,Queensland
-16.089125,145.46315,2025.0,Queensland
-28.180031,152.749458,2024.0,Queensland
-25.6736,152.579,2022.0,Queensland
-17.082634,145.764578,2026.0,Queensland
-24.19424,151.44274,1992.0,Queensland
-25.6728,152.579,2018.0,Queensland
-27.31484,151.098652,2025.0,Queensland
-14.904722,141.614167,1999.0,Queensland
-12.65,141.86667,1983.0,Queensland
-27.6286,152.808,2021.0,Queensland
-26.2484,152.36774,1991.0,Queensland
-26.67339,152.87607,1993.0,Queensland
-25.51499,153.11778,1968.0,Queensland
-16.576199,144.917926,,Queensland
-17.48584,138.21988,,Queensland
-26.548793,153.09595,2016.0,Queensland
-28.12339,152.95941,1992.0,Queensland
-27.778836,152.777391,2018.0,Queensland
-27.148,152.9639,2026.0,Queensland
-27.436095,153.000362,2022.0,Queensland
-25.335962,153.198625,2019.0,Queensland
-18.1233,143.25194,,Queensland
-16.564531,145.122802,,Queensland
-27.489843,153.132065,2022.0,Queensland
-24.38904,150.043166,2024.0,Queensland
-23.99143,149.11908,,Queensland
-27.209493,153.0629,2024.0,Queensland
-19.14916,146.80669,2023.0,Queensland
-27.602333,153.096528,2025.0,Queensland
-27.502,152.664,2022.0,Queensland
-26.745297,153.055581,2024.0,Queensland
-13.42762,142.59299,2015.0,Queensland
-18.24543,145.96712,,Queensland
-27.581826,152.892894,2020.0,Queensland
-19.56499,140.36779,1979.0,Queensland
-12.61531,143.43129,1993.0,Queensland
-27.5734,151.99276,1994.0,Queensland
-19.33233,146.87917,1995.0,Queensland
-27.529869,152.755612,2022.0,Queensland
-25.433333,148.383333,1977.0,Queensland
-27.650829,153.260245,2024.0,Queensland
-20.61137,139.54723,,Queensland
-17.285692,145.633886,2024.0,Queensland
-28.126388,153.444239,2025.0,Queensland
-27.479233,153.081615,2023.0,Queensland
-24.766517,151.168284,2023.0,Queensland
-24.992279,148.457565,2012.0,Queensland
-17.0162,145.74,2018.0,Queensland
-26.11499,150.86778,1970.0,Queensland
-18.13165,144.71778,1979.0,Queensland
-20.76438,147.70077,2006.0,Queensland
-18.64844,146.15112,1937.0,Queensland
-13.49053,142.69126,2010.0,Queensland
-27.493,153.137,2019.0,Queensland
-27.05382,153.18048,2009.0,Queensland
-26.481361,153.096782,2021.0,Queensland
-21.96212,148.70955,,Queensland
-27.53999,152.98028,1963.0,Queensland
-16.524152,145.462248,2019.0,Queensland
-26.319242,152.872027,2022.0,Queensland
-17.32887,145.43299,,Queensland
-24.94889,153.25166,1998.0,Queensland
-28.13445,153.11232,2003.0,Queensland
-27.915401,153.179718,2017.0,Queensland
-27.98505,152.62469,1992.0,Queensland
-16.211642,145.409012,2024.0,Queensland
-20.64751,147.62404,2006.0,Queensland
-12.65,141.88333,1983.0,Queensland
-27.456325,152.974747,2026.0,Queensland
-17.266108,145.566069,2022.0,Queensland
-16.582854,144.919297,,Queensland
-16.897869,145.750931,2025.0,Queensland
-26.319307,152.871887,2022.0,Queensland
-16.576199,144.917926,,Queensland
-13.47932,142.6927,2010.0,Queensland
-26.85838,153.0107,2018.0,Queensland
-26.43764,150.82834,2000.0,Queensland
-27.493094,153.416386,2024.0,Queensland
-17.48035,138.183,,Queensland
-20.2,148.36667,1964.0,Queensland
-20.46509,147.40939,2006.0,Queensland
-16.52875,144.99708,2013.0,Queensland
-27.59054,151.97297,2022.0,Queensland
-18.61324,146.4852,2012.0,Queensland
-25.99139,149.07209,,Queensland
-26.404495,153.021836,2025.0,Queensland
-16.884683,145.693746,2020.0,Queensland
-24.62867,152.05967,,Queensland
-27.24006,152.92607,1993.0,Queensland
-19.5676,147.388,2022.0,Queensland
-27.925544,153.194259,2025.0,Queensland
-25.87859,152.6398,,Queensland
-17.04317,141.27231,,Queensland
-27.072493,153.205795,2021.0,Queensland
-17.549538,145.540512,2025.0,Queensland
-25.2372,152.232,2021.0,Queensland
-27.60665,152.89278,1960.0,Queensland
-18.211594,142.697704,,Queensland
-27.36471,152.7958,,Queensland
-27.5336,152.816,2021.0,Queensland
-14.84875,144.16796,2006.0,Queensland
-24.004,151.208,2021.0,Queensland
-26.93282,153.1318,2011.0,Queensland
-25.6108,152.874,2023.0,Queensland
-27.34471,152.91112,,Queensland
-21.23165,148.76779,1948.0,Queensland
-26.66499,152.96778,1950.0,Queensland
-27.717803,150.188933,2025.0,Queensland
-27.67339,152.94274,1993.0,Queensland
-16.602848,144.931928,,Queensland
-19.11044,146.23638,2015.0,Queensland
-26.12498,152.64995,2018.0,Queensland
-26.4358,153.036,2018.0,Queensland
-27.209095,152.860763,2025.0,Queensland
-16.9,145.7,2022.0,Queensland
-16.588994,144.923428,,Queensland
-23.28165,150.50945,1979.0,Queensland
-17.306286,145.655581,2024.0,Queensland
-23.37686,148.88327,,Queensland
-27.279,152.968,2020.0,Queensland
-26.80783,151.64776,,Queensland
-19.423372,146.814214,2021.0,Queensland
-27.489841,153.131833,2020.0,Queensland
-19.20388,146.06665,2016.0,Queensland
-16.90106,145.749944,2022.0,Queensland
-25.1833,150.18804,,Queensland
-26.806243,152.956079,2023.0,Queensland
-27.47392,152.2959,1997.0,Queensland
-17.269914,145.57939,2024.0,Queensland
-22.891338,150.618378,2023.0,Queensland
-27.652578,153.104806,2020.0,Queensland
-27.404738,152.985362,2020.0,Queensland
-23.74258,146.49847,,Queensland
-16.609452,144.918392,,Queensland
-25.18216,152.08699,2012.0,Queensland
-26.31499,152.08445,1964.0,Queensland
-27.528839,153.042839,2020.0,Queensland
-26.335633,153.060285,2025.0,Queensland
-19.423428,146.814302,2021.0,Queensland
-16.609452,144.918392,,Queensland
-16.903069,145.752402,2025.0,Queensland
-27.486431,152.948336,2026.0,Queensland
-26.42678,150.50468,2021.0,Queensland
-20.100833,147.756389,2011.0,Queensland
-25.509781,153.126523,2023.0,Queensland
-17.266578,145.565278,2025.0,Queensland
-25.699,152.624,2023.0,Queensland
-26.321474,152.39504,2020.0,Queensland
-27.69007,152.05942,1994.0,Queensland
-19.151356,146.844799,2021.0,Queensland
-16.804846,145.637471,2015.0,Queensland
-25.9802,152.983,2023.0,Queensland
-25.79117,152.696062,2021.0,Queensland
-26.247733,152.77159,2022.0,Queensland
-14.06581,143.31713,1978.0,Queensland
-19.284708,146.796256,2018.0,Queensland
-25.610296,152.514231,2021.0,Queensland
-27.399525,152.790833,2025.0,Queensland
-27.549948,153.104238,2022.0,Queensland
-26.990356,152.712974,2020.0,Queensland
-26.732163,152.840768,2019.0,Queensland
-19.14427,146.80528,1994.0,Queensland
-26.66499,153.10112,1950.0,Queensland
-19.440797,146.954006,2012.0,Queensland
-27.847843,153.162125,2021.0,Queensland
-13.70681,143.24279,1978.0,Queensland
-27.09136,153.167379,2023.0,Queensland
-26.38618,151.91106,1997.0,Queensland
-27.77755,153.36357,1981.0,Queensland
-27.49198,152.86794,2005.0,Queensland
-24.392287,148.425505,2018.0,Queensland
-26.628944,152.998712,2022.0,Queensland
-15.706385,145.254783,2026.0,Queensland
-26.585278,152.746868,2021.0,Queensland
-27.733333,153.333333,1977.0,Queensland
-27.40673,152.80941,1993.0,Queensland
-16.09019,145.459892,2025.0,Queensland
-12.65,141.86667,1983.0,Queensland
-18.18226,143.20891,,Queensland
-16.9194,145.406,2018.0,Queensland
-21.1473,149.129,2020.0,Queensland
-18.018712,140.557328,2021.0,Queensland
-26.745459,152.817361,2020.0,Queensland
-27.416667,153.05,1979.0,Queensland
-16.576199,144.917926,,Queensland
-17.09832,145.78445,1935.0,Queensland
-27.5328,152.816,2022.0,Queensland
-24.39797,150.95886,1994.0,Queensland
-21.0,148.716667,1991.0,Queensland
-17.347005,145.92647,2023.0,Queensland
-16.611432,144.925755,,Queensland
-27.6312,152.392,2021.0,Queensland
-26.402971,153.109476,2023.0,Queensland
-26.320833,152.394663,2020.0,Queensland
-21.6005,142.068,2022.0,Queensland
-23.248562,150.673696,2024.0,Queensland
-26.191375,152.684707,2019.0,Queensland
-27.39006,153.09274,1993.0,Queensland
-26.79005,153.14689,2002.0,Queensland
-19.03882,146.0923,2016.0,Queensland
-27.404695,153.041231,2023.0,Queensland
-27.340546,152.929678,2021.0,Queensland
-27.407515,152.91595,2023.0,Queensland
-24.803189,152.441211,2019.0,Queensland
-27.34415,153.10112,1970.0,Queensland
-27.323074,153.031686,2026.0,Queensland
-28.1379,153.49,2023.0,Queensland
-23.4585,147.727,2019.0,Queensland
-11.66299,142.46296,1993.0,Queensland
-17.765732,139.561117,2023.0,Queensland
-24.3924,148.426,2022.0,Queensland
-13.436164,142.940178,2023.0,Queensland
-21.1667,149.1917,1971.0,Queensland
-26.85673,152.99273,1994.0,Queensland
-16.7823,145.685,2021.0,Queensland
-27.897493,153.156484,2020.0,Queensland
-27.6234,153.034,2020.0,Queensland
-27.35,152.933333,1965.0,Queensland
-25.88285,152.63362,,Queensland
-15.93179,145.35111,1991.0,Queensland
-19.321667,146.74,2022.0,Queensland
-18.82119,143.40658,,Queensland
-27.335105,152.760949,2024.0,Queensland
-26.506284,153.090478,2021.0,Queensland
-26.84006,153.09273,1992.0,Queensland
-16.90721,145.56778,2003.0,Queensland
-16.528764,144.997077,,Queensland
-25.70971,152.32125,,Queensland
-24.6201,151.918,2022.0,Queensland
-16.882142,145.633635,2018.0,Queensland
-25.6731,152.575,2018.0,Queensland
-27.252572,152.960037,2026.0,Queensland
-17.59832,145.48445,1974.0,Queensland
-17.63013,145.48245,,Queensland
-26.780863,152.882083,2022.0,Queensland
-25.06152,148.23525,2010.0,Queensland
-23.9169,151.278,2023.0,Queensland
-21.29693,149.28028,1996.0,Queensland
-25.45638,149.2664,,Queensland
-20.69832,140.50112,1979.0,Queensland
-16.456945,145.326459,1971.0,Queensland
-28.08253,153.154082,2020.0,Queensland
-26.566591,149.875881,2022.0,Queensland
-26.6202,152.899,2020.0,Queensland
-24.0283,151.00506,2017.0,Queensland
-26.761015,152.785181,2023.0,Queensland
-24.47589,151.89523,,Queensland
-25.92396,152.65014,2019.0,Queensland
-25.507231,152.666663,2025.0,Queensland
-26.71882,153.023028,2023.0,Queensland
-27.362333,153.007626,2018.0,Queensland
-25.42134,152.43128,2012.0,Queensland
-16.522725,145.025145,,Queensland
-20.59832,143.08445,1979.0,Queensland
-27.30053,152.20561,1997.0,Queensland
-19.15573,146.0565,2007.0,Queensland
-13.1189719,143.0025909,2009.0,Queensland
-21.99832,146.91779,1974.0,Queensland
-27.79006,153.10941,1993.0,Queensland
-21.76457,147.92246,2006.0,Queensland
-28.2099,152.78,2018.0,Queensland
-26.23728,152.90829,1999.0,Queensland
-16.461706,145.373501,2024.0,Queensland
-26.31499,151.88445,1974.0,Queensland
-20.13238,146.89351,,Queensland
-17.5,145.5,1976.0,Queensland
-25.7688,152.502,2021.0,Queensland
-27.555387,152.974945,2025.0,Queensland
-28.10672,153.19274,1992.0,Queensland
-21.30249,149.2914,2000.0,Queensland
-18.347175,146.30012,2022.0,Queensland
-25.5459,152.581,2018.0,Queensland
-21.084143,148.636337,2026.0,Queensland
-16.510945,145.032158,,Queensland
-26.548793,153.09595,2024.0,Queensland
-17.703604,145.081703,2021.0,Queensland
-23.917,151.278,2023.0,Queensland
-16.51093,145.03217,2016.0,Queensland
-26.55443,148.78306,,Queensland
-17.3183,145.957,2018.0,Queensland
-26.49006,152.99273,1992.0,Queensland
-27.990581,153.342758,2023.0,Queensland
-27.7234,152.30942,1992.0,Queensland
-26.26499,152.88445,1974.0,Queensland
-25.476667,150.029722,1996.0,Queensland
-18.16249,144.30279,2004.0,Queensland
-27.3612,153.057,2021.0,Queensland
-16.5031,145.05962,2016.0,Queensland
-23.95388,149.51759,,Queensland
-26.71882,153.023028,2025.0,Queensland
-23.493699,150.475208,2022.0,Queensland
-27.559971,152.87764,2025.0,Queensland
-18.80004,143.46862,,Queensland
-16.8055,145.63608,2011.0,Queensland
-16.52271,145.02515,2013.0,Queensland
-16.588994,144.923428,,Queensland
-25.6989,152.624,2021.0,Queensland
-26.474962,152.950391,2026.0,Queensland
-24.18174,151.8344,1982.0,Queensland
-26.778307,152.859823,2020.0,Queensland
-27.523193,152.904371,2024.0,Queensland
-27.47339,153.17607,1992.0,Queensland
-26.737084,152.818588,2020.0,Queensland
-27.4234,152.32608,1992.0,Queensland
-17.74832,139.55112,1968.0,Queensland
-27.597913,153.09768,2019.0,Queensland
-26.078956,152.573737,2022.0,Queensland
-26.25513,152.35106,1997.0,Queensland
-26.90673,152.97607,1992.0,Queensland
-27.50672,152.95941,1992.0,Queensland
-21.39009,148.55943,1975.0,Queensland
-19.188692,146.488262,2025.0,Queensland
-16.912222,145.253333,2010.0,Queensland
-19.10261,146.48723,1993.0,Queensland
-27.55246,152.54325,1996.0,Queensland
-26.40812,152.97829,1994.0,Queensland
-16.103811,145.448884,2025.0,Queensland
-19.12589,146.19126,2010.0,Queensland
-19.34832,146.55112,1960.0,Queensland
-25.378673,152.780302,2021.0,Queensland
-12.71215,143.31896,1993.0,Queensland
-19.41253,144.15454,,Queensland
-16.576199,144.917926,,Queensland
-25.1512,152.37318,2012.0,Queensland
-23.490641,150.47488,2024.0,Queensland
-22.892222,150.618889,2023.0,Queensland
-24.35728,150.96051,1994.0,Queensland
-25.249681,152.810742,2022.0,Queensland
-27.893816,153.185494,2024.0,Queensland
-15.42582,145.15418,,Queensland
-26.88165,153.03445,1954.0,Queensland
-16.5818,145.28443,1983.0,Queensland
-28.143539,153.339808,2023.0,Queensland
-16.529876,145.021812,,Queensland
-18.529,146.331,2022.0,Queensland
-25.04424,152.08023,1994.0,Queensland
-15.46614,142.77714,1993.0,Queensland
-25.6975,152.623,2021.0,Queensland
-20.34157,148.69578,,Queensland
-28.1595,153.043,2020.0,Queensland
-27.69804,152.492013,2021.0,Queensland
-11.70165,142.85796,1993.0,Queensland
-16.820374,145.640758,2025.0,Queensland
-28.03003,153.15466,,Queensland
-26.737189,152.818746,2019.0,Queensland
-25.03165,152.21778,1939.0,Queensland
-26.4571,152.95,2019.0,Queensland
-27.7325,153.124,2022.0,Queensland
-25.92616,152.20528,1997.0,Queensland
-20.95213,147.80666,2006.0,Queensland
-20.55345,147.01211,2019.0,Queensland
-28.1506,153.325,2020.0,Queensland
-25.533333,152.7,1979.0,Queensland
-26.51499,150.93445,1974.0,Queensland
-18.08165,138.81779,1982.0,Queensland
-16.51093,145.03217,2013.0,Queensland
-20.83165,148.65112,1974.0,Queensland
-26.108957,151.544047,2023.0,Queensland
-17.139,145.434,2022.0,Queensland
-18.110929,144.378325,2021.0,Queensland
-26.6787,151.952,2022.0,Queensland
-12.63315,143.41112,1993.0,Queensland
-27.6014,153.241,2022.0,Queensland
-26.650526,152.941489,2020.0,Queensland
-16.525534,145.011759,,Queensland
-25.0697,148.27,2021.0,Queensland
-26.548793,153.09595,2021.0,Queensland
-23.77888,151.13015,2007.0,Queensland
-25.233,152.6,2021.0,Queensland
-27.63518,153.070215,2025.0,Queensland
-16.525534,145.011759,,Queensland
-26.548793,153.09595,2016.0,Queensland
-25.304892,149.18914,2024.0,Queensland
-25.27554,152.75017,2019.0,Queensland
-16.10291,145.450478,2024.0,Queensland
-19.1698,146.553,2022.0,Queensland
-17.83165,141.11779,1979.0,Queensland
-12.762982,143.285151,2023.0,Queensland
-26.7629,152.948,2021.0,Queensland
-27.56915,153.12612,1974.0,Queensland
-26.62339,152.84274,1994.0,Queensland
-16.79832,145.68445,1979.0,Queensland
-25.931652,152.606026,2025.0,Queensland
-27.454855,153.019103,2025.0,Queensland
-26.50762,150.22393,,Queensland
-18.22804,145.99778,2004.0,Queensland
-19.3651,146.95111,1991.0,Queensland
-27.353717,152.9617,2021.0,Queensland
-14.92994,144.40399,2019.0,Queensland
-16.565063,145.22153,,Queensland
-20.61654,141.89865,2018.0,Queensland
-27.6734,152.05942,1993.0,Queensland
-16.576199,144.917926,,Queensland
-27.69006,152.89274,1993.0,Queensland
-26.1512,152.79451,,Queensland
-26.493701,152.749593,2021.0,Queensland
-16.7449,145.67,2022.0,Queensland
-18.14662,143.21832,,Queensland
-27.6763,152.922,2020.0,Queensland
-23.89808,151.255417,2022.0,Queensland
-28.234903,152.748822,2018.0,Queensland
-19.312165,146.773021,2020.0,Queensland
-22.45165,150.32223,1991.0,Queensland
-26.18344,152.75527,2021.0,Queensland
-25.72897,152.30819,1997.0,Queensland
-17.31762,145.45138,,Queensland
-19.282662,146.701191,2018.0,Queensland
-16.96499,141.95112,1968.0,Queensland
-16.08999,144.78445,1979.0,Queensland
-27.346448,152.941117,2023.0,Queensland
-23.496281,150.469536,2023.0,Queensland
-16.576199,144.917926,,Queensland
-15.8486,143.27418,,Queensland
-16.5031,145.05962,2016.0,Queensland
-19.305322,146.775328,2024.0,Queensland
-27.988184,153.32602,2021.0,Queensland
-16.853072,145.686449,2025.0,Queensland
-26.82245,152.89122,2026.0,Queensland
-26.924951,152.926812,2025.0,Queensland
-23.490631,150.474733,2023.0,Queensland
-14.15,143.3667,1981.0,Queensland
-25.61499,151.61778,1974.0,Queensland
-25.6988,152.625,2020.0,Queensland
-26.745465,152.817459,2023.0,Queensland
-16.881617,145.717807,2021.0,Queensland
-27.635241,153.256505,2021.0,Queensland
-26.387517,153.093506,2023.0,Queensland
-25.6989,152.625,2018.0,Queensland
-25.94218,152.22642,1997.0,Queensland
-23.63972,150.69651,2014.0,Queensland
-28.181692,153.448474,,Queensland
-16.6167,145.3333,2002.0,Queensland
-16.678583,145.256353,,Queensland
-26.7946,152.778,2022.0,Queensland
-26.65673,153.07606,1994.0,Queensland
-27.895622,152.614509,2022.0,Queensland
-20.64075,145.8606,2016.0,Queensland
-26.71882,153.023028,2023.0,Queensland
-17.777213,145.5616,2025.0,Queensland
-17.510127,146.062649,2021.0,Queensland
-27.99006,152.62608,1992.0,Queensland
-25.69672,152.62003,2020.0,Queensland
-27.528835,153.280823,2021.0,Queensland
-27.529052,153.043189,2020.0,Queensland
-26.96208,152.88621,1995.0,Queensland
-26.8321,153.08626,2006.0,Queensland
-27.529547,152.755342,2022.0,Queensland
-24.36249,151.00575,1996.0,Queensland
-14.55263,144.63778,1995.0,Queensland
-22.35134,146.72761,2009.0,Queensland
-11.65032,142.45713,1993.0,Queensland
-26.249221,152.771216,2019.0,Queensland
-27.6024,153.207,2022.0,Queensland
-16.565063,145.22153,,Queensland
-25.11214,149.30283,,Queensland
-27.45672,152.92607,1992.0,Queensland
-27.451175,152.908372,2018.0,Queensland
-12.715147,143.29729,2018.0,Queensland
-16.522725,145.025145,,Queensland
-26.7465,150.201,2023.0,Queensland
-25.249819,152.810957,2021.0,Queensland
-17.0078,145.398,2018.0,Queensland
-27.038803,152.9699,2022.0,Queensland
-27.57307,152.88473,,Queensland
-27.510138,152.947639,2022.0,Queensland
-27.721557,152.92297,2021.0,Queensland
-25.36296,152.47478,1998.0,Queensland
-26.703653,152.959156,2023.0,Queensland
-19.10181,146.19717,2010.0,Queensland
-26.71882,153.023028,2023.0,Queensland
-25.2618,152.323,2022.0,Queensland
-22.35,149.566667,2000.0,Queensland
-12.65,141.86667,1983.0,Queensland
-19.1595,146.848,2021.0,Queensland
-26.506284,153.090478,2019.0,Queensland
-25.026011,147.899995,2021.0,Queensland
-16.582854,144.919297,,Queensland
-16.877181,145.67573,2021.0,Queensland
-25.539638,152.696185,2021.0,Queensland
-19.66499,147.41779,1940.0,Queensland
-19.423707,146.813846,2023.0,Queensland
-15.865,144.811,2021.0,Queensland
-26.570196,152.925456,2023.0,Queensland
-12.651,142.22,2023.0,Queensland
-27.12943,152.67918,2006.0,Queensland
-26.6334,152.859,2020.0,Queensland
-27.476225,152.979553,2023.0,Queensland
-16.55825,145.10147,2014.0,Queensland
-19.11044,146.23638,2016.0,Queensland
-27.666929,153.078443,2020.0,Queensland
-18.2704,145.29833,,Queensland
-22.890769,150.617153,2024.0,Queensland
-26.80918,152.83805,,Queensland
-28.11652,152.95119,1997.0,Queensland
-26.108994,151.544312,2022.0,Queensland
-25.899,152.66303,,Queensland
-18.04802,144.09192,1998.0,Queensland
-25.789333,152.695415,2025.0,Queensland
-23.294767,150.660196,2021.0,Queensland
-18.82119,143.40658,,Queensland
-25.87868,152.62674,,Queensland
-24.08511,151.10927,2011.0,Queensland
-28.03867,153.13631,2003.0,Queensland
-26.5128,152.80731,1998.0,Queensland
-27.69455,152.913638,2025.0,Queensland
-27.69006,152.35942,,Queensland
-16.580431,145.222251,,Queensland
-27.315878,153.062576,2019.0,Queensland
-25.69672,152.62003,2020.0,Queensland
-25.6736,152.579,2022.0,Queensland
-27.332698,152.767902,2025.0,Queensland
-27.26532,152.19068,,Queensland
-26.11499,151.83445,1956.0,Queensland
-16.65801,145.26263,2013.0,Queensland
-12.65,141.86667,1983.0,Queensland
-18.11499,139.95112,1978.0,Queensland
-16.611987,145.358933,2024.0,Queensland
-27.5335,152.818,2021.0,Queensland
-16.645383,145.262719,,Queensland
-26.69401,152.6122,2002.0,Queensland
-25.2949,150.297,2022.0,Queensland
-26.524946,152.967603,2023.0,Queensland
-27.42763,152.8402,2000.0,Queensland
-27.506468,153.084793,2025.0,Queensland
-27.569709,153.161946,2020.0,Queensland
-14.84875,144.16796,2007.0,Queensland
-27.32339,153.04274,1993.0,Queensland
-20.62116,147.61244,2006.0,Queensland
-16.5,145.5,2023.0,Queensland
-21.10977,148.11815,2012.0,Queensland
-23.130145,150.704006,2024.0,Queensland
-20.47036,147.40862,2006.0,Queensland
-26.754025,153.104156,2026.0,Queensland
-16.582854,144.919297,,Queensland
-27.0771,153.098,2020.0,Queensland
-16.521473,145.467078,2021.0,Queensland
-16.557625,145.130542,,Queensland
-27.97339,153.19274,1993.0,Queensland
-27.48432,152.08991,,Queensland
-27.14249,152.71114,2001.0,Queensland
-25.64121,151.99893,1997.0,Queensland
-26.760828,152.853194,2022.0,Queensland
-26.689829,152.804397,2020.0,Queensland
-16.529876,145.021812,,Queensland
-23.490641,150.480118,2023.0,Queensland
-27.434912,152.938941,2022.0,Queensland
-12.95682,141.7928,1981.0,Queensland
-27.75672,153.05941,1993.0,Queensland
-26.7535,150.634,2022.0,Queensland
-26.52839,150.76112,2010.0,Queensland
-19.294384,146.742722,2022.0,Queensland
-27.500176,152.972155,2022.0,Queensland
-27.467135,153.077414,2025.0,Queensland
-26.5643,152.934,2019.0,Queensland
-27.591142,152.53508,2021.0,Queensland
-27.41749,153.46036,2004.0,Queensland
-26.669059,153.101771,2023.0,Queensland
-23.490313,150.47535,2022.0,Queensland
-26.79626,152.87164,2016.0,Queensland
-17.2986,144.97251,2002.0,Queensland
-24.3019,143.195,2019.0,Queensland
-17.094918,145.787389,2023.0,Queensland
-27.522947,152.989279,2024.0,Queensland
-17.2816,145.62604,,Queensland
-17.749554,145.614486,2022.0,Queensland
-25.903,152.508,2021.0,Queensland
-16.847211,145.612,2020.0,Queensland
-26.843881,151.975323,2026.0,Queensland
-19.860956,144.266624,2022.0,Queensland
-25.274604,152.690915,2025.0,Queensland
-27.52355,152.90753,2025.0,Queensland
-13.61915,143.13112,2000.0,Queensland
-24.31507,151.95523,1981.0,Queensland
-26.402305,152.909175,2020.0,Queensland
-26.77339,153.1094,,Queensland
-22.824795,149.895723,2023.0,Queensland
-19.423416,146.814244,2022.0,Queensland
-27.989585,153.315728,2022.0,Queensland
-27.451247,153.0894,2024.0,Queensland
-16.558169,145.221678,,Queensland
-19.14228,146.46495,1998.0,Queensland
-23.89841,151.08024,1999.0,Queensland
-17.798669,145.685002,2018.0,Queensland
-27.0265,153.047,2023.0,Queensland
-24.83999,151.08445,1974.0,Queensland
-12.65,141.86667,1983.0,Queensland
-24.2198,151.864,2020.0,Queensland
-24.217396,151.900196,2025.0,Queensland
-19.423459,146.814349,2021.0,Queensland
-27.5331,152.817,2021.0,Queensland
-16.528764,144.997077,,Queensland
-16.609452,144.918392,,Queensland
-27.542444,153.056432,2025.0,Queensland
-27.25665,153.10528,1954.0,Queensland
-27.14006,153.0594,1994.0,Queensland
-16.975854,145.751364,2024.0,Queensland
-27.546074,152.826997,2022.0,Queensland
-25.6722,152.579,2021.0,Queensland
-26.692,151.936,2018.0,Queensland
-21.95947,148.69491,,Queensland
-17.27193,145.47251,2002.0,Queensland
-25.286593,152.566301,2022.0,Queensland
-26.47339,152.9094,1994.0,Queensland
-17.157,145.55363,2007.0,Queensland
-28.044981,153.310046,2021.0,Queensland
-27.3194,152.9358,2005.0,Queensland
-21.050174,148.582145,2023.0,Queensland
-21.08734,149.2179,,Queensland
-27.913736,153.203481,2022.0,Queensland
-28.1501,153.325,2023.0,Queensland
-27.566677,153.135188,2021.0,Queensland
-17.53165,146.01779,1960.0,Queensland
-26.91693,152.93612,2003.0,Queensland
-26.45673,153.0594,1994.0,Queensland
-26.7484,150.617,2023.0,Queensland
-27.32339,153.02607,1993.0,Queensland
-27.9918,153.298,2017.0,Queensland
-26.18165,152.06778,1950.0,Queensland
-17.994732,142.032687,,Queensland
-24.39681,151.24006,2015.0,Queensland
-27.77339,153.34274,1993.0,Queensland
-27.647968,152.908753,2022.0,Queensland
-27.183547,152.947508,2026.0,Queensland
-27.64006,153.2469,1993.0,Queensland
-28.12199,153.25204,,Queensland
-27.308365,152.930706,2020.0,Queensland
-26.63165,152.96778,1974.0,Queensland
-27.69229,153.27964,,Queensland
-28.1262,153.26442,,Queensland
-26.667629,153.104986,2024.0,Queensland
-20.7319414,139.484258,1985.0,Queensland
-18.70091,138.68101,,Queensland
-10.99358,142.1127,2016.0,Queensland
-17.7657,139.561097,2023.0,Queensland
-27.198,152.557,2021.0,Queensland
-17.285896,145.635954,2022.0,Queensland
-25.934825,152.62479,2025.0,Queensland
-17.358719,145.331029,2014.0,Queensland
-16.847634,145.612,2020.0,Queensland
-26.4549,153.027,2022.0,Queensland
-24.913782,152.155477,2022.0,Queensland
-19.2913,146.79,2020.0,Queensland
-26.6505,153.087,2023.0,Queensland
-15.8614,144.809,2021.0,Queensland
-27.391258,152.502077,2026.0,Queensland
-23.9171,151.278,2023.0,Queensland
-17.59832,146.00112,1960.0,Queensland
-22.816668,149.88333,1971.0,Queensland
-23.754374,149.104427,2023.0,Queensland
-16.525725,145.006184,,Queensland
-23.49023,150.475694,2024.0,Queensland
-16.6127,145.358,2023.0,Queensland
-21.93138,148.71473,2018.0,Queensland
-19.32761,146.75942,1991.0,Queensland
-23.490204,150.473857,2024.0,Queensland
-25.73933,152.40433,1997.0,Queensland
-27.75174,153.3118,2012.0,Queensland
-27.5903,153.362,2020.0,Queensland
-16.515646,145.468354,2020.0,Queensland
-22.54415,150.29084,1992.0,Queensland
-26.679477,152.939771,2020.0,Queensland
-27.500513,153.015244,2017.0,Queensland
-27.7582,153.036,2022.0,Queensland
-28.025376,153.161908,2020.0,Queensland
-21.1667,149.1917,1971.0,Queensland
-25.36499,151.11778,1964.0,Queensland
-27.46341,152.8865,2015.0,Queensland
-27.6001,153.184,2020.0,Queensland
-25.114831,152.563524,2024.0,Queensland
-27.4184,152.966,2022.0,Queensland
-27.942804,153.340515,2021.0,Queensland
-27.420083,153.031478,2025.0,Queensland
-14.95739,145.09728,2019.0,Queensland
-26.87097,152.79568,,Queensland
-27.6328,153.301,2022.0,Queensland
-13.42063,142.54964,2008.0,Queensland
-26.96499,151.21778,1974.0,Queensland
-28.22339,152.52609,1993.0,Queensland
-16.678583,145.256353,,Queensland
-27.627056,152.904612,2022.0,Queensland
-27.701846,153.086375,2024.0,Queensland
-27.397397,153.107679,2021.0,Queensland
-16.3469,145.414,2022.0,Queensland
-26.439529,153.055811,2018.0,Queensland
-16.528764,144.997077,,Queensland
-17.43985,145.02373,,Queensland
-27.993092,153.34897,2023.0,Queensland
-24.407271,150.495165,2022.0,Queensland
-27.508555,153.213097,2020.0,Queensland
-27.55534,151.99164,2010.0,Queensland
-27.42339,153.54273,1994.0,Queensland
-27.476389,152.979721,2017.0,Queensland
-15.45221,145.23445,2005.0,Queensland
-16.798855,145.709839,2024.0,Queensland
-28.058728,153.337988,2023.0,Queensland
-20.823387,144.22727,2025.0,Queensland
-27.475896,152.978535,2025.0,Queensland
-26.6336,152.859,2020.0,Queensland
-27.0661,153.167,2023.0,Queensland
-27.27411,152.9609,2022.0,Queensland
-26.4098,153.04,2018.0,Queensland
-27.631955,153.085937,2026.0,Queensland
-16.925945,145.760042,2019.0,Queensland
-18.70244,138.4855,2005.0,Queensland
-27.12188,152.85825,2002.0,Queensland
-26.1135,152.799,2019.0,Queensland
-27.399619,152.945696,2025.0,Queensland
-27.14006,153.0594,1994.0,Queensland
-27.654285,152.884444,2020.0,Queensland
-27.924881,153.193142,2025.0,Queensland
-26.62339,152.94273,1993.0,Queensland
-27.465525,152.9449,2022.0,Queensland
-12.65,141.86667,1983.0,Queensland
-18.403189,146.324668,2025.0,Queensland
-19.422496,146.813974,2021.0,Queensland
-28.0769,153.378,2020.0,Queensland
-26.71882,153.023028,2024.0,Queensland
-26.109124,151.544308,2021.0,Queensland
-27.516306,153.027646,2021.0,Queensland
-25.4,153.0,2021.0,Queensland
-16.5031,145.05962,2016.0,Queensland
-27.487599,153.146837,2020.0,Queensland
-25.79832,152.66778,1953.0,Queensland
-27.47693,153.085803,2020.0,Queensland
-17.88832,144.91417,2001.0,Queensland
-19.40538,146.67611,1998.0,Queensland
-22.67193,150.67779,1992.0,Queensland
-26.461578,153.07407,2023.0,Queensland
-27.40223,153.042959,2022.0,Queensland
-28.170953,153.441715,2023.0,Queensland
-18.10801,143.2121,,Queensland
-13.42754,142.55603,2008.0,Queensland
-27.65672,153.07607,1992.0,Queensland
-18.70721,138.64675,,Queensland
-27.6734,152.05942,,Queensland
-27.425125,153.164964,2026.0,Queensland
-17.60696,145.79431,,Queensland
-19.423429,146.814211,2021.0,Queensland
-16.9321,145.739,2023.0,Queensland
-24.2025,151.866,2022.0,Queensland
-26.34459,152.62326,,Queensland
-26.730939,149.325936,2026.0,Queensland
-27.634649,153.241928,2023.0,Queensland
-27.1564,152.941,2021.0,Queensland
-27.637453,153.071433,2021.0,Queensland
-27.646997,153.207922,2024.0,Queensland
-26.108998,151.544144,2022.0,Queensland
-17.48389,138.18175,,Queensland
-19.308994,146.715589,2021.0,Queensland
-16.899219,145.747851,2016.0,Queensland
-26.3915,149.637,2021.0,Queensland
-19.083333,146.45,1998.0,Queensland
-26.90673,152.97607,1992.0,Queensland
-27.474624,153.028344,2025.0,Queensland
-25.931637,152.606086,2025.0,Queensland
-24.46589,151.3623,2015.0,Queensland
-13.0422,142.91022,2010.0,Queensland
-16.138286,145.417602,2012.0,Queensland
-17.42749,145.31528,2003.0,Queensland
-26.990374,152.712548,2021.0,Queensland
-19.065817,146.388412,2025.0,Queensland
-25.35067,150.16598,2000.0,Queensland
-13.42762,142.59299,2016.0,Queensland
-26.82355,152.68027,1997.0,Queensland
-24.3901,151.04598,2005.0,Queensland
-18.58165,146.20112,1974.0,Queensland
-25.6989,152.625,2019.0,Queensland
-25.231,152.595,2021.0,Queensland
-19.258347,146.782992,2020.0,Queensland
-24.86284,150.06797,,Queensland
-27.479312,152.979547,2023.0,Queensland
-26.599009,152.925071,2020.0,Queensland
-17.27,145.48,,Queensland
-27.625836,153.164006,2024.0,Queensland
-27.534,152.817,2021.0,Queensland
-27.04832,152.55112,1968.0,Queensland
-17.267139,145.482724,2022.0,Queensland
-25.4334,150.1711,1996.0,Queensland
-20.83999,144.17612,1979.0,Queensland
-25.88344,152.61902,,Queensland
-19.423548,146.814268,2020.0,Queensland
-27.55673,152.92607,1994.0,Queensland
-27.6129,152.733,2021.0,Queensland
-25.2315,152.594,2021.0,Queensland
-16.870164,145.67894,2018.0,Queensland
-27.218684,153.029577,2024.0,Queensland
-21.4794,148.3246,2002.0,Queensland
-27.39006,152.19275,1993.0,Queensland
-26.6333,152.863,2021.0,Queensland
-26.27312,152.34775,1997.0,Queensland
-27.59323,151.96498,2019.0,Queensland
-27.0407,153.104,2021.0,Queensland
-27.5328,152.816,2022.0,Queensland
-18.13425,143.1877,,Queensland
-25.7676,152.504,2021.0,Queensland
-28.198937,153.187775,2025.0,Queensland
-17.93999,141.78223,2001.0,Queensland
-23.71499,149.85112,1968.0,Queensland
-26.494544,152.748871,2022.0,Queensland
-26.7234,152.64274,1994.0,Queensland
-27.918876,153.337175,2020.0,Queensland
-21.35867,147.83306,2006.0,Queensland
-15.16363,145.01278,1995.0,Queensland
-26.58899,153.08246,,Queensland
-16.576199,144.917926,,Queensland
-13.62048,142.67347,2010.0,Queensland
-18.78884,143.45346,,Queensland
-27.70672,152.87608,1992.0,Queensland
-18.143408,144.321889,2025.0,Queensland
-27.282408,152.962172,2021.0,Queensland
-27.390925,152.924795,2026.0,Queensland
-27.624958,153.159511,2025.0,Queensland
-27.46177,152.878461,2025.0,Queensland
-27.50193,153.17028,2002.0,Queensland
-26.77266,151.93234,1997.0,Queensland
-18.19832,145.95112,1974.0,Queensland
-28.07005,153.11136,2003.0,Queensland
-23.275089,150.392365,2021.0,Queensland
-26.823422,152.920595,2022.0,Queensland
-27.614358,152.788861,2025.0,Queensland
-28.10386,152.91519,,Queensland
-27.641805,152.74151,2025.0,Queensland
-27.558757,152.704165,2024.0,Queensland
-28.19499,153.09723,2006.0,Queensland
-26.64784,153.063915,2021.0,Queensland
-28.1782,153.20737,2005.0,Queensland
-25.6722,152.578,2022.0,Queensland
-27.44213,152.88976,2001.0,Queensland
-26.396555,150.522406,2024.0,Queensland
-19.59832,146.28445,1991.0,Queensland
-26.94832,152.56778,1960.0,Queensland
-24.136534,151.193613,2018.0,Queensland
-20.46686,147.38264,2006.0,Queensland
-19.94971,148.10473,2002.0,Queensland
-28.0644,153.164,2022.0,Queensland
-27.511639,152.900666,2021.0,Queensland
-18.50832,140.67501,2004.0,Queensland
-27.117326,152.749552,2020.0,Queensland
-16.602848,144.931928,,Queensland
-27.0408,153.104,2022.0,Queensland
-27.357767,152.98586,2026.0,Queensland
-26.31499,152.68445,1974.0,Queensland
-23.490468,150.474679,2023.0,Queensland
-27.6398,153.298,2021.0,Queensland
-25.2651,152.662,2021.0,Queensland
-26.67564,152.30086,1997.0,Queensland
-17.3504,145.41286,,Queensland
-27.482665,152.971902,2023.0,Queensland
-27.294738,153.043925,2024.0,Queensland
-17.713223,146.043019,2018.0,Queensland
-26.4562,152.999,2021.0,Queensland
-26.548793,153.09595,2025.0,Queensland
-27.7548,152.44,2022.0,Queensland
-17.3929,145.384,2021.0,Queensland
-21.839432,146.978902,2021.0,Queensland
-26.96496,152.95108,1994.0,Queensland
-27.544647,152.321486,2025.0,Queensland
-25.316667,153.2,,Queensland
-15.46499,145.25112,1974.0,Queensland
-26.578783,153.011611,2024.0,Queensland
-21.69832,148.70112,1974.0,Queensland
-12.683333,141.88333,,Queensland
-26.45279,152.964396,2024.0,Queensland
-16.24863,145.321709,2022.0,Queensland
-27.3644,152.853,2023.0,Queensland
-20.41499,145.33445,1965.0,Queensland
-20.49801,148.53253,,Queensland
-27.93443,152.62459,2020.0,Queensland
-26.256474,152.994397,2026.0,Queensland
-17.51499,145.61778,1950.0,Queensland
-26.84006,152.9094,1994.0,Queensland
-28.13445,153.11232,2005.0,Queensland
-19.34832,145.98445,1974.0,Queensland
-16.58964,145.22532,2015.0,Queensland
-19.98165,147.45112,1959.0,Queensland
-26.911329,152.754807,2021.0,Queensland
-25.63174,149.78028,1996.0,Queensland
-27.6312,152.392,2021.0,Queensland
-17.02849,145.58317,2010.0,Queensland
-28.1504,153.325,2022.0,Queensland
-26.25884,152.33311,,Queensland
-13.133333,142.01666,1982.0,Queensland
-14.84875,144.16796,2009.0,Queensland
-27.027478,153.150147,2022.0,Queensland
-16.594702,145.339451,2016.0,Queensland
-16.67652,145.24331,2013.0,Queensland
-27.94415,153.40528,1972.0,Queensland
-26.37686,151.93229,1997.0,Queensland
-20.3916,148.72837,,Queensland
-16.903487,145.7491,2022.0,Queensland
-28.27638,152.74765,,Queensland
-25.14941,152.15588,1998.0,Queensland
-17.864869,146.110291,2016.0,Queensland
-25.6735,152.579,2022.0,Queensland
-17.16471,144.51695,2021.0,Queensland
-25.284,152.894,2021.0,Queensland
-23.46785,150.52149,2014.0,Queensland
-17.520981,146.029844,2025.0,Queensland
-21.24285,148.48313,2004.0,Queensland
-16.66499,145.25112,1973.0,Queensland
-27.576472,151.969019,2023.0,Queensland
-19.327738,146.758697,2026.0,Queensland
-16.799538,145.696853,2024.0,Queensland
-19.05264,146.16666,2013.0,Queensland
-20.0819198,145.6175218,1978.0,Queensland
-15.437267,145.181693,2019.0,Queensland
-27.18624,152.71232,1999.0,Queensland
-19.423444,146.81433,2019.0,Queensland
-26.39006,153.10523,1974.0,Queensland
-24.875678,146.263879,2023.0,Queensland
-26.4717,152.948,2021.0,Queensland
-26.033333,151.9,1992.0,Queensland
-26.785103,152.566237,2023.0,Queensland
-27.42643,153.53804,2003.0,Queensland
-24.35714,150.9621,2004.0,Queensland
-27.943476,153.237907,2018.0,Queensland
-20.46655,147.38022,2006.0,Queensland
-17.39633,145.605775,2026.0,Queensland
-12.65,141.86667,1983.0,Queensland
-20.12,139.72,1993.0,Queensland
-23.489934,150.477747,2023.0,Queensland
-17.93603,145.55886,,Queensland
-23.48991,150.477851,2022.0,Queensland
-17.469549,145.014089,,Queensland
-16.232297,145.468147,2025.0,Queensland
-27.479573,153.082419,2025.0,Queensland
-27.524258,153.283454,2022.0,Queensland
-16.533807,145.47078,2019.0,Queensland
-27.463589,151.937854,2022.0,Queensland
-17.434172,145.012937,,Queensland
-27.596944,153.248056,2010.0,Queensland
-23.804365,145.197348,2021.0,Queensland
-14.275407,144.491288,2019.0,Queensland
-26.761424,152.78573,2023.0,Queensland
-27.0419,153.101,2022.0,Queensland
-27.529595,152.755316,2021.0,Queensland
-16.5031,145.05962,2016.0,Queensland
-27.499063,153.246403,2023.0,Queensland
-27.92339,153.17607,1993.0,Queensland
-23.492203,150.475056,2023.0,Queensland
-25.516667,152.283333,2000.0,Queensland
-26.67198,152.86941,1996.0,Queensland
-26.89639,151.28388,2023.0,Queensland
-27.514876,152.950978,2018.0,Queensland
-27.2981,152.984,2021.0,Queensland
-25.931579,152.606267,2025.0,Queensland
-17.140554,144.525045,2023.0,Queensland
-13.88448,143.27379,1979.0,Queensland
-25.21415,152.60762,2011.0,Queensland
-25.38943,152.69167,1999.0,Queensland
-25.11378,152.56309,2012.0,Queensland
-26.69006,152.59274,1993.0,Queensland
-27.338179,152.769157,2023.0,Queensland
-19.98703,148.199797,2023.0,Queensland
-25.6723,152.578,2021.0,Queensland
-19.1783,145.92486,2016.0,Queensland
-27.646889,152.862211,2019.0,Queensland
-26.320948,152.394874,2020.0,Queensland
-16.492566,144.1088,,Queensland
-19.423425,146.814413,2019.0,Queensland
-26.76655,149.97201,2009.0,Queensland
-26.39637,153.058691,2026.0,Queensland
-27.6314,152.392,2021.0,Queensland
-26.7035,153.098,2020.0,Queensland
-13.26499,142.57271,2016.0,Queensland
-27.6481,153.084,2021.0,Queensland
-26.471,152.949,2021.0,Queensland
-25.87678,152.64367,1995.0,Queensland
-12.65,141.86667,1983.0,Queensland
-27.80672,153.20941,,Queensland
-25.6733,152.579,2020.0,Queensland
-16.510945,145.032158,,Queensland
-25.699,152.625,2023.0,Queensland
-23.196327,150.78679,2021.0,Queensland
-27.084614,152.697068,2025.0,Queensland
-27.602335,153.135527,2025.0,Queensland
-16.92338,145.588058,2021.0,Queensland
-27.95999,153.37417,,Queensland
-20.49685,148.52748,,Queensland
-27.65673,152.89274,1993.0,Queensland
-27.385795,152.94862,2022.0,Queensland
-26.548793,153.09595,2024.0,Queensland
-25.279587,152.812254,2021.0,Queensland
-27.4901,152.744,2022.0,Queensland
-27.643883,152.603053,2025.0,Queensland
-19.423399,146.814223,2023.0,Queensland
-16.564531,145.122802,,Queensland
-27.45673,152.54275,1993.0,Queensland
-26.319355,152.871871,2021.0,Queensland
-24.12421,151.10691,2016.0,Queensland
-26.7312,152.848,2023.0,Queensland
-23.85,151.26666,1963.0,Queensland
-26.108986,151.54432,2023.0,Queensland
-24.23117,151.82495,,Queensland
-27.298,152.984,2023.0,Queensland
-24.516666,151.48334,1975.0,Queensland
-25.616667,151.883333,1969.0,Queensland
-27.231362,152.818662,2021.0,Queensland
-19.3516,147.044,2021.0,Queensland
-25.6971,152.623,2021.0,Queensland
-27.211439,153.06848,2020.0,Queensland
-21.94009,148.7011,,Queensland
-27.75672,153.37607,1994.0,Queensland
-27.62339,153.07607,1993.0,Queensland
-27.0408,153.103,2021.0,Queensland
-25.1916,149.97286,,Queensland
-11.61982,142.83846,1993.0,Queensland
-22.35,149.566667,2000.0,Queensland
-26.585205,152.746167,2023.0,Queensland
-27.0444,152.85795,2002.0,Queensland
-15.474112,145.24025,2025.0,Queensland
-27.2205,152.793,2022.0,Queensland
-22.61499,148.35112,1979.0,Queensland
-28.058689,153.337986,2022.0,Queensland
-15.83151,144.89278,1979.0,Queensland
-26.562441,153.089031,2023.0,Queensland
-27.5335,152.818,2021.0,Queensland
-19.439355,146.953055,2012.0,Queensland
-17.69252,145.48463,,Queensland
-16.582854,144.919297,,Queensland
-26.409568,152.985182,2021.0,Queensland
-27.444553,152.310013,2024.0,Queensland
-26.960765,152.957007,2022.0,Queensland
-19.12589,146.19126,2016.0,Queensland
-17.58406,145.48093,,Queensland
-21.95947,148.69491,,Queensland
-28.1369,153.491,2021.0,Queensland
-28.084044,153.435242,2022.0,Queensland
-26.761307,152.786184,2023.0,Queensland
-27.529043,153.108501,2023.0,Queensland
-27.1624,152.937,2021.0,Queensland
-25.6738,152.578,2020.0,Queensland
-25.149945,151.609327,2020.0,Queensland
-25.683333,151.416667,1999.0,Queensland
-22.3776,146.7053,1996.0,Queensland
-24.200495,151.013091,2024.0,Queensland
-26.548793,153.09595,2025.0,Queensland
-27.0407,153.103,2021.0,Queensland
-27.6387,153.307,2021.0,Queensland
-27.314554,153.058714,2025.0,Queensland
-25.680682,152.611615,2021.0,Queensland
-19.06548,146.4326,1999.0,Queensland
-27.666371,153.222144,2024.0,Queensland
-27.49006,152.30942,1994.0,Queensland
-27.456272,152.881068,2018.0,Queensland
-26.42777,150.50473,2011.0,Queensland
-27.963809,153.192626,2022.0,Queensland
-20.45557,147.30351,2006.0,Queensland
-26.43165,152.33445,1960.0,Queensland
-28.1782,153.20737,2005.0,Queensland
-16.921992,145.774956,2010.0,Queensland
-12.723495,143.285387,2025.0,Queensland
-19.14384,146.07005,2016.0,Queensland
-27.634687,153.241358,2023.0,Queensland
-27.634871,153.261671,2023.0,Queensland
-27.50725,153.085403,2026.0,Queensland
-16.593343,144.931027,,Queensland
-16.22565,145.436508,2025.0,Queensland
-28.06564,153.389453,2019.0,Queensland
-23.490647,150.474627,2023.0,Queensland
-16.275927,145.47518,2021.0,Queensland
-27.691274,152.919197,2023.0,Queensland
-26.6919,151.936,2018.0,Queensland
-26.3992,152.997,2021.0,Queensland
-17.827353,145.712401,2018.0,Queensland
-20.35101,148.72723,,Queensland
-27.5328,152.816,2022.0,Queensland
-24.93174,152.3344,1937.0,Queensland
-26.3479,152.99,2021.0,Queensland
-26.6785,151.953,2022.0,Queensland
-15.69659,145.06491,2000.0,Queensland
-27.070122,152.958708,2025.0,Queensland
-28.00413,152.67944,2020.0,Queensland
-24.51004,151.45965,2017.0,Queensland
-25.4939,152.712,2018.0,Queensland
-17.2797,145.579,2023.0,Queensland
-26.446855,152.999336,2020.0,Queensland
-23.492322,150.475015,2022.0,Queensland
-17.778383,143.206717,,Queensland
-27.87908,153.14625,,Queensland
-23.08165,150.73445,1974.0,Queensland
-28.08165,153.36778,1973.0,Queensland
-24.13174,151.78023,1981.0,Queensland
-26.1245,152.617,2018.0,Queensland
-26.548793,153.09595,2016.0,Queensland
-16.468954,145.346792,2023.0,Queensland
-15.46064,142.17398,1993.0,Queensland
-16.604848,144.907938,,Queensland
-15.83193,144.86806,2001.0,Queensland
-16.358583,145.409463,2024.0,Queensland
-18.11538,144.576233,2025.0,Queensland
-19.423442,146.814294,2021.0,Queensland
-26.62332,152.93445,1974.0,Queensland
-27.778528,153.124772,2025.0,Queensland
-19.423415,146.814248,2021.0,Queensland
-24.69541,149.97562,,Queensland
-21.96024,148.69734,,Queensland
-18.23165,145.36778,1940.0,Queensland
-27.5329,152.817,2021.0,Queensland
-17.427741,145.486148,2021.0,Queensland
-20.45313,148.39842,,Queensland
-25.222,152.297,2023.0,Queensland
-20.06655,146.25978,2026.0,Queensland
-26.27093,150.96151,,Queensland
-13.91688,143.55683,,Queensland
-18.29832,143.35945,1962.0,Queensland
-18.19832,142.25112,1980.0,Queensland
-24.8703,152.23,2021.0,Queensland
-17.48035,138.183,,Queensland
-22.814386,148.698456,2026.0,Queensland
-23.41499,150.11778,1968.0,Queensland
-27.937837,153.178362,2024.0,Queensland
-25.6726,152.579,2018.0,Queensland
-20.083333,146.266667,,Queensland
-25.6734,152.579,2021.0,Queensland
-26.45673,153.02606,1993.0,Queensland
-26.4564,152.999,2018.0,Queensland
-26.89006,152.29275,1993.0,Queensland
-23.965756,151.288761,2025.0,Queensland
-18.529337,146.188399,2023.0,Queensland
-25.35168,152.4293,1997.0,Queensland
-27.59882,152.2436,,Queensland
-18.512538,146.020108,2018.0,Queensland
-27.451175,152.908372,2018.0,Queensland
-27.32339,153.0594,1992.0,Queensland
-25.59832,151.36778,,Queensland
-17.860473,146.112471,2021.0,Queensland
-26.7737,153.088,2022.0,Queensland
-16.645383,145.262719,,Queensland
-26.6245,152.945,2022.0,Queensland
-27.543438,153.186815,2024.0,Queensland
-27.62332,153.10112,1967.0,Queensland
-25.6732,152.579,2018.0,Queensland
-25.18173,152.45106,1937.0,Queensland
-26.465638,152.991379,2023.0,Queensland
-17.77526,140.89695,2001.0,Queensland
-25.0384432,147.9476127,1998.0,Queensland
-27.430192,152.937634,2022.0,Queensland
-27.490255,153.180587,2022.0,Queensland
-13.04663,142.90758,2014.0,Queensland
-16.91499,145.41779,1937.0,Queensland
-25.35298,152.894284,2022.0,Queensland
-13.70981,143.31179,1979.0,Queensland
-19.423398,146.814341,2020.0,Queensland
-19.42342,146.81424,2019.0,Queensland
-19.68165,146.83445,1948.0,Queensland
-13.61319,142.76144,2010.0,Queensland
-27.54006,152.27609,1993.0,Queensland
-17.13165,145.43445,1974.0,Queensland
-25.21499,152.25112,1937.0,Queensland
-27.437484,152.995146,2021.0,Queensland
-26.927134,152.936583,2025.0,Queensland
-19.1592,146.848,2021.0,Queensland
-27.5153,152.812,2021.0,Queensland
-27.516367,153.015122,2024.0,Queensland
-27.49006,153.43107,2000.0,Queensland
-26.683594,152.023303,2024.0,Queensland
-20.39753,148.73395,,Queensland
-25.87678,152.64367,,Queensland
-23.7527,148.73073,2002.0,Queensland
-16.48819,145.05257,2014.0,Queensland
-25.87678,152.64367,1995.0,Queensland
-17.7,141.06667,1977.0,Queensland
-27.6528,153.089,2021.0,Queensland
-16.879948,145.624276,2022.0,Queensland
-16.679121,145.248333,,Queensland
-25.6722,152.578,2023.0,Queensland
-21.28165,146.21778,1974.0,Queensland
-21.018482,149.151523,2025.0,Queensland
-26.548793,153.09595,2023.0,Queensland
-17.280149,145.613046,2022.0,Queensland
-27.625618,153.163567,2024.0,Queensland
-16.609452,144.918392,,Queensland
-27.95672,152.89275,1992.0,Queensland
-27.5329,152.816,2022.0,Queensland
-17.1389,145.434,2021.0,Queensland
-27.41148,152.781722,2023.0,Queensland
-27.843309,153.014999,2018.0,Queensland
-26.90673,152.97607,1994.0,Queensland
-12.298859,141.701283,2025.0,Queensland
-21.08149,149.22231,,Queensland
-19.19305,145.91714,2016.0,Queensland
-18.87554,144.15167,1980.0,Queensland
-27.48157,152.090947,2016.0,Queensland
-26.942573,152.769988,2018.0,Queensland
-24.46243,150.92529,,Queensland
-17.806322,146.004902,2023.0,Queensland
-16.678583,145.256353,,Queensland
-16.9198,145.41,2018.0,Queensland
-17.854483,145.734252,2019.0,Queensland
-26.5582,151.754,2022.0,Queensland
-27.537247,152.413378,2022.0,Queensland
-27.46341,152.8865,2015.0,Queensland
-28.040836,153.245713,2020.0,Queensland
-26.09007,150.8261,1965.0,Queensland
-19.31681,146.745839,2024.0,Queensland
-23.493041,150.473792,2025.0,Queensland
-26.727857,152.241078,2005.0,Queensland
-26.778286,152.859875,2020.0,Queensland
-17.804425,146.006678,2025.0,Queensland
-25.98165,149.80112,1979.0,Queensland
-26.04625,153.05154,2003.0,Queensland
-16.492058,145.062767,,Queensland
-27.5667,152.5,2002.0,Queensland
-24.96678,153.34086,1998.0,Queensland
-24.43256,151.9644,,Queensland
-24.86507,151.4344,1996.0,Queensland
-23.37686,148.88327,,Queensland
-26.835473,152.963601,2015.0,Queensland
-16.564531,145.122802,,Queensland
-24.33996,150.94815,1997.0,Queensland
-21.13999,148.54279,1979.0,Queensland
-20.35002,148.75568,,Queensland
-26.6224,152.866,2021.0,Queensland
-28.03867,153.13631,2004.0,Queensland
-16.8981,145.687,2018.0,Queensland
-24.72337,151.54173,1994.0,Queensland
-15.999504,144.076726,2025.0,Queensland
-27.05448,153.17831,,Queensland
-13.42762,142.59299,2016.0,Queensland
-16.3469,145.414,2022.0,Queensland
-26.50623,153.090789,2022.0,Queensland
-16.831281,145.63597,2025.0,Queensland
-19.423465,146.814293,2021.0,Queensland
-24.392932,148.426315,2018.0,Queensland
-28.058263,153.338112,2021.0,Queensland
-26.4517,152.992,2022.0,Queensland
-27.960647,153.387554,2024.0,Queensland
-23.879921,151.211366,2021.0,Queensland
-21.96235,148.71054,,Queensland
-16.63582,145.23862,1979.0,Queensland
-28.137,153.489,2023.0,Queensland
-26.83239,151.92818,,Queensland
-24.98666,152.05671,1998.0,Queensland
-27.546074,152.826997,2022.0,Queensland
-16.781817,145.697584,2023.0,Queensland
-26.737117,152.818508,2021.0,Queensland
-27.540483,153.034486,2023.0,Queensland
-26.837886,152.156246,2023.0,Queensland
-28.06249,153.325199,2026.0,Queensland
-15.1936,143.22418,2008.0,Queensland
-19.1783,145.92486,2016.0,Queensland
-16.88659,145.73907,2011.0,Queensland
-16.189471,145.422047,2024.0,Queensland
-24.35721,151.01667,1998.0,Queensland
-26.624818,152.864874,2021.0,Queensland
-27.55,151.95,1991.0,Queensland
-21.95005,148.70977,,Queensland
-22.6985727,147.550842,1997.0,Queensland
-16.96499,141.95112,1970.0,Queensland
-25.231,152.595,2023.0,Queensland
-18.70554,138.68394,,Queensland
-16.593343,144.931027,,Queensland
-28.116375,153.217958,2024.0,Queensland
-27.5152,153.046121,2025.0,Queensland
-17.931917,145.928925,2025.0,Queensland
-27.448987,153.103938,2020.0,Queensland
-27.57749,153.06778,1971.0,Queensland
-25.0,151.95,1967.0,Queensland
-28.20938,152.62059,2017.0,Queensland
-16.8422,145.375,2019.0,Queensland
-23.2555,150.726,2020.0,Queensland
-26.761582,152.785832,2022.0,Queensland
-27.6279,153.095,2023.0,Queensland
-26.12219,149.9586,,Queensland
-16.518227,145.030136,,Queensland
-27.26117,152.18979,2023.0,Queensland
-26.319291,152.871944,2021.0,Queensland
-27.7197,153.193,2021.0,Queensland
-27.1539,152.72251,1999.0,Queensland
-28.04218,153.20243,1997.0,Queensland
-26.7115,153.038074,2021.0,Queensland
-24.67522,151.95083,,Queensland
-19.26499,146.83029,1974.0,Queensland
-18.701636,138.485,2021.0,Queensland
-17.59046,145.43324,,Queensland
-16.52519,144.94088,2014.0,Queensland
-27.64229,153.070868,2025.0,Queensland
-27.549259,152.199497,2021.0,Queensland
-27.544178,152.861132,2024.0,Queensland
-16.83999,145.60945,1979.0,Queensland
-27.5331,152.817,2023.0,Queensland
-18.32074,145.37792,2022.0,Queensland
-27.576357,151.969502,2022.0,Queensland
-25.545478,152.58135,2023.0,Queensland
-27.917509,152.695013,2021.0,Queensland
-20.46669,147.38131,2006.0,Queensland
-19.32823,146.758956,2024.0,Queensland
-19.6768,147.434,2022.0,Queensland
-27.532837,152.816383,2021.0,Queensland
-28.016787,153.013783,2025.0,Queensland
-21.426274,149.204554,2016.0,Queensland
-26.372378,153.017949,2020.0,Queensland
-22.70665,150.27612,1991.0,Queensland
-26.548793,153.09595,2024.0,Queensland
-14.04014,143.62612,1978.0,Queensland
-18.2511,142.47695,2006.0,Queensland
-23.152672,150.603269,2024.0,Queensland
-24.774445,151.695,1967.0,Queensland
-27.62954,152.90187,1992.0,Queensland
-26.3223,152.829,2022.0,Queensland
-26.54006,152.77607,1994.0,Queensland
-16.522725,145.025145,,Queensland
-24.79207,147.20293,1999.0,Queensland
-17.093125,145.777275,2023.0,Queensland
-17.333333,146.016667,1998.0,Queensland
-27.49,152.744,2021.0,Queensland
-18.222072,144.668119,2019.0,Queensland
-26.65539,152.90685,1999.0,Queensland
-25.534489,152.704335,2025.0,Queensland
-16.515566,145.468274,2020.0,Queensland
-26.94653,152.64806,,Queensland
-23.6011,150.404,2022.0,Queensland
-27.4869,152.051,2021.0,Queensland
-22.38665,146.7064,2009.0,Queensland
-24.964347,148.374725,2023.0,Queensland
-18.70554,138.68394,,Queensland
-18.1065,143.20589,,Queensland
-26.047,151.62933,1999.0,Queensland
-20.7282,139.49,2021.0,Queensland
-27.477569,152.98036,2017.0,Queensland
-19.423496,146.814216,2022.0,Queensland
-19.39844,146.68445,1983.0,Queensland
-17.91749,141.29501,2001.0,Queensland
-16.557625,145.130542,,Queensland
-27.03,153.04,2022.0,Queensland
-23.894005,151.14862,2019.0,Queensland
-23.64832,150.38445,1954.0,Queensland
-16.225445,145.436355,2025.0,Queensland
-27.19006,152.91774,1994.0,Queensland
-27.951074,153.353738,2023.0,Queensland
-26.25797,152.67909,2020.0,Queensland
-17.26499,145.48445,1960.0,Queensland
-27.423055,153.001697,2021.0,Queensland
-21.96499,146.08445,1977.0,Queensland
-12.758588,143.287438,2021.0,Queensland
-27.501729,153.041179,2025.0,Queensland
-26.20673,151.87329,1998.0,Queensland
-26.6227,152.866,2019.0,Queensland
-27.35673,152.82608,1992.0,Queensland
-17.30875,145.459268,2022.0,Queensland
-19.3032,146.811,2020.0,Queensland
-27.534444,152.980556,2023.0,Queensland
-24.96375,148.27603,,Queensland
-12.65,141.86667,1983.0,Queensland
-25.1771,149.00022,2014.0,Queensland
-26.548793,153.09595,2016.0,Queensland
-17.25813,145.57095,2023.0,Queensland
-17.71138,145.39973,2002.0,Queensland
-15.459039,145.180672,2021.0,Queensland
-24.94453,151.53002,1997.0,Queensland
-18.14662,143.21832,,Queensland
-23.28165,150.71778,1972.0,Queensland
-27.529473,152.755383,2021.0,Queensland
-13.03303,142.87642,2014.0,Queensland
-27.0304,153.072,2020.0,Queensland
-26.077322,152.590128,2021.0,Queensland
-19.423303,146.814174,2021.0,Queensland
-26.749356,152.043368,2021.0,Queensland
-26.69589,152.61205,2004.0,Queensland
-27.513936,152.999706,2022.0,Queensland
-27.463982,153.138634,2022.0,Queensland
-27.508083,152.289213,2024.0,Queensland
-21.25204,147.81741,2006.0,Queensland
-17.300472,145.533223,2017.0,Queensland
-28.03101,152.51417,,Queensland
-11.23908,142.12638,,Queensland
-16.51093,145.03217,2016.0,Queensland
-28.04832,148.58445,1976.0,Queensland
-27.159615,152.925262,2018.0,Queensland
-27.80915,153.05473,,Queensland
-19.0788,144.45506,1998.0,Queensland
-16.582854,144.919297,,Queensland
-25.63999,145.80112,1974.0,Queensland
-27.7242,153.008,2021.0,Queensland
-26.533333,153.01666,1957.0,Queensland
-27.778621,153.101324,2014.0,Queensland
-19.10617,146.23979,2016.0,Queensland
-27.44832,153.12612,1974.0,Queensland
-25.249817,152.81052,2022.0,Queensland
-27.8361,153.168,2021.0,Queensland
-26.737104,152.818583,2022.0,Queensland
-26.67198,152.86941,1996.0,Queensland
-25.88285,152.63362,1995.0,Queensland
-16.674555,145.334937,2023.0,Queensland
-24.8982,152.268,2022.0,Queensland
-24.02555,150.62045,1994.0,Queensland
-27.16411,152.23851,,Queensland
-25.17569,150.2036,,Queensland
-26.658902,152.877909,2026.0,Queensland
-26.1135,152.799,2018.0,Queensland
-27.0304,153.072,2017.0,Queensland
-12.715368,143.304187,2022.0,Queensland
-27.528278,152.755529,2021.0,Queensland
-25.78165,152.15112,1966.0,Queensland
-15.42332,143.50112,1970.0,Queensland
-27.8361,153.169,2021.0,Queensland
-25.623121,151.608706,2017.0,Queensland
-17.818841,146.08791,2025.0,Queensland
-19.89221,146.20834,,Queensland
-28.12339,152.95941,1992.0,Queensland
-25.44832,150.46778,1961.0,Queensland
-21.94155,148.73159,,Queensland
-26.588325,153.007449,2021.0,Queensland
-24.91535,150.09783,,Queensland
-26.79646,152.87049,2016.0,Queensland
-13.40915,142.32763,1993.0,Queensland
-26.700861,152.87215,2025.0,Queensland
-28.058734,153.337986,2023.0,Queensland
-27.661185,153.096321,2022.0,Queensland
-27.4931,153.06431,2010.0,Queensland
-26.457,152.95,2018.0,Queensland
-27.3872,152.965,2022.0,Queensland
-26.839145,152.967072,2026.0,Queensland
-20.35101,148.72723,,Queensland
-26.71882,153.023028,2023.0,Queensland
-25.536441,152.100236,2021.0,Queensland
-21.9223,146.61,2021.0,Queensland
-26.62339,152.8594,1993.0,Queensland
-26.914015,152.763147,2020.0,Queensland
-27.9698,153.369,2021.0,Queensland
-26.6335,152.859,2020.0,Queensland
-16.084271,145.461951,2022.0,Queensland
-27.45673,152.54275,1992.0,Queensland
-26.717713,152.90087,2022.0,Queensland
-16.89952,145.748173,2021.0,Queensland
-27.6923,152.887,2021.0,Queensland
-26.4563,152.999,2019.0,Queensland
-17.434172,145.012937,,Queensland
-26.50673,153.09273,1992.0,Queensland
-13.93675,143.55569,,Queensland
-26.753935,153.031692,2021.0,Queensland
-28.058239,153.338081,2023.0,Queensland
-26.4714,152.948,2021.0,Queensland
-17.45663,141.20599,,Queensland
-26.38839,152.72477,2006.0,Queensland
-27.0345,153.052,2021.0,Queensland
-25.392513,153.030404,2024.0,Queensland
-25.076116,147.878137,2018.0,Queensland
-27.494056,153.065138,2020.0,Queensland
-26.6336,152.859,2020.0,Queensland
-16.525725,145.006184,,Queensland
-16.922633,145.769988,2025.0,Queensland
-16.346741,145.409989,2021.0,Queensland
-23.02961,150.70484,2005.0,Queensland
-27.55639,151.98304,2022.0,Queensland
-27.989857,153.330963,2025.0,Queensland
-24.993421,152.020228,2021.0,Queensland
-17.354467,146.02357,2020.0,Queensland
-25.620775,151.626383,2018.0,Queensland
-27.50672,152.92607,1993.0,Queensland
-27.42339,153.1594,1994.0,Queensland
-25.203,152.355,2021.0,Queensland
-26.668871,153.105748,2023.0,Queensland
-18.01249,141.93668,2001.0,Queensland
-26.55673,152.96773,1995.0,Queensland
-27.416797,153.029277,2025.0,Queensland
-27.612,152.734,2021.0,Queensland
-27.570072,153.136086,2023.0,Queensland
-27.439436,152.92203,2024.0,Queensland
-27.532,152.457,2022.0,Queensland
-23.795124,149.071408,2016.0,Queensland
-27.417,153.017,1977.0,Queensland
-27.390907,153.161935,2020.0,Queensland
-27.899739,153.020975,2021.0,Queensland
-20.071664,146.259962,2025.0,Queensland
-27.3876,152.997,2022.0,Queensland
-27.164353,152.942162,2018.0,Queensland
-23.17817,144.26254,2011.0,Queensland
-27.92339,153.17607,,Queensland
-27.369594,153.034122,2026.0,Queensland
-27.444433,152.964072,2024.0,Queensland
-24.37663,151.0346,2005.0,Queensland
-16.823362,145.641297,2026.0,Queensland
-19.423466,146.814227,2020.0,Queensland
-28.211061,153.23486,2022.0,Queensland
-19.14112,146.12814,2016.0,Queensland
-23.217,150.79,2022.0,Queensland
-18.212875,142.710678,,Queensland
-16.819387,145.630128,2024.0,Queensland
-14.74111,142.29223,,Queensland
-24.38597,151.00637,1998.0,Queensland
-24.94609,150.97183,,Queensland
-27.55665,152.27195,1974.0,Queensland
-26.352867,153.051436,2025.0,Queensland
-16.138344,145.440611,2016.0,Queensland
-19.423515,146.814317,2018.0,Queensland
-26.70289,152.46718,1998.0,Queensland
-26.39034,150.44702,,Queensland
-11.74849,142.58446,1993.0,Queensland
-16.51093,145.03217,2016.0,Queensland
-18.211594,142.697704,,Queensland
-16.543571,145.128185,,Queensland
-16.9,145.6,2022.0,Queensland
-24.3926,148.426,2022.0,Queensland
-26.688629,152.95973,2023.0,Queensland
-26.6509,152.931,2022.0,Queensland
-24.86499,151.11778,1950.0,Queensland
-14.15,143.3667,1981.0,Queensland
-25.6723,152.578,2022.0,Queensland
-25.51731,148.73528,2003.0,Queensland
-19.422388,146.813889,2022.0,Queensland
-25.87859,152.6398,,Queensland
-26.16686,150.44711,,Queensland
-18.14662,143.21832,,Queensland
-20.8845,139.45259,2010.0,Queensland
-27.29812,152.41914,1995.0,Queensland
-12.76948,143.28363,1993.0,Queensland
-25.768833,152.501699,2024.0,Queensland
-27.392296,152.859036,2025.0,Queensland
-16.582854,144.919297,,Queensland
-16.51093,145.03217,2016.0,Queensland
-27.79005,153.34274,1994.0,Queensland
-17.285992,145.63562,2025.0,Queensland
-16.9201,145.411,2019.0,Queensland
-26.75116,152.771075,2022.0,Queensland
-24.3937,151.313,2021.0,Queensland
-17.010263,145.583153,2024.0,Queensland
-12.60265,143.40946,1991.0,Queensland
-18.266666,146.01666,1967.0,Queensland
-24.57646,152.03967,1997.0,Queensland
-26.715591,153.062621,2020.0,Queensland
-26.4571,152.95,2020.0,Queensland
-26.903562,152.58537,2021.0,Queensland
-22.66499,149.78445,1974.0,Queensland
-16.51093,145.03217,2016.0,Queensland
-27.533,152.817,2021.0,Queensland
-24.947102,152.270915,2022.0,Queensland
-27.316493,153.063696,2022.0,Queensland
-27.607396,153.156494,2024.0,Queensland
-24.76499,152.41778,1974.0,Queensland
-27.94338,153.238047,2018.0,Queensland
-26.22071,152.87614,2018.0,Queensland
-16.588994,144.923428,,Queensland
-22.75999,150.38112,1991.0,Queensland
-25.74947,152.36849,1997.0,Queensland
-23.65674,150.99275,1992.0,Queensland
-16.902843,145.748502,2018.0,Queensland
-17.58526,143.81473,2015.0,Queensland
-18.30054,143.35167,1997.0,Queensland
-27.69867,153.4169,2000.0,Queensland
-27.0346,153.086,2022.0,Queensland
-17.41996,145.010408,,Queensland
-26.624838,152.864745,2021.0,Queensland
-11.62265,142.85013,1993.0,Queensland
-27.46499,152.98445,1973.0,Queensland
-16.5556,145.11067,2014.0,Queensland
-24.38157,151.01531,2004.0,Queensland
-25.6733,152.579,2019.0,Queensland
-26.1134,152.799,2021.0,Queensland
-26.737044,152.818519,2022.0,Queensland
-17.91276,141.28306,2001.0,Queensland
-25.539727,152.696112,2022.0,Queensland
-26.372725,153.01775,2020.0,Queensland
-12.63315,143.41112,1993.0,Queensland
-28.073573,152.420454,2009.0,Queensland
-26.109005,151.544231,2022.0,Queensland
-27.49658,153.012375,2025.0,Queensland
-12.65,141.88333,1983.0,Queensland
-26.85673,152.82607,,Queensland
-20.10277,148.48084,,Queensland
-27.5324,153.088943,2014.0,Queensland
-18.80004,143.46862,,Queensland
-27.6,152.9,2023.0,Queensland
-26.85859,152.66412,1997.0,Queensland
-26.025,153.058333,1970.0,Queensland
-27.5329,152.817,2021.0,Queensland
-11.65032,142.45713,1993.0,Queensland
-22.81843,147.61361,,Queensland
-21.12917,148.15331,2012.0,Queensland
-25.34568,149.05392,2014.0,Queensland
-28.0152,153.378,2021.0,Queensland
-27.5323,152.816,2023.0,Queensland
-27.529153,153.042679,2022.0,Queensland
-19.5732,140.07396,2001.0,Queensland
-19.423201,146.814003,2023.0,Queensland
-18.425086,146.324814,2023.0,Queensland
-26.3074,152.008,2021.0,Queensland
-26.48448,152.77728,2007.0,Queensland
-28.005356,153.345579,2026.0,Queensland
-17.839444,145.715833,2002.0,Queensland
-12.746959,143.281808,2024.0,Queensland
-27.97955,153.325503,2023.0,Queensland
-27.441164,152.924296,2023.0,Queensland
-27.6281,152.89,2022.0,Queensland
-21.1667,149.1917,1971.0,Queensland
-26.92339,152.67607,,Queensland
-26.792,149.739,2020.0,Queensland
-28.04924,152.38345,1997.0,Queensland
-19.09988,146.44332,2002.0,Queensland
-26.45673,153.04273,1992.0,Queensland
-12.65,141.86667,1983.0,Queensland
-25.789477,152.695213,2021.0,Queensland
-25.392098,153.028467,2019.0,Queensland
-21.18169,149.19141,1971.0,Queensland
-27.056325,152.828277,2021.0,Queensland
-19.315371,146.768201,2023.0,Queensland
-17.29727,145.42516,1996.0,Queensland
-24.8502,152.337,2021.0,Queensland
-27.8489,153.162,2022.0,Queensland
-26.5885,153.02,2021.0,Queensland
-25.96274,150.45761,2002.0,Queensland
-27.3896,152.504,2020.0,Queensland
-27.8238,153.046,2023.0,Queensland
-19.424235,146.81539,2019.0,Queensland
-23.398696,150.48804,2023.0,Queensland
-25.9515,152.636,2021.0,Queensland
-24.60334,151.54953,,Queensland
-25.353055,152.894333,2022.0,Queensland
-27.0491,153.105,2023.0,Queensland
-19.313447,146.632328,2025.0,Queensland
-19.131458,146.87082,2025.0,Queensland
-19.304797,146.781283,2020.0,Queensland
-18.99832,146.20112,1974.0,Queensland
-19.06843,146.44535,1997.0,Queensland
-24.392989,148.42662,2020.0,Queensland
-23.033333,144.516667,2000.0,Queensland
-19.425946,146.815407,2020.0,Queensland
-26.28165,152.50112,1974.0,Queensland
-26.93422,152.67107,,Queensland
-27.07678,153.1805,2015.0,Queensland
-26.506284,153.090478,2025.0,Queensland
-26.673259,152.86752,2026.0,Queensland
-26.6336,152.859,2021.0,Queensland
-24.38569,151.00039,1998.0,Queensland
-26.11499,151.83445,1960.0,Queensland
-17.87721,144.93223,2001.0,Queensland
-25.6987,152.625,2020.0,Queensland
-24.19841,151.80106,1982.0,Queensland
-27.55665,153.25945,1974.0,Queensland
-27.54532,152.70886,2004.0,Queensland
-24.3423,150.95117,2017.0,Queensland
-15.4653,142.78014,1993.0,Queensland
-25.6946,152.618,2021.0,Queensland
-24.32605,150.94099,1997.0,Queensland
-19.319483,146.680307,2018.0,Queensland
-27.936354,152.636193,2021.0,Queensland
-27.996142,152.426146,2023.0,Queensland
-27.3546,153.067,2021.0,Queensland
-28.1504,153.325,2020.0,Queensland
-21.62815,148.10348,,Queensland
-16.7822,145.684,2022.0,Queensland
-11.70332,142.86013,1993.0,Queensland
-15.507203,145.228012,2025.0,Queensland
-25.35451,151.87996,1996.0,Queensland
-26.790513,152.945748,2022.0,Queensland
-26.40064,153.083351,2021.0,Queensland
-27.30673,152.89274,,Queensland
-17.1704,144.51338,2018.0,Queensland
-25.900596,153.062902,2021.0,Queensland
-26.760936,152.785296,2023.0,Queensland
-19.423502,146.814314,2019.0,Queensland
-26.84832,150.78445,1979.0,Queensland
-26.51592,150.49635,2010.0,Queensland
-28.111292,153.254945,2020.0,Queensland
-17.285954,145.635329,2024.0,Queensland
-27.859873,153.231827,2026.0,Queensland
-25.6726,152.577,2022.0,Queensland
-22.75649,150.71431,,Queensland
-27.398281,153.075055,2020.0,Queensland
-16.902666,145.749646,2025.0,Queensland
-23.490677,150.474741,2022.0,Queensland
-27.67339,153.1594,1993.0,Queensland
-19.423561,146.814156,2021.0,Queensland
-15.71,145.27,1968.0,Queensland
-26.71126,152.62004,1998.0,Queensland
-16.550288,145.130575,,Queensland
-27.19016,152.946724,2024.0,Queensland
-25.88344,152.61902,1995.0,Queensland
-16.213995,145.404708,2024.0,Queensland
-28.04924,152.38345,1998.0,Queensland
-24.865568,152.371702,2015.0,Queensland
-18.79762,143.44528,,Queensland
-26.766397,152.851242,2025.0,Queensland
-27.710709,152.432413,2022.0,Queensland
-27.5863,153.305,2018.0,Queensland
-13.93193,143.55563,,Queensland
-26.85023,150.13731,2009.0,Queensland
-27.6782,152.923,2020.0,Queensland
-28.054151,153.112443,2020.0,Queensland
-27.607327,153.035973,2026.0,Queensland
-23.490802,150.474813,2024.0,Queensland
-16.796914,145.573045,2022.0,Queensland
-16.831619,145.635855,2026.0,Queensland
-26.57055,152.67573,1999.0,Queensland
-19.436368,146.947629,2011.0,Queensland
-23.490237,150.472632,2023.0,Queensland
-19.04832,140.02695,2003.0,Queensland
-23.19819,149.77535,1999.0,Queensland
-26.9874,152.803,2022.0,Queensland
-16.7656,145.667,2023.0,Queensland
-23.55665,143.66779,1974.0,Queensland
-25.6989,152.625,2022.0,Queensland
-27.746357,152.950966,2022.0,Queensland
-27.367355,152.856561,2022.0,Queensland
-14.06581,143.31713,1979.0,Queensland
-19.439517,146.952154,2012.0,Queensland
-24.35881,151.01559,1998.0,Queensland
-16.798231,145.710121,2026.0,Queensland
-17.421208,144.999244,,Queensland
-26.85974,153.03676,1995.0,Queensland
-16.767644,145.528248,2023.0,Queensland
-19.99844,146.23446,,Queensland
-27.379751,153.020306,2024.0,Queensland
-26.91471,152.76085,,Queensland
-27.520979,153.104558,2024.0,Queensland
-12.65,141.86667,1983.0,Queensland
-16.899052,145.747571,2023.0,Queensland
-23.2945,150.659,2021.0,Queensland
-27.473862,153.519432,2025.0,Queensland
-18.56749,143.92195,2015.0,Queensland
-25.88344,152.61902,1995.0,Queensland
-27.309451,152.958447,2025.0,Queensland
-27.39006,153.14274,1992.0,Queensland
-24.57856,152.06113,1997.0,Queensland
-17.43165,145.20112,1974.0,Queensland
-20.95888,148.85251,1993.0,Queensland
-27.6241,153.097,2021.0,Queensland
-18.09026,144.47362,2004.0,Queensland
-17.098221,145.783071,2018.0,Queensland
-27.531614,152.975485,2024.0,Queensland
-26.68082,153.137512,2023.0,Queensland
-26.6642,153.1,2021.0,Queensland
-26.81821,152.83804,,Queensland
-23.91499,150.20112,1962.0,Queensland
-22.594973,144.539009,2022.0,Queensland
-21.08734,149.21791,,Queensland
-26.67612,152.74315,2005.0,Queensland
-27.124018,152.91434,2022.0,Queensland
-25.88112,152.61913,,Queensland
-27.096686,152.827083,2022.0,Queensland
-21.67834,148.02852,,Queensland
-27.82221,153.41639,2000.0,Queensland
-26.23999,152.88445,1992.0,Queensland
-17.0082,145.398,2019.0,Queensland
-27.4737,152.484,2021.0,Queensland
-17.139,145.434,2021.0,Queensland
-25.96583,152.08872,1997.0,Queensland
-27.278994,152.660617,2024.0,Queensland
-24.84832,152.33445,1974.0,Queensland
-28.264702,152.74342,2026.0,Queensland
-27.122109,153.044902,2022.0,Queensland
-24.839422,152.473008,2022.0,Queensland
-19.42339,146.814186,2020.0,Queensland
-19.929719,138.116218,2022.0,Queensland
-23.490712,150.47439,2023.0,Queensland
-12.69615,143.33296,1993.0,Queensland
-24.714058,150.989878,2024.0,Queensland
-27.89006,153.24691,1991.0,Queensland
-14.99463,145.32311,1995.0,Queensland
-25.55526,153.0639,,Queensland
-22.84832,150.63445,1974.0,Queensland
-26.691604,152.89421,2023.0,Queensland
-26.828274,153.109331,2021.0,Queensland
-19.53665,144.20612,,Queensland
-25.114831,152.563524,2024.0,Queensland
-18.240211,145.989245,2019.0,Queensland
-17.5417,145.51925,2023.0,Queensland
-23.8542,151.259,2023.0,Queensland
-27.524317,153.011566,2025.0,Queensland
-26.790522,152.945668,2022.0,Queensland
-16.8055,145.63608,2011.0,Queensland
-27.6,152.8,2021.0,Queensland
-19.733124,147.154319,2020.0,Queensland
-28.027688,153.185409,2022.0,Queensland
-26.798576,152.727901,2025.0,Queensland
-27.096372,152.826444,2023.0,Queensland
-27.947455,153.194373,2024.0,Queensland
-19.23165,146.39279,1991.0,Queensland
-15.88497,143.5133,1993.0,Queensland
-27.542583,153.054672,2026.0,Queensland
-27.6734,152.05942,,Queensland
-24.2199,151.864,2021.0,Queensland
-27.06059,153.17323,2012.0,Queensland
-18.61354,146.4921,2012.0,Queensland
-18.24832,140.53445,1975.0,Queensland
-26.398558,153.02541,2019.0,Queensland
-24.88165,151.11778,1954.0,Queensland
-18.216162,142.688066,,Queensland
-27.536944,153.041079,2026.0,Queensland
-25.31285,151.89301,1996.0,Queensland
-19.07273,146.02252,2010.0,Queensland
-16.525725,145.006184,,Queensland
-26.855352,152.986757,2022.0,Queensland
-20.163802,148.327947,2023.0,Queensland
-26.27093,150.96151,,Queensland
-26.74916,153.05279,2003.0,Queensland
-21.30943,149.29279,2000.0,Queensland
-26.70673,153.1094,1992.0,Queensland
-27.276601,152.909671,2018.0,Queensland
-18.854392,146.127949,2011.0,Queensland
-26.685467,153.048997,2026.0,Queensland
-27.335164,152.765614,2024.0,Queensland
-16.93776,145.76612,1984.0,Queensland
-26.60673,153.1094,1993.0,Queensland
-26.683332,152.96666,,Queensland
-27.401426,153.078494,2025.0,Queensland
-27.533524,152.93886,2023.0,Queensland
-23.73267,149.78072,,Queensland
-26.6335,152.859,2022.0,Queensland
-24.41498,151.01577,1998.0,Queensland
-26.654348,152.001481,2022.0,Queensland
-25.6733,152.575,2021.0,Queensland
-24.35715,150.9621,2023.0,Queensland
-26.4561,152.999,2019.0,Queensland
-27.474567,153.02852,2025.0,Queensland
-23.12369,150.73886,1997.0,Queensland
-26.39004,149.92345,,Queensland
-25.88112,152.61913,1995.0,Queensland
-19.275,146.737,2022.0,Queensland
-23.495805,150.46937,2023.0,Queensland
-26.548793,153.09595,2023.0,Queensland
-26.408348,152.989024,2020.0,Queensland
-21.101245,148.843748,2021.0,Queensland
-27.703742,152.356747,2022.0,Queensland
-20.038865,141.114322,2025.0,Queensland
-26.493871,152.749367,2021.0,Queensland
-17.43985,145.02373,,Queensland
-19.422966,146.814718,2023.0,Queensland
-26.506284,153.090478,2020.0,Queensland
-28.1699,153.193,2022.0,Queensland
-23.68999,149.81778,1966.0,Queensland
-27.277313,153.024624,2023.0,Queensland
-20.88165,144.38445,1974.0,Queensland
-28.00673,152.67608,1992.0,Queensland
-24.3344,150.94307,2023.0,Queensland
-27.159773,152.925183,2018.0,Queensland
-13.39832,142.88445,1979.0,Queensland
-14.98431,145.28142,1995.0,Queensland
-20.6951,148.628,2020.0,Queensland
-24.41338,151.03849,1994.0,Queensland
-27.51443,152.50796,1996.0,Queensland
-21.922225,149.464611,2024.0,Queensland
-21.12206,148.13199,2012.0,Queensland
-27.3893,152.504,2020.0,Queensland
-13.42462,142.48705,2015.0,Queensland
-18.796385,143.42447,2025.0,Queensland
-26.711491,153.038042,2020.0,Queensland
-17.3453,145.921,2022.0,Queensland
-20.6944,148.629,2020.0,Queensland
-27.292349,152.961667,2022.0,Queensland
-25.672,152.579,2021.0,Queensland
-26.400657,153.082882,2021.0,Queensland
-27.08144,152.70342,,Queensland
-16.529876,145.021812,,Queensland
-25.45726,152.63136,2003.0,Queensland
-27.546074,152.826997,2022.0,Queensland
-27.475766,152.976473,2025.0,Queensland
-26.16621,152.31573,2009.0,Queensland
-17.672644,141.072548,2026.0,Queensland
-27.6331,153.302,2021.0,Queensland
-26.6787,151.952,2021.0,Queensland
-16.565063,145.22153,,Queensland
-28.10667,153.1035,2007.0,Queensland
-28.126781,153.22947,2019.0,Queensland
-18.58165,146.28445,1939.0,Queensland
-16.559807,145.214533,,Queensland
-27.4869,152.051,2020.0,Queensland
-13.98398,143.52678,,Queensland
-12.65,141.86667,1983.0,Queensland
-13.96159,143.20964,2013.0,Queensland
-27.20672,153.07607,1992.0,Queensland
-16.35046,145.367594,2010.0,Queensland
-28.0639,153.164,2023.0,Queensland
-25.11879,152.0875,1997.0,Queensland
-25.1833,150.18804,2000.0,Queensland
-15.462778,142.169722,1993.0,Queensland
-12.65,141.86667,1983.0,Queensland
-26.72867,153.0894,1993.0,Queensland
-19.148572,146.810728,2026.0,Queensland
-27.91915,152.78417,2006.0,Queensland
-25.0713,152.2564,2021.0,Queensland
-27.33165,152.75945,1974.0,Queensland
-19.0788,144.45506,1998.0,Queensland
-18.199358,144.570946,2026.0,Queensland
-23.81841,151.09552,1992.0,Queensland
-21.96024,148.69734,,Queensland
-18.65249,138.56668,2017.0,Queensland
-27.1624,152.937,2021.0,Queensland
-27.1652,152.941,2021.0,Queensland
-27.328332,152.926978,2023.0,Queensland
-26.83409,153.08707,2006.0,Queensland
-16.525725,145.006184,,Queensland
-17.308004,145.690827,2008.0,Queensland
-26.6937,152.867,2021.0,Queensland
-27.5328,152.816,2022.0,Queensland
-26.97211,150.55349,2008.0,Queensland
-27.40068,152.80109,2013.0,Queensland
-26.39194,150.16227,2014.0,Queensland
-26.76236,152.53137,1994.0,Queensland
-11.95579,142.93338,2017.0,Queensland
-25.699,152.624,2023.0,Queensland
-28.054398,153.11233,2021.0,Queensland
-28.00673,152.67608,1992.0,Queensland
-16.636,145.327,2018.0,Queensland
-16.658024,145.262623,,Queensland
-17.191242,145.664445,2025.0,Queensland
-16.840543,145.602785,2025.0,Queensland
-26.7905,152.945715,2022.0,Queensland
-18.98165,145.11778,1974.0,Queensland
-15.78596,145.24278,1976.0,Queensland
-27.342747,153.096847,2025.0,Queensland
-25.389721,153.028902,2024.0,Queensland
-26.548793,153.09595,2017.0,Queensland
-26.737103,152.818486,2020.0,Queensland
-27.436847,153.000733,2023.0,Queensland
-27.549196,153.033069,2019.0,Queensland
-25.866325,152.578462,2024.0,Queensland
-26.90673,152.97607,1992.0,Queensland
-26.955529,152.955757,2022.0,Queensland
-26.737085,152.818585,2020.0,Queensland
-16.903014,145.749431,2021.0,Queensland
-27.60665,152.70945,1973.0,Queensland
-18.44086,146.32458,2016.0,Queensland
-21.1667,149.1917,1971.0,Queensland
-27.56499,151.95112,2000.0,Queensland
-17.147496,144.529281,2020.0,Queensland
-17.429138,145.486008,2025.0,Queensland
-25.757837,152.955154,2012.0,Queensland
-27.489544,153.132156,2023.0,Queensland
-27.158979,152.936639,2021.0,Queensland
-17.41996,145.010408,,Queensland
-26.070448,152.252092,2022.0,Queensland
-27.516667,152.966667,1977.0,Queensland
-27.5328,152.816,2021.0,Queensland
-27.36202,153.09339,,Queensland
-27.393261,153.073242,2022.0,Queensland
-25.6989,152.625,2020.0,Queensland
-16.52519,144.94088,2014.0,Queensland
-27.465,152.875,2003.0,Queensland
-25.6722,152.578,2022.0,Queensland
-28.04913,152.39607,,Queensland
-26.927856,152.606601,2020.0,Queensland
-27.55246,152.54325,1996.0,Queensland
-26.271129,152.857344,2025.0,Queensland
-22.6985727,147.550842,1997.0,Queensland
-15.45931,142.16564,1993.0,Queensland
-26.10894,151.544147,2021.0,Queensland
-27.379343,153.026574,2022.0,Queensland
-27.6985,152.93,2021.0,Queensland
-26.766912,152.987064,2021.0,Queensland
-27.6552,152.03138,,Queensland
-26.4547,153.028,2018.0,Queensland
-19.90054,144.26917,2022.0,Queensland
-21.844,148.015,2022.0,Queensland
-25.897,152.599,2021.0,Queensland
-26.548793,153.09595,2021.0,Queensland
-21.06915,148.6389,1994.0,Queensland
-26.77339,152.99273,,Queensland
-27.218684,153.029577,2024.0,Queensland
-24.99082,152.47223,2006.0,Queensland
-27.6658,152.925,2021.0,Queensland
-28.119282,153.232257,2024.0,Queensland
-27.360352,152.939522,2022.0,Queensland
-26.548793,153.09595,2019.0,Queensland
-27.80092,153.28615,2012.0,Queensland
-27.354142,152.904434,2021.0,Queensland
-26.452867,152.868483,2020.0,Queensland
-26.388613,153.09175,2025.0,Queensland
-27.362383,152.8544,2026.0,Queensland
-26.2661,152.621,2022.0,Queensland
-27.529514,152.755441,2022.0,Queensland
-21.95947,148.69491,,Queensland
-26.826808,152.979392,2022.0,Queensland
-16.9187,145.418,2019.0,Queensland
-16.800637,145.612562,2022.0,Queensland
-18.77332,146.15112,1974.0,Queensland
-26.64117,148.752,2021.0,Queensland
-27.543196,153.063171,2023.0,Queensland
-23.52341,150.32331,1983.0,Queensland
-16.900095,145.749237,2025.0,Queensland
-27.444262,152.314178,2023.0,Queensland
-18.70721,138.64675,,Queensland
-14.99647,145.28025,1995.0,Queensland
-27.963776,153.193019,2020.0,Queensland
-28.0771,153.378,2023.0,Queensland
-27.5329,152.817,2023.0,Queensland
-27.46499,151.95112,1974.0,Queensland
-27.6657,152.924,2023.0,Queensland
-24.709638,152.258997,2020.0,Queensland
-16.609452,144.918392,,Queensland
-24.40639,151.04943,2008.0,Queensland
-14.74111,142.29223,,Queensland
-26.3641,152.68,2022.0,Queensland
-26.367595,151.662301,2021.0,Queensland
-26.320987,152.394695,2020.0,Queensland
-20.35101,148.72723,,Queensland
-25.31665,151.05001,2001.0,Queensland
-26.460604,152.947102,2021.0,Queensland
-28.15451,153.17066,2008.0,Queensland
-19.471691,146.990656,2024.0,Queensland
-27.4014,152.80079,2006.0,Queensland
-25.114831,152.563524,2024.0,Queensland
-18.091122,144.426274,2021.0,Queensland
-18.70743,138.48042,2017.0,Queensland
-24.35715,150.9621,2016.0,Queensland
-16.79842,145.695259,2021.0,Queensland
-27.438,152.867231,2024.0,Queensland
-27.411378,152.979858,2022.0,Queensland
-17.45776,145.27862,2003.0,Queensland
-21.367854,144.643052,2020.0,Queensland
-23.0424,150.689,2020.0,Queensland
-27.45141,153.44458,2012.0,Queensland
-28.04924,152.38345,1998.0,Queensland
-22.933333,148.1,1994.0,Queensland
-27.210456,153.026139,2021.0,Queensland
-27.123226,152.864829,2022.0,Queensland
-27.301809,153.050412,2021.0,Queensland
-27.32339,153.04274,1992.0,Queensland
-27.44799,153.11501,2011.0,Queensland
-19.3354,146.512,2022.0,Queensland
-17.005,145.5675,2024.0,Queensland
-27.386848,152.906052,2025.0,Queensland
-27.614,153.276,2018.0,Queensland
-24.64624,151.70448,,Queensland
-26.595178,152.912872,2025.0,Queensland
-26.715997,152.822233,2024.0,Queensland
-26.95388,152.78885,,Queensland
-25.32895,151.42727,,Queensland
-20.55665,148.60112,1996.0,Queensland
-27.553378,153.247127,2022.0,Queensland
-17.30166,145.42033,1994.0,Queensland
-18.979991,146.255773,2023.0,Queensland
-25.93129,152.606083,2025.0,Queensland
-17.42584,145.486772,2025.0,Queensland
-10.894012,142.385818,2025.0,Queensland
-27.6,152.9,2021.0,Queensland
-27.00868,152.92446,2018.0,Queensland
-26.77339,152.99273,1992.0,Queensland
-26.1624,151.604,2022.0,Queensland
-26.407755,152.989611,2020.0,Queensland
-19.423152,146.814475,2022.0,Queensland
-19.22499,140.37668,2003.0,Queensland
-27.90421,153.11108,,Queensland
-27.435615,153.149327,2025.0,Queensland
-23.378587,150.484757,2023.0,Queensland
-20.284064,148.771721,2024.0,Queensland
-27.52084,153.143701,2021.0,Queensland
-27.64006,152.85941,1993.0,Queensland
-16.805006,145.631466,2023.0,Queensland
-28.03867,153.13631,1997.0,Queensland
-16.533781,145.470602,2021.0,Queensland
-25.6987,152.625,2020.0,Queensland
-13.41117,142.60984,2015.0,Queensland
-12.65,141.86667,1983.0,Queensland
-26.262362,152.602744,2020.0,Queensland
-25.190665,151.963008,2022.0,Queensland
-13.89381,143.24246,1978.0,Queensland
-28.164002,153.255132,2025.0,Queensland
-27.5318726,152.9674601,2005.0,Queensland
-26.2114,152.721723,2022.0,Queensland
-19.20578,146.753967,2024.0,Queensland
-26.4564,152.999,2018.0,Queensland
-27.28165,152.96778,1964.0,Queensland
-26.379165,152.711179,2020.0,Queensland
-27.6,153.216667,1997.0,Queensland
-27.533237,152.857195,2024.0,Queensland
-16.543571,145.128185,,Queensland
-27.377619,153.092769,2020.0,Queensland
-28.17339,152.65942,1992.0,Queensland
-22.3667,149.45,1993.0,Queensland
-24.106863,143.186237,2018.0,Queensland
-27.32339,153.02607,1992.0,Queensland
-16.564531,145.122802,,Queensland
-25.6988,152.625,2021.0,Queensland
-25.87678,152.64367,,Queensland
-27.490105,153.432379,2023.0,Queensland
-13.93193,143.55563,,Queensland
-17.18332,144.49723,2000.0,Queensland
-27.64006,153.37607,1994.0,Queensland
-27.0407,153.084,2022.0,Queensland
-17.43943,145.45779,2016.0,Queensland
-24.167351,151.88237,2022.0,Queensland
-21.9221,146.61,2021.0,Queensland
-16.74672,145.668792,2025.0,Queensland
-25.422209,152.535954,2021.0,Queensland
-27.5315,152.975,2021.0,Queensland
-19.315363,146.768332,2023.0,Queensland
-27.495497,153.402803,2023.0,Queensland
-26.798835,152.788147,2021.0,Queensland
-27.465,152.875,2004.0,Queensland
-27.30507,152.96316,2025.0,Queensland
-10.69415,142.53029,1995.0,Queensland
-20.058271,148.889717,2003.0,Queensland
-27.3061,153.055,2023.0,Queensland
-27.846658,153.222156,2022.0,Queensland
-28.011173,153.160265,2024.0,Queensland
-26.52339,153.0094,1993.0,Queensland
-19.1783,145.92486,2016.0,Queensland
-17.9986,145.44558,2017.0,Queensland
-27.597945,153.097696,2021.0,Queensland
-17.001993,145.56853,2014.0,Queensland
-25.61499,152.31778,1974.0,Queensland
-16.848724,145.694909,2018.0,Queensland
-26.50088,152.85829,2003.0,Queensland
-16.084674,145.459162,2021.0,Queensland
-22.848025,150.731853,2016.0,Queensland
-20.53165,145.40112,1963.0,Queensland
-26.548793,153.09595,2018.0,Queensland
-27.496282,152.942402,2025.0,Queensland
-19.33149,146.88667,1995.0,Queensland
-18.685852,138.534047,2020.0,Queensland
-27.45792,152.883347,2025.0,Queensland
-20.271651,148.722232,2025.0,Queensland
-25.362286,152.895795,2023.0,Queensland
-27.549351,153.059372,2025.0,Queensland
-25.87545,153.07732,2006.0,Queensland
-21.96212,148.70955,,Queensland
-27.37339,152.97607,,Queensland
-27.490255,153.180595,2022.0,Queensland
-27.69006,152.90941,1993.0,Queensland
-27.3349,152.765861,2025.0,Queensland
-27.694875,153.13391,2022.0,Queensland
-28.054368,153.112495,2019.0,Queensland
-26.367555,151.662461,2021.0,Queensland
-27.494833,152.749853,2023.0,Queensland
-27.67339,153.1594,1992.0,Queensland
-26.26167,152.79693,2020.0,Queensland
-27.7,152.9,2021.0,Queensland
-26.13465,153.0512,2008.0,Queensland
-27.479088,152.928681,2023.0,Queensland
-23.136237,150.734297,2023.0,Queensland
-26.583758,148.797932,2020.0,Queensland
-27.40138,152.78834,2006.0,Queensland
-16.585887,144.907309,,Queensland
-27.98165,153.35112,1972.0,Queensland
-27.04118,153.18837,2008.0,Queensland
-27.491097,153.429763,2025.0,Queensland
-17.6653,145.424,2018.0,Queensland
-28.137553,153.488647,2024.0,Queensland
-27.65488,152.00964,,Queensland
-26.760438,152.851298,2025.0,Queensland
-27.6237,152.887,2021.0,Queensland
-16.087494,145.463156,2024.0,Queensland
-26.66912,152.74406,2005.0,Queensland
-27.080833,152.708333,1996.0,Queensland
-28.063611,152.366111,2007.0,Queensland
-17.512373,145.6117,2023.0,Queensland
-27.920837,153.164598,2024.0,Queensland
-28.035,153.386,2022.0,Queensland
-16.524013,145.462731,2022.0,Queensland
-25.545773,152.582075,2026.0,Queensland
-26.8135,153.08,2020.0,Queensland
-17.29388,145.47334,,Queensland
-17.008743,145.397771,2020.0,Queensland
-23.85,151.26666,1964.0,Queensland
-17.913879,146.070824,2021.0,Queensland
-27.0471,153.10817,2024.0,Queensland
-27.48992,152.15881,2013.0,Queensland
-27.0406,153.104,2021.0,Queensland
-26.745514,152.81738,2021.0,Queensland
-27.5755,153.206,2018.0,Queensland
-28.14812,153.04283,2002.0,Queensland
-26.108983,151.544324,2023.0,Queensland
-16.78653,145.696405,2025.0,Queensland
-27.445727,153.02141,2022.0,Queensland
-25.0484,152.0969,1994.0,Queensland
-23.166667,150.683333,1990.0,Queensland
-27.498736,152.956935,2026.0,Queensland
-16.522725,145.025145,,Queensland
-27.3623,153.06,2021.0,Queensland
-15.6243,145.22,2018.0,Queensland
-16.58939,145.22688,2014.0,Queensland
-27.450593,153.135122,2025.0,Queensland
-24.41725,151.05123,2004.0,Queensland
-19.171112,146.54639,2003.0,Queensland
-24.60729,151.30469,2005.0,Queensland
-19.07822,146.06739,2007.0,Queensland
-19.423671,146.814005,2022.0,Queensland
-27.52339,153.2594,1992.0,Queensland
-26.745482,152.817368,2020.0,Queensland
-15.17874,144.3489,1979.0,Queensland
-25.534461,152.704135,2021.0,Queensland
-26.364393,152.939863,2023.0,Queensland
-26.738186,152.817148,2018.0,Queensland
-16.498499,145.466986,2022.0,Queensland
-16.225763,145.437928,2025.0,Queensland
-19.18852,145.92882,2012.0,Queensland
-21.531778,146.859712,2023.0,Queensland
-27.32339,152.92607,1993.0,Queensland
-23.43205,150.25424,,Queensland
-26.4078,152.989,2021.0,Queensland
-26.5957,152.88657,2002.0,Queensland
-27.9209,153.361543,2019.0,Queensland
-26.01425,151.6238,1999.0,Queensland
-27.53915,152.937028,2021.0,Queensland
-28.20673,152.62608,1992.0,Queensland
-25.31499,150.01778,1969.0,Queensland
-28.19006,152.74275,1992.0,Queensland
-10.788715,142.441651,2022.0,Queensland
-17.455847,145.018441,,Queensland
-27.60665,153.09278,1958.0,Queensland
-27.597939,153.097742,2021.0,Queensland
-16.565063,145.22153,,Queensland
-27.65256,153.02607,1993.0,Queensland
-27.088675,152.936957,2022.0,Queensland
-16.103821,145.451645,2024.0,Queensland
-20.04832,147.88445,1974.0,Queensland
-16.249307,145.317299,2021.0,Queensland
-25.931631,152.606098,2025.0,Queensland
-27.489117,152.747652,2021.0,Queensland
-16.497516,145.461865,2024.0,Queensland
-27.5328,152.816,2022.0,Queensland
-26.711867,153.032593,2025.0,Queensland
-17.11908,145.009,,Queensland
-27.65871,153.07131,2001.0,Queensland
-24.96899,152.05414,1998.0,Queensland
-18.11572,143.22508,,Queensland
-28.060784,153.362707,2026.0,Queensland
-25.63994,152.08926,,Queensland
-12.6228,141.883,2021.0,Queensland
-28.058763,153.337891,2022.0,Queensland
-20.46639,147.37914,2006.0,Queensland
-26.1133,152.799,2020.0,Queensland
-25.286689,152.89362,2020.0,Queensland
-26.29832,152.56778,1974.0,Queensland
-25.3302,150.16509,2000.0,Queensland
-25.69672,152.62003,2020.0,Queensland
-13.41117,142.60984,2013.0,Queensland
-19.7319138,147.8174936,1997.0,Queensland
-26.45673,153.0094,1993.0,Queensland
-25.23,152.596,2020.0,Queensland
-27.736054,153.195207,2026.0,Queensland
-27.1951,152.946,2022.0,Queensland
-26.8273,152.89138,2003.0,Queensland
-26.96443,152.88681,1995.0,Queensland
-23.279669,150.609425,2025.0,Queensland
-16.856601,145.658155,2023.0,Queensland
-18.18155,143.19737,,Queensland
-26.71882,153.023028,2023.0,Queensland
-27.49111,152.73954,2019.0,Queensland
-19.15632,145.91774,2012.0,Queensland
-26.319309,152.871935,2022.0,Queensland
-25.391634,153.029099,2019.0,Queensland
-27.65673,152.92608,1993.0,Queensland
-26.04995,153.04744,2003.0,Queensland
-19.29013,146.67924,,Queensland
-27.57994,151.97098,2022.0,Queensland
-27.520955,153.143648,2022.0,Queensland
-26.71882,153.023028,2023.0,Queensland
-28.26618,152.74254,2017.0,Queensland
-16.81499,145.71778,1974.0,Queensland
-19.02618,146.416183,2025.0,Queensland
-23.492981,150.473992,2026.0,Queensland
-20.6955,148.629,2022.0,Queensland
-19.423423,146.814712,2023.0,Queensland
-25.289327,151.89575,2010.0,Queensland
-15.472744,145.259962,2003.0,Queensland
-18.86511,146.20112,1937.0,Queensland
-27.484275,152.97565,2026.0,Queensland
-27.628053,153.226591,2025.0,Queensland
-26.1053,152.282,2020.0,Queensland
-24.2125,151.903333,2008.0,Queensland
-27.623151,152.964144,2009.0,Queensland
-26.364387,152.940006,2023.0,Queensland
-26.82601,151.93287,,Queensland
-26.737085,152.818547,2020.0,Queensland
-25.2225,152.297,2019.0,Queensland
-27.370439,152.817864,2024.0,Queensland
-25.282,152.729,2021.0,Queensland
-16.528345,145.47281,2021.0,Queensland
-27.548286,153.052212,2025.0,Queensland
-26.252,152.74,2022.0,Queensland
-25.88344,152.61902,1995.0,Queensland
-26.613811,152.951668,2025.0,Queensland
-19.3518,147.044,2021.0,Queensland
-27.469428,153.071046,2025.0,Queensland
-25.671,152.579,2022.0,Queensland
-24.33165,149.58445,1973.0,Queensland
-27.58165,153.01778,1968.0,Queensland
-16.564531,145.122802,,Queensland
-27.6521,152.783645,2024.0,Queensland
-13.94314,143.19746,1979.0,Queensland
-25.025209,147.900191,2019.0,Queensland
-27.49839,152.72608,1994.0,Queensland
-23.454646,150.467898,2022.0,Queensland
-17.88958,145.46014,2017.0,Queensland
-27.642321,152.742005,2025.0,Queensland
-27.3881,152.504,2020.0,Queensland
-27.5328,152.816,2021.0,Queensland
-16.811984,145.628786,2019.0,Queensland
-17.8939,145.96,2023.0,Queensland
-17.425827,145.487025,2021.0,Queensland
-12.65,141.86667,1983.0,Queensland
-19.27502,146.752088,2020.0,Queensland
-27.442285,152.93998,2024.0,Queensland
-27.50672,153.09274,1992.0,Queensland
-27.99839,153.00524,1981.0,Queensland
-17.3455,145.921,2022.0,Queensland
-25.934969,152.624964,2025.0,Queensland
-25.71746,152.31922,1997.0,Queensland
-26.79755,151.67329,,Queensland
-26.59926,152.96149,1996.0,Queensland
-21.96212,148.70955,,Queensland
-25.915809,152.783105,2025.0,Queensland
-23.342666,150.754267,2023.0,Queensland
-27.564461,152.796341,2021.0,Queensland
-23.811915,150.981751,2022.0,Queensland
-27.124103,152.551426,2022.0,Queensland
-25.75368,152.48067,,Queensland
-26.904355,152.762038,2022.0,Queensland
-28.15673,152.62608,1992.0,Queensland
-26.5377,152.969,2019.0,Queensland
-23.853509,148.165233,2016.0,Queensland
-28.29565,152.71036,,Queensland
-28.07339,152.65942,1992.0,Queensland
-23.490083,150.477318,2022.0,Queensland
-14.783334,143.48334,1972.0,Queensland
-25.392513,153.030404,2024.0,Queensland
-27.7197,153.193,2021.0,Queensland
-17.275168,145.469782,2021.0,Queensland
-24.387173,150.513667,2023.0,Queensland
-16.5618,145.388,2020.0,Queensland
-19.423425,146.814297,2023.0,Queensland
-27.123182,152.864818,2022.0,Queensland
-27.82332,152.74278,1974.0,Queensland
-24.2199,151.864,2018.0,Queensland
-17.778383,143.206717,,Queensland
-18.29971,143.35084,2002.0,Queensland
-27.40673,152.64274,1992.0,Queensland
-21.133993,148.528438,2019.0,Queensland
-17.040607,145.520652,2024.0,Queensland
-27.320157,153.01867,2021.0,Queensland
-27.52948,152.755504,2022.0,Queensland
-27.094171,152.703631,2021.0,Queensland
-27.505882,152.981995,1970.0,Queensland
-17.463001,145.015353,,Queensland
-26.612353,152.95494,2023.0,Queensland
-13.37757,142.63886,2013.0,Queensland
-26.760438,152.851298,2025.0,Queensland
-26.65673,153.05023,1976.0,Queensland
-25.8736,152.64667,1995.0,Queensland
-27.518347,152.741577,2025.0,Queensland
-16.816668,145.63333,,Queensland
-23.61499,149.81778,1969.0,Queensland
-27.370985,152.818909,2008.0,Queensland
-27.232642,152.817743,2021.0,Queensland
-19.320728,146.750763,2026.0,Queensland
-26.896501,152.946685,2018.0,Queensland
-24.86499,152.35112,1937.0,Queensland
-26.784885,152.566328,2023.0,Queensland
-27.0449,153.079,2021.0,Queensland
-19.282712,146.80397,2021.0,Queensland
-27.49006,152.95941,,Queensland
-28.20467,153.391281,2012.0,Queensland
-27.54831,153.052248,2025.0,Queensland
-16.604848,144.907938,,Queensland
-26.5436,152.309,2021.0,Queensland
-27.79215,153.33394,2012.0,Queensland
-20.1,146.2,2023.0,Queensland
-12.76948,143.28363,1993.0,Queensland
-27.5327,152.817,2021.0,Queensland
-11.85011,142.03741,,Queensland
-28.10673,152.64275,1992.0,Queensland
-20.10277,148.48084,,Queensland
-27.26499,152.05112,1979.0,Queensland
-17.007996,145.397946,2020.0,Queensland
-19.06249,146.44006,1997.0,Queensland
-19.3273,146.818,2023.0,Queensland
-13.41117,142.60984,2015.0,Queensland
-17.52997,138.06018,,Queensland
-27.906253,152.387544,2025.0,Queensland
-17.154234,144.522846,2025.0,Queensland
-18.212875,142.710678,,Queensland
-25.390878,153.029088,2023.0,Queensland
-24.84832,152.18445,1940.0,Queensland
-18.14662,143.21832,,Queensland
-27.14006,152.99274,,Queensland
-24.8466,152.468,2021.0,Queensland
-26.43764,150.82834,2000.0,Queensland
-19.203133,146.751146,2023.0,Queensland
-27.60756,153.42662,2000.0,Queensland
-25.10648,150.57464,1998.0,Queensland
-23.341527,150.754676,2022.0,Queensland
-22.816668,149.88333,1971.0,Queensland
-26.37576,152.41243,1997.0,Queensland
-16.99107,141.27996,,Queensland
-25.0214,152.037,2023.0,Queensland
-23.894005,151.14862,2019.0,Queensland
-15.46082,142.16816,2010.0,Queensland
-26.745353,153.055525,2025.0,Queensland
-13.70681,143.20946,1979.0,Queensland
-27.498742,153.016256,2025.0,Queensland
-26.86109,152.99272,1994.0,Queensland
-16.516879,145.465983,2026.0,Queensland
-16.103711,145.449355,2022.0,Queensland
-27.555108,152.973528,2025.0,Queensland
-26.202124,152.71199,2023.0,Queensland
-25.295769,152.903403,2016.0,Queensland
-27.6336,153.3,2022.0,Queensland
-21.167582,148.504065,2024.0,Queensland
-22.6,148.366667,1991.0,Queensland
-12.630995,143.427646,2013.0,Queensland
-16.64879,145.26181,2013.0,Queensland
-26.8,152.9,2022.0,Queensland
-27.47339,152.95941,1993.0,Queensland
-27.17332,152.03445,1979.0,Queensland
-27.316193,153.063484,2018.0,Queensland
-24.9458,152.271,2023.0,Queensland
-25.88555,152.63068,,Queensland
-19.1783,145.92486,2016.0,Queensland
-20.7283,139.489,2021.0,Queensland
-28.17258,153.08492,2006.0,Queensland
-27.475797,152.976735,2026.0,Queensland
-18.18226,143.20891,,Queensland
-27.50673,152.35942,1994.0,Queensland
-27.47339,153.19274,1992.0,Queensland
-26.6509,152.942,2022.0,Queensland
-26.5436,152.309,2021.0,Queensland
-28.065825,153.389646,2019.0,Queensland
-19.423381,146.814218,2022.0,Queensland
-25.49832,152.99278,1974.0,Queensland
-27.54899,152.87682,2001.0,Queensland
-28.075071,153.349692,2020.0,Queensland
-25.392577,153.030443,2016.0,Queensland
-26.37339,152.94273,1993.0,Queensland
-19.423537,146.814264,2021.0,Queensland
-16.550288,145.130575,,Queensland
-27.50672,152.92607,1993.0,Queensland
-27.26804,152.99987,2006.0,Queensland
-16.858447,145.754397,2025.0,Queensland
-27.70672,152.90941,1993.0,Queensland
-24.87566,146.263936,2023.0,Queensland
-26.71882,153.023028,2024.0,Queensland
-27.4876,152.051,2022.0,Queensland
-16.940699,145.745783,2020.0,Queensland
-17.71515,139.38452,1983.0,Queensland
-17.295794,145.963669,2022.0,Queensland
-27.44213,152.88976,2001.0,Queensland
-27.2,153.1,2021.0,Queensland
-16.7444,145.671,2022.0,Queensland
-26.7167,152.992,2021.0,Queensland
-16.55017,145.22458,2014.0,Queensland
-27.420967,153.514175,2023.0,Queensland
-16.51093,145.03217,2016.0,Queensland
-16.565063,145.22153,,Queensland
-27.510268,152.901338,2023.0,Queensland
-20.0819198,145.6175218,1978.0,Queensland
-16.238314,145.428776,2022.0,Queensland
-25.9786,152.612,2021.0,Queensland
-27.394234,152.917034,2019.0,Queensland
-26.221564,152.597146,2014.0,Queensland
-25.6989,152.625,2023.0,Queensland
-24.19682,151.0922,2016.0,Queensland
-17.792462,146.013865,2024.0,Queensland
-27.55102,152.790529,2024.0,Queensland
-26.75673,152.24275,1992.0,Queensland
-23.490517,150.474861,2024.0,Queensland
-25.69672,152.62003,2020.0,Queensland
-17.34849,138.2512,1983.0,Queensland
-27.265466,152.420802,2026.0,Queensland
-23.34472,150.490084,2021.0,Queensland
-27.625378,152.782878,2021.0,Queensland
-20.62675,147.61477,2006.0,Queensland
-27.693652,152.8564,2025.0,Queensland
-27.592731,152.734452,2018.0,Queensland
-16.087192,145.461658,2024.0,Queensland
-27.494103,153.055553,2024.0,Queensland
-23.783333,151.133333,1998.0,Queensland
-27.05437,153.1787,2009.0,Queensland
-27.0648,153.163,2023.0,Queensland
-26.4,153.083,2021.0,Queensland
-27.0304,153.072,2017.0,Queensland
-16.84095,145.61964,,Queensland
-27.547978,153.051997,2025.0,Queensland
-22.6911,150.45806,1992.0,Queensland
-16.226308,145.435324,2021.0,Queensland
-25.33673,150.16035,,Queensland
-27.42339,153.54273,1993.0,Queensland
-25.203,152.355,2021.0,Queensland
-27.479058,153.085953,2024.0,Queensland
-26.202238,152.743543,2023.0,Queensland
-27.6334,153.302,2022.0,Queensland
-16.611432,144.925755,,Queensland
-27.45673,152.54275,1993.0,Queensland
-24.947081,152.270404,2022.0,Queensland
-28.216641,153.1092,2025.0,Queensland
-25.585255,153.098647,2024.0,Queensland
-27.0328,153.093,2022.0,Queensland
-25.96672,152.09504,1997.0,Queensland
-24.79832,152.43862,1974.0,Queensland
-27.0385,153.097,2022.0,Queensland
-24.200277,151.01361,1955.0,Queensland
-24.862938,152.461903,2021.0,Queensland
-19.11676,146.46017,1998.0,Queensland
-27.573565,152.931526,2024.0,Queensland
-24.97904,152.04962,1998.0,Queensland
-16.916666,145.76666,1965.0,Queensland
-26.25712,152.671702,2023.0,Queensland
-26.78173,151.91358,1994.0,Queensland
-27.5329,152.816,2021.0,Queensland
-17.139,145.434,2022.0,Queensland
-22.395848,143.040272,2026.0,Queensland
-26.57275,152.86897,1996.0,Queensland
-25.0859,152.03857,1994.0,Queensland
-28.217431,153.289214,2022.0,Queensland
-16.832681,145.705339,2021.0,Queensland
-16.508184,145.055732,,Queensland
-26.3609,152.63579,1994.0,Queensland
-27.137325,152.903033,2021.0,Queensland
-27.370592,153.046667,2024.0,Queensland
-14.1686,143.68551,2021.0,Queensland
-17.838587,145.596725,2024.0,Queensland
-16.8988,145.758,2019.0,Queensland
-27.478868,152.969568,2020.0,Queensland
-27.44832,153.14278,1959.0,Queensland
-27.9421,153.347,2021.0,Queensland
-15.44526,145.12695,2003.0,Queensland
-28.0642,153.164,2023.0,Queensland
-16.8,145.6,2021.0,Queensland
-24.8984,150.0011,1992.0,Queensland
-27.3809,152.92051,2019.0,Queensland
-26.548793,153.09595,2023.0,Queensland
-27.572013,152.780373,2025.0,Queensland
-27.529621,152.755394,2022.0,Queensland
-26.108945,151.544106,2022.0,Queensland
-26.63165,152.96778,1947.0,Queensland
-26.88318,152.81076,,Queensland
-19.423367,146.814254,2021.0,Queensland
-25.7,152.6,2023.0,Queensland
-28.097207,153.104385,2026.0,Queensland
-27.57339,153.27607,1992.0,Queensland
-27.5328,152.816,2021.0,Queensland
-25.05556,152.32233,1997.0,Queensland
-19.46499,144.31778,1962.0,Queensland
-26.585311,152.746921,2020.0,Queensland
-17.056998,145.540915,2024.0,Queensland
-25.284776,152.852498,2023.0,Queensland
-16.916666,145.76666,1965.0,Queensland
-25.73632,152.43658,2012.0,Queensland
-12.65,141.86667,1983.0,Queensland
-24.33355,150.94119,1994.0,Queensland
-16.604848,144.907938,,Queensland
-24.87079,150.96284,,Queensland
-19.12589,146.19126,2016.0,Queensland
-16.678583,145.256353,,Queensland
-17.3929,145.384,2023.0,Queensland
-26.79783,151.68829,,Queensland
-26.20289,152.47165,2020.0,Queensland
-25.6727,152.578,2022.0,Queensland
-27.5328,152.816,2021.0,Queensland
-16.8055,145.63608,2013.0,Queensland
-27.638,153.305,2022.0,Queensland
-25.93125,152.605992,2025.0,Queensland
-27.386365,152.824134,2022.0,Queensland
-24.2197,151.864,2020.0,Queensland
-27.042,153.098,2022.0,Queensland
-25.6723,152.577,2020.0,Queensland
-17.434172,145.012937,,Queensland
-15.17681,144.3311,1999.0,Queensland
-23.500755,150.462552,2022.0,Queensland
-16.525534,145.011759,,Queensland
-17.609045,145.794542,2020.0,Queensland
-16.9849,145.418,2018.0,Queensland
-26.319342,152.871872,2022.0,Queensland
-19.281914,146.752172,2022.0,Queensland
-16.576199,144.917926,,Queensland
-23.85,151.26666,1964.0,Queensland
-27.69006,152.87608,1993.0,Queensland
-24.68999,151.30112,1950.0,Queensland
-15.57931,141.48098,1993.0,Queensland
-27.5332,152.817,2021.0,Queensland
-21.89037,149.30802,1998.0,Queensland
-24.40674,150.95941,1994.0,Queensland
-24.419964,150.553339,2025.0,Queensland
-27.42339,153.02607,1992.0,Queensland
-16.533838,145.470726,2021.0,Queensland
-15.5073,145.229,2018.0,Queensland
-24.68165,149.63445,1977.0,Queensland
-18.10801,143.2121,,Queensland
-27.311415,152.95797,2024.0,Queensland
-27.529779,152.755503,2022.0,Queensland
-22.53165,150.20529,1971.0,Queensland
-17.335517,145.578867,2022.0,Queensland
-23.130226,150.703815,2023.0,Queensland
-27.782731,153.053012,2017.0,Queensland
-13.70981,143.31179,1979.0,Queensland
-19.422365,146.813823,2022.0,Queensland
-25.94832,152.55112,1983.0,Queensland
-27.476875,152.978834,2024.0,Queensland
-27.45643,153.45389,2009.0,Queensland
-28.21499,153.18445,1973.0,Queensland
-16.529876,145.021812,,Queensland
-26.312692,152.006021,2026.0,Queensland
-21.60977,146.91115,2015.0,Queensland
-25.2332,152.598,2020.0,Queensland
-26.14832,151.56778,1963.0,Queensland
-17.286044,145.635544,2016.0,Queensland
-25.24591,148.97056,2014.0,Queensland
-16.819875,145.632842,2022.0,Queensland
-16.588994,144.923428,,Queensland
-26.26499,151.36778,1964.0,Queensland
-26.85974,153.03676,1995.0,Queensland
-19.69832,147.35112,1980.0,Queensland
-17.129492,145.800156,2025.0,Queensland
-27.62294,153.1653,,Queensland
-17.84915,141.1464,1983.0,Queensland
-26.548793,153.09595,2024.0,Queensland
-27.6612,153.09634,2023.0,Queensland
-27.302753,152.689713,2025.0,Queensland
-27.217346,153.030962,2021.0,Queensland
-17.26572,145.44706,,Queensland
-13.42641,142.5512,2008.0,Queensland
-27.62339,152.85941,1993.0,Queensland
-27.603569,153.121159,2024.0,Queensland
-24.004,151.208,2021.0,Queensland
-21.9225,146.61,2021.0,Queensland
-18.12926,143.24123,,Queensland
-27.380953,152.977334,2017.0,Queensland
-16.920348,145.770953,2014.0,Queensland
-25.4886,149.65699,,Queensland
-24.59146,152.08051,1997.0,Queensland
-15.46499,145.25112,1980.0,Queensland
-27.40673,152.99274,1994.0,Queensland
-17.898928,145.928782,2023.0,Queensland
-27.45672,153.1594,1992.0,Queensland
-20.54964,147.56255,2006.0,Queensland
-24.94702,152.270282,2022.0,Queensland
-13.88448,143.27379,1978.0,Queensland
-12.683333,141.88333,,Queensland
-27.60673,152.24275,1994.0,Queensland
-27.795688,153.120901,2021.0,Queensland
-27.734542,153.102124,2021.0,Queensland
-18.66426,138.56145,2017.0,Queensland
-24.8225,149.90796,,Queensland
-25.303831,152.890348,2023.0,Queensland
-27.297318,152.909296,2025.0,Queensland
-26.60673,153.09273,,Queensland
-26.8142,153.082,2020.0,Queensland
-16.71133,145.16562,1990.0,Queensland
-16.875629,145.677696,2016.0,Queensland
-27.646997,153.207922,2024.0,Queensland
-20.03887,141.114311,2025.0,Queensland
-25.476667,150.029722,1996.0,Queensland
-26.75673,152.57607,1992.0,Queensland
-26.524552,152.883728,2021.0,Queensland
-16.48412,145.04085,2014.0,Queensland
-26.8079,152.959,2022.0,Queensland
-27.65673,152.92608,1993.0,Queensland
-20.118143,148.222142,2023.0,Queensland
-27.530329,153.093079,2024.0,Queensland
-26.545956,153.085515,2021.0,Queensland
-13.88448,143.27379,1979.0,Queensland
-27.51424,152.949852,2018.0,Queensland
-19.8954,146.19015,,Queensland
-21.95947,148.69491,,Queensland
-27.716087,152.468308,2022.0,Queensland
-27.4807,153.025,2022.0,Queensland
-27.81874,153.21992,2006.0,Queensland
-18.216162,142.688066,,Queensland
-25.909133,153.007203,2026.0,Queensland
-26.585399,152.746814,2020.0,Queensland
-23.79082,151.12598,2007.0,Queensland
-25.523675,152.717531,2025.0,Queensland
-19.436567,146.947708,2023.0,Queensland
-17.89889,145.928563,2026.0,Queensland
-23.9171,151.278,2023.0,Queensland
-23.8553,151.259,2023.0,Queensland
-13.0422,142.91022,2010.0,Queensland
-21.04554,148.62612,1998.0,Queensland
-27.539953,152.989196,2024.0,Queensland
-27.5026,152.988,2019.0,Queensland
-27.9702,153.369,2022.0,Queensland
-24.2198,151.864,2018.0,Queensland
-27.488846,152.915572,2020.0,Queensland
-27.56978,152.27052,2019.0,Queensland
-17.455847,145.018441,,Queensland
-17.041827,145.351825,2025.0,Queensland
-18.118347,145.912278,2025.0,Queensland
-18.090278,144.434574,2021.0,Queensland
-27.4033,152.13,2020.0,Queensland
-28.13445,153.11232,2004.0,Queensland
-16.015061,144.284468,2022.0,Queensland
-27.469967,153.140808,2025.0,Queensland
-16.839497,145.740417,2024.0,Queensland
-21.21221,148.66223,1992.0,Queensland
-24.36153,151.00182,2008.0,Queensland
-27.597932,153.097634,2021.0,Queensland
-17.653073,145.475981,2022.0,Queensland
-24.9132,152.422,2021.0,Queensland
-20.72207,147.66945,2006.0,Queensland
-27.2636,153.043,2023.0,Queensland
-24.514999,151.972774,2022.0,Queensland
-12.65,141.86667,1983.0,Queensland
-27.5184,152.986,2022.0,Queensland
-24.25282,151.03561,2016.0,Queensland
-26.692352,152.895327,2026.0,Queensland
-26.5854,152.746795,2020.0,Queensland
-27.38999,153.05112,1970.0,Queensland
-27.5177,152.985,2022.0,Queensland
-27.74832,153.31778,1974.0,Queensland
-25.8514,152.641,2021.0,Queensland
-27.692013,153.150131,2025.0,Queensland
-25.88555,152.63068,1995.0,Queensland
-27.56837,153.230163,2025.0,Queensland
-18.6195,138.71021,,Queensland
-19.07273,146.02252,2010.0,Queensland
-27.62339,152.84274,1993.0,Queensland
-15.19832,143.87612,1972.0,Queensland
-17.329286,145.450747,2021.0,Queensland
-12.638223,141.871723,2023.0,Queensland
-27.466467,152.956439,2025.0,Queensland
-27.5341,152.817,2023.0,Queensland
-26.75055,153.06334,2003.0,Queensland
-15.67276,145.01084,2014.0,Queensland
-23.749,151.299,2023.0,Queensland
-25.143167,152.38443,2024.0,Queensland
-27.641138,153.024078,2024.0,Queensland
-27.62561,153.06959,1997.0,Queensland
-22.436492,143.195513,2024.0,Queensland
-16.527896,145.473394,2021.0,Queensland
-26.5362,152.075,2022.0,Queensland
-19.0788,144.45506,1998.0,Queensland
-17.59755,145.55365,2020.0,Queensland
-27.597906,153.097661,2019.0,Queensland
-22.892254,150.619822,2024.0,Queensland
-16.515608,145.468495,2022.0,Queensland
-27.46495,153.01775,,Queensland
-19.30936,146.76507,2017.0,Queensland
-27.0273,153.048,2021.0,Queensland
-16.810889,145.693464,2025.0,Queensland
-27.529595,152.755356,2023.0,Queensland
-25.5459,152.581,2018.0,Queensland
-26.907473,152.753825,2022.0,Queensland
-23.897334,151.258211,2025.0,Queensland
-18.22638,144.6689,2009.0,Queensland
-16.574797,145.184662,2023.0,Queensland
-23.7836,151.13959,2007.0,Queensland
-27.0345,153.086,2022.0,Queensland
-25.3598,152.785,2022.0,Queensland
-27.123614,152.551208,2025.0,Queensland
-27.2697,153.028,2020.0,Queensland
-26.6329,152.859,2020.0,Queensland
-17.5986,145.4664,1999.0,Queensland
-25.2749,152.754,2022.0,Queensland
-23.99255,151.2116,2001.0,Queensland
-28.058746,153.337965,2021.0,Queensland
-17.342341,145.869677,2025.0,Queensland
-16.525725,145.006184,,Queensland
-25.073425,148.269407,2024.0,Queensland
-21.3796,149.309,2023.0,Queensland
-17.433889,145.209438,2020.0,Queensland
-24.97904,152.04962,1998.0,Queensland
-21.15895,149.150108,2024.0,Queensland
-26.730108,151.73379,2021.0,Queensland
-25.903663,153.077998,2024.0,Queensland
-17.3927,145.384,2021.0,Queensland
-25.305678,149.187889,2022.0,Queensland
-20.48048,149.09569,,Queensland
-26.44832,152.20112,1973.0,Queensland
-25.220603,151.850278,2007.0,Queensland
-19.296536,146.779656,2018.0,Queensland
-24.35721,151.01667,1998.0,Queensland
-27.0415,153.101,2022.0,Queensland
-28.14,153.486,2021.0,Queensland
-27.7967,152.961,2019.0,Queensland
-19.26915,146.77612,1974.0,Queensland
-27.42643,153.53804,1998.0,Queensland
-15.16499,145.10112,1974.0,Queensland
-27.1951,152.946,2022.0,Queensland
-26.685787,148.734414,2021.0,Queensland
-26.506284,153.090478,2021.0,Queensland
-25.931642,152.606271,2025.0,Queensland
-26.82355,152.68027,2007.0,Queensland
-26.470969,152.948883,2021.0,Queensland
-26.781761,151.110319,2025.0,Queensland
-27.40673,153.04274,1992.0,Queensland
-25.6989,152.624,2021.0,Queensland
-26.72522,152.34158,1997.0,Queensland
-25.6736,152.579,2021.0,Queensland
-27.6656,152.925,2022.0,Queensland
-16.766015,145.392003,2014.0,Queensland
-27.891744,153.165031,2022.0,Queensland
-27.9498,153.071,2022.0,Queensland
-27.424904,153.043373,2021.0,Queensland
-25.35067,150.16598,,Queensland
-24.36249,151.00575,2003.0,Queensland
-19.41253,144.15454,,Queensland
-19.0226,138.76303,2017.0,Queensland
-27.62339,152.84274,1993.0,Queensland
-27.8364,153.168,2023.0,Queensland
-23.24748,149.75208,1999.0,Queensland
-18.20206,146.00194,,Queensland
-13.42064,142.5418,2008.0,Queensland
-25.28724,152.876876,2017.0,Queensland
-26.71486,152.47546,1998.0,Queensland
-25.237,152.232,2021.0,Queensland
-25.48349,149.64024,2011.0,Queensland
-26.635811,152.941702,2022.0,Queensland
-26.779665,153.108709,2025.0,Queensland
-18.13165,140.87612,1979.0,Queensland
-27.174,152.998,2020.0,Queensland
-13.42762,142.59299,2016.0,Queensland
-17.354036,145.586188,2019.0,Queensland
-26.548793,153.09595,2021.0,Queensland
-16.599023,144.909931,,Queensland
-20.6561,148.70667,1990.0,Queensland
-23.42943,144.23445,2007.0,Queensland
-27.478097,153.168135,2025.0,Queensland
-27.522229,153.012911,2017.0,Queensland
-16.964942,145.676006,2023.0,Queensland
-26.540961,152.08477,2022.0,Queensland
-13.52129,142.69911,2010.0,Queensland
-16.103928,145.449532,2019.0,Queensland
-16.503115,145.059613,,Queensland
-27.45673,152.54275,1993.0,Queensland
-27.634677,153.242061,2023.0,Queensland
-27.443353,152.168534,2025.0,Queensland
-27.48854,153.11437,2016.0,Queensland
-26.7797,152.723,2021.0,Queensland
-26.03153,153.023958,2016.0,Queensland
-22.594914,144.539065,2022.0,Queensland
-16.42235,145.357638,2014.0,Queensland
-27.953107,153.397091,2021.0,Queensland
-13.39191,142.61426,2013.0,Queensland
-16.527005,145.4673,2024.0,Queensland
-17.8936,145.962,2021.0,Queensland
-26.6997,153.029,2021.0,Queensland
-16.678583,145.256353,,Queensland
-27.6379,153.305,2021.0,Queensland
-19.15632,145.91774,2012.0,Queensland
-25.58165,151.20112,1974.0,Queensland
-26.506284,153.090478,2020.0,Queensland
-26.39001,152.65809,2018.0,Queensland
-16.58733,145.2368,2013.0,Queensland
-27.960603,153.387695,2023.0,Queensland
-27.37339,152.95941,,Queensland
-21.364722,147.874167,2005.0,Queensland
-14.92499,144.1964,2011.0,Queensland
-16.58804,145.21935,2013.0,Queensland
-27.3,153.1,2021.0,Queensland
-25.01499,152.11778,1941.0,Queensland
-25.6736,152.579,2022.0,Queensland
-27.5322,152.816,2021.0,Queensland
-27.45943,152.87917,,Queensland
-26.84832,152.71778,1974.0,Queensland
-25.390699,153.02964,2023.0,Queensland
-18.80029,143.41081,,Queensland
-26.31499,152.71778,1947.0,Queensland
-26.41644,153.10524,2021.0,Queensland
-26.761433,152.78667,2023.0,Queensland
-24.848,152.336,2021.0,Queensland
-16.525725,145.006184,,Queensland
-25.9032,152.509,2021.0,Queensland
-19.218061,146.756671,2025.0,Queensland
-19.315372,146.768334,2021.0,Queensland
-23.490267,150.475692,2024.0,Queensland
-17.66332,141.12473,2001.0,Queensland
-25.6728,152.578,2022.0,Queensland
-24.3597,150.99988,2008.0,Queensland
-27.6537,152.06309,,Queensland
-27.601075,151.941658,2025.0,Queensland
-20.01499,148.25112,1962.0,Queensland
-27.9617,152.992,2021.0,Queensland
-16.798914,145.548354,2020.0,Queensland
-16.550288,145.130575,,Queensland
-19.377,146.735,2018.0,Queensland
-27.6301,153.121,2023.0,Queensland
-27.5514,152.593,2021.0,Queensland
-26.711454,153.038017,2023.0,Queensland
-25.390992,153.02953,2026.0,Queensland
-27.986415,153.18714,2019.0,Queensland
-27.32339,153.0594,1992.0,Queensland
-27.513737,152.94728,2015.0,Queensland
-28.274994,152.740128,2022.0,Queensland
-27.5328,152.817,2021.0,Queensland
-16.245006,145.397258,2024.0,Queensland
-27.531607,152.974025,2024.0,Queensland
-26.108942,151.543783,2022.0,Queensland
-16.543571,145.128185,,Queensland
-16.906111,145.695282,2019.0,Queensland
-17.463001,145.015353,,Queensland
-26.125139,152.649598,2022.0,Queensland
-27.5329,152.816,2021.0,Queensland
-24.33086,150.9432,1994.0,Queensland
-26.548793,153.09595,2025.0,Queensland
-23.37332,150.55112,1959.0,Queensland
-19.296663,146.778813,2021.0,Queensland
-28.16566,153.22171,,Queensland
-25.931579,152.606752,2025.0,Queensland
-25.35499,152.6264,1999.0,Queensland
-25.56219,152.67571,2021.0,Queensland
-28.0625,153.33,2022.0,Queensland
-16.166424,145.412196,2017.0,Queensland
-27.3872,152.965,2022.0,Queensland
-12.71862,143.277631,2025.0,Queensland
-28.05427,153.11245,2018.0,Queensland
-23.490736,150.474638,2025.0,Queensland
-17.18434,144.49621,2018.0,Queensland
-16.903148,145.748636,2013.0,Queensland
-17.455847,145.018441,,Queensland
-28.14,153.224,2021.0,Queensland
-25.31285,151.89301,1996.0,Queensland
-28.12339,152.94275,1993.0,Queensland
-26.45304,152.868536,2020.0,Queensland
-27.865185,152.980041,2022.0,Queensland
-26.413113,153.111136,2021.0,Queensland
-28.17477,153.45523,2001.0,Queensland
-26.765412,153.112273,2017.0,Queensland
-28.0413,153.247,2023.0,Queensland
-17.005143,145.450506,2020.0,Queensland
-16.920859,145.727878,2022.0,Queensland
-15.44693,145.19584,2019.0,Queensland
-18.27332,143.61195,2019.0,Queensland
-27.435915,153.173325,2019.0,Queensland
-27.5327,152.817,2021.0,Queensland
-26.760438,152.851298,2025.0,Queensland
-18.53332,143.52834,2001.0,Queensland
-27.5362,152.823,2020.0,Queensland
-27.983578,153.388472,2024.0,Queensland
-24.91535,150.09783,,Queensland
-18.14064,143.22914,,Queensland
-25.6987,152.625,2021.0,Queensland
-26.71882,153.023028,2025.0,Queensland
-25.56499,150.41778,1974.0,Queensland
-26.49006,153.09273,1992.0,Queensland
-17.09832,145.78445,1944.0,Queensland
-19.09836,146.44084,1999.0,Queensland
-18.14776,144.63584,2004.0,Queensland
-27.34363,151.821884,2025.0,Queensland
-23.49068,150.473074,2022.0,Queensland
-27.387416,152.825756,2021.0,Queensland
-27.7324,153.124,2022.0,Queensland
-18.17367,146.1573,2021.0,Queensland
-23.806463,145.194197,2026.0,Queensland
-18.48002,146.12954,,Queensland
-26.83875,152.87808,2001.0,Queensland
-27.576,152.458,2021.0,Queensland
-17.63165,146.03445,1974.0,Queensland
-25.5404,152.667,2020.0,Queensland
-24.292112,151.775712,2024.0,Queensland
-27.297358,153.0531,2022.0,Queensland
-27.895791,153.385083,2024.0,Queensland
-23.847966,151.256834,2013.0,Queensland
-16.878875,145.72569,2024.0,Queensland
-25.87859,152.6398,1995.0,Queensland
-26.45673,152.8594,1994.0,Queensland
-27.348371,152.972712,2022.0,Queensland
-16.582854,144.919297,,Queensland
-27.9873,152.696,2022.0,Queensland
-24.1842,151.82756,1997.0,Queensland
-16.896451,145.60517,2023.0,Queensland
-28.30672,152.85942,1994.0,Queensland
-21.01299,147.93341,2002.0,Queensland
-19.287816,146.776812,2022.0,Queensland
-28.135558,153.488543,2006.0,Queensland
-14.4333,143.55,1995.0,Queensland
-27.99084,153.23803,1997.0,Queensland
-27.50672,153.04274,1994.0,Queensland
-23.495997,150.46939,2024.0,Queensland
-15.45221,145.23445,2005.0,Queensland
-26.838924,152.961792,2025.0,Queensland
-16.576199,144.917926,,Queensland
-26.372328,153.017956,2020.0,Queensland
-27.888787,153.023675,2020.0,Queensland
-18.22765,145.99824,2023.0,Queensland
-19.507,147.032,2007.0,Queensland
-27.9852,153.01,2021.0,Queensland
-26.5734,152.24274,1993.0,Queensland
-16.9888,145.73,2020.0,Queensland
-27.404878,152.923263,2019.0,Queensland
-27.229293,152.966164,2015.0,Queensland
-26.4562,152.999,2020.0,Queensland
-21.1204,148.1263,2012.0,Queensland
-27.3533,152.871279,2019.0,Queensland
-25.790251,152.696498,2022.0,Queensland
-27.638248,153.071343,2021.0,Queensland
-24.2455,151.923,2020.0,Queensland
-26.40013,153.04691,2017.0,Queensland
-27.3872,152.965,2022.0,Queensland
-26.90673,152.97607,1994.0,Queensland
-19.20692,146.77335,2010.0,Queensland
-28.20673,152.62608,1993.0,Queensland
-25.17772,152.10642,2012.0,Queensland
-28.0219,153.368,2022.0,Queensland
-19.59832,142.23445,1979.0,Queensland
-26.74499,153.0614,2003.0,Queensland
-26.96496,152.95108,1994.0,Queensland
-16.503115,145.059613,,Queensland
-26.76625,151.9333,1997.0,Queensland
-27.5113,153.253,2019.0,Queensland
-15.70747,143.5773,1993.0,Queensland
-12.06632,143.09446,1993.0,Queensland
-26.6234,152.64274,1993.0,Queensland
-27.6127,153.268,2018.0,Queensland
-16.99845,145.41778,1991.0,Queensland
-27.0407,153.104,2023.0,Queensland
-18.18165,141.58445,1980.0,Queensland
-26.548793,153.09595,2022.0,Queensland
-26.37576,152.41243,1997.0,Queensland
-11.80329,142.08714,,Queensland
-28.21839,152.85733,,Queensland
-27.5326,152.816,2021.0,Queensland
-27.30481,152.933413,2020.0,Queensland
-27.91305,153.37283,,Queensland
-24.583333,151.7,1976.0,Queensland
-27.5332,152.818,2023.0,Queensland
-27.519003,153.112853,2024.0,Queensland
-27.9559,153.016,2021.0,Queensland
-16.5609,145.155,2018.0,Queensland
-27.3454,153.038,2021.0,Queensland
-25.6726,152.577,2022.0,Queensland
-25.6988,152.625,2020.0,Queensland
-26.553733,152.960097,2023.0,Queensland
-16.582854,144.919297,,Queensland
-16.908099,145.702934,2021.0,Queensland
-27.027367,153.150169,2022.0,Queensland
-19.05564,146.17726,2013.0,Queensland
-25.5473,152.584,2022.0,Queensland
-27.504781,152.773387,2022.0,Queensland
-25.21499,152.11223,,Queensland
-27.48441,152.975557,2026.0,Queensland
-27.44006,152.95941,1994.0,Queensland
-27.478617,152.928629,2023.0,Queensland
-27.484572,152.998912,2021.0,Queensland
-26.5382,152.967,2022.0,Queensland
-16.559807,145.214533,,Queensland
-27.276907,153.037966,2026.0,Queensland
-21.168565,148.507096,2017.0,Queensland
-28.19341,153.09319,1997.0,Queensland
-24.21523,151.57307,1998.0,Queensland
-23.570592,148.881479,2020.0,Queensland
-20.84832,144.20112,1974.0,Queensland
-26.548793,153.09595,2019.0,Queensland
-13.04278,142.87583,2015.0,Queensland
-27.5,153.0,2022.0,Queensland
-16.483175,145.464203,2024.0,Queensland
-19.33177,146.76778,1993.0,Queensland
-27.9862,153.01,2021.0,Queensland
-16.52552,145.01177,2013.0,Queensland
-22.47554,150.1564,1991.0,Queensland
-26.1133,152.8,2021.0,Queensland
-25.92425,149.26246,,Queensland
-21.39009,148.54277,1976.0,Queensland
-25.37757,151.08858,1970.0,Queensland
-28.00165,153.40167,,Queensland
-26.63459,152.843271,2023.0,Queensland
-16.100229,145.462982,2023.0,Queensland
-27.095361,153.069944,2021.0,Queensland
-24.32624,151.6244,,Queensland
-21.07332,148.21778,1957.0,Queensland
-27.55083,151.9938,2020.0,Queensland
-27.389557,153.084914,2021.0,Queensland
-16.103011,145.450272,2024.0,Queensland
-23.75803,149.10395,2018.0,Queensland
-26.84006,152.9094,1993.0,Queensland
-26.9585,152.633,2021.0,Queensland
-16.645383,145.262719,,Queensland
-25.931637,152.606101,2025.0,Queensland
-16.99832,141.31779,1966.0,Queensland
-25.390465,153.029101,2023.0,Queensland
-19.026367,146.41603,2025.0,Queensland
-27.648043,153.084048,2024.0,Queensland
-19.2555,146.671,2021.0,Queensland
-16.68165,145.33445,1979.0,Queensland
-27.60665,152.66778,1973.0,Queensland
-20.51499,143.28445,1979.0,Queensland
-26.73017,152.2321,2005.0,Queensland
-25.931522,152.606425,2025.0,Queensland
-26.5574,153.087,2021.0,Queensland
-27.9435,153.237861,2020.0,Queensland
-17.434172,145.012937,,Queensland
-28.10672,152.94275,1993.0,Queensland
-22.85252,150.77308,,Queensland
-26.39832,151.25112,1964.0,Queensland
-25.94747,152.7733,2020.0,Queensland
-19.11587,146.09296,2016.0,Queensland
-19.13471,146.46007,1998.0,Queensland
-27.498175,153.400223,2024.0,Queensland
-26.7702,152.957,2021.0,Queensland
-19.423452,146.814292,2019.0,Queensland
-28.126307,153.477252,2026.0,Queensland
-20.74832,144.46778,1974.0,Queensland
-19.026275,146.416092,2025.0,Queensland
-20.35019,144.465919,2019.0,Queensland
-25.35067,150.16598,2000.0,Queensland
-25.91326,152.11843,1997.0,Queensland
-27.9984,153.36,2022.0,Queensland
-27.5287,153.281,2021.0,Queensland
-22.81499,150.32834,1991.0,Queensland
-27.6456,152.595,2021.0,Queensland
-26.76499,152.46778,1972.0,Queensland
-27.061792,152.827867,2018.0,Queensland
-26.7946,152.778,2023.0,Queensland
-27.6139,153.276,2018.0,Queensland
-16.52332,145.10112,1979.0,Queensland
-20.284138,148.772413,2022.0,Queensland
-16.557625,145.130542,,Queensland
-27.56339,152.24552,2015.0,Queensland
-28.13445,153.11232,2008.0,Queensland
-25.791807,152.602369,2024.0,Queensland
-27.62339,152.92607,1994.0,Queensland
-19.423416,146.814257,2022.0,Queensland
-26.3983,152.922,2023.0,Queensland
-16.582854,144.919297,,Queensland
-27.6375,153.302,2021.0,Queensland
-27.54006,153.2094,1993.0,Queensland
-27.0455,153.103,2022.0,Queensland
-26.6788,151.952,2022.0,Queensland
-19.453261,147.480113,2020.0,Queensland
-27.31435,152.84249,2016.0,Queensland
-27.3,153.1,2023.0,Queensland
-26.745473,152.817369,2020.0,Queensland
-27.10827,152.72036,2000.0,Queensland
-25.361357,152.894364,2023.0,Queensland
-26.8146,152.84308,,Queensland
-17.48832,141.17279,1999.0,Queensland
-28.19341,153.09319,2005.0,Queensland
-27.40794,153.043807,2022.0,Queensland
-25.77269,153.05391,1998.0,Queensland
-17.379368,145.763489,2022.0,Queensland
-27.4615,152.041,2021.0,Queensland
-26.89679,151.2844,2014.0,Queensland
-18.12926,143.24123,,Queensland
-19.328004,146.757472,2024.0,Queensland
-17.89693,145.79501,2001.0,Queensland
-26.4562,152.999,2019.0,Queensland
-16.901372,145.74969,2023.0,Queensland
-16.806537,145.634729,2019.0,Queensland
-27.405449,153.057037,2025.0,Queensland
-27.035855,153.148739,2021.0,Queensland
-26.02264,151.62952,1999.0,Queensland
-12.65,141.86667,1983.0,Queensland
-27.40673,152.19275,1994.0,Queensland
-12.79165,143.29445,2006.0,Queensland
-27.4211,153.51423,2001.0,Queensland
-23.13805,150.722369,2025.0,Queensland
-18.64832,146.20112,1974.0,Queensland
-21.94155,148.73159,,Queensland
-16.29851,145.09122,2017.0,Queensland
-25.6736,152.579,2021.0,Queensland
-26.56708,149.98709,,Queensland
-26.04886,152.66938,1997.0,Queensland
-20.7281,139.488,2021.0,Queensland
-28.17302,153.07687,1998.0,Queensland
-19.423576,146.814248,2021.0,Queensland
-17.093125,145.777275,2023.0,Queensland
-19.981645,148.261458,2022.0,Queensland
-27.59006,153.29274,1992.0,Queensland
-28.1786,153.42445,,Queensland
-20.983333,148.95,1991.0,Queensland
-24.5705,150.66,2021.0,Queensland
-27.465,152.875,2004.0,Queensland
-16.53384,145.470806,2022.0,Queensland
-27.581912,152.893241,2021.0,Queensland
-27.451,153.009,2023.0,Queensland
-26.35673,152.6344,1994.0,Queensland
-20.6954,148.629,2020.0,Queensland
-24.33864,150.94581,2023.0,Queensland
-27.410614,153.151733,2024.0,Queensland
-19.423431,146.814232,2022.0,Queensland
-19.423215,146.814825,2023.0,Queensland
-16.526669,145.473617,2026.0,Queensland
-26.533333,153.01666,1957.0,Queensland
-25.6724,152.578,2022.0,Queensland
-27.532837,152.816383,2021.0,Queensland
-27.535422,152.993127,2025.0,Queensland
-25.33499,150.55195,,Queensland
-27.53165,153.10528,1965.0,Queensland
-27.520841,153.143659,2021.0,Queensland
-24.138069,151.194682,2018.0,Queensland
-26.548793,153.09595,2022.0,Queensland
-26.656508,153.090242,2024.0,Queensland
-16.58961,145.22724,2014.0,Queensland
-19.05564,146.17726,2013.0,Queensland
-27.6369,153.304,2022.0,Queensland
-26.677601,152.026369,2021.0,Queensland
-25.6722,152.578,2021.0,Queensland
-25.87678,152.64367,,Queensland
-26.2762,152.623,2021.0,Queensland
-28.027204,152.55692,2024.0,Queensland
-16.52271,145.02515,2013.0,Queensland
-28.068511,152.424622,2025.0,Queensland
-18.20971,144.65973,2001.0,Queensland
-28.143,153.333,2021.0,Queensland
-28.10849,153.25039,2016.0,Queensland
-24.0213,151.13923,2017.0,Queensland
-24.64624,151.70448,,Queensland
-25.1833,150.18804,2000.0,Queensland
-27.69367,152.02719,2012.0,Queensland
-26.320827,152.394742,2020.0,Queensland
-26.459336,152.948269,2019.0,Queensland
-27.943143,153.395671,2025.0,Queensland
-24.52693,151.47112,2017.0,Queensland
-16.59901,144.90994,2014.0,Queensland
-26.8138,153.08,2020.0,Queensland
-26.108971,151.544142,2022.0,Queensland
-12.619827,141.886199,2020.0,Queensland
-28.00673,152.67608,,Queensland
-17.59639,145.75641,,Queensland
-27.529574,152.755641,2022.0,Queensland
-16.482962,145.463897,2025.0,Queensland
-27.635948,153.006975,2025.0,Queensland
-15.470613,145.255885,2017.0,Queensland
-25.39801,152.53429,,Queensland
-25.33854,152.43868,1998.0,Queensland
-27.52319,153.49496,2014.0,Queensland
-24.8704,152.231,2021.0,Queensland
-26.7266,152.973,2020.0,Queensland
-27.0408,153.104,2023.0,Queensland
-28.12339,152.95941,1993.0,Queensland
-23.41605,144.22972,2011.0,Queensland
-16.895812,145.711417,2023.0,Queensland
-21.63678,146.8966,,Queensland
-26.4562,152.999,2019.0,Queensland
-27.50672,152.97607,1993.0,Queensland
-19.422051,146.814582,2021.0,Queensland
-15.46319,145.19499,,Queensland
-26.843881,151.975324,2026.0,Queensland
-13.0422,142.91022,2015.0,Queensland
-27.4876,152.051,2021.0,Queensland
-27.884847,153.160314,2023.0,Queensland
-27.926693,153.16652,2026.0,Queensland
-16.90325,145.749437,2022.0,Queensland
-27.594812,152.279684,2021.0,Queensland
-16.54356,145.12819,2013.0,Queensland
-26.108894,151.544141,2021.0,Queensland
-19.53915,144.20584,2001.0,Queensland
-27.500382,153.248942,2023.0,Queensland
-26.683536,152.958638,2023.0,Queensland
-28.29006,152.85942,1994.0,Queensland
-18.44528,145.32371,2018.0,Queensland
-27.39754,153.108034,2020.0,Queensland
-26.8474,152.809,2021.0,Queensland
-16.588994,144.923428,,Queensland
-19.26363,146.780057,2020.0,Queensland
-17.268,144.921,2022.0,Queensland
-26.109127,151.544266,2022.0,Queensland
-27.640407,153.070561,2025.0,Queensland
-27.634703,153.241344,2023.0,Queensland
-17.244136,145.61283,2023.0,Queensland
-27.5332,152.817,2021.0,Queensland
-26.4374,152.667,2022.0,Queensland
-26.4717,152.948,2021.0,Queensland
-26.6409,152.417,2023.0,Queensland
-16.582854,144.919297,,Queensland
-27.69007,152.05942,1993.0,Queensland
-17.285985,145.635709,2025.0,Queensland
-17.939507,145.927686,2020.0,Queensland
-27.529743,152.755379,2023.0,Queensland
-26.6922,151.936,2018.0,Queensland
-17.777202,145.560119,2019.0,Queensland
-27.35673,152.45941,1992.0,Queensland
-25.353055,152.894302,2022.0,Queensland
-26.737083,152.81858,2020.0,Queensland
-28.20673,152.64275,1992.0,Queensland
-27.818106,152.958789,2022.0,Queensland
-13.93193,143.55563,,Queensland
-26.4025,152.871,2020.0,Queensland
-17.318,145.928,2018.0,Queensland
-20.85649,147.77303,2006.0,Queensland
-27.38952,153.084876,2020.0,Queensland
-27.521442,153.110808,2025.0,Queensland
-26.81506,152.84257,,Queensland
-25.67721,151.99806,2006.0,Queensland
-24.860725,152.347828,2024.0,Queensland
-26.10899,151.544306,2023.0,Queensland
-27.529454,152.75531,2022.0,Queensland
-27.0411,153.101,2022.0,Queensland
-26.60662,153.050322,2018.0,Queensland
-27.8491,153.161,2020.0,Queensland
-25.6722,152.578,2021.0,Queensland
-27.486663,153.011757,2020.0,Queensland
-27.45672,153.1594,1993.0,Queensland
-13.31499,142.88445,1979.0,Queensland
-19.34443,140.54195,2003.0,Queensland
-28.10672,152.94275,1993.0,Queensland
-24.375577,150.501092,2022.0,Queensland
-25.16351,152.16783,1997.0,Queensland
-26.315386,151.87679,2023.0,Queensland
-26.5218,153.092227,2019.0,Queensland
-26.790796,152.948944,2022.0,Queensland
-28.058301,153.33809,2023.0,Queensland
-25.35394,152.48452,2012.0,Queensland
-27.09779,150.69911,2008.0,Queensland
-27.062412,153.150154,2023.0,Queensland
-16.645383,145.262719,,Queensland
-26.432122,152.917392,2021.0,Queensland
-28.0597295,152.3658746,2011.0,Queensland
-28.274962,152.740368,2022.0,Queensland
-26.683332,152.96666,,Queensland
-27.488836,152.915402,2022.0,Queensland
-26.679154,151.754976,2021.0,Queensland
-16.92144,145.69964,1976.0,Queensland
-16.084355,145.461333,2025.0,Queensland
-12.73615,143.26213,1993.0,Queensland
-25.2585,152.691,2023.0,Queensland
-21.21189,149.17641,,Queensland
-24.340537,151.772081,2025.0,Queensland
-26.39978,151.95504,1997.0,Queensland
-14.48888,143.67667,2019.0,Queensland
-27.5,152.9,2021.0,Queensland
-27.6232,152.544,2022.0,Queensland
-26.796492,153.121902,2026.0,Queensland
-27.339108,152.918123,2022.0,Queensland
-26.4462,153.054,2021.0,Queensland
-27.376847,153.093316,2021.0,Queensland
-27.3962,152.77432,2022.0,Queensland
-17.2587,145.292,2018.0,Queensland
-27.5,152.8,2023.0,Queensland
-26.595604,152.727256,2014.0,Queensland
-28.23536,153.35611,,Queensland
-27.513485,152.849209,2025.0,Queensland
-27.6398,153.298,2021.0,Queensland
-12.63315,143.41112,1994.0,Queensland
-18.32721,145.44945,2022.0,Queensland
-27.45256,153.02191,1972.0,Queensland
-22.63591,150.77191,1989.0,Queensland
-23.31618,150.1397,1999.0,Queensland
-26.94832,152.56778,1976.0,Queensland
-26.405543,153.076856,2024.0,Queensland
-27.524504,152.98919,2023.0,Queensland
-26.75673,152.59274,1993.0,Queensland
-26.410551,153.019117,2019.0,Queensland
-21.80501,148.11437,,Queensland
-27.4,152.9,2021.0,Queensland
-27.597964,153.09762,2022.0,Queensland
-25.931637,152.606034,2025.0,Queensland
-19.421177,146.814833,2021.0,Queensland
-26.524004,153.000275,2020.0,Queensland
-16.170268,145.420296,2011.0,Queensland
-28.119199,153.314868,2026.0,Queensland
-16.283333,145.45,1964.0,Queensland
-17.0078,145.398,2018.0,Queensland
-16.8876,145.55,2021.0,Queensland
-12.36548,142.96913,1993.0,Queensland
-13.41117,142.60984,2013.0,Queensland
-27.1326,153.053,2021.0,Queensland
-17.585278,143.814444,2015.0,Queensland
-25.768938,152.501677,2025.0,Queensland
-26.841074,151.977846,2026.0,Queensland
-25.89832,152.48445,1952.0,Queensland
-27.5329,152.816,2021.0,Queensland
-16.525534,145.011759,,Queensland
-34.8111,138.6056,2008.0,South Australia
-37.977776,145.094837,2015.0,Victoria
-15.775971,128.735797,2024.0,Western Australia
-15.783403,128.742996,2020.0,Western Australia
-16.088669,128.759759,2023.0,Western Australia
-17.1524,125.468019,2025.0,Western Australia
-15.694911,128.740736,2018.0,Western Australia
-16.71615,125.45983,2025.0,Western Australia
-17.94693,124.070008,2023.0,Western Australia
-16.716767,125.464735,2025.0,Western Australia
-14.539971,125.598597,2023.0,Western Australia
-15.784033,128.738005,2024.0,Western Australia
-18.188748,125.529449,2022.0,Western Australia
-14.8219,125.841,2021.0,Western Australia
-17.608783,126.122429,2024.0,Western Australia
-14.579596,125.91259,2021.0,Western Australia
-15.783396,128.735559,2024.0,Western Australia
-15.786982,128.735127,2022.0,Western Australia
-15.700856,126.380522,2025.0,Western Australia
-14.043279,127.321987,2024.0,Western Australia
-16.025336,128.03575,2022.0,Western Australia
-15.548838,128.25947,2023.0,Western Australia
-16.722411,125.467077,2022.0,Western Australia
-18.309478,125.801492,2025.0,Western Australia
-16.715492,125.457943,2021.0,Western Australia
-17.482164,128.376404,2024.0,Western Australia
-16.007478,127.980912,2022.0,Western Australia
-16.10788,128.740813,2025.0,Western Australia
-16.088434,128.759285,2023.0,Western Australia
-15.71429,128.255911,2022.0,Western Australia
-14.82376,125.703456,2024.0,Western Australia
-17.408349,124.946048,2025.0,Western Australia
-17.249803,123.981828,2023.0,Western Australia
-18.718603,126.880547,2026.0,Western Australia
-18.667377,125.858854,2022.0,Western Australia
-16.12335,128.560458,2015.0,Western Australia
-18.209585,125.584338,2026.0,Western Australia
-17.513019,126.110324,2020.0,Western Australia
