Common Name,Threatened status,ACT,NSW,NT,QLD,SA,TAS,VIC,WA,Kingdom,Class
Norfolk Island Abutilon,Critically Endangered,-,-,-,-,-,-,-,-,Plantae,Magnoliopsida
-,Vulnerable,-,-,-,Yes,-,-,-,-,Plantae,Magnoliopsida
"Grass Wattle, Chittering Grass Wattle",Vulnerable,-,-,-,-,-,-,-,Yes,Plantae,Magnoliopsida
Leafless Rock Wattle,Vulnerable,-,-,-,-,-,-,-,Yes,Plantae,Magnoliopsida
Blunt Wattle,Endangered,-,-,-,-,-,-,-,Yes,Plantae,Magnoliopsida
"Spidery Wattle, Balcanoona Wattle",Vulnerable,-,-,-,-,Yes,-,-,-,Plantae,Magnoliopsida
Watheroo Wattle,Endangered,-,-,-,-,-,-,-,Yes,Plantae,Magnoliopsida
Large-fruited Tammin Wattle,Endangered,-,-,-,-,-,-,-,Yes,Plantae,Magnoliopsida
Myall Creek Wattle,Critically Endangered,-,Yes,-,-,-,-,-,-,Plantae,Magnoliopsida
-,Vulnerable,-,-,-,Yes,-,-,-,-,Plantae,Magnoliopsida
Orange-flowered Wattle,Endangered,-,-,-,-,-,-,-,Yes,Plantae,Magnoliopsida
Stirling Range Wattle,Vulnerable,-,-,-,-,-,-,-,Yes,Plantae,Magnoliopsida
"Midlands Mimosa, Midlands Wattle",Vulnerable,-,-,-,-,-,Yes,-,-,Plantae,Magnoliopsida
-,Endangered,-,Yes,-,-,-,-,-,-,Plantae,Magnoliopsida
Blay's Wattle,Critically Endangered,-,Yes,-,-,-,-,-,-,Plantae,Magnoliopsida
Western Wheatbelt Wattle,Endangered,-,-,-,-,-,-,-,Yes,Plantae,Magnoliopsida
"Bynoe's Wattle, Tiny Wattle",Vulnerable,-,Yes,-,-,-,-,-,-,Plantae,Magnoliopsida
"Limestone Blue Wattle, Buchan Blue, Buchan Blue Wattle",Vulnerable,-,-,-,-,-,-,Yes,-,Plantae,Magnoliopsida
"Needle Wattle, Dead Finish, Purple-wood Wattle",Vulnerable,-,Yes,-,-,Yes,-,-,-,Plantae,Magnoliopsida
-,Endangered,-,-,-,-,-,-,-,Yes,Plantae,Magnoliopsida
Spiral-fruited Wattle,Endangered,-,-,-,-,-,-,-,Yes,Plantae,Magnoliopsida
Velvety Spiral Pod Wattle,Critically Endangered,-,-,-,-,-,-,-,Yes,Plantae,Magnoliopsida
Narrabarba Wattle,Critically Endangered,-,Yes,-,-,-,-,-,-,Plantae,Magnoliopsida
"Three Brothers Wattle, Brother Wattle, Northern Brother Wattle",Endangered,-,Yes,-,-,-,-,-,-,Plantae,Magnoliopsida
Chalky Wattle,Endangered,-,-,-,-,Yes,-,-,-,Plantae,Magnoliopsida
Pink Gidgee,Vulnerable,-,-,-,Yes,-,-,-,-,Plantae,Magnoliopsida
Curly-bark Wattle,Vulnerable,-,Yes,-,Yes,-,-,-,-,Plantae,Magnoliopsida
-,Critically Endangered,-,Yes,-,-,-,-,-,-,Plantae,Magnoliopsida
Sandpaper Wattle,Vulnerable,-,-,-,-,-,-,-,Yes,Plantae,Magnoliopsida
Echidna Wattle,Vulnerable,-,-,-,-,-,-,-,Yes,Plantae,Magnoliopsida
-,Vulnerable,-,-,-,Yes,-,-,-,-,Plantae,Magnoliopsida
Jumping-jack Wattle,Endangered,-,-,-,-,Yes,-,Yes,-,Plantae,Magnoliopsida
a shrub,Critically Endangered,-,-,Yes,-,-,-,-,-,Plantae,Magnoliopsida
-,Vulnerable,-,-,-,Yes,-,-,-,-,Plantae,Magnoliopsida
Flockton Wattle,Vulnerable,-,Yes,-,-,-,-,-,-,Plantae,Magnoliopsida
Forest's Wattle,Vulnerable,-,-,-,-,-,-,-,Yes,Plantae,Magnoliopsida
-,Critically Endangered,-,-,-,Yes,-,-,-,-,Plantae,Magnoliopsida
Bega Wattle,Vulnerable,-,Yes,-,-,-,-,-,-,Plantae,Magnoliopsida
Hairy-pod Wattle,Vulnerable,-,-,-,-,Yes,-,Yes,-,Plantae,Magnoliopsida
-,Endangered,-,Yes,-,-,-,-,-,-,Plantae,Magnoliopsida
-,Vulnerable,-,-,-,Yes,-,-,-,-,Plantae,Magnoliopsida
"Hando's Wattle, Percy Grant Wattle",Vulnerable,-,-,-,Yes,-,-,-,-,Plantae,Magnoliopsida
Gibson Wattle,Endangered,-,-,-,-,-,-,-,Yes,Plantae,Magnoliopsida
Yornaning Wattle,Endangered,-,-,-,-,-,-,-,Yes,Plantae,Magnoliopsida
-,Extinct,-,-,-,-,-,-,-,Yes,Plantae,Magnoliopsida
-,Endangered,-,Yes,-,-,-,-,Yes,-,Plantae,Magnoliopsida
Woolly Wattle,Endangered,-,-,-,-,-,-,-,Yes,Plantae,Magnoliopsida
Latz's Wattle,Vulnerable,-,-,Yes,-,Yes,-,-,-,Plantae,Magnoliopsida
Tara Wattle,Vulnerable,-,-,-,Yes,-,-,-,-,Plantae,Magnoliopsida
Chinocup Wattle,Endangered,-,-,-,-,-,-,-,Yes,Plantae,Magnoliopsida
-,Critically Endangered,-,-,-,-,-,-,-,Yes,Plantae,Magnoliopsida
Chiddarcooping Wattle,Endangered,-,-,-,-,-,-,-,Yes,Plantae,Magnoliopsida
Girringun wattle,Critically Endangered,-,-,-,Yes,-,-,-,-,Plantae,Magnoliopsida
McNutt's Wattle,Vulnerable,-,Yes,-,-,-,-,-,-,Plantae,Magnoliopsida
-,Endangered,-,Yes,-,-,-,-,-,-,Plantae,Magnoliopsida
Menzel's Wattle,Vulnerable,-,-,-,-,Yes,-,-,-,Plantae,Magnoliopsida
"Waddy, Waddi, Waddy-wood, Birdsville Wattle",Vulnerable,-,-,Yes,Yes,Yes,-,-,-,Plantae,Magnoliopsida
Wongan Gully Wattle,Endangered,-,-,-,-,-,-,-,Yes,Plantae,Magnoliopsida
Phantom Wattle,Vulnerable,-,Yes,-,-,-,-,Yes,-,Plantae,Magnoliopsida
Birds Nest Wattle,Vulnerable,-,-,Yes,-,Yes,-,-,-,Plantae,Magnoliopsida
"Fat-leaved Wattle,  Fat-leaf Wattle",Endangered,-,-,-,-,Yes,-,-,-,Plantae,Magnoliopsida
-,Endangered,-,-,-,Yes,-,-,-,-,Plantae,Magnoliopsida
Senna Wattle,Vulnerable,-,-,-,-,Yes,-,-,-,Plantae,Magnoliopsida
a shrub,Vulnerable,-,-,Yes,-,-,-,-,-,Plantae,Magnoliopsida
Diels' Wattle,Critically Endangered,-,-,-,-,-,-,-,Yes,Plantae,Magnoliopsida
"Downy Wattle, Hairy Stemmed Wattle",Vulnerable,-,Yes,-,-,-,-,-,-,Plantae,Magnoliopsida
Velvet Wattle,Endangered,-,Yes,-,Yes,-,-,-,-,Plantae,Magnoliopsida
Purple-flowered Wattle,Critically Endangered,-,-,-,Yes,-,-,-,-,Plantae,Magnoliopsida
Bolivia Wattle,Vulnerable,-,Yes,-,-,-,-,-,-,Plantae,Magnoliopsida
Dwarf Rock Wattle,Endangered,-,-,-,-,-,-,-,Yes,Plantae,Magnoliopsida
Recurved Wattle,Endangered,-,-,-,-,-,-,-,Yes,Plantae,Magnoliopsida
Kundip Wattle,Endangered,-,-,-,-,-,-,-,Yes,Plantae,Magnoliopsida
"Neat Wattle, Resin Wattle (SA)",Vulnerable,-,-,-,-,Yes,-,-,-,Plantae,Magnoliopsida
Rupp's Wattle,Endangered,-,Yes,-,Yes,-,-,-,-,Plantae,Magnoliopsida
"Wundowlin Wattle, Ghost Wattle",Endangered,-,-,-,-,-,-,-,Yes,Plantae,Magnoliopsida
Spiller's Wattle,Endangered,-,-,-,-,Yes,-,-,-,Plantae,Magnoliopsida
"Splendid Wattle, Dandaragan Wattle",Endangered,-,-,-,-,-,-,-,Yes,Plantae,Magnoliopsida
Hairy-stemmed Zig-Zag Wattle,Endangered,-,-,-,-,-,-,-,Yes,Plantae,Magnoliopsida
Sunshine Wattle (Sydney region),Endangered,-,Yes,-,-,-,-,-,-,Plantae,Magnoliopsida
"Undoolya Wattle, Sickle-leaf Wattle",Vulnerable,-,-,Yes,-,-,-,-,-,Plantae,Magnoliopsida
a shrub,Critically Endangered,-,-,-,-,-,-,-,Yes,Plantae,Magnoliopsida
Vassal's Wattle,Endangered,-,-,-,-,-,-,-,Yes,Plantae,Magnoliopsida
"Tangled Wattle, Tangle Wattle",Endangered,-,-,-,-,-,-,-,Yes,Plantae,Magnoliopsida
"Whibley Wattle, Whibley's Wattle",Endangered,-,-,-,-,Yes,-,-,-,Plantae,Magnoliopsida
Wilson's Wattle,Endangered,-,-,-,-,-,-,-,Yes,Plantae,Magnoliopsida
Woodman's Wattle,Endangered,-,-,-,-,-,-,-,Yes,Plantae,Magnoliopsida
Slender-billed Thornbill (Gulf St Vincent),Vulnerable,-,-,-,-,Yes,-,-,-,Animalia,Aves
Kangaroo Island Striated Thornbill,Vulnerable,-,-,-,-,Yes,-,-,-,Animalia,Aves
"King Island Brown Thornbill, Brown Thornbill (King Island)",Endangered,-,-,-,-,-,Yes,-,-,Animalia,Aves
"Spiny Everlasting, Spiny Daisy",Critically Endangered,-,Yes,-,-,Yes,-,-,-,Plantae,Magnoliopsida
Plains Death Adder,Vulnerable,-,-,Yes,Yes,-,-,-,Yes,Animalia,Reptilia
"King Island Scrubtit, Scrubtit (King Island)",Critically Endangered,-,-,-,-,-,Yes,-,-,Animalia,Aves
Christmas Island Goshawk,Endangered,-,-,-,-,-,-,-,-,Animalia,Aves
"Chaff Tree, Soft-wood",Critically Endangered,-,-,-,-,-,-,-,-,Plantae,Magnoliopsida
Phillip Island Chaffy Tree,Critically Endangered,-,-,-,-,-,-,-,-,Plantae,Magnoliopsida
-,Extinct,-,-,-,Yes,-,-,-,-,Plantae,Liliopsida
Pale Chandelier Orchid,Vulnerable,-,-,-,Yes,-,-,-,-,Plantae,Liliopsida
Scented Acronychia,Endangered,-,Yes,-,Yes,-,-,-,-,Plantae,Magnoliopsida
-,Vulnerable,-,Yes,-,-,-,-,-,-,Plantae,Magnoliopsida
-,Vulnerable,-,-,-,Yes,-,-,-,-,Plantae,Magnoliopsida
Desert Flannel-flower,Vulnerable,-,-,Yes,-,-,-,-,-,Plantae,Magnoliopsida
Brigalow Woodland Snail,Endangered,-,-,-,Yes,-,-,-,-,Animalia,Gastropoda
"Boggomoss Snail, Dawson River Snail, Dawson Valley Snail",Critically Endangered,-,-,-,Yes,-,-,-,-,Animalia,Gastropoda
Dulacca Woodland Snail,Endangered,-,-,-,Yes,-,-,-,-,Animalia,Gastropoda
Fitzgerald Woollybush,Endangered,-,-,-,-,-,-,-,Yes,Plantae,Magnoliopsida
Oval-leaf Adenanthos,Vulnerable,-,-,-,-,-,-,-,Yes,Plantae,Magnoliopsida
Toolinna Adenanthos,Endangered,-,-,-,-,-,-,-,Yes,Plantae,Magnoliopsida
Sprawling Spiky Adenanthos,Endangered,-,-,-,-,-,-,-,Yes,Plantae,Magnoliopsida
Spiky Adenanthos,Vulnerable,-,-,-,-,-,-,-,Yes,Plantae,Magnoliopsida
Velvet Woollybush,Endangered,-,-,-,-,-,-,-,Yes,Plantae,Magnoliopsida
Campbell's Keeled Glass-snail,Critically Endangered,-,-,-,-,-,-,-,-,Animalia,Gastropoda
"Short-nosed Sea Snake, Short-nosed Seasnake",Critically Endangered,-,-,-,-,-,-,-,Yes,Animalia,Reptilia
"Leaf-scaled Sea Snake, Leaf-scaled Seasnake",Critically Endangered,-,-,-,-,-,-,-,Yes,Animalia,Reptilia
Dusky Sea Snake,Endangered,-,-,-,-,-,-,-,Yes,Animalia,Reptilia
Isis Tamarind,Endangered,-,-,-,Yes,-,-,-,-,Plantae,Magnoliopsida
Dwarf Heath Casuarina,Endangered,-,Yes,-,-,-,-,-,-,Plantae,Magnoliopsida
"Emu Mountain Sheoak, Mt Emu She-oak",Endangered,-,-,-,Yes,-,-,-,-,Plantae,Magnoliopsida
Woolly Sheoak,Vulnerable,-,-,-,-,-,-,-,Yes,Plantae,Magnoliopsida
-,Endangered,-,Yes,-,-,-,-,-,-,Plantae,Magnoliopsida
Nielsen Park She-oak,Endangered,-,Yes,-,-,-,-,-,-,Plantae,Magnoliopsida
Mount Compass Oak-bush,Endangered,-,-,-,-,Yes,-,-,-,Plantae,Magnoliopsida
Nabiac Casuarina,Vulnerable,-,Yes,-,-,-,-,-,-,Plantae,Magnoliopsida
-,Endangered,-,Yes,-,Yes,-,-,-,-,Plantae,Magnoliopsida
Twisted Sheoak,Vulnerable,-,-,-,-,-,-,-,Yes,Plantae,Magnoliopsida
"Red Silky Oak, Queensland Waratah, Tree Waratah",Vulnerable,-,-,-,Yes,-,-,-,-,Plantae,Magnoliopsida
Torrington Pea,Endangered,-,Yes,-,Yes,-,-,-,-,Plantae,Magnoliopsida
Yass Daisy,Vulnerable,Yes,Yes,-,-,-,-,-,-,Plantae,Magnoliopsida
Ammonite Pinwheel Snail,Critically Endangered,-,-,-,-,-,Yes,-,-,Animalia,Gastropoda
-,Extinct,-,Yes,-,-,-,-,-,-,Plantae,Magnoliopsida
"River Swamp Wallaby-grass, Floating Swamp Wallaby-grass",Vulnerable,-,Yes,-,-,Yes,Yes,Yes,-,Plantae,Liliopsida
-,Extinct,-,-,-,Yes,-,-,-,-,Plantae,Liliopsida
"Whitesnout Anemonefish, McCulloch's Anemonefish",Critically Endangered,-,Yes,-,-,-,-,-,-,Animalia,Actinopterygii
-,Endangered,-,Yes,-,Yes,-,-,-,-,Plantae,Magnoliopsida
"Bulloo Grey Grasswren, Grey Grasswren (Bulloo)",Endangered,-,Yes,-,Yes,Yes,-,-,-,Animalia,Aves
Carpentarian Grasswren,Endangered,-,-,Yes,Yes,-,-,-,-,Animalia,Aves
Short-tailed Grasswren (Flinders Ranges),Vulnerable,-,-,-,-,Yes,-,-,-,Animalia,Aves
"Gawler Ranges Short-tailed Grasswren, Short-tailed Grasswren (Gawler Ranges)",Endangered,-,-,-,-,Yes,-,-,-,Animalia,Aves
Thick-billed Grasswren,Vulnerable,-,Yes,Yes,-,Yes,-,-,-,Animalia,Aves
"Grey Range Thick-billed Grasswren, Thick-billed Grasswren (north-west NSW)",Critically Endangered,-,Yes,-,-,-,-,-,-,Animalia,Aves
"Murray Mallee Striated Grasswren, Striated Grasswren (sandplain)",Endangered,-,Yes,-,-,Yes,-,Yes,-,Animalia,Aves
"Mukarrthippi Grasswren, Striated Grasswren (sandplain)",Critically Endangered,-,Yes,-,-,-,-,-,-,Animalia,Aves
Western Grasswren (Gawler Ranges),Vulnerable,-,-,-,-,Yes,-,-,-,Animalia,Aves
"White-throated Grasswren, Yirlinkirrkirr",Vulnerable,-,-,Yes,-,-,-,-,-,Animalia,Aves
-,Critically Endangered,-,-,-,-,-,-,-,Yes,Plantae,Magnoliopsida
Giant Andersonia,Critically Endangered,-,-,-,-,-,-,-,Yes,Plantae,Magnoliopsida
Slender Andersonia,Endangered,-,-,-,-,-,-,-,Yes,Plantae,Magnoliopsida
Two Peoples Bay Andersonia,Vulnerable,-,-,-,-,-,-,-,Yes,Plantae,Magnoliopsida
-,Critically Endangered,-,-,-,-,-,-,-,Yes,Plantae,Magnoliopsida
-,Critically Endangered,-,-,-,Yes,-,-,-,-,Plantae,Magnoliopsida
Straggling Androcalva,Critically Endangered,-,-,-,-,-,-,-,Yes,Plantae,Magnoliopsida
-,Critically Endangered,-,-,-,Yes,-,-,-,-,Plantae,Magnoliopsida
Headland Commersonia,Critically Endangered,-,-,-,Yes,-,-,-,-,Plantae,Magnoliopsida
Pearl-like Androcalva,Endangered,-,-,-,-,-,-,-,Yes,Plantae,Magnoliopsida
-,Vulnerable,-,Yes,-,-,-,-,-,-,Plantae,Magnoliopsida
Sandy Hollow Commersonia,Endangered,-,Yes,-,-,-,-,-,-,Plantae,Magnoliopsida
Charmhaven Apple,Vulnerable,-,Yes,-,-,-,-,-,-,Plantae,Magnoliopsida
Sandstone Rough-barked Apple,Vulnerable,-,Yes,-,-,-,-,-,-,Plantae,Magnoliopsida
"Little Kangaroo Paw, Two-coloured Kangaroo Paw, Small Two-colour Kangaroo Paw",Endangered,-,-,-,-,-,-,-,Yes,Plantae,Liliopsida
Dwarf Green Kangaroo Paw,Vulnerable,-,-,-,-,-,-,-,Yes,Plantae,Liliopsida
Fassifern Blind Snake,Critically Endangered,-,-,-,Yes,-,-,-,-,Animalia,Reptilia
"Five-clawed Worm-skink, Long-legged Worm-skink",Vulnerable,-,Yes,-,Yes,-,-,-,-,Animalia,Reptilia
Australian Lesser Noddy,Vulnerable,-,-,-,-,-,-,-,Yes,Animalia,Aves
Silver-headed Antechinus,Endangered,-,-,-,Yes,-,-,-,-,Animalia,Mammalia
Black-tailed Antechinus,Endangered,-,Yes,-,Yes,-,-,-,-,Animalia,Mammalia
Fawn Antechinus,Vulnerable,-,-,Yes,-,-,-,-,-,Animalia,Mammalia
Swamp Antechinus (mainland),Vulnerable,-,-,-,-,Yes,-,Yes,-,Animalia,Mammalia
Slender Tailflower,Vulnerable,-,-,-,-,-,-,-,Yes,Plantae,Magnoliopsida
Kangaroo Island Little Wattlebird,Vulnerable,-,-,-,-,Yes,-,-,-,Animalia,Aves
Regent Honeyeater,Critically Endangered,Yes,Yes,-,Yes,Yes,-,Yes,-,Animalia,Aves
Phillip Island Wheat Grass,Critically Endangered,-,Yes,-,-,-,-,-,-,Plantae,Liliopsida
"Tasmanian Chaostola Skipper, Heath-sand Skipper",Endangered,-,-,-,-,-,Yes,-,-,Animalia,Insecta
"Border Ranges Lined Fern, Lamington Ox Tongue Fern",Critically Endangered,-,Yes,-,Yes,-,-,-,-,Plantae,Polypodiatae
-,Vulnerable,-,-,-,Yes,-,-,-,-,Plantae,Magnoliopsida
Southern Whiteface,Vulnerable,Yes,Yes,Yes,Yes,Yes,-,Yes,Yes,Animalia,Aves
"Fine-leaved Apium, Porongurup Celery",Vulnerable,-,-,-,-,-,-,-,Yes,Plantae,Magnoliopsida
Tasman Starling,Extinct,-,Yes,-,-,-,-,-,-,Animalia,Aves
-,Endangered,-,-,-,Yes,-,-,-,-,Plantae,Liliopsida
an aquatic herb,Endangered,-,-,-,Yes,-,-,-,-,Plantae,Liliopsida
"Eared Worm-lizard, Mallee Worm-lizard",Endangered,-,-,-,-,Yes,-,Yes,-,Animalia,Reptilia
"Pink-tailed Worm-lizard, Pink-tailed Legless Lizard",Vulnerable,Yes,Yes,-,-,-,-,Yes,-,Animalia,Reptilia
Flinders Ranges Worm-lizard,Vulnerable,-,-,-,-,Yes,-,-,-,Animalia,Reptilia
"Tasmanian Wedge-tailed Eagle, Wedge-tailed Eagle (Tasmanian)",Endangered,-,-,-,-,-,Yes,-,-,Animalia,Aves
"Bacon Wood, Tulip Siris",Vulnerable,-,-,-,Yes,-,-,-,-,Plantae,Magnoliopsida
"Myola Palm, Myola Archontophoenix",Endangered,-,-,-,Yes,-,-,-,-,Plantae,Liliopsida
Subantarctic Fur-seal,Endangered,-,-,-,-,-,Yes,-,-,Animalia,Mammalia
Sooty Shearwater,Vulnerable,-,Yes,-,Yes,Yes,Yes,Yes,Yes,Animalia,Aves
Ruddy Turnstone,Vulnerable,-,Yes,Yes,Yes,Yes,Yes,Yes,Yes,Animalia,Aves
Australian Fritillary,Critically Endangered,-,Yes,-,Yes,-,-,-,-,Animalia,Insecta
Shining Cudweed,Vulnerable,-,Yes,-,-,-,Yes,Yes,-,Plantae,Magnoliopsida
-,Vulnerable,-,-,-,Yes,-,-,-,-,Plantae,Liliopsida
-,Endangered,-,-,-,Yes,-,-,-,-,Plantae,Liliopsida
Thompson's wiregrass,Endangered,-,-,-,Yes,-,-,-,-,Plantae,Liliopsida
Hairy-joint Grass,Vulnerable,-,Yes,-,Yes,-,-,-,-,Plantae,Liliopsida
Trailing Woodruff,Vulnerable,-,Yes,-,-,-,-,-,-,Plantae,Magnoliopsida
Kangaroo Island Woodruff,Vulnerable,-,-,-,-,Yes,-,-,-,Plantae,Magnoliopsida
Maidenhair Spleenwort,Vulnerable,-,-,-,-,-,Yes,Yes,-,Plantae,Polypodiatae
Christmas Island Spleenwort,Critically Endangered,-,-,-,-,-,-,-,-,Plantae,Polypodiatae
-,Vulnerable,-,-,-,Yes,-,-,-,-,Plantae,Polypodiatae
-,Vulnerable,-,-,-,Yes,-,-,-,-,Plantae,Polypodiatae
Pouched Frog,Vulnerable,-,Yes,-,Yes,-,-,-,-,Animalia,Amphibia
"Mount Wollumbin Hip-pocket Frog, Wollumbin Pouched Frog",Critically Endangered,-,Yes,-,-,-,-,-,-,Animalia,Amphibia
"Giant Freshwater Crayfish, Tasmanian Giant Freshwater Lobster",Vulnerable,-,-,-,-,-,Yes,-,-,Animalia,Malacostraca
Tall Astelia,Vulnerable,-,-,-,-,-,-,Yes,-,Plantae,Liliopsida
White Star-bush,Critically Endangered,-,-,-,-,-,-,Yes,-,Plantae,Magnoliopsida
Dungowan Starbush,Critically Endangered,-,Yes,-,-,-,-,-,-,Plantae,Magnoliopsida
-,Critically Endangered,-,Yes,-,-,-,-,-,-,Plantae,Magnoliopsida
-,Endangered,-,Yes,-,-,-,-,-,-,Plantae,Magnoliopsida
Bindoon Starbush,Vulnerable,-,-,-,-,-,-,-,Yes,Plantae,Magnoliopsida
Downy Star-bush,Vulnerable,-,-,-,-,Yes,-,Yes,-,Plantae,Magnoliopsida
Thick-leaf Star-hair,Vulnerable,-,Yes,-,-,-,-,-,-,Plantae,Magnoliopsida
-,Endangered,-,Yes,-,Yes,-,-,-,-,Plantae,Magnoliopsida
Long-leaf Star-hair,Critically Endangered,-,Yes,-,-,-,-,Yes,-,Plantae,Magnoliopsida
Wingan Star-hair,Endangered,-,-,-,-,-,-,Yes,-,Plantae,Magnoliopsida
-,Critically Endangered,-,-,Yes,-,-,-,-,-,Plantae,Magnoliopsida
Yarwun Whitewood,Endangered,-,-,-,Yes,-,-,-,-,Plantae,Magnoliopsida
"Noisy Scrub-bird, Tjimiluk",Endangered,-,-,-,-,-,-,-,Yes,Animalia,Aves
Rufous Scrub-bird,Endangered,-,Yes,-,Yes,-,-,-,-,Animalia,Aves
-,Vulnerable,-,Yes,-,-,-,-,-,-,Plantae,Magnoliopsida
-,Endangered,-,-,-,-,-,-,-,Yes,Plantae,Magnoliopsida
"Lyon's Grassland Striped Skink, Lyon's Snake-eyed Skink",Critically Endangered,-,-,-,Yes,-,-,-,-,Animalia,Reptilia
Sydney Hawk Dragonfly,Endangered,-,Yes,-,-,-,-,-,-,Animalia,Insecta
-,Endangered,-,-,-,-,-,-,-,Yes,Plantae,Liliopsida
-,Critically Endangered,-,-,-,-,-,-,-,Yes,Plantae,Liliopsida
-,Vulnerable,-,Yes,-,-,Yes,-,Yes,-,Plantae,Liliopsida
-,Endangered,-,Yes,-,-,-,-,Yes,-,Plantae,Liliopsida
"Macquarie Azorella, Macquarie Cushions",Critically Endangered,-,-,-,-,-,Yes,-,-,Plantae,Magnoliopsida
-,Critically Endangered,-,-,-,Yes,-,-,-,-,Plantae,Magnoliopsida
a shrub,Endangered,-,Yes,-,-,-,-,-,-,Plantae,Magnoliopsida
Sei Whale,Vulnerable,-,Yes,-,Yes,Yes,Yes,Yes,Yes,Animalia,Mammalia
Blue Whale,Endangered,-,Yes,Yes,Yes,Yes,Yes,Yes,Yes,Animalia,Mammalia
Fin Whale,Vulnerable,-,Yes,-,Yes,Yes,Yes,Yes,Yes,Animalia,Mammalia
Southern Shepherd's Purse,Endangered,-,-,-,-,-,Yes,Yes,-,Plantae,Magnoliopsida
"Marbled Balogia, Jointed Baloghia",Vulnerable,-,Yes,-,Yes,-,-,-,-,Plantae,Magnoliopsida
Dense Cord-rush,Vulnerable,-,Yes,-,-,-,-,-,-,Plantae,Liliopsida
Cactus Dryandra,Critically Endangered,-,-,-,-,-,-,-,Yes,Plantae,Magnoliopsida
Orange Dryandra,Critically Endangered,-,-,-,-,-,-,-,Yes,Plantae,Magnoliopsida
"Brown's Banksia, Feather-leaved Banksia",Critically Endangered,-,-,-,-,-,-,-,Yes,Plantae,Magnoliopsida
-,Vulnerable,-,-,-,-,-,-,-,Yes,Plantae,Magnoliopsida
"Matchstick Banksia, Quairading Banksia",Endangered,-,-,-,-,-,-,-,Yes,Plantae,Magnoliopsida
Dark-bract Banksia,Critically Endangered,-,-,-,-,-,-,-,Yes,Plantae,Magnoliopsida
Good's Banksia,Vulnerable,-,-,-,-,-,-,-,Yes,Plantae,Magnoliopsida
Kamballup Dryandra,Endangered,-,-,-,-,-,-,-,Yes,Plantae,Magnoliopsida
Summer Honeypot,Endangered,-,-,-,-,-,-,-,Yes,Plantae,Magnoliopsida
Stirling Range Dryandra,Critically Endangered,-,-,-,-,-,-,-,Yes,Plantae,Magnoliopsida
Swamp Honeypot,Endangered,-,-,-,-,-,-,-,Yes,Plantae,Magnoliopsida
Wagin Banksia,Endangered,-,-,-,-,-,-,-,Yes,Plantae,Magnoliopsida
a banksia,Critically Endangered,-,Yes,-,-,-,-,-,-,Plantae,Magnoliopsida
a banksia,Endangered,-,Yes,-,-,-,-,-,-,Plantae,Magnoliopsida
False Plumed-Banksia,Endangered,-,-,-,-,-,-,-,Yes,Plantae,Magnoliopsida
-,Endangered,-,-,-,-,-,-,-,Yes,Plantae,Magnoliopsida
Northern Serrate Dryandra,Critically Endangered,-,-,-,-,-,-,-,Yes,Plantae,Magnoliopsida
Southern Serrate Dryandra,Vulnerable,-,-,-,-,-,-,-,Yes,Plantae,Magnoliopsida
"Ironcaps Banksia, Ironcap Banksia",Vulnerable,-,-,-,-,-,-,-,Yes,Plantae,Magnoliopsida
Whicher Range Dryandra,Vulnerable,-,-,-,-,-,-,-,Yes,Plantae,Magnoliopsida
"Granite Banksia, Albany Banksia, River Banksia",Vulnerable,-,-,-,-,-,-,-,Yes,Plantae,Magnoliopsida
-,Critically Endangered,-,Yes,-,-,-,-,-,-,Plantae,Magnoliopsida
"Native Wintercress, Riverbed Wintercress",Endangered,-,-,-,-,-,Yes,-,-,Plantae,Magnoliopsida
Arnhem Land Egernia,Endangered,-,-,Yes,-,-,-,-,-,Animalia,Reptilia
Eastern Stirling Range Pygmy Trapdoor Spider,Vulnerable,-,-,-,-,-,-,-,Yes,Animalia,Arachnida
Tingle Pygmy Trapdoor Spider,Endangered,-,-,-,-,-,-,-,Yes,Animalia,Arachnida
a shrub,Vulnerable,-,-,-,Yes,-,-,-,-,Plantae,Magnoliopsida
Mt Ernest Bertya,Vulnerable,-,-,-,Yes,-,-,-,-,Plantae,Magnoliopsida
a shrub,Endangered,-,-,-,Yes,-,-,-,-,Plantae,Magnoliopsida
a shrub,Endangered,-,Yes,-,-,-,-,-,-,Plantae,Magnoliopsida
-,Endangered,-,Yes,-,-,-,-,-,-,Plantae,Magnoliopsida
-,Vulnerable,-,Yes,-,Yes,-,-,-,-,Plantae,Magnoliopsida
a shrub,Vulnerable,-,Yes,-,Yes,-,-,-,-,Plantae,Magnoliopsida
-,Endangered,-,Yes,-,-,-,-,-,-,Plantae,Magnoliopsida
Tasmanian Bertya,Endangered,-,-,-,-,-,Yes,-,-,Plantae,Magnoliopsida
Desert Bettong,Extinct,-,-,Yes,-,-,-,-,Yes,Animalia,Mammalia
"Eastern Bettong (mainland), Eastern Rat-kangaroo",Extinct,-,Yes,-,Yes,Yes,-,Yes,-,Animalia,Mammalia
"Boodie, Burrowing Bettong (Barrow and Boodie Islands)",Vulnerable,-,-,-,-,-,-,-,Yes,Animalia,Mammalia
"Boodie (inland), Burrowing Bettong (inland)",Extinct,-,Yes,Yes,Yes,Yes,-,-,Yes,Animalia,Mammalia
"Burrowing Bettong (Shark Bay), Boodie",Vulnerable,-,Yes,-,-,Yes,-,-,Yes,Animalia,Mammalia
Woylie,Endangered,-,Yes,-,-,Yes,-,-,Yes,Animalia,Mammalia
"Brush-tailed Bettong (central and south-east), Brush-tailed Bettong (south-east mainland)",Extinct,-,Yes,Yes,Yes,Yes,-,Yes,Yes,Animalia,Mammalia
Nullarbor Dwarf Bettong,Extinct,-,-,-,-,Yes,-,-,Yes,Animalia,Mammalia
Northern Bettong,Endangered,-,Yes,-,Yes,-,-,-,-,Animalia,Mammalia
"Small-petalled Beyeria, Short-petalled Beyeria",Endangered,-,-,-,-,-,-,-,Yes,Plantae,Magnoliopsida
Kangaroo Island Turpentine Bush,Vulnerable,-,-,-,-,Yes,-,-,-,Plantae,Magnoliopsida
"Silver Perch, Bidyan",Endangered,Yes,Yes,-,Yes,Yes,-,Yes,-,Animalia,Actinopterygii
Norfolk Island Water-fern,Endangered,-,-,-,-,-,-,-,-,Plantae,Polypodiatae
"Tree Nettle, Nettletree",Critically Endangered,-,-,-,-,-,-,-,-,Plantae,Magnoliopsida
Barbalin Boronia,Vulnerable,-,-,-,-,-,-,-,Yes,Plantae,Magnoliopsida
-,Critically Endangered,-,Yes,-,-,-,-,-,-,Plantae,Magnoliopsida
a shrub,Endangered,-,-,-,-,-,-,-,Yes,Plantae,Magnoliopsida
Bremer Boronia,Endangered,-,-,-,-,-,-,-,Yes,Plantae,Magnoliopsida
-,Endangered,-,Yes,-,-,-,-,-,-,Plantae,Magnoliopsida
-,Endangered,-,Yes,-,-,-,-,-,-,Plantae,Magnoliopsida
Scott River Boronia,Endangered,-,-,-,-,-,-,-,Yes,Plantae,Magnoliopsida
"Aniseed Boronia, Galbraith's Boronia",Vulnerable,-,-,-,-,-,-,Yes,-,Plantae,Magnoliopsida
Granite Boronia,Endangered,-,Yes,-,Yes,-,-,-,-,Plantae,Magnoliopsida
Grimshaw's boronia,Critically Endangered,-,-,-,Yes,-,-,-,-,Plantae,Magnoliopsida
"Gunn's Boronia, Cataract Gorge Boronia",Vulnerable,-,-,-,-,-,Yes,-,-,Plantae,Magnoliopsida
Mt Arthur Boronia,Vulnerable,-,-,-,-,-,Yes,-,-,Plantae,Magnoliopsida
Velvet Boronia,Vulnerable,-,-,-,-,-,Yes,-,-,Plantae,Magnoliopsida
-,Critically Endangered,-,Yes,-,-,-,-,-,-,Plantae,Magnoliopsida
-,Critically Endangered,-,Yes,-,-,-,-,-,-,Plantae,Magnoliopsida
Key's Boronia,Vulnerable,-,-,-,Yes,-,-,-,-,Plantae,Magnoliopsida
a shrub,Vulnerable,-,-,Yes,-,-,-,-,-,Plantae,Magnoliopsida
"Repand Boronia, Border Boronia",Endangered,-,Yes,-,Yes,-,-,-,-,Plantae,Magnoliopsida
Ironcap Boronia,Endangered,-,-,-,-,-,-,-,Yes,Plantae,Magnoliopsida
Awl-leaved Boronia,Endangered,-,Yes,-,-,-,-,-,-,Plantae,Magnoliopsida
Orara Boronia,Vulnerable,-,Yes,-,-,-,-,-,-,Plantae,Magnoliopsida
a shrub,Vulnerable,-,-,Yes,-,-,-,-,-,Plantae,Magnoliopsida
Grampians Pincushion-lily,Endangered,-,-,-,-,-,-,Yes,-,Plantae,Liliopsida
"Three-leaved Bosistoa, Yellow Satinheart",Vulnerable,-,Yes,-,Yes,-,-,-,-,Plantae,Magnoliopsida
-,Critically Endangered,-,Yes,-,-,-,-,-,-,Plantae,Magnoliopsida
-,Vulnerable,-,Yes,-,-,-,-,-,-,Plantae,Magnoliopsida
Sword Bossiaea,Endangered,-,-,-,-,Yes,-,-,-,Plantae,Magnoliopsida
-,Endangered,-,-,-,-,-,-,-,Yes,Plantae,Magnoliopsida
Australasian Bittern,Endangered,Yes,Yes,-,Yes,Yes,Yes,Yes,Yes,Animalia,Aves
Satin-top Grass,Vulnerable,-,-,-,Yes,-,-,-,-,Plantae,Liliopsida
Spotted Handfish,Critically Endangered,-,-,-,-,-,Yes,-,-,Animalia,Actinopterygii
"Ziebell's Handfish, Waterfall Bay Handfish",Vulnerable,-,-,-,-,-,Yes,-,-,Animalia,Actinopterygii
Blackwall Range Kurrajong,Critically Endangered,-,-,-,Yes,-,-,-,-,Plantae,Magnoliopsida
Ormeau Bottle Tree,Critically Endangered,-,-,-,Yes,-,-,-,-,Plantae,Magnoliopsida
Ironstone Brachyscias,Critically Endangered,-,-,-,-,-,-,-,Yes,Plantae,Magnoliopsida
-,Critically Endangered,-,Yes,-,-,-,-,-,-,Plantae,Magnoliopsida
Corunna Daisy,Endangered,-,-,-,-,Yes,-,-,-,Plantae,Magnoliopsida
Mueller Daisy,Vulnerable,-,Yes,-,-,-,-,Yes,-,Plantae,Magnoliopsida
Mossgiel Daisy,Vulnerable,-,Yes,-,-,-,-,-,-,Plantae,Magnoliopsida
-,Vulnerable,-,-,-,Yes,-,-,-,-,Plantae,Magnoliopsida
Haines's Orange Mangrove,Critically Endangered,-,-,-,Yes,-,-,-,-,Plantae,Magnoliopsida
Budawangs Cliff-heath,Vulnerable,-,Yes,-,-,-,-,-,-,Plantae,Magnoliopsida
"Miniature Moss-orchid, Hoop Pine Orchid",Vulnerable,-,Yes,-,Yes,-,-,-,-,Plantae,Liliopsida
Wispy Umbrella Orchid,Vulnerable,-,-,-,Yes,-,-,-,-,Plantae,Liliopsida
Pale Umbrella Orchid,Vulnerable,-,-,-,Yes,-,-,-,-,Plantae,Liliopsida
-,Endangered,-,-,Yes,-,-,-,-,-,Plantae,Liliopsida
Mountain Pygmy-possum,Endangered,-,Yes,-,-,-,-,Yes,-,Animalia,Mammalia
Ooline,Vulnerable,-,Yes,-,Yes,-,-,-,-,Plantae,Magnoliopsida
Daintree Rainbowfish,Critically Endangered,-,-,-,Yes,-,-,-,-,Animalia,Actinopterygii
"Cairns Rainbowfish, Northern Soft-spined Sunfish",Endangered,-,-,-,Yes,-,-,-,-,Animalia,Actinopterygii
Canberra Spider Orchid,Critically Endangered,Yes,-,-,-,-,-,-,-,Plantae,Liliopsida
-,Endangered,-,Yes,-,-,-,-,-,-,Plantae,Liliopsida
Charming Spider-orchid,Endangered,-,-,-,-,-,-,Yes,-,Plantae,Liliopsida
"Genoa Spider-orchid, Gippsland Spider Orchid",Critically Endangered,-,Yes,-,-,-,-,Yes,-,Plantae,Liliopsida
Black-tipped Spider-orchid,Critically Endangered,-,-,-,-,-,Yes,-,-,Plantae,Liliopsida
Sand-hill Spider-orchid,Endangered,-,Yes,-,-,-,-,-,-,Plantae,Liliopsida
White-beauty Spider-orchid,Endangered,-,-,-,-,Yes,-,-,-,Plantae,Liliopsida
Black-clubbed Spider-orchid,Endangered,-,Yes,-,Yes,-,-,-,-,Plantae,Liliopsida
Duramana Fingers,Critically Endangered,-,Yes,-,-,-,-,-,-,Plantae,Liliopsida
"McIvor Spider-orchid, Audas' Spider-orchid",Endangered,-,-,-,-,-,-,Yes,-,Plantae,Liliopsida
"Small Dragon Orchid, Common Dragon Orchid",Endangered,-,-,-,-,-,-,-,Yes,Plantae,Liliopsida
Pink-lipped Spider-orchid,Endangered,-,-,-,-,Yes,-,-,-,Plantae,Liliopsida
Short Spider-orchid,Extinct,-,-,-,-,-,Yes,Yes,-,Plantae,Liliopsida
Winter Spider-orchid,Vulnerable,-,-,-,-,Yes,-,-,-,Plantae,Liliopsida
Dwarf Spider-orchid,Endangered,-,-,-,-,-,-,-,Yes,Plantae,Liliopsida
Northern Dwarf Spider-orchid,Vulnerable,-,-,-,-,-,-,-,Yes,Plantae,Liliopsida
Bussell's Spider-orchid,Endangered,-,-,-,-,-,-,-,Yes,Plantae,Liliopsida
Cape Spider-orchid,Endangered,-,-,-,-,-,-,-,Yes,Plantae,Liliopsida
Limestone Spider-orchid,Vulnerable,-,-,-,-,Yes,-,Yes,-,Plantae,Liliopsida
"Thick-stem Caladenia, Thick-stem Fairy Fingers",Critically Endangered,-,-,-,-,-,Yes,-,-,Plantae,Liliopsida
Tailed Spider-orchid,Vulnerable,-,-,-,-,-,Yes,-,-,Plantae,Liliopsida
Christine's Spider Orchid,Vulnerable,-,-,-,-,-,-,-,Yes,Plantae,Liliopsida
"Coloured Spider-orchid, Small Western Spider-orchid, Painted Spider-orchid",Endangered,-,-,-,-,Yes,-,Yes,-,Plantae,Liliopsida
"Crimson Spider-orchid, Maroon Spider-orchid",Vulnerable,-,Yes,-,-,Yes,-,Yes,-,Plantae,Liliopsida
Coast Spider-orchid,Endangered,-,-,-,-,Yes,-,-,-,Plantae,Liliopsida
"Don's Spider Orchid, Beady Spider Orchid",Critically Endangered,-,-,-,-,-,-,Yes,-,Plantae,Liliopsida
Windswept Spider-orchid,Endangered,-,-,-,-,-,Yes,-,-,Plantae,Liliopsida
Cossack Spider-orchid,Endangered,-,-,-,-,-,-,-,Yes,Plantae,Liliopsida
Hinged Dragon Orchid,Endangered,-,-,-,-,-,-,-,Yes,Plantae,Liliopsida
Elegant Spider-orchid,Endangered,-,-,-,-,-,-,-,Yes,Plantae,Liliopsida
Giant Spider-orchid,Endangered,-,-,-,-,-,-,-,Yes,Plantae,Liliopsida
"Elegant Spider-orchid, Blood-red Spider-orchid",Vulnerable,-,-,-,-,Yes,-,Yes,-,Plantae,Liliopsida
Tawny Spider-orchid,Endangered,-,-,-,-,Yes,-,Yes,-,Plantae,Liliopsida
"Bayonet Spider-orchid, Clubbed Spider-orchid",Endangered,-,-,-,-,Yes,-,-,-,Plantae,Liliopsida
"Pingaring Spider-orchid, Granite Spider-orchid",Endangered,-,-,-,-,-,-,-,Yes,Plantae,Liliopsida
-,Endangered,-,-,-,-,-,-,-,Yes,Plantae,Liliopsida
"Harrington's Spider-orchid, Pink Spider-orchid",Vulnerable,-,-,-,-,-,-,-,Yes,Plantae,Liliopsida
Melblom's Spider-orchid,Endangered,-,-,-,-,-,-,Yes,-,Plantae,Liliopsida
Hoffman's Spider-orchid,Endangered,-,-,-,-,-,-,-,Yes,Plantae,Liliopsida
"Quindanning Spider Orchid, Boddington Spider Orchid",Endangered,-,-,-,-,-,-,-,Yes,Plantae,Liliopsida
"King Spider-orchid, Grand Spider-orchid, Rusty Spider-orchid",Endangered,-,-,-,-,-,-,-,Yes,Plantae,Liliopsida
French Island Spider-orchid,Vulnerable,-,-,-,-,-,-,Yes,-,Plantae,Liliopsida
Ghost Spider-orchid,Critically Endangered,-,-,-,-,Yes,-,-,-,Plantae,Liliopsida
Collie Spider Orchid,Endangered,-,-,-,-,-,-,-,Yes,Plantae,Liliopsida
Lindley's Spider-orchid,Critically Endangered,-,-,-,-,-,Yes,-,-,Plantae,Liliopsida
Lodge's Spider-orchid,Critically Endangered,-,-,-,-,-,-,-,Yes,Plantae,Liliopsida
Wimmera Spider-orchid,Endangered,-,-,-,-,Yes,-,Yes,-,Plantae,Liliopsida
Lemon Spider Orchid,Critically Endangered,-,-,-,-,-,-,-,Yes,Plantae,Liliopsida
Large-club Spider-orchid,Endangered,-,-,-,-,Yes,-,-,-,Plantae,Liliopsida
"Ballerina Orchid, Ballerina Spider Orchid",Critically Endangered,-,-,-,-,-,-,-,Yes,Plantae,Liliopsida
Eastern Spider Orchid,Endangered,-,-,-,-,-,-,Yes,-,Plantae,Liliopsida
Ornate Pink Fingers,Vulnerable,-,-,-,-,Yes,-,Yes,-,Plantae,Liliopsida
Kangaroo Island Spider-orchid,Endangered,-,-,-,-,Yes,-,-,-,Plantae,Liliopsida
"Rosy Spider Orchid, Pale Spider-orchid, Summer Spider-orchid",Critically Endangered,-,-,-,-,-,Yes,-,-,Plantae,Liliopsida
Carbunup King Spider Orchid,Critically Endangered,-,-,-,-,-,-,-,Yes,Plantae,Liliopsida
Dwarf Spider-orchid,Critically Endangered,-,-,-,-,-,-,Yes,-,Plantae,Liliopsida
Little Dip Spider-orchid,Endangered,-,-,-,-,Yes,-,-,-,Plantae,Liliopsida
Stiff White Spider-orchid,Endangered,-,-,-,-,Yes,-,-,-,Plantae,Liliopsida
Frankston Spider-orchid,Endangered,-,-,-,-,-,-,Yes,-,Plantae,Liliopsida
"Rosella Spider-orchid, Little Pink Spider-orchid",Endangered,-,Yes,-,-,-,-,Yes,-,Plantae,Liliopsida
Sagg Spider-orchid,Critically Endangered,-,-,-,-,-,Yes,-,-,Plantae,Liliopsida
Kilsyth South Spider-orchid,Critically Endangered,-,-,-,-,-,-,Yes,-,Plantae,Liliopsida
Forest Fingers,Critically Endangered,-,-,-,-,-,Yes,-,-,Plantae,Liliopsida
"Greencomb Spider-orchid, Rigid Spider-orchid",Endangered,-,Yes,-,-,Yes,-,Yes,-,Plantae,Liliopsida
"Thick-lipped Spider-orchid, Daddy Long-legs",Vulnerable,-,Yes,-,-,-,-,Yes,-,Plantae,Liliopsida
Fringed Spider-orchid,Endangered,-,-,-,-,-,-,Yes,-,Plantae,Liliopsida
Robust Fingers,Critically Endangered,-,-,-,-,-,Yes,-,-,Plantae,Liliopsida
Candy Spider-orchid,Vulnerable,-,-,-,-,Yes,-,Yes,-,Plantae,Liliopsida
Dunsborough Spider-orchid,Endangered,-,-,-,-,-,-,-,Yes,Plantae,Liliopsida
Kalbarri Spider-orchid,Vulnerable,-,-,-,-,-,-,-,Yes,Plantae,Liliopsida
Williams Spider Orchid,Endangered,-,-,-,-,-,-,-,Yes,Plantae,Liliopsida
Majestic Spider-orchid,Endangered,-,-,-,-,-,-,-,Yes,Plantae,Liliopsida
Woolcock's Spider-orchid,Vulnerable,-,-,-,-,Yes,-,-,-,Plantae,Liliopsida
Yellow-lip Spider-orchid,Endangered,-,Yes,-,-,Yes,-,Yes,-,Plantae,Liliopsida
"White Rabbits, Flinders Ranges White Caladenia",Endangered,-,-,-,-,Yes,-,-,-,Plantae,Liliopsida
Chestnut-rumped Heathwren (Mt Lofty Ranges),Endangered,-,-,-,-,Yes,-,-,-,Animalia,Aves
Blue Tinsel Lily,Critically Endangered,-,-,-,-,-,-,-,Yes,Plantae,Liliopsida
Elegant Tinsel Lily,Critically Endangered,-,-,-,-,-,-,-,Yes,Plantae,Liliopsida
Stilted Tinsel Lily,Vulnerable,-,-,-,-,-,-,-,Yes,Plantae,Liliopsida
Sharp-tailed Sandpiper,Vulnerable,Yes,Yes,Yes,Yes,Yes,Yes,Yes,Yes,Animalia,Aves
"Red Knot, Knot",Vulnerable,-,Yes,Yes,Yes,Yes,Yes,Yes,Yes,Animalia,Aves
Curlew Sandpiper,Critically Endangered,Yes,Yes,Yes,Yes,Yes,Yes,Yes,Yes,Animalia,Aves
Great Knot,Vulnerable,-,Yes,Yes,Yes,Yes,Yes,Yes,Yes,Animalia,Aves
Forrester's Bottlebrush,Vulnerable,-,Yes,-,-,-,-,Yes,-,Plantae,Magnoliopsida
Betka Bottlebrush,Vulnerable,-,-,-,-,-,-,Yes,-,Plantae,Magnoliopsida
Megalong Valley Bottlebrush,Critically Endangered,-,Yes,-,-,-,-,-,-,Plantae,Magnoliopsida
-,Vulnerable,-,Yes,-,Yes,-,-,-,-,Plantae,Magnoliopsida
a bottlebrush,Critically Endangered,-,Yes,-,-,-,-,-,-,Plantae,Magnoliopsida
Wimmera Bottlebrush,Critically Endangered,-,-,-,-,-,-,Yes,-,Plantae,Magnoliopsida
Corang Pine,Critically Endangered,-,Yes,-,-,-,-,-,-,Plantae,Pinatae
South Esk Pine,Endangered,-,-,-,-,-,Yes,-,-,Plantae,Pinatae
-,Critically Endangered,-,Yes,-,-,-,-,-,-,Plantae,Pinatae
Gang-gang Cockatoo,Endangered,Yes,Yes,-,-,Yes,-,Yes,-,Animalia,Aves
Copper Beard Orchid,Critically Endangered,-,-,-,-,Yes,-,-,-,Plantae,Liliopsida
Cardwell Beard Orchid,Endangered,-,-,-,Yes,-,-,-,-,Plantae,Liliopsida
"Pretty Beard Orchid, Pretty Beard-orchid",Endangered,-,Yes,-,-,-,-,Yes,-,Plantae,Liliopsida
Bald-tip Beard-orchid,Endangered,-,-,-,-,-,-,Yes,-,Plantae,Liliopsida
-,Vulnerable,-,-,-,Yes,-,-,-,-,Plantae,Magnoliopsida
Desert Rat-kangaroo,Extinct,-,-,-,Yes,Yes,-,-,-,Animalia,Mammalia
Mauve Burr-daisy,Vulnerable,Yes,Yes,-,-,-,-,-,-,Plantae,Magnoliopsida
Moore's Burr-daisy,Endangered,-,Yes,-,-,-,-,-,-,Plantae,Magnoliopsida
South-eastern Red-tailed Black-Cockatoo,Endangered,-,-,-,-,Yes,-,Yes,-,Animalia,Aves
"Forest Red-tailed Black-Cockatoo, Karrak",Vulnerable,-,-,-,-,-,-,-,Yes,Animalia,Aves
"Baudin's Cockatoo, Long-billed Black-Cockatoo",Endangered,-,-,-,-,-,-,-,Yes,Animalia,Aves
"Kangaroo Island Glossy Black-Cockatoo, Glossy Black-Cockatoo (South Australian)",Endangered,-,-,-,-,Yes,-,-,-,Animalia,Aves
South-eastern Glossy Black-Cockatoo,Vulnerable,Yes,Yes,-,Yes,-,-,Yes,-,Animalia,Aves
"Carnaby's Cockatoo,  Short-billed Black-Cockatoo",Endangered,-,-,-,-,-,-,-,Yes,Animalia,Aves
-,Critically Endangered,-,Yes,-,-,-,-,-,-,Plantae,Magnoliopsida
Swamp Starflower,Endangered,-,-,-,-,-,-,-,Yes,Plantae,Magnoliopsida
-,Vulnerable,-,-,-,Yes,-,-,-,-,Plantae,Magnoliopsida
-,Vulnerable,-,-,-,Yes,-,-,-,-,Plantae,Magnoliopsida
-,Vulnerable,-,-,-,Yes,-,-,-,-,Plantae,Magnoliopsida
Grey Nurse Shark (east coast population),Critically Endangered,-,Yes,-,Yes,-,-,Yes,-,Animalia,Chondrichthyes
Grey Nurse Shark (west coast population),Vulnerable,-,-,-,-,-,-,-,Yes,Animalia,Chondrichthyes
"White Shark, Great White Shark",Vulnerable,-,Yes,Yes,Yes,Yes,Yes,Yes,Yes,Animalia,Chondrichthyes
Loggerhead Turtle,Endangered,-,Yes,Yes,Yes,Yes,Yes,Yes,Yes,Animalia,Reptilia
"Pig-nosed Turtle, Pitted Shell Turtle",Vulnerable,-,-,Yes,-,-,-,-,-,Animalia,Reptilia
"Alpine Cool-skink, Northern Snow Skink",Endangered,-,-,-,-,-,Yes,-,-,Animalia,Reptilia
"Boulder Cool-skink, Southern Snow Skink",Endangered,-,-,-,-,-,Yes,-,-,Animalia,Reptilia
"Heath Cool-skink, Mountain Skink",Endangered,-,-,-,-,-,Yes,-,-,Animalia,Reptilia
"Pedra Branca Skink,  Pedra Branca Cool-skink, Red-throated Skink",Critically Endangered,-,-,-,-,-,Yes,-,-,Animalia,Reptilia
-,Endangered,-,-,-,Yes,-,-,-,-,Plantae,Magnoliopsida
-,Endangered,-,Yes,-,-,-,-,-,-,Plantae,Magnoliopsida
"Wrinkled Cassinia, Wrinkled Dollybush",Vulnerable,-,-,-,-,Yes,Yes,Yes,-,Plantae,Magnoliopsida
Avenue Cassinia,Critically Endangered,-,-,-,-,Yes,-,Yes,-,Plantae,Magnoliopsida
Kaputar Cassinia,Endangered,-,Yes,-,-,-,-,-,-,Plantae,Magnoliopsida
"Southern Cassowary, Australian Cassowary, Double-wattled Cassowary",Endangered,-,-,-,Yes,-,-,-,-,Animalia,Aves
"Pedder Centrolepis, Pedder Bristlewort",Endangered,-,-,-,-,-,Yes,-,-,Plantae,Liliopsida
"Harrisson's Dogfish, Endeavour Dogfish, Dumb Gulper Shark, Harrison's Deepsea Dogfish",Conservation Dependent,-,-,-,-,-,-,-,-,Animalia,Chondrichthyes
Little Gulper Shark,Conservation Dependent,-,Yes,-,-,Yes,Yes,Yes,Yes,Animalia,Chondrichthyes
an orchid,Vulnerable,-,-,-,Yes,-,-,-,-,Plantae,Liliopsida
"Cape Barren Goose (south-western), Recherche Cape Barren Goose",Vulnerable,-,-,-,-,-,-,-,Yes,Animalia,Aves
Tasmanian Azure Kingfisher,Endangered,-,-,-,-,-,Yes,-,-,Animalia,Aves
"Pig-footed Bandicoot, Kanjilpa, Wilalya",Extinct,-,Yes,Yes,Yes,Yes,-,Yes,Yes,Animalia,Mammalia
"Yirratji, Northern Pig-footed Bandicoot",Extinct,-,-,Yes,Yes,Yes,-,-,Yes,Animalia,Mammalia
"Christmas Island Emerald Dove, Emerald Dove (Christmas Island)",Endangered,-,-,-,-,-,-,-,-,Animalia,Aves
"Large-eared Pied Bat, Large Pied Bat",Endangered,-,Yes,-,Yes,-,-,-,-,Animalia,Mammalia
Griffin's Waxflower,Vulnerable,-,-,-,-,-,-,-,Yes,Plantae,Magnoliopsida
Gingin Wax,Endangered,-,-,-,-,-,-,-,Yes,Plantae,Magnoliopsida
Royce's Waxflower,Vulnerable,-,-,-,-,-,-,-,Yes,Plantae,Magnoliopsida
"Greater Sand Plover, Large Sand Plover",Vulnerable,-,Yes,Yes,Yes,Yes,Yes,Yes,Yes,Animalia,Aves
"Lesser Sand Plover, Mongolian Plover",Endangered,-,Yes,Yes,Yes,Yes,Yes,Yes,Yes,Animalia,Aves
Twining Finger-flower,Vulnerable,-,-,-,-,Yes,-,-,-,Plantae,Magnoliopsida
Green Turtle,Vulnerable,-,Yes,Yes,Yes,Yes,Yes,Yes,Yes,Animalia,Reptilia
Sand Yabby,Vulnerable,-,-,-,Yes,-,-,-,-,Animalia,Malacostraca
"Hairy Marron, Margaret River Hairy Marron, Margaret River Marron",Critically Endangered,-,-,-,-,-,-,-,Yes,Animalia,Malacostraca
Duck's-head Wasp-orchid,Endangered,-,Yes,-,-,-,-,-,-,Plantae,Liliopsida
-,Endangered,-,-,-,Yes,-,-,-,-,Plantae,Polypodiatae
Dalhousie Goby,Critically Endangered,-,-,-,-,Yes,-,-,-,Animalia,Actinopterygii
Elizabeth Springs Goby,Endangered,-,-,-,Yes,-,-,-,-,Animalia,Actinopterygii
Edgbaston Goby,Vulnerable,-,-,-,Yes,-,-,-,-,Animalia,Actinopterygii
Manypeaks Rush,Endangered,-,-,-,-,-,-,-,Yes,Plantae,Liliopsida
Spiked Sour-bush,Endangered,-,-,-,-,Yes,-,-,-,Plantae,Magnoliopsida
Prostrate Flame Pea,Endangered,-,-,-,-,-,-,-,Yes,Plantae,Magnoliopsida
Limestone Pea,Endangered,-,-,-,-,-,-,-,Yes,Plantae,Magnoliopsida
"Lord Howe Island Gecko, Lord Howe Island Southern Gecko",Vulnerable,-,Yes,-,-,-,-,-,-,Animalia,Reptilia
"Mt Lofty Ranges Spotted Quail-thrush, Spotted Quail-thrush (Mt Lofty Ranges)",Critically Endangered,-,-,-,-,Yes,-,-,-,Animalia,Aves
-,Critically Endangered,-,-,Yes,-,-,-,-,-,Plantae,Magnoliopsida
"a creeper, Clematis",Critically Endangered,-,-,-,-,-,-,-,-,Plantae,Magnoliopsida
Stream Clematis,Vulnerable,-,Yes,-,Yes,-,-,-,-,Plantae,Magnoliopsida
Brown Treecreeper (south-eastern),Vulnerable,Yes,Yes,-,Yes,-,-,Yes,-,Animalia,Aves
"Slender Bell-fruit, Camel Poison",Vulnerable,-,Yes,-,-,Yes,-,-,-,Plantae,Magnoliopsida
Three-toed Snake-tooth Skink,Vulnerable,-,Yes,-,Yes,-,-,-,-,Animalia,Reptilia
Hidden Coleanthera,Extinct,-,-,-,-,-,-,-,Yes,Plantae,Magnoliopsida
Millmerran Mint Bush,Critically Endangered,-,-,-,Yes,-,-,-,-,Plantae,Magnoliopsida
Curtis' Colobanth,Vulnerable,-,-,-,-,-,Yes,-,-,Plantae,Magnoliopsida
"Lord Howe White-throated Pigeon, White-throated Pigeon (Lord Howe Island)",Extinct,-,Yes,-,-,-,-,-,-,Animalia,Aves
Byfield Matchstick,Vulnerable,-,-,-,Yes,-,-,-,-,Plantae,Magnoliopsida
Many-flowered Commersonia,Critically Endangered,-,-,-,-,-,-,-,Yes,Plantae,Magnoliopsida
Trigwell's Rulingia,Endangered,-,-,-,-,-,-,-,Yes,Plantae,Magnoliopsida
Dwarf Kerrawang,Endangered,-,Yes,-,-,-,-,Yes,-,Plantae,Magnoliopsida
"White-footed Rabbit-rat, Parroo, White-footed Tree-rat",Extinct,-,Yes,-,Yes,Yes,-,Yes,-,Animalia,Mammalia
Capricorn Rabbit-rat,Extinct,-,-,-,Yes,-,-,-,-,Animalia,Mammalia
"Brush-tailed Rabbit-rat, Brush-tailed Tree-rat, Pakooma",Vulnerable,-,-,Yes,Yes,-,-,-,Yes,Animalia,Mammalia
One-headed Smokebush,Endangered,-,-,-,-,-,-,-,Yes,Plantae,Magnoliopsida
-,Critically Endangered,-,-,-,-,-,-,-,Yes,Plantae,Magnoliopsida
Variable Smoke-bush,Vulnerable,-,-,-,-,-,Yes,-,-,Plantae,Magnoliopsida
-,Critically Endangered,-,-,-,-,-,-,-,Yes,Plantae,Magnoliopsida
Wavy-leaved Smokebush,Vulnerable,-,-,-,-,-,-,-,Yes,Plantae,Magnoliopsida
Irwin's Conostylis,Endangered,-,-,-,-,-,-,-,Yes,Plantae,Liliopsida
Drummond's Conostylis,Endangered,-,-,-,-,-,-,-,Yes,Plantae,Liliopsida
Sedge Conostylis,Endangered,-,-,-,-,-,-,-,Yes,Plantae,Liliopsida
Small-flowered Conostylis,Endangered,-,-,-,-,-,-,-,Yes,Plantae,Liliopsida
Grass Conostylis,Endangered,-,-,-,-,-,-,-,Yes,Plantae,Liliopsida
"Kulin Conostylis, Single-flowered Conostylis",Vulnerable,-,-,-,-,-,-,-,Yes,Plantae,Liliopsida
Hairy Mat Conostylis,Endangered,-,-,-,-,-,-,-,Yes,Plantae,Liliopsida
Boscabel Conostylis,Critically Endangered,-,-,-,-,-,-,-,Yes,Plantae,Liliopsida
Wongan Conostylis,Endangered,-,-,-,-,-,-,-,Yes,Plantae,Liliopsida
Mauve Coopernookia,Endangered,-,-,-,-,-,-,-,Yes,Plantae,Magnoliopsida
-,Vulnerable,-,-,-,Yes,-,-,-,-,Plantae,Magnoliopsida
Tapping Nursery-frog,Endangered,-,-,-,Yes,-,-,-,-,Animalia,Amphibia
Elegant Frog,Critically Endangered,-,-,-,Yes,-,-,-,-,Animalia,Amphibia
"Hosmer's Frog, Rattling Nursery-frog",Critically Endangered,-,-,-,Yes,-,-,-,-,Animalia,Amphibia
"McDonald's Frog, Mt Elliot Nursery-frog",Critically Endangered,-,-,-,Yes,-,-,-,-,Animalia,Amphibia
Mountain-top Nursery-frog,Critically Endangered,-,-,-,Yes,-,-,-,-,Animalia,Amphibia
"Neglected Frog, Bellenden Ker Nursery-frog",Critically Endangered,-,-,-,Yes,-,-,-,-,Animalia,Amphibia
Coastal Coprosma,Endangered,-,-,-,-,-,-,-,-,Plantae,Magnoliopsida
Mountain Coprosma,Endangered,-,-,-,-,-,-,-,-,Plantae,Magnoliopsida
Native Jute,Endangered,-,Yes,-,Yes,-,-,-,-,Plantae,Magnoliopsida
Ti,Vulnerable,-,-,-,-,-,-,-,-,Plantae,Liliopsida
a beetle,Critically Endangered,-,Yes,-,-,-,-,-,-,Animalia,Insecta
-,Endangered,-,Yes,-,-,-,-,-,-,Plantae,Magnoliopsida
Chef's Cap,Vulnerable,-,Yes,-,-,-,-,-,-,Plantae,Magnoliopsida
Hindmarsh Correa,Vulnerable,-,-,-,-,Yes,-,-,-,Plantae,Magnoliopsida
Deep Creek Correa,Endangered,-,-,-,-,Yes,-,-,-,Plantae,Magnoliopsida
Genoa River Correa,Endangered,-,Yes,-,-,-,-,Yes,-,Plantae,Magnoliopsida
"Short-spiked Midge-orchid, Rocky Cape Midge Orchid",Endangered,-,-,-,-,-,Yes,-,-,Plantae,Liliopsida
"Brindabella Midge-orchid, Ectopic Midge-orchid",Critically Endangered,Yes,-,-,-,-,-,-,-,Plantae,Liliopsida
Firth's Midge-orchid,Critically Endangered,-,-,-,-,-,Yes,-,-,Plantae,Liliopsida
"Wyong Midge Orchid 1, Variable Midge Orchid 1",Critically Endangered,-,Yes,-,-,-,-,-,-,Plantae,Liliopsida
Tuncurry Midge Orchid,Critically Endangered,-,Yes,-,-,-,-,-,-,Plantae,Liliopsida
Wyong Midge Orchid 2,Critically Endangered,-,Yes,-,-,-,-,-,-,Plantae,Liliopsida
"Toothed Helmet-orchid, Finniss Helmet-orchid",Vulnerable,-,-,-,-,Yes,-,-,-,Plantae,Liliopsida
Small Helmet-orchid,Vulnerable,-,-,-,Yes,-,-,-,-,Plantae,Liliopsida
Grooved Helmet-orchid,Critically Endangered,-,-,-,-,-,Yes,-,-,Plantae,Liliopsida
-,Vulnerable,-,-,-,Yes,-,-,-,-,Plantae,Magnoliopsida
Yellowjacket,Vulnerable,-,-,-,Yes,-,-,-,-,Plantae,Magnoliopsida
-,Vulnerable,-,-,-,Yes,-,-,-,-,Plantae,Magnoliopsida
Glen Geddes Bloodwood,Vulnerable,-,-,-,Yes,-,-,-,-,Plantae,Magnoliopsida
Glenugie Karaka,Vulnerable,-,Yes,-,-,-,-,-,-,Plantae,Magnoliopsida
Cossinia,Endangered,-,-,-,Yes,-,-,-,-,Plantae,Magnoliopsida
Preminghana Billybutton,Endangered,-,-,-,-,-,Yes,-,-,Plantae,Magnoliopsida
Dalhousie Hardyhead,Critically Endangered,-,-,-,-,Yes,-,-,-,Animalia,Actinopterygii
Murray Hardyhead,Endangered,-,Yes,-,-,Yes,-,Yes,-,Animalia,Actinopterygii
-,Endangered,-,-,-,Yes,-,-,-,-,Plantae,Liliopsida
Sloane's Froglet,Endangered,-,Yes,-,-,-,-,Yes,-,Animalia,Amphibia
Christmas Island Shrew,Critically Endangered,-,-,-,-,-,-,-,-,Animalia,Mammalia
Bahrs Scrub Croton,Critically Endangered,-,-,-,Yes,-,-,-,-,Plantae,Magnoliopsida
"Christmas Island Blue-tailed Skink, Blue-tailed Snake-eyed Skink",Critically Endangered,-,-,-,-,-,-,-,-,Animalia,Reptilia
Arafura Snake-eyed Skink,Endangered,-,-,Yes,-,-,-,-,-,Animalia,Reptilia
"Stinking Cryptocarya, Stinking Laurel",Vulnerable,-,Yes,-,Yes,-,-,-,-,Plantae,Magnoliopsida
Leafless Tongue-orchid,Vulnerable,-,Yes,-,Yes,-,-,Yes,-,Plantae,Liliopsida
Yinnietharra Rock-Dragon,Vulnerable,-,-,-,-,-,-,-,Yes,Animalia,Reptilia
-,Vulnerable,-,-,-,Yes,-,-,-,-,Plantae,Polypodiatae
Lancelin Island Skink,Vulnerable,-,-,-,-,-,-,-,Yes,Animalia,Reptilia
Gravel Downs Ctenotus,Critically Endangered,-,-,-,Yes,-,-,-,-,Animalia,Reptilia
Hamelin Ctenotus,Vulnerable,-,-,-,-,-,-,-,Yes,Animalia,Reptilia
Wedge-leaf Tuckeroo,Vulnerable,-,-,-,Yes,-,-,-,-,Plantae,Magnoliopsida
Boonah Tuckeroo,Vulnerable,-,-,-,Yes,-,-,-,-,Plantae,Magnoliopsida
"Norfolk Island Green Parrot, Tasman Parakeet, Norfolk Island Parakeet",Endangered,-,-,-,-,-,-,-,-,Animalia,Aves
"Macquarie Island Red-fronted Parakeet, Red-crowned Parakeet (Macquarie Island)",Extinct,-,-,-,-,-,Yes,-,-,Animalia,Aves
"Lord Howe Tasman Parakeet, Red-crowned Parakeet (Lord Howe Island)",Extinct,-,Yes,-,-,-,-,-,-,Animalia,Aves
a tree-fern,Endangered,-,-,-,Yes,-,-,-,-,Plantae,Polypodiatae
a cycad,Vulnerable,-,-,-,Yes,-,-,-,-,Plantae,Cycadatae
-,Endangered,-,-,-,Yes,-,-,-,-,Plantae,Cycadatae
-,Endangered,-,-,-,Yes,-,-,-,-,Plantae,Cycadatae
a cycad,Vulnerable,-,-,-,Yes,-,-,-,-,Plantae,Cycadatae
-,Vulnerable,-,-,-,Yes,-,-,-,-,Plantae,Cycadatae
Alpine She-oak Skink,Endangered,-,Yes,-,-,-,-,Yes,-,Animalia,Reptilia
a shrub,Vulnerable,-,-,-,Yes,-,-,-,-,Plantae,Magnoliopsida
Coxen's Fig-Parrot,Critically Endangered,-,Yes,-,Yes,-,-,-,-,Animalia,Aves
White-flowered Wax Plant,Endangered,-,Yes,-,-,-,-,-,-,Plantae,Magnoliopsida
-,Endangered,-,-,-,Yes,-,-,-,-,Plantae,Liliopsida
-,Vulnerable,-,Yes,-,Yes,-,-,-,-,Plantae,Liliopsida
-,Endangered,-,Yes,-,-,-,-,-,-,Plantae,Magnoliopsida
Christmas Island Giant Gecko,Endangered,-,-,-,-,-,-,-,-,Animalia,Reptilia
Bonville Leafless Orchid,Critically Endangered,-,Yes,-,-,-,-,-,-,Plantae,Liliopsida
Illawarra Socketwood,Endangered,-,Yes,-,-,-,-,-,-,Plantae,Magnoliopsida
Fine-leaved Darwinia,Endangered,-,-,-,-,-,-,-,Yes,Plantae,Magnoliopsida
Scarp Darwinia,Endangered,-,-,-,-,-,-,-,Yes,Plantae,Magnoliopsida
-,Vulnerable,-,Yes,-,-,-,-,-,-,Plantae,Magnoliopsida
"Mogumber Bell, Narrogin Bell",Endangered,-,-,-,-,-,-,-,Yes,Plantae,Magnoliopsida
Chapman's Bell,Endangered,-,-,-,-,-,-,-,Yes,Plantae,Magnoliopsida
Yellow Mountain Bell,Critically Endangered,-,-,-,-,-,-,-,Yes,Plantae,Magnoliopsida
Scott River Darwinia,Endangered,-,-,-,-,-,-,-,Yes,Plantae,Magnoliopsida
Muchea Bell,Critically Endangered,-,-,-,-,-,-,-,Yes,Plantae,Magnoliopsida
Mason's Darwinia,Vulnerable,-,-,-,-,-,-,-,Yes,Plantae,Magnoliopsida
Cranbrook Bell,Vulnerable,-,-,-,-,-,-,-,Yes,Plantae,Magnoliopsida
"Success Bell, Red Mountain Bell",Vulnerable,-,-,-,-,-,-,-,Yes,Plantae,Magnoliopsida
Gillam's Bell,Endangered,-,-,-,-,-,-,-,Yes,Plantae,Magnoliopsida
Harlequin Bell,Endangered,-,-,-,-,-,-,-,Yes,Plantae,Magnoliopsida
"Fringed Mountain Bell, Pink Mountain Bell",Vulnerable,-,-,-,-,-,-,-,Yes,Plantae,Magnoliopsida
Abba Bell,Endangered,-,-,-,-,-,-,-,Yes,Plantae,Magnoliopsida
Wittwer's Mountain Bell,Endangered,-,-,-,-,-,-,-,Yes,Plantae,Magnoliopsida
Native Foxglove,Critically Endangered,-,-,-,-,-,-,-,Yes,Plantae,Magnoliopsida
Eastern Bristlebird,Endangered,-,Yes,-,Yes,-,-,Yes,-,Animalia,Aves
"Rufous Bristlebird (western), South-western Rufous Bristlebird",Extinct,-,-,-,-,-,-,-,Yes,Animalia,Aves
Western Bristlebird,Endangered,-,-,-,-,-,-,-,Yes,Animalia,Aves
"Kowari, brushy-tailed marsupial rat, Byrne's crest-tailed marsupial rat",Endangered,-,-,Yes,Yes,Yes,-,-,-,Animalia,Mammalia
"Chuditch, Western Quoll",Vulnerable,Yes,Yes,Yes,Yes,Yes,-,Yes,Yes,Animalia,Mammalia
"Northern Quoll, Digul [Gogo-Yimidir], Wijingadda [Dambimangari], Wiminji [Martu]",Endangered,-,-,Yes,Yes,-,-,-,Yes,Animalia,Mammalia
"Spotted-tailed Quoll (North Queensland), Yarri",Endangered,-,-,-,Yes,-,-,-,-,Animalia,Mammalia
"Spot-tailed Quoll, Spotted-tail Quoll, Tiger Quoll (southeastern mainland population)",Endangered,Yes,Yes,-,Yes,Yes,-,Yes,-,Animalia,Mammalia
"Spotted-tail Quoll, Spot-tailed Quoll, Tiger Quoll (Tasmanian population)",Vulnerable,-,-,-,-,-,Yes,-,-,Animalia,Mammalia
"Eastern Quoll, Luaner",Endangered,Yes,Yes,-,-,Yes,Yes,Yes,-,Animalia,Mammalia
Davidson's Plum,Endangered,-,Yes,-,-,-,-,-,-,Plantae,Magnoliopsida
"Smooth Davidsonia, Smooth Davidson's Plum, Small-leaved Davidson's Plum",Endangered,-,Yes,-,Yes,-,-,-,-,Plantae,Magnoliopsida
Three Springs Daviesia,Endangered,-,-,-,-,-,-,-,Yes,Plantae,Magnoliopsida
Cunderdin Daviesia,Endangered,-,-,-,-,-,-,-,Yes,Plantae,Magnoliopsida
Diels' Daviesia,Endangered,-,-,-,-,-,-,-,Yes,Plantae,Magnoliopsida
-,Vulnerable,-,-,-,Yes,-,-,-,-,Plantae,Magnoliopsida
Long-leaved Daviesia,Vulnerable,-,-,-,-,-,-,-,Yes,Plantae,Magnoliopsida
Wongan Cactus,Endangered,-,-,-,-,-,-,-,Yes,Plantae,Magnoliopsida
Maroon-flowered Daviesia,Critically Endangered,-,-,-,-,-,-,-,Yes,Plantae,Magnoliopsida
Grampians Bitter-pea,Vulnerable,-,-,-,-,-,-,Yes,-,Plantae,Magnoliopsida
Long-sepalled Daviesia,Endangered,-,-,-,-,-,-,-,Yes,Plantae,Magnoliopsida
Norseman Pea,Endangered,-,-,-,-,-,-,-,Yes,Plantae,Magnoliopsida
Paddle-leaf Daviesia,Endangered,-,-,-,-,-,-,-,Yes,Plantae,Magnoliopsida
Broad-leaf Daviesia,Critically Endangered,-,-,-,-,-,-,-,Yes,Plantae,Magnoliopsida
Stirling Range Daviesia,Critically Endangered,-,-,-,-,-,-,-,Yes,Plantae,Magnoliopsida
Beautiful Daviesia,Endangered,-,-,-,-,-,-,-,Yes,Plantae,Magnoliopsida
Struck Oil Myrtle,Critically Endangered,-,-,-,Yes,-,-,-,-,Plantae,Magnoliopsida
"Striped Legless Lizard, Striped Snake-lizard",Vulnerable,Yes,Yes,-,-,Yes,-,Yes,-,Animalia,Reptilia
"Atherton Delma, Legless Lizard",Vulnerable,-,-,-,Yes,-,-,-,-,Animalia,Reptilia
"Adorned Delma, Collared Delma",Vulnerable,-,-,-,Yes,-,-,-,-,Animalia,Reptilia
Hunter Valley Delma,Endangered,-,Yes,-,-,-,-,-,-,Animalia,Reptilia
Antelope Orchid,Endangered,-,-,-,Yes,-,-,-,-,Plantae,Liliopsida
Cooktown Orchid,Vulnerable,-,-,-,Yes,-,-,-,-,Plantae,Liliopsida
Norfolk Island Orchid,Endangered,-,-,-,-,-,-,-,-,Plantae,Liliopsida
Chocolate Tea Tree Orchid,Vulnerable,-,-,-,Yes,-,-,-,-,Plantae,Liliopsida
"Dark-stemmed Antler Orchid, Mangrove Orchid",Endangered,-,-,-,Yes,-,-,-,-,Plantae,Liliopsida
an orchid,Endangered,-,-,-,Yes,-,-,-,-,Plantae,Liliopsida
Cauliflower Soft Coral,Endangered,-,Yes,-,Yes,-,-,-,-,Animalia,Anthozoa
Large-fruited Denhamia,Endangered,-,-,-,Yes,-,-,-,-,Plantae,Magnoliopsida
Small-leaved Denhamia,Vulnerable,-,-,-,Yes,-,-,-,-,Plantae,Magnoliopsida
Ornamental Snake,Vulnerable,-,-,-,Yes,-,-,-,-,Animalia,Reptilia
"Leatherback Turtle, Leathery Turtle, Luth",Endangered,-,Yes,Yes,Yes,Yes,Yes,Yes,Yes,Animalia,Reptilia
Thorny Pea,Vulnerable,-,Yes,-,-,-,-,-,-,Plantae,Magnoliopsida
-,Endangered,-,Yes,-,-,-,-,-,-,Plantae,Liliopsida
"Drummond's Grass, Drummond Grass",Endangered,-,-,-,-,-,-,-,Yes,Plantae,Liliopsida
-,Extinct,-,-,-,-,-,Yes,-,-,Plantae,Liliopsida
Narrow-leaf Bent-grass,Vulnerable,-,-,-,-,-,-,Yes,-,Plantae,Liliopsida
Climbing Bent-grass,Critically Endangered,-,-,-,-,-,-,Yes,-,Plantae,Liliopsida
Skirted Bent-grass,Endangered,-,Yes,-,-,-,-,Yes,-,Plantae,Liliopsida
Matted Flax-lily,Endangered,-,-,-,-,-,Yes,Yes,-,Plantae,Liliopsida
King Blue-grass,Endangered,-,-,-,Yes,-,-,-,-,Plantae,Liliopsida
bluegrass,Vulnerable,-,Yes,-,Yes,-,-,-,-,Plantae,Liliopsida
-,Extinct,-,-,-,Yes,-,-,-,-,Plantae,Polypodiatae
-,Endangered,-,Yes,-,-,-,-,-,-,Plantae,Magnoliopsida
Amsterdam Albatross,Endangered,-,Yes,-,-,Yes,Yes,Yes,Yes,Animalia,Aves
Antipodean Albatross,Vulnerable,-,Yes,-,Yes,Yes,Yes,Yes,Yes,Animalia,Aves
Gibson's Albatross,Vulnerable,-,Yes,-,Yes,-,Yes,Yes,-,Animalia,Aves
Tristan Albatross,Endangered,-,-,-,-,Yes,-,-,Yes,Animalia,Aves
Southern Royal Albatross,Vulnerable,-,Yes,-,Yes,Yes,Yes,Yes,Yes,Animalia,Aves
Wandering Albatross,Vulnerable,-,Yes,-,Yes,Yes,Yes,Yes,Yes,Animalia,Aves
Northern Royal Albatross,Endangered,-,Yes,-,Yes,Yes,Yes,Yes,Yes,Animalia,Aves
"Red-fruited Ebony, Silky Persimmon, Ebony",Endangered,-,Yes,-,-,-,-,-,-,Plantae,Magnoliopsida
-,Vulnerable,-,-,-,Yes,-,-,-,-,Plantae,Polypodiatae
-,Endangered,-,-,-,Yes,-,-,-,-,Plantae,Polypodiatae
Small-leaved Tamarind,Endangered,-,Yes,-,Yes,-,-,-,-,Plantae,Magnoliopsida
-,Endangered,-,-,-,-,-,-,-,Yes,Plantae,Magnoliopsida
Bell Flower Hyacinth Orchid,Endangered,-,-,-,-,Yes,-,Yes,-,Plantae,Liliopsida
-,Endangered,-,-,-,Yes,-,-,-,-,Plantae,Liliopsida
-,Vulnerable,-,-,-,Yes,-,-,-,-,Plantae,Magnoliopsida
Buttercup Doubletail,Endangered,-,Yes,-,-,-,-,-,-,Plantae,Liliopsida
"Small Golden Moths Orchid, Early Golden Moths",Endangered,-,-,-,-,-,-,Yes,-,Plantae,Liliopsida
-,Extinct,-,Yes,-,-,-,-,-,-,Plantae,Liliopsida
Tall Donkey Orchid,Vulnerable,-,-,-,-,-,-,-,Yes,Plantae,Liliopsida
-,Endangered,-,Yes,-,-,-,-,-,-,Plantae,Liliopsida
"Pale Yellow Doubletail, Wingham Doubletail",Critically Endangered,-,Yes,-,-,-,-,-,-,Plantae,Liliopsida
"Sunshine Diuris, Fragrant Doubletail, White Diuris",Endangered,-,-,-,-,-,-,Yes,-,Plantae,Liliopsida
Snake Orchid,Endangered,-,-,-,-,-,Yes,-,-,Plantae,Liliopsida
Dwarf Bee-orchid,Vulnerable,-,-,-,-,-,-,-,Yes,Plantae,Liliopsida
Pale Golden Moths,Vulnerable,-,Yes,-,-,-,-,Yes,-,Plantae,Liliopsida
"Small Snake Orchid, Two-leaved Golden Moths, Golden Moths, Cowslip Orchid, Snake Orchid",Endangered,-,Yes,-,-,-,-,-,-,Plantae,Liliopsida
Newcastle Doubletail,Vulnerable,-,Yes,-,-,-,-,-,-,Plantae,Liliopsida
Purdie's Donkey-orchid,Endangered,-,-,-,-,-,-,-,Yes,Plantae,Liliopsida
"Veined Doubletail, Goat Orchid, Veined Donkey-orchid",Vulnerable,-,Yes,-,-,-,-,-,-,Plantae,Liliopsida
Trailing Hop-bush,Vulnerable,Yes,Yes,-,-,Yes,-,Yes,-,Plantae,Magnoliopsida
Velvet Hopbush,Vulnerable,-,-,-,Yes,-,-,-,-,Plantae,Magnoliopsida
Peep Hill Hop-bush,Endangered,-,-,-,-,Yes,-,-,-,Plantae,Magnoliopsida
Kneeling Hammer-orchid,Vulnerable,-,-,-,-,-,-,-,Yes,Plantae,Liliopsida
Late Hammer-orchid,Endangered,-,-,-,-,-,-,-,Yes,Plantae,Liliopsida
"Glossy-leafed Hammer Orchid, Glossy-leaved Hammer Orchid,  Warty Hammer Orchid",Endangered,-,-,-,-,-,-,-,Yes,Plantae,Liliopsida
Lonely Hammer-orchid,Endangered,-,-,-,-,-,-,-,Yes,Plantae,Liliopsida
Dwarf Hammer-orchid,Vulnerable,-,-,-,-,-,-,-,Yes,Plantae,Liliopsida
King Island Emu,Extinct,-,-,-,-,-,Yes,-,-,Animalia,Aves
Kangaroo Island Emu,Extinct,-,-,-,-,Yes,-,-,-,Animalia,Aves
"Tasmanian Emu, Emu (Tasmanian)",Extinct,-,-,-,-,-,Yes,-,-,Animalia,Aves
-,Critically Endangered,-,-,-,-,-,-,-,Yes,Plantae,Magnoliopsida
-,Vulnerable,-,-,-,Yes,-,-,-,-,Plantae,Magnoliopsida
-,Vulnerable,-,-,-,Yes,-,-,-,-,Plantae,Magnoliopsida
Morseby Range Drummondita,Endangered,-,-,-,-,-,-,-,Yes,Plantae,Magnoliopsida
Peak Charles Drummondita,Vulnerable,-,-,-,-,-,-,-,Yes,Plantae,Magnoliopsida
"Lord Howe Island Phasmid, Land Lobster",Critically Endangered,-,Yes,-,-,-,-,-,-,Animalia,Insecta
Remote Thorny Lignum,Critically Endangered,-,-,-,-,-,-,-,Yes,Plantae,Magnoliopsida
"Sharkwood, a tree",Vulnerable,-,-,-,-,-,-,-,-,Plantae,Magnoliopsida
"Kaputar Rock Skink, Mt Kaputar Rock Skink",Critically Endangered,-,Yes,-,-,-,-,-,-,Animalia,Reptilia
Yakka Skink,Vulnerable,-,-,-,Yes,-,-,-,-,Animalia,Reptilia
"Western Spiny-tailed Skink, Baudin Island Spiny-tailed Skink",Endangered,-,-,-,-,-,-,-,Yes,Animalia,Reptilia
Nightcap Oak,Critically Endangered,-,Yes,-,-,-,-,-,-,Plantae,Magnoliopsida
-,Endangered,-,-,Yes,-,-,-,-,-,Plantae,Magnoliopsida
Minyon Quandong,Endangered,-,Yes,-,-,-,-,-,-,Plantae,Magnoliopsida
Hairy Quandong,Endangered,-,Yes,-,-,-,-,-,-,Plantae,Magnoliopsida
Mountain Procris,Critically Endangered,-,-,-,-,-,-,-,-,Plantae,Magnoliopsida
Keighery's Eleocharis,Vulnerable,-,-,-,-,-,-,-,Yes,Plantae,Liliopsida
a spike rush,Vulnerable,-,Yes,-,-,-,-,Yes,-,Plantae,Liliopsida
Dwarf Desert Spike-rush,Vulnerable,-,-,Yes,-,Yes,-,-,Yes,Plantae,Liliopsida
a sedge,Vulnerable,-,-,Yes,Yes,-,-,-,-,Plantae,Liliopsida
"Southern Snapping Turtle, White-throated Snapping Turtle",Critically Endangered,-,-,-,Yes,-,-,-,-,Animalia,Reptilia
"Irwin's Turtle, White-headed Snapping Turtle",Vulnerable,-,-,-,Yes,-,-,-,-,Animalia,Reptilia
Gulf Snapping Turtle,Endangered,-,-,Yes,Yes,-,-,-,-,Animalia,Reptilia
"Mary River Turtle, Mary River Tortoise",Critically Endangered,-,-,-,Yes,-,-,-,-,Animalia,Reptilia
"Christmas Island Forest Skink, Christmas Island Whiptail-skink",Extinct,-,-,-,-,-,-,-,-,Animalia,Reptilia
"Jardine River Turtle, Red-flushed River Turtle",Critically Endangered,-,-,-,Yes,-,-,-,-,Animalia,Reptilia
-,Endangered,-,-,-,Yes,-,-,-,-,Plantae,Magnoliopsida
"Floyd's Walnut, Crystal Creek Walnut",Endangered,-,Yes,-,Yes,-,-,-,-,Plantae,Magnoliopsida
"Rusty Rose Walnut, Velvet Laurel",Vulnerable,-,Yes,-,Yes,-,-,-,-,Plantae,Magnoliopsida
Central North Burrowing Crayfish,Endangered,-,-,-,-,-,Yes,-,-,Animalia,Malacostraca
Furneaux Burrowing Crayfish,Endangered,-,-,-,-,-,Yes,-,-,Animalia,Malacostraca
Mount Arthur Burrowing Crayfish,Vulnerable,-,-,-,-,-,Yes,-,-,Animalia,Malacostraca
Scottsdale Burrowing Crayfish,Endangered,-,-,-,-,-,Yes,-,-,Animalia,Malacostraca
Burnie Burrowing Crayfish,Vulnerable,-,-,-,-,-,Yes,-,-,Animalia,Malacostraca
Margaret River Burrowing Crayfish,Critically Endangered,-,-,-,-,-,-,-,Yes,Animalia,Malacostraca
Dunsborough Burrowing Crayfish,Critically Endangered,-,-,-,-,-,-,-,Yes,Animalia,Malacostraca
Walpole Burrowing Crayfish,Endangered,-,-,-,-,-,-,-,Yes,Animalia,Malacostraca
Apsley Heath,Endangered,-,-,-,-,-,Yes,-,-,Plantae,Magnoliopsida
"Bearded Heath, Freycinet Heath",Endangered,-,-,-,-,-,Yes,-,-,Plantae,Magnoliopsida
South Esk Heath,Endangered,-,-,-,-,-,Yes,-,-,Plantae,Magnoliopsida
"Funnel Heath, Smooth Heath",Endangered,-,-,-,-,-,Yes,-,-,Plantae,Magnoliopsida
"Grand Heath, Tall Heath",Endangered,-,-,-,-,-,Yes,-,-,Plantae,Magnoliopsida
"Mt Cameron Heath, Granite Heath",Critically Endangered,-,-,-,-,-,Yes,-,-,Plantae,Magnoliopsida
-,Endangered,-,Yes,-,-,-,-,-,-,Plantae,Magnoliopsida
"Border Heath, Bordered Heath",Critically Endangered,-,-,-,-,-,Yes,-,-,Plantae,Magnoliopsida
-,Endangered,-,Yes,-,-,-,-,-,-,Plantae,Magnoliopsida
"Southport Heath, Stuart's Heath",Critically Endangered,-,-,-,-,-,Yes,-,-,Plantae,Magnoliopsida
"Pretty Heath, Dan Hill Heath",Endangered,-,-,-,-,-,Yes,-,-,Plantae,Magnoliopsida
Bog Willow-herb,Vulnerable,-,-,-,-,-,-,Yes,-,Plantae,Magnoliopsida
"Black Rockcod, Black Cod, Saddled Rockcod",Vulnerable,-,Yes,-,Yes,-,-,Yes,-,Animalia,Actinopterygii
"Capricorn Yellow Chat, Yellow Chat (Dawson)",Critically Endangered,-,-,-,Yes,-,-,-,-,Animalia,Aves
"Alligator Rivers Yellow Chat, Yellow Chat (Alligator Rivers)",Endangered,-,-,Yes,-,-,-,-,-,Animalia,Aves
-,Endangered,-,-,-,Yes,-,-,-,-,Plantae,Liliopsida
-,Endangered,-,-,-,-,-,-,-,Yes,Plantae,Magnoliopsida
Fitzgerald Eremophila,Vulnerable,-,-,-,-,-,-,-,Yes,Plantae,Magnoliopsida
Cumquat Eremophila,Endangered,-,-,-,-,-,-,-,Yes,Plantae,Magnoliopsida
-,Endangered,-,-,-,-,-,-,-,Yes,Plantae,Magnoliopsida
-,Critically Endangered,-,-,-,-,-,-,-,Yes,Plantae,Magnoliopsida
"Koobabbie Eremophila, Koobabbie Poverty Bush",Critically Endangered,-,-,-,-,-,-,-,Yes,Plantae,Magnoliopsida
Milky Emu Bush,Endangered,-,-,-,-,-,-,-,Yes,Plantae,Magnoliopsida
Silky Eremophila,Endangered,-,-,-,-,-,-,-,Yes,Plantae,Magnoliopsida
Pinnate-leaf Eremophila,Endangered,-,-,-,-,-,-,-,Yes,Plantae,Magnoliopsida
Rainbow Valley Fuchsia Bush,Vulnerable,-,-,Yes,-,-,-,-,-,Plantae,Magnoliopsida
Resinous Eremophila,Endangered,-,-,-,-,-,-,-,Yes,Plantae,Magnoliopsida
Beaked Eremophila,Critically Endangered,-,-,-,-,-,-,-,Yes,Plantae,Magnoliopsida
Rough Emu Bush,Endangered,-,-,-,-,-,-,-,Yes,Plantae,Magnoliopsida
-,Critically Endangered,-,-,-,-,-,-,-,Yes,Plantae,Magnoliopsida
Lake King Eremophila,Endangered,-,-,-,-,-,-,-,Yes,Plantae,Magnoliopsida
Wongan Eremophila,Endangered,-,-,-,-,-,-,-,Yes,Plantae,Magnoliopsida
Resinous Poverty Bush,Vulnerable,-,-,-,-,-,-,-,Yes,Plantae,Magnoliopsida
Whorled Eremophila,Endangered,-,-,-,-,-,-,-,Yes,Plantae,Magnoliopsida
"Campion Eremophila, Green-flowered Emu bush",Endangered,-,-,-,-,-,-,-,Yes,Plantae,Magnoliopsida
Varnish Bush,Endangered,-,-,-,-,-,-,-,Yes,Plantae,Magnoliopsida
Hawksbill Turtle,Vulnerable,-,Yes,Yes,Yes,-,-,-,Yes,Animalia,Reptilia
"Austral Pipewort, Southern Pipewort",Endangered,-,Yes,-,-,Yes,-,Yes,-,Plantae,Liliopsida
"Salt Pipewort, Button Grass",Endangered,-,Yes,-,Yes,Yes,-,-,-,Plantae,Liliopsida
Blue Devil,Endangered,-,-,-,Yes,-,-,-,-,Plantae,Magnoliopsida
Red Goshawk,Endangered,-,Yes,Yes,Yes,-,-,-,Yes,Animalia,Aves
-,Vulnerable,-,-,Yes,-,-,-,-,-,Plantae,Magnoliopsida
Gouldian Finch,Endangered,-,-,Yes,Yes,-,-,-,Yes,Animalia,Aves
"Narrow Euastacus, Slender Dwarf Crayfish, Narrow Dwarf Crayfish",Critically Endangered,-,Yes,-,-,-,-,-,-,Animalia,Malacostraca
Murray Crayfish,Vulnerable,Yes,Yes,-,-,-,-,Yes,-,Animalia,Malacostraca
Balan Spiny Crayfish,Endangered,-,-,-,Yes,-,-,-,-,Animalia,Malacostraca
"Bidhawal Crayfish, Bidawal Crayfish, East Gippsland Spiny Crayfish",Endangered,-,Yes,-,-,-,-,Yes,-,Animalia,Malacostraca
Mt Elliot Crayfish,Critically Endangered,-,-,-,Yes,-,-,-,-,Animalia,Malacostraca
Embezee's Crayfish,Critically Endangered,-,-,-,Yes,-,-,-,-,Animalia,Malacostraca
"Glenelg Spiny Freshwater Crayfish, Pricklyback",Endangered,-,-,-,-,Yes,-,Yes,-,Animalia,Malacostraca
"Ellen Clark's Crayfish, Clark's Crayfish",Endangered,-,Yes,-,-,-,-,-,-,Animalia,Malacostraca
Mud Gully Crayfish,Critically Endangered,-,Yes,-,Yes,-,-,-,-,Animalia,Malacostraca
Fitzroy Falls Spiny Crayfish,Critically Endangered,-,Yes,-,-,-,-,-,-,Animalia,Malacostraca
Orbost Spiny Crayfish,Endangered,-,-,-,-,-,-,Yes,-,Animalia,Malacostraca
Eungella Spiny Crayfish,Endangered,-,-,-,Yes,-,-,-,-,Animalia,Malacostraca
"Flecker's Crayfish, Red and Blue Spiny Crayfish",Endangered,-,-,-,Yes,-,-,-,-,Animalia,Malacostraca
"Gamilaroi Crayfish, Gamilaroi Spiny Crayfish, Hanging Rock Crayfish",Endangered,-,Yes,-,-,-,-,-,-,Animalia,Malacostraca
Smooth Crayfish,Endangered,-,Yes,-,-,-,-,-,-,Animalia,Malacostraca
"Bloodclaw Crayfish, Blood Crayfish",Endangered,-,Yes,-,-,-,-,-,-,Animalia,Malacostraca
Swollen Crayfish,Critically Endangered,-,Yes,-,-,-,-,-,-,Animalia,Malacostraca
Tianjara Crayfish,Critically Endangered,-,Yes,-,-,-,-,-,-,Animalia,Malacostraca
Conondale Spiny Crayfish,Endangered,-,-,-,Yes,-,-,-,-,Animalia,Malacostraca
Blue-black Crayfish,Critically Endangered,-,Yes,-,-,-,-,-,-,Animalia,Malacostraca
Jagara Hairy Crayfish,Critically Endangered,-,-,-,Yes,-,-,-,-,Animalia,Malacostraca
Terrestrial Crayfish,Endangered,-,Yes,-,-,-,-,-,-,Animalia,Malacostraca
"Hinterland Spiny Crayfish, Hinterland Crayfish",Critically Endangered,-,-,-,Yes,-,-,-,-,Animalia,Malacostraca
Orange-bellied Crayfish,Endangered,-,Yes,-,Yes,-,-,-,-,Animalia,Malacostraca
"Monteith's Crayfish, Monteith's Spiny Crayfish",Endangered,-,-,-,Yes,-,-,-,-,Animalia,Malacostraca
Morgan's Crayfish,Critically Endangered,-,Yes,-,-,-,-,-,-,Animalia,Malacostraca
Many-bristled Crayfish,Endangered,-,Yes,-,-,-,-,-,-,Animalia,Malacostraca
Riek's Crayfish,Endangered,Yes,Yes,-,-,-,-,-,-,Animalia,Malacostraca
"Robert's Crayfish, Robert's Spiny Crayfish",Endangered,-,-,-,Yes,-,-,-,-,Animalia,Malacostraca
"Simple Crayfish, Small Mountain Crayfish",Endangered,-,Yes,-,-,-,-,-,-,Animalia,Malacostraca
"Coughran's Crayfish, Arte Spiny Crayfish",Endangered,-,-,-,-,-,-,Yes,-,Animalia,Malacostraca
Small Crayfish,Endangered,-,Yes,-,-,-,-,-,-,Animalia,Malacostraca
Sutton's Crayfish,Endangered,-,Yes,-,Yes,-,-,-,-,Animalia,Malacostraca
Maleny Crayfish,Endangered,-,-,-,Yes,-,-,-,-,Animalia,Malacostraca
Cudgegong Giant Spiny Crayfish,Critically Endangered,-,Yes,-,-,-,-,-,-,Animalia,Malacostraca
"Cardwell Crayfish, Cardwell Hairy Crayfish",Critically Endangered,-,-,-,Yes,-,-,-,-,Animalia,Malacostraca
Southern Right Whale,Endangered,-,Yes,-,Yes,Yes,Yes,Yes,Yes,Animalia,Mammalia
Badgingarra Box,Endangered,-,-,-,-,-,-,-,Yes,Plantae,Magnoliopsida
Black Gum,Vulnerable,Yes,Yes,-,-,-,-,Yes,-,Plantae,Magnoliopsida
Lima Stringybark,Endangered,-,-,-,-,-,-,Yes,-,Plantae,Magnoliopsida
a stringybark,Vulnerable,-,Yes,-,-,-,-,-,-,Plantae,Magnoliopsida
"Mountain Swamp Gum, Broad-leaved Sallee, Broad-leaved Sally",Critically Endangered,-,Yes,-,-,-,-,-,-,Plantae,Magnoliopsida
"Queensland White Gum, Queensland Western White Gum, Lapunyah, Scrub Gum, White Gum",Vulnerable,-,-,-,Yes,-,-,-,-,Plantae,Magnoliopsida
"Yanchep Mallee, Wabling Hill Mallee",Vulnerable,-,-,-,-,-,-,-,Yes,Plantae,Magnoliopsida
Ponton Creek Mallee,Vulnerable,-,-,-,-,-,-,-,Yes,Plantae,Magnoliopsida
Bean's Ironbark,Vulnerable,-,-,-,Yes,-,-,-,-,Plantae,Magnoliopsida
Beard's Mallee,Vulnerable,-,-,-,-,-,-,-,Yes,Plantae,Magnoliopsida
"Camden White Gum, Nepean River Gum",Critically Endangered,-,Yes,-,-,-,-,-,-,Plantae,Magnoliopsida
"Bolivia Stringybark, Bolivia Hill Stringybark",Critically Endangered,-,Yes,-,-,-,-,-,-,Plantae,Magnoliopsida
Mukinbudin Mallee,Endangered,-,-,-,-,-,-,-,Yes,Plantae,Magnoliopsida
-,Endangered,-,-,-,Yes,-,-,-,-,Plantae,Magnoliopsida
Burdett Gum,Endangered,-,-,-,-,-,-,-,Yes,Plantae,Magnoliopsida
Warby Range Swamp Gum,Vulnerable,-,-,-,-,-,-,Yes,-,Plantae,Magnoliopsida
Ovenden's Ironbark,Vulnerable,-,Yes,-,-,-,-,-,-,Plantae,Magnoliopsida
Camfield's Stringybark,Vulnerable,-,Yes,-,-,-,-,-,-,Plantae,Magnoliopsida
"Silver-leaf Candlebark, Mt Canobolas Candlebark",Endangered,-,Yes,-,-,-,-,-,-,Plantae,Magnoliopsida
Seppelt Range Gum,Vulnerable,-,-,-,-,-,-,-,Yes,Plantae,Magnoliopsida
Swamp Stringybark,Endangered,-,-,-,Yes,-,-,-,-,Plantae,Magnoliopsida
-,Endangered,-,Yes,-,-,-,-,-,-,Plantae,Magnoliopsida
Crowned Mallee,Vulnerable,-,-,-,-,-,-,-,Yes,Plantae,Magnoliopsida
"Silver Gum, Buxton Gum",Endangered,-,-,-,-,-,-,Yes,-,Plantae,Magnoliopsida
Yandanooka Mallee,Vulnerable,-,-,-,-,-,-,-,Yes,Plantae,Magnoliopsida
Silver Mallee,Vulnerable,-,-,-,-,-,-,-,Yes,Plantae,Magnoliopsida
Paynes Find Mallee,Endangered,-,-,-,-,-,-,-,Yes,Plantae,Magnoliopsida
Mallee Box,Endangered,-,-,-,-,-,-,-,Yes,Plantae,Magnoliopsida
Dalveen Blue Box,Critically Endangered,-,-,-,Yes,-,-,-,-,Plantae,Magnoliopsida
"Dandaragan Mallee, Mount Misery Mallee",Endangered,-,-,-,-,-,-,-,Yes,Plantae,Magnoliopsida
Brumby Sallee,Endangered,-,Yes,-,-,-,-,Yes,-,Plantae,Magnoliopsida
Slaty Red Gum,Vulnerable,-,Yes,-,Yes,-,-,-,-,Plantae,Magnoliopsida
Miena Cider Gum,Endangered,-,-,-,-,-,Yes,-,-,Plantae,Magnoliopsida
Goodwood Gum,Vulnerable,-,-,-,Yes,-,-,-,-,Plantae,Magnoliopsida
"Imlay Mallee, Mount Imlay Mallee",Critically Endangered,-,Yes,-,-,-,-,-,-,Plantae,Magnoliopsida
Eneabba Mallee,Endangered,-,-,-,-,-,-,-,Yes,Plantae,Magnoliopsida
Durikai Mallee,Vulnerable,-,-,-,Yes,-,-,-,-,Plantae,Magnoliopsida
Twin Peak Island Mallee,Endangered,-,-,-,-,-,-,-,Yes,Plantae,Magnoliopsida
Johnson's Mallee,Vulnerable,-,-,-,-,-,-,-,Yes,Plantae,Magnoliopsida
Mount Beerwah Mallee,Vulnerable,-,-,-,Yes,-,-,-,-,Plantae,Magnoliopsida
Araluen Gum,Vulnerable,-,Yes,-,-,-,-,-,-,Plantae,Magnoliopsida
"Albatross Mallee, Green Mallee Ash",Vulnerable,-,Yes,-,-,-,-,-,-,Plantae,Magnoliopsida
Craven Grey Box,Endangered,-,Yes,-,-,-,-,-,-,Plantae,Magnoliopsida
Laterite Mallee,Vulnerable,-,-,-,-,-,-,-,Yes,Plantae,Magnoliopsida
"Scaly Butt Mallee, Scaly-butt Mallee",Endangered,-,-,-,-,-,-,-,Yes,Plantae,Magnoliopsida
"Camden Woollybutt, Paddys River Box",Endangered,-,Yes,-,-,-,-,-,-,Plantae,Magnoliopsida
McKie's Stringybark,Vulnerable,-,Yes,-,-,-,-,-,-,Plantae,Magnoliopsida
Goblet Mallee,Vulnerable,-,-,-,-,-,-,-,Yes,Plantae,Magnoliopsida
"Mountain White Gum,  King Leopold Range Mallee, Moore's Gum",Vulnerable,-,-,-,-,-,-,-,Yes,Plantae,Magnoliopsida
"Morrisby's Gum, Morrisbys Gum",Critically Endangered,-,-,-,-,-,Yes,-,-,Plantae,Magnoliopsida
"Narrow-leaved Peppermint, Narrow-leaved Black Peppermint",Vulnerable,-,Yes,-,-,-,-,-,-,Plantae,Magnoliopsida
Mt Isa Mallee,Endangered,-,-,-,Yes,-,-,-,-,Plantae,Magnoliopsida
Banyabba Shiny-barked Gum,Endangered,-,Yes,-,-,-,-,-,-,Plantae,Magnoliopsida
Mt Stuart Ironbark,Vulnerable,-,-,-,Yes,-,-,-,-,Plantae,Magnoliopsida
Wadbilliga Ash,Critically Endangered,-,Yes,-,-,-,-,-,-,Plantae,Magnoliopsida
"Mount Compass Swamp Gum, Fleurieu Swamp Gum, Marsh Gum",Endangered,-,-,-,-,Yes,-,-,-,Plantae,Magnoliopsida
"Earp's Gum, Earp's Dirty Gum",Vulnerable,-,Yes,-,-,-,-,-,-,Plantae,Magnoliopsida
Small-leaved Gum,Vulnerable,-,Yes,-,-,-,-,-,-,Plantae,Magnoliopsida
Brumby Mallee-gum,Critically Endangered,-,-,-,-,-,-,Yes,-,Plantae,Magnoliopsida
Jimberlana Mallee,Vulnerable,-,-,-,-,-,-,-,Yes,Plantae,Magnoliopsida
"Midlands Gum, Jingymia Gum",Endangered,-,-,-,-,-,-,-,Yes,Plantae,Magnoliopsida
"Silver-leaved Mountain Gum, Silver-leaved Gum",Vulnerable,-,Yes,-,-,-,-,-,-,Plantae,Magnoliopsida
Pokolbin Mallee,Vulnerable,-,Yes,-,-,-,-,-,-,Plantae,Magnoliopsida
Black Ironbox,Vulnerable,-,-,-,Yes,-,-,-,-,Plantae,Magnoliopsida
Silver Mallet,Endangered,-,-,-,-,-,-,-,Yes,Plantae,Magnoliopsida
Mongarlowe Mallee,Critically Endangered,-,Yes,-,-,-,-,-,-,Plantae,Magnoliopsida
Rose Mallee,Vulnerable,-,-,-,-,-,-,-,Yes,Plantae,Magnoliopsida
Robertson's Peppermint,Vulnerable,-,Yes,-,-,-,-,-,-,Plantae,Magnoliopsida
Blackbutt Candlebark,Vulnerable,-,Yes,-,-,-,-,-,-,Plantae,Magnoliopsida
"Wallangarra White Gum, Willow Gum",Vulnerable,-,Yes,-,Yes,-,-,-,-,Plantae,Magnoliopsida
-,Critically Endangered,-,Yes,-,-,-,-,-,-,Plantae,Magnoliopsida
-,Critically Endangered,-,Yes,-,-,-,-,-,-,Plantae,Magnoliopsida
Steedmans Gum,Vulnerable,-,-,-,-,-,-,-,Yes,Plantae,Magnoliopsida
Jillaga Ash,Endangered,-,Yes,-,-,-,-,-,-,Plantae,Magnoliopsida
Strzelecki Gum,Vulnerable,-,-,-,-,-,-,Yes,-,Plantae,Magnoliopsida
Ettrema Mallee,Endangered,-,Yes,-,-,-,-,-,-,Plantae,Magnoliopsida
"Cork Mallee, Mount Lesueur Mallee",Vulnerable,-,-,-,-,-,-,-,Yes,Plantae,Magnoliopsida
Jingymia Mallee,Vulnerable,-,-,-,-,-,-,-,Yes,Plantae,Magnoliopsida
Helidon Ironbark,Endangered,-,-,-,Yes,-,-,-,-,Plantae,Magnoliopsida
Square-fruited Ironbark,Vulnerable,-,Yes,-,-,-,-,-,-,Plantae,Magnoliopsida
-,Vulnerable,-,-,-,Yes,-,-,-,-,Plantae,Magnoliopsida
"Cadda Road Mallee, Cadda Mallee",Endangered,-,-,-,-,-,-,-,Yes,Plantae,Magnoliopsida
Meelup Mallee,Endangered,-,-,-,-,-,-,-,Yes,Plantae,Magnoliopsida
-,Vulnerable,-,-,-,Yes,-,-,-,-,Plantae,Magnoliopsida
Alpine Water Skink,Vulnerable,Yes,Yes,-,-,-,-,Yes,-,Animalia,Reptilia
Blue Mountains Water Skink,Endangered,-,Yes,-,-,-,-,-,-,Animalia,Reptilia
"Corangamite Water Skink, Dreeite Water Skink",Endangered,-,-,-,-,-,-,Yes,-,Animalia,Reptilia
-,Vulnerable,-,-,-,Yes,-,-,-,-,Plantae,Magnoliopsida
Norfolk Island Euphorbia,Critically Endangered,-,-,-,-,-,-,-,-,Plantae,Magnoliopsida
a herb,Vulnerable,-,-,-,Yes,-,-,-,-,Plantae,Magnoliopsida
Shiny Cliff Eyebright,Vulnerable,-,-,-,-,-,Yes,-,-,Plantae,Magnoliopsida
-,Critically Endangered,-,Yes,-,-,-,-,-,-,Plantae,Magnoliopsida
"Lamington Eyebright, Mt. Merino Eyebright",Vulnerable,-,Yes,-,Yes,-,-,-,-,Plantae,Magnoliopsida
-,Vulnerable,-,Yes,-,-,-,-,-,-,Plantae,Magnoliopsida
"Purple Eyebright, Mueller's Eyebright",Endangered,-,Yes,-,-,Yes,-,Yes,-,Plantae,Magnoliopsida
Osborn's Eyebright,Endangered,-,-,-,-,Yes,-,-,-,Plantae,Magnoliopsida
Thick Eyebright,Vulnerable,-,-,-,-,-,-,Yes,-,Plantae,Magnoliopsida
Bogong Eyebright,Vulnerable,-,-,-,-,-,-,Yes,-,Plantae,Magnoliopsida
"Shy Eyebright, Southport Eyebright",Critically Endangered,-,-,-,-,-,Yes,-,-,Plantae,Magnoliopsida
Swamp Eyebright,Critically Endangered,-,-,-,-,-,Yes,-,-,Plantae,Magnoliopsida
"Bufton's Eyebright, Hairy Cliff Eyebright",Vulnerable,-,-,-,-,-,Yes,-,-,Plantae,Magnoliopsida
subshrub,Extinct,-,Yes,-,-,-,-,-,-,Plantae,Magnoliopsida
Peninsula Eyebright,Endangered,-,-,-,-,-,Yes,-,-,Plantae,Magnoliopsida
"Masked Eyebright, Masked Cliff Eyebright",Endangered,-,-,-,-,-,Yes,-,-,Plantae,Magnoliopsida
Grey Falcon,Vulnerable,Yes,Yes,Yes,Yes,Yes,-,Yes,Yes,Animalia,Aves
"Crested Shrike-tit (northern), Northern Shrike-tit",Vulnerable,-,-,Yes,-,-,-,-,Yes,Animalia,Aves
-,Endangered,-,-,-,Yes,-,-,-,-,Plantae,Liliopsida
"Ball Nut, Possum Nut, Big Nut, Beefwood",Vulnerable,-,Yes,-,Yes,-,-,-,-,Plantae,Magnoliopsida
Southern Fontainea,Vulnerable,-,Yes,-,Yes,-,-,-,-,Plantae,Magnoliopsida
Coastal Fontainea,Critically Endangered,-,Yes,-,-,-,-,-,-,Plantae,Magnoliopsida
-,Vulnerable,-,-,-,Yes,-,-,-,-,Plantae,Magnoliopsida
-,Critically Endangered,-,Yes,-,-,-,-,-,-,Plantae,Magnoliopsida
-,Vulnerable,-,-,-,Yes,-,-,-,-,Plantae,Magnoliopsida
Silky Frankenia,Endangered,-,-,-,-,-,-,-,Yes,Plantae,Magnoliopsida
Decurrent-leaved Frankenia,Extinct,-,-,-,-,-,-,-,Yes,Plantae,Magnoliopsida
Short-leaved Frankenia,Endangered,-,-,-,-,-,-,-,Yes,Plantae,Magnoliopsida
-,Endangered,-,-,-,-,Yes,-,-,-,Plantae,Magnoliopsida
"Christmas Island Frigatebird, Andrew's Frigatebird",Endangered,-,-,-,-,-,-,-,-,Animalia,Aves
"White-bellied Storm-Petrel (Tasman Sea), White-bellied Storm-Petrel (Australasian)",Vulnerable,-,Yes,-,Yes,-,Yes,Yes,-,Animalia,Aves
Dunmall's Snake,Vulnerable,-,Yes,-,Yes,-,-,-,-,Animalia,Reptilia
Western Victorian Blackfish,Endangered,-,-,-,-,-,-,Yes,-,Animalia,Actinopterygii
East Gippsland Galaxias,Critically Endangered,-,-,-,-,-,-,Yes,-,Animalia,Actinopterygii
Golden Galaxias,Endangered,-,-,-,-,-,Yes,-,-,Animalia,Actinopterygii
Short-tail Galaxias,Critically Endangered,-,Yes,-,-,-,-,-,-,Animalia,Actinopterygii
Swan Galaxias,Endangered,-,-,-,-,-,Yes,-,-,Animalia,Actinopterygii
Barred Galaxias,Endangered,-,-,-,-,-,-,Yes,-,Animalia,Actinopterygii
Shaw Galaxias,Critically Endangered,-,-,-,-,-,-,Yes,-,Animalia,Actinopterygii
Clarence Galaxias,Endangered,-,-,-,-,-,Yes,-,-,Animalia,Actinopterygii
Tapered Galaxias,Critically Endangered,-,-,-,-,-,-,Yes,-,Animalia,Actinopterygii
West Gippsland Galaxias,Critically Endangered,-,-,-,-,-,-,Yes,-,Animalia,Actinopterygii
McDowall's Galaxias,Critically Endangered,-,-,-,-,-,-,Yes,-,Animalia,Actinopterygii
Dargo Galaxias,Critically Endangered,-,-,-,-,-,-,Yes,-,Animalia,Actinopterygii
Swamp Galaxias,Vulnerable,-,-,-,-,-,Yes,-,-,Animalia,Actinopterygii
Pedder Galaxias,Extinct in the wild,-,-,-,-,-,Yes,-,-,Animalia,Actinopterygii
"Flathead Galaxias, Beaked Minnow, Flat-headed Galaxias, Flat-headed Jollytail, Flat-headed Minnow",Critically Endangered,-,Yes,-,-,Yes,-,Yes,-,Animalia,Actinopterygii
"Hunter Galaxias, Hunter Upland Galaxias",Critically Endangered,-,Yes,-,-,-,-,-,-,Animalia,Actinopterygii
Moroka Galaxias,Critically Endangered,-,-,-,-,-,-,Yes,-,Animalia,Actinopterygii
Morwell Galaxias,Critically Endangered,-,-,-,-,-,-,Yes,-,Animalia,Actinopterygii
Yalmy Galaxias,Critically Endangered,-,-,-,-,-,-,Yes,-,Animalia,Actinopterygii
Kosciuszko Galaxias,Critically Endangered,-,Yes,-,-,-,-,-,-,Animalia,Actinopterygii
Stocky Galaxias,Critically Endangered,-,Yes,-,-,-,-,-,-,Animalia,Actinopterygii
Saddled Galaxias,Vulnerable,-,-,-,-,-,Yes,-,-,Animalia,Actinopterygii
Roundsnout Galaxias,Endangered,-,Yes,-,-,-,-,Yes,-,Animalia,Actinopterygii
Western Trout Minnow,Endangered,-,-,-,-,-,-,-,Yes,Animalia,Actinopterygii
"Western Dwarf Galaxias, Western Mud Minnow",Vulnerable,-,-,-,-,-,-,-,Yes,Animalia,Actinopterygii
"Blackstriped Dwarf Galaxias, Black-stripe Minnow",Endangered,-,-,-,-,-,-,-,Yes,Animalia,Actinopterygii
"Eastern Dwarf Galaxias, Dwarf Galaxias",Endangered,-,-,-,-,-,Yes,Yes,-,Animalia,Actinopterygii
"Tope, Flake, Oil Shark, School Shark",Conservation Dependent,-,Yes,-,Yes,Yes,Yes,Yes,Yes,Animalia,Chondrichthyes
Subantarctic Bedstraw,Critically Endangered,-,-,-,-,-,Yes,-,-,Plantae,Magnoliopsida
"Latham's Snipe, Japanese Snipe",Vulnerable,Yes,Yes,-,Yes,Yes,Yes,Yes,-,Animalia,Aves
-,Endangered,-,-,-,Yes,-,-,-,-,Plantae,Magnoliopsida
Hann Gardenia,Vulnerable,-,-,-,Yes,-,-,-,-,Plantae,Magnoliopsida
Scale-leaf Poison,Vulnerable,-,-,-,-,-,-,-,Yes,Plantae,Magnoliopsida
Metricup Pea,Critically Endangered,-,-,-,-,-,-,-,Yes,Plantae,Magnoliopsida
Bodallin Poison,Critically Endangered,-,-,-,-,-,-,-,Yes,Plantae,Magnoliopsida
"Spike Poison, Wongan Poison",Endangered,-,-,-,-,-,-,-,Yes,Plantae,Magnoliopsida
Granite Poison,Endangered,-,-,-,-,-,-,-,Yes,Plantae,Magnoliopsida
Hook-point Poison,Endangered,-,-,-,-,-,-,-,Yes,Plantae,Magnoliopsida
-,Endangered,-,-,-,-,-,-,-,Yes,Plantae,Magnoliopsida
Cranbrook Pea,Vulnerable,-,-,-,-,-,-,-,Yes,Plantae,Magnoliopsida
Yellow-leafed Gastrolobium,Critically Endangered,-,-,-,-,-,-,-,Yes,Plantae,Magnoliopsida
Broad-leaved Gastrolobium,Vulnerable,-,-,-,-,-,-,-,Yes,Plantae,Magnoliopsida
Butterfly-leaved Gastrolobium,Endangered,-,-,-,-,-,-,-,Yes,Plantae,Magnoliopsida
-,Critically Endangered,-,-,-,-,-,-,-,Yes,Plantae,Magnoliopsida
Green Waxberry,Endangered,-,Yes,-,Yes,-,-,-,-,Plantae,Magnoliopsida
-,Endangered,-,Yes,-,-,-,-,-,-,Plantae,Magnoliopsida
"Yellow Gnat-orchid, Bauer's Midge Orchid, Brittle Midge Orchid",Endangered,-,Yes,-,-,-,-,-,-,Plantae,Liliopsida
"Plumed Midge-orchid, Tallong Midge Orchid",Endangered,-,Yes,-,-,-,-,-,-,Plantae,Liliopsida
Pambula Midge-orchid,Endangered,-,Yes,-,-,-,-,-,-,Plantae,Liliopsida
Cardwell Midge Orchid,Endangered,-,-,-,Yes,-,-,-,-,Plantae,Liliopsida
East Lynne Midge-orchid,Vulnerable,-,Yes,-,-,-,-,-,-,Plantae,Liliopsida
Baeuerlen's Gentian,Critically Endangered,Yes,Yes,-,-,-,-,-,-,Plantae,Magnoliopsida
Bredbo Gentian,Critically Endangered,-,Yes,-,-,-,-,-,-,Plantae,Magnoliopsida
Wingecarribee Gentian,Endangered,-,Yes,-,-,-,-,-,-,Plantae,Magnoliopsida
New England Gentian,Critically Endangered,-,Yes,-,-,-,-,-,-,Plantae,Magnoliopsida
"White-bellied Frog, Creek Frog",Critically Endangered,-,-,-,-,-,-,-,Yes,Animalia,Amphibia
Orange-bellied Frog,Vulnerable,-,-,-,-,-,-,-,Yes,Animalia,Amphibia
Squatter Pigeon (southern),Vulnerable,-,Yes,-,Yes,-,-,-,-,Animalia,Aves
Partridge Pigeon (western),Vulnerable,-,-,-,-,-,-,-,Yes,Animalia,Aves
Partridge Pigeon (eastern),Vulnerable,-,-,Yes,-,-,-,-,Yes,Animalia,Aves
-,Vulnerable,-,-,-,Yes,-,-,-,-,Plantae,Liliopsida
"Lord Howe Gerygone, Lord Howe Warbler",Extinct,-,Yes,-,-,-,-,-,-,Animalia,Aves
"Mountain Angelica, Broad-leafed Carrot",Endangered,-,Yes,-,-,-,-,-,-,Plantae,Magnoliopsida
Nangetty Grass,Endangered,-,-,-,-,-,-,-,Yes,Plantae,Liliopsida
"Clover Glycine, Purple Clover",Vulnerable,-,Yes,-,-,Yes,Yes,Yes,-,Plantae,Magnoliopsida
"Northern River Shark, New Guinea River Shark",Endangered,-,-,Yes,-,-,-,-,Yes,Animalia,Chondrichthyes
Speartooth Shark,Critically Endangered,-,-,Yes,Yes,-,-,-,-,Animalia,Chondrichthyes
-,Endangered,-,-,-,-,-,-,-,Yes,Plantae,Magnoliopsida
Gypsum Goodenia,Vulnerable,-,-,-,-,-,-,-,Yes,Plantae,Magnoliopsida
-,Vulnerable,-,-,Yes,-,-,-,-,-,Plantae,Magnoliopsida
"Sweet Myrtle, Small-leaved Myrtle",Endangered,-,Yes,-,Yes,-,-,-,-,Plantae,Magnoliopsida
Angle-stemmed Myrtle,Endangered,-,-,-,Yes,-,-,-,-,Plantae,Magnoliopsida
"Western Woolly Cyphanthera, Western Cyphanthera",Endangered,-,-,-,-,-,-,-,Yes,Plantae,Magnoliopsida
Painted Honeyeater,Vulnerable,Yes,Yes,Yes,Yes,Yes,-,Yes,-,Animalia,Aves
"Holly-leaved Graptophyllum, Mt Blackwood Holly",Vulnerable,-,-,-,Yes,-,-,-,-,Plantae,Magnoliopsida
Veiny Graptophyllum,Endangered,-,-,-,Yes,-,-,-,-,Plantae,Magnoliopsida
Bog Grevillea,Endangered,-,Yes,-,-,-,-,-,-,Plantae,Magnoliopsida
-,Endangered,-,-,-,-,-,-,-,Yes,Plantae,Magnoliopsida
-,Endangered,-,-,-,-,-,-,-,Yes,Plantae,Magnoliopsida
-,Vulnerable,-,Yes,-,-,-,-,-,-,Plantae,Magnoliopsida
Mt Lesueur Grevillea,Endangered,-,-,-,-,-,-,-,Yes,Plantae,Magnoliopsida
Beadle's Grevillea,Endangered,-,Yes,-,-,-,-,-,-,Plantae,Magnoliopsida
Enfield Grevillea,Vulnerable,-,-,-,-,-,-,Yes,-,Plantae,Magnoliopsida
-,Vulnerable,-,-,-,-,-,-,-,Yes,Plantae,Magnoliopsida
Large-flowered Short-styled Grevillea,Critically Endangered,-,-,-,-,-,-,-,Yes,Plantae,Magnoliopsida
-,Critically Endangered,-,-,-,-,-,-,-,Yes,Plantae,Magnoliopsida
Burrowa Grevillea,Critically Endangered,-,-,-,-,-,-,Yes,-,Plantae,Magnoliopsida
Caley's Grevillea,Critically Endangered,-,Yes,-,-,-,-,-,-,Plantae,Magnoliopsida
"Foote's Grevillea, Cataby Grevillea, Black Magic Grevillea",Endangered,-,-,-,-,-,-,-,Yes,Plantae,Magnoliopsida
"Colquhoun Grevillea, Nowa Nowa Grevillea",Vulnerable,-,-,-,-,-,-,Yes,-,Plantae,Magnoliopsida
Christine's Grevillea,Endangered,-,-,-,-,-,-,-,Yes,Plantae,Magnoliopsida
a shrub,Endangered,-,-,-,-,-,-,-,Yes,Plantae,Magnoliopsida
Curved-leaf Grevillea,Endangered,-,-,-,-,-,-,-,Yes,Plantae,Magnoliopsida
Narrow curved-leaf Grevillea,Endangered,-,-,-,-,-,-,-,Yes,Plantae,Magnoliopsida
Phalanx Grevillea,Endangered,-,-,-,-,-,-,-,Yes,Plantae,Magnoliopsida
Hairy Phalanx Grevillea,Endangered,-,-,-,-,-,-,-,Yes,Plantae,Magnoliopsida
Ironstone Grevillea,Vulnerable,-,-,-,-,-,-,-,Yes,Plantae,Magnoliopsida
-,Vulnerable,-,Yes,-,-,-,-,-,-,Plantae,Magnoliopsida
Zig Zag Grevillea,Vulnerable,-,-,-,-,-,-,-,Yes,Plantae,Magnoliopsida
"Drooping Grevillea, Ben Major Grevillea",Vulnerable,-,-,-,-,-,-,Yes,-,Plantae,Magnoliopsida
-,Vulnerable,-,-,-,Yes,-,-,-,-,Plantae,Magnoliopsida
-,Endangered,-,Yes,-,-,-,-,-,-,Plantae,Magnoliopsida
Coochin Hills Grevillea,Critically Endangered,-,-,-,Yes,-,-,-,-,Plantae,Magnoliopsida
Spreading Grevillea,Endangered,-,-,-,-,-,-,-,Yes,Plantae,Magnoliopsida
Wee Jasper Grevillea,Endangered,-,Yes,-,-,-,-,-,-,Plantae,Magnoliopsida
Anglesea Grevillea,Vulnerable,-,-,-,-,-,-,Yes,-,Plantae,Magnoliopsida
Fan-leaf Grevillea,Endangered,-,-,-,-,-,-,-,Yes,Plantae,Magnoliopsida
Lake Varley Grevillea,Endangered,-,-,-,-,-,-,-,Yes,Plantae,Magnoliopsida
"Pine Mountain Grevillea, Green Grevillea",Endangered,-,-,-,-,-,-,Yes,-,Plantae,Magnoliopsida
Flame Spider-flower,Vulnerable,-,Yes,-,Yes,-,-,-,-,Plantae,Magnoliopsida
McCutcheon's Grevillea,Endangered,-,-,-,-,-,-,-,Yes,Plantae,Magnoliopsida
-,Endangered,-,Yes,-,-,-,-,-,-,Plantae,Magnoliopsida
Maxwell's Grevillea,Endangered,-,-,-,-,-,-,-,Yes,Plantae,Magnoliopsida
-,Endangered,-,Yes,-,-,-,-,-,-,Plantae,Magnoliopsida
-,Endangered,-,Yes,-,-,-,-,-,-,Plantae,Magnoliopsida
Langi Ghiran Grevillea,Vulnerable,-,-,-,-,-,-,Yes,-,Plantae,Magnoliopsida
-,Endangered,-,-,-,-,-,-,-,Yes,Plantae,Magnoliopsida
Grey Grevillea,Endangered,-,Yes,-,-,-,-,-,-,Plantae,Magnoliopsida
Small-flower Grevillea,Vulnerable,-,Yes,-,-,-,-,-,-,Plantae,Magnoliopsida
Pythara Grevillea,Endangered,-,-,-,-,-,-,-,Yes,Plantae,Magnoliopsida
-,Vulnerable,-,Yes,-,Yes,-,-,-,-,Plantae,Magnoliopsida
Rare Grevillea,Endangered,-,-,-,-,-,-,-,Yes,Plantae,Magnoliopsida
-,Vulnerable,-,Yes,-,-,-,-,-,-,Plantae,Magnoliopsida
-,Endangered,-,Yes,-,-,-,-,-,-,Plantae,Magnoliopsida
Carrington Falls Grevillea,Critically Endangered,-,Yes,-,-,-,-,-,-,Plantae,Magnoliopsida
Corrigin Grevillea,Endangered,-,-,-,-,-,-,-,Yes,Plantae,Magnoliopsida
Black Grevillea,Critically Endangered,-,-,-,Yes,-,-,-,-,Plantae,Magnoliopsida
-,Vulnerable,-,Yes,-,-,-,-,-,-,Plantae,Magnoliopsida
-,Critically Endangered,-,-,-,-,-,-,-,Yes,Plantae,Magnoliopsida
Spider Net Grevillea,Critically Endangered,-,-,-,-,-,-,-,Yes,Plantae,Magnoliopsida
"Mt Finke Grevillea, Scarlet Grevillea",Vulnerable,-,-,-,-,Yes,-,-,-,Plantae,Magnoliopsida
Tumut Grevillea,Critically Endangered,-,Yes,-,-,-,-,-,-,Plantae,Magnoliopsida
Magnificent Helicarionid Land Snail,Critically Endangered,-,Yes,-,-,-,-,-,-,Animalia,Gastropoda
-,Critically Endangered,-,-,-,-,-,-,-,Yes,Plantae,Magnoliopsida
Leadbeater's Possum,Critically Endangered,-,-,-,-,-,-,Yes,-,Animalia,Mammalia
Net-veined Gyrostemon,Critically Endangered,-,-,-,-,-,-,-,Yes,Plantae,Magnoliopsida
Whiskered Rein Orchid,Endangered,-,-,-,Yes,-,-,-,-,Plantae,Liliopsida
Column Hakea,Vulnerable,-,-,-,-,-,-,-,Yes,Plantae,Magnoliopsida
-,Vulnerable,-,Yes,-,-,-,-,-,-,Plantae,Magnoliopsida
Kowmung Hakea,Critically Endangered,-,Yes,-,-,-,-,-,-,Plantae,Magnoliopsida
"Gnarled Corkbark, Fraser's Hakea",Vulnerable,-,Yes,-,-,-,-,-,-,Plantae,Magnoliopsida
-,Vulnerable,-,-,-,Yes,-,-,-,-,Plantae,Magnoliopsida
-,Endangered,-,Yes,-,Yes,-,-,-,-,Plantae,Magnoliopsida
Lesueur Hakea,Vulnerable,-,-,-,-,-,-,-,Yes,Plantae,Magnoliopsida
Lake Keepit Hakea,Endangered,-,Yes,-,-,-,-,-,-,Plantae,Magnoliopsida
Three-veined Hakea,Vulnerable,-,-,-,Yes,-,-,-,-,Plantae,Magnoliopsida
Lord Howe Abalone,Critically Endangered,-,Yes,-,-,-,-,-,-,Animalia,Gastropoda
Blue Petrel,Vulnerable,-,Yes,-,Yes,Yes,Yes,Yes,Yes,Animalia,Aves
"Wingless Raspwort, Square Raspwort",Vulnerable,-,Yes,-,-,Yes,-,Yes,-,Plantae,Magnoliopsida
Tall Velvet Sea-berry,Vulnerable,-,Yes,-,Yes,-,-,-,-,Plantae,Magnoliopsida
Prickly Raspwort,Endangered,-,-,-,-,Yes,-,-,-,Plantae,Magnoliopsida
Broad-fruited Haloragis,Critically Endangered,-,-,-,-,-,-,-,Yes,Plantae,Magnoliopsida
Hal,Endangered,-,Yes,-,-,-,-,-,-,Plantae,Magnoliopsida
Rainforest Cool-skink,Vulnerable,-,Yes,-,Yes,-,-,-,-,Animalia,Reptilia
"Giant Burrowing Frog, Eastern Owl Frog",Endangered,-,Yes,-,-,-,-,-,-,Animalia,Amphibia
"Southern Owl Frog, Southern Giant Burrowing Frog",Endangered,-,Yes,-,-,-,-,Yes,-,Animalia,Amphibia
-,Vulnerable,-,Yes,-,-,-,-,-,-,Plantae,Magnoliopsida
-,Endangered,-,-,Yes,-,-,-,-,-,Plantae,Magnoliopsida
Red Snakebush,Endangered,-,-,-,-,-,-,-,Yes,Plantae,Magnoliopsida
"Sargents Snakebush, Colourful Snakebush",Endangered,-,-,-,-,-,-,-,Yes,Plantae,Magnoliopsida
Grey Snake,Endangered,-,Yes,-,Yes,-,-,-,-,Animalia,Reptilia
Lemuroid Ringtail Possum,Endangered,-,-,-,Yes,-,-,-,-,Animalia,Mammalia
Branched Hemigenia,Critically Endangered,-,-,-,-,-,-,-,Yes,Plantae,Magnoliopsida
"New Zealand Pigeon (Norfolk Island race), Norfolk Island New Zealand Pigeon",Extinct,-,-,-,-,-,-,-,-,Animalia,Aves
Chapman's Hensmania,Vulnerable,-,-,-,-,-,-,-,Yes,Plantae,Liliopsida
"Douglas' Broad-headed Bee, Rottnest Bee",Critically Endangered,-,-,-,-,-,-,-,Yes,Animalia,Insecta
-,Vulnerable,-,-,-,Yes,-,-,-,-,Plantae,Magnoliopsida
Bandalup Buttercup,Critically Endangered,-,-,-,-,-,-,-,Yes,Plantae,Magnoliopsida
-,Endangered,-,Yes,-,-,-,-,-,-,Plantae,Magnoliopsida
Basalt Guinea-flower,Endangered,-,-,-,-,-,Yes,-,-,Plantae,Magnoliopsida
-,Critically Endangered,-,Yes,-,-,-,-,-,-,Plantae,Magnoliopsida
-,Endangered,-,Yes,-,-,-,-,-,-,Plantae,Magnoliopsida
Ooldea Guinea-flower,Vulnerable,-,-,-,-,Yes,-,-,Yes,Plantae,Magnoliopsida
Dergholm Guinea-flower,Vulnerable,-,-,-,-,-,-,Yes,-,Plantae,Magnoliopsida
Euroa Guinea-flower,Vulnerable,-,-,-,-,-,-,Yes,-,Plantae,Magnoliopsida
-,Vulnerable,-,Yes,-,-,-,-,-,-,Plantae,Magnoliopsida
Bundanoon Guinea-flower,Endangered,-,Yes,-,-,-,-,-,-,Plantae,Magnoliopsida
-,Critically Endangered,-,-,-,-,-,-,-,Yes,Plantae,Magnoliopsida
-,Critically Endangered,-,Yes,-,-,-,-,-,-,Plantae,Magnoliopsida
-,Critically Endangered,-,-,-,-,-,-,-,Yes,Plantae,Magnoliopsida
Julian's Hibbertia,Critically Endangered,-,Yes,-,-,-,-,-,-,Plantae,Magnoliopsida
-,Critically Endangered,-,Yes,-,-,-,-,-,-,Plantae,Magnoliopsida
Yundi Guinea-flower,Critically Endangered,-,-,-,-,Yes,-,-,-,Plantae,Magnoliopsida
Wheeler's Buttercup,Critically Endangered,-,-,-,-,-,-,-,Yes,Plantae,Magnoliopsida
a shrub,Vulnerable,-,-,Yes,-,-,-,-,-,Plantae,Magnoliopsida
-,Vulnerable,-,-,Yes,-,-,-,-,-,Plantae,Magnoliopsida
Phillip Island Hibiscus,Critically Endangered,-,-,-,-,-,-,-,-,Plantae,Magnoliopsida
"Monkey Nut, Bopple Nut, Red Bopple, Red Bopple Nut, Red Nut, Beef Nut, Red Apple Nut, Red Boppel Nut, Ivory Silky Oak",Vulnerable,-,Yes,-,Yes,-,-,-,-,Plantae,Magnoliopsida
"White's Seahorse, Crowned Seahorse, Sydney Seahorse",Endangered,-,Yes,-,Yes,-,-,-,-,Animalia,Actinopterygii
Arnhem Leaf-nosed Bat,Endangered,-,-,Yes,-,-,-,-,-,Animalia,Mammalia
"Semon's Leaf-nosed Bat, Greater Wart-nosed Horseshoe-bat",Vulnerable,-,-,-,Yes,-,-,-,-,Animalia,Mammalia
White-throated Needletail,Vulnerable,Yes,Yes,-,Yes,Yes,Yes,Yes,-,Animalia,Aves
Belson's Panic,Vulnerable,-,Yes,-,Yes,-,-,-,-,Plantae,Liliopsida
-,Critically Endangered,-,Yes,-,-,-,-,-,-,Plantae,Magnoliopsida
-,Critically Endangered,-,Yes,-,-,-,-,-,-,Plantae,Magnoliopsida
Bolivia Homoranthus,Critically Endangered,-,Yes,-,-,-,-,-,-,Plantae,Magnoliopsida
-,Vulnerable,-,Yes,-,-,-,-,-,-,Plantae,Magnoliopsida
a shrub,Endangered,-,-,-,Yes,-,-,-,-,Plantae,Magnoliopsida
-,Critically Endangered,-,Yes,-,-,-,-,-,-,Plantae,Magnoliopsida
-,Vulnerable,-,Yes,-,-,-,-,-,-,Plantae,Magnoliopsida
-,Vulnerable,-,Yes,-,-,-,-,-,-,Plantae,Magnoliopsida
-,Vulnerable,-,-,-,Yes,-,-,-,-,Plantae,Magnoliopsida
-,Vulnerable,-,-,-,Yes,-,-,-,-,Plantae,Magnoliopsida
-,Vulnerable,-,Yes,-,-,-,-,-,-,Plantae,Magnoliopsida
Broad-headed Snake,Endangered,-,Yes,-,-,-,-,-,-,Animalia,Reptilia
Bornemissza's Stag Beetle,Critically Endangered,-,-,-,-,-,Yes,-,-,Animalia,Insecta
Simson's Stag Beetle,Vulnerable,-,-,-,-,-,Yes,-,-,Animalia,Insecta
Vanderschoor's Stag Beetle,Vulnerable,-,-,-,-,-,Yes,-,-,Animalia,Insecta
"Orange Roughy, Deep-sea Perch, Red Roughy",Conservation Dependent,-,Yes,-,-,-,Yes,-,-,Animalia,Actinopterygii
a vine,Vulnerable,-,-,Yes,-,-,-,-,-,Plantae,Magnoliopsida
Water Tassel-fern,Extinct,-,-,-,Yes,-,-,-,-,Plantae,Lycopodopiatae
Ninghan Violet,Critically Endangered,-,-,-,-,-,-,-,Yes,Plantae,Magnoliopsida
a palm,Vulnerable,-,-,-,Yes,-,-,-,-,Plantae,Liliopsida
Shy Heathwren (Kangaroo Island),Vulnerable,-,-,-,-,Yes,-,-,-,Animalia,Aves
-,Extinct,-,-,-,Yes,-,-,-,-,Plantae,Polypodiatae
a filmy fern,Extinct,-,-,-,Yes,-,-,-,-,Plantae,Polypodiatae
-,Endangered,-,-,-,-,-,-,-,Yes,Plantae,Magnoliopsida
Long-leaved Myrtle,Vulnerable,-,-,-,-,-,-,-,Yes,Plantae,Magnoliopsida
-,Endangered,-,-,-,-,-,-,-,Yes,Plantae,Magnoliopsida
chittering Myrtle,Endangered,-,-,-,-,-,-,-,Yes,Plantae,Magnoliopsida
Bulloak Jewel Butterfly,Critically Endangered,-,-,-,Yes,-,-,-,-,Animalia,Insecta
"Downy Ground-fern, Brake Fern, Ground Fern",Vulnerable,-,-,-,-,-,-,-,-,Plantae,Polypodiatae
Scrambling Ground-fern,Endangered,-,-,-,-,-,Yes,-,-,Plantae,Polypodiatae
Lake Pedder Earthworm,Extinct,-,-,-,-,-,Yes,-,-,Animalia,Oligochaeta
"Buff-banded Rail (Cocos (Keeling) Islands), Ayam Hutan",Endangered,-,-,-,-,-,-,-,-,Animalia,Aves
"Macquarie Island Buff-banded Rail, Buff-banded Rail (Macquarie Island)",Extinct,-,-,-,-,-,Yes,-,-,Animalia,Aves
Lord Howe Woodhen,Endangered,-,Yes,-,-,-,-,-,-,Animalia,Aves
Bald Carp Gudgeon,Critically Endangered,-,Yes,-,-,-,-,-,-,Animalia,Actinopterygii
Glenelg Freshwater Mussel,Critically Endangered,-,-,-,-,-,-,Yes,-,Animalia,Bivalvia
"Shield-backed Trapdoor Spider, Black Rugose Trapdoor Spider",Vulnerable,-,-,-,-,-,-,-,Yes,Animalia,Arachnida
Mistletoe,Vulnerable,-,-,-,-,-,-,-,-,Plantae,Magnoliopsida
-,Endangered,-,Yes,-,-,-,-,-,-,Plantae,Magnoliopsida
"Delicate Cress, Illawarra Irene",Endangered,-,Yes,-,-,-,-,-,-,Plantae,Magnoliopsida
Isoglossa,Endangered,-,Yes,-,-,-,-,-,-,Plantae,Magnoliopsida
Golden Bandicoot (mainland),Vulnerable,-,Yes,Yes,Yes,Yes,-,Yes,Yes,Animalia,Mammalia
Golden Bandicoot (Barrow Island),Vulnerable,-,-,-,-,-,-,-,Yes,Animalia,Mammalia
Southern Brown Bandicoot (Nuyts Archipelago),Vulnerable,-,-,-,-,Yes,-,-,-,Animalia,Mammalia
"Southern Brown Bandicoot (eastern), Southern Brown Bandicoot (south-eastern)",Endangered,Yes,Yes,-,-,Yes,-,Yes,-,Animalia,Mammalia
Fletcher's Drumsticks,Vulnerable,-,Yes,-,-,-,-,-,-,Plantae,Magnoliopsida
Robust Coneflower,Critically Endangered,-,-,-,-,-,-,-,Yes,Plantae,Magnoliopsida
"Albany Cone Bush, Hook-leaf Isopogon",Endangered,-,-,-,-,-,-,-,Yes,Plantae,Magnoliopsida
"Sand Ixodia, Ixodia",Vulnerable,-,-,-,-,Yes,-,Yes,-,Plantae,Magnoliopsida
Pungent Jacksonia,Endangered,-,-,-,-,-,-,-,Yes,Plantae,Magnoliopsida
"Quairading Jacksonia, Quairading Stinkwood",Endangered,-,-,-,-,-,-,-,Yes,Plantae,Magnoliopsida
Collie Jacksonia,Endangered,-,-,-,-,-,-,-,Yes,Plantae,Magnoliopsida
a shrub,Vulnerable,-,-,-,Yes,-,-,-,-,Plantae,Magnoliopsida
-,Critically Endangered,-,Yes,-,-,-,-,-,-,Plantae,Magnoliopsida
Woodland Babingtonia,Endangered,-,Yes,-,Yes,-,-,-,-,Plantae,Magnoliopsida
Kelleria,Vulnerable,-,-,-,-,-,-,Yes,-,Plantae,Magnoliopsida
Northcliffe Kennedia,Vulnerable,-,-,-,-,-,-,-,Yes,Plantae,Magnoliopsida
Augusta Kennedia,Endangered,-,-,-,-,-,-,-,Yes,Plantae,Magnoliopsida
-,Vulnerable,-,Yes,-,-,-,-,-,-,Plantae,Magnoliopsida
Key's Matchstick Grasshopper,Endangered,Yes,Yes,-,-,-,-,Yes,-,Animalia,Insecta
Cape Range Remipede,Vulnerable,-,-,-,-,-,-,-,Yes,Animalia,Remipedia
-,Vulnerable,-,Yes,-,-,-,-,-,-,Plantae,Magnoliopsida
-,Vulnerable,-,-,-,-,-,-,-,Yes,Plantae,Magnoliopsida
-,Endangered,-,Yes,-,-,-,-,-,-,Plantae,Magnoliopsida
-,Vulnerable,-,Yes,-,-,-,-,-,-,Plantae,Magnoliopsida
-,Critically Endangered,-,-,-,-,-,-,-,Yes,Plantae,Magnoliopsida
"Adamson's Blown-grass, Adamson's Blowngrass",Endangered,-,-,-,-,-,-,Yes,-,Plantae,Liliopsida
"Spalding Blown Grass, Spalding Blowngrass",Endangered,-,-,-,-,Yes,-,-,-,Plantae,Liliopsida
"Kuluwarri, Central Hare-wallaby",Extinct,-,-,Yes,-,-,-,-,Yes,Animalia,Mammalia
Spectacled Hare-wallaby (Barrow Island),Vulnerable,-,-,-,-,-,-,-,Yes,Animalia,Mammalia
Rufous Hare-wallaby (Bernier Island),Vulnerable,-,-,-,-,-,-,-,Yes,Animalia,Mammalia
"Mala, Rufous Hare-Wallaby (Central Australia)",Endangered,-,-,Yes,Yes,Yes,-,-,Yes,Animalia,Mammalia
Rufous Hare-wallaby (Dorre Island),Vulnerable,-,-,-,-,-,-,-,Yes,Animalia,Mammalia
"Rufous Hare-wallaby (south-western), Woorap",Extinct,-,-,-,-,-,-,-,Yes,Animalia,Mammalia
Eastern Hare-wallaby,Extinct,-,Yes,-,Yes,Yes,-,Yes,-,Animalia,Mammalia
Banded Hare-wallaby (mainland),Extinct,-,-,-,-,-,-,-,Yes,Animalia,Mammalia
"Banded Hare-wallaby, Merrnine, Marnine, Munning",Vulnerable,-,-,-,-,-,-,-,Yes,Animalia,Mammalia
Norfolk Island Long-tailed Triller,Extinct,-,-,-,-,-,-,-,-,Animalia,Aves
Prickly Honeysuckle,Endangered,-,-,-,-,-,-,-,Yes,Plantae,Magnoliopsida
Western Prickly Honeysuckle,Endangered,-,-,-,-,-,-,-,Yes,Plantae,Magnoliopsida
Fairall's Honeysuckle,Critically Endangered,-,-,-,-,-,-,-,Yes,Plantae,Magnoliopsida
Roundleaf Honeysuckle,Endangered,-,-,-,-,-,-,-,Yes,Plantae,Magnoliopsida
Long Sunskink,Critically Endangered,-,Yes,-,-,-,-,-,-,Animalia,Reptilia
-,Vulnerable,-,Yes,-,-,-,-,-,-,Plantae,Magnoliopsida
-,Vulnerable,-,Yes,-,-,-,-,-,-,Plantae,Magnoliopsida
Wing-fruited Lasiopetalum,Endangered,-,-,-,-,-,-,-,Yes,Plantae,Magnoliopsida
Round-leaf Lasiopetalum,Endangered,-,-,-,-,-,-,-,Yes,Plantae,Magnoliopsida
-,Critically Endangered,-,-,-,-,-,-,-,Yes,Plantae,Magnoliopsida
Proston Lasiopetalum,Critically Endangered,-,-,-,Yes,-,-,-,-,Plantae,Magnoliopsida
"Northern Hairy-nosed Wombat, Yaminon",Critically Endangered,-,Yes,-,Yes,-,-,-,-,Animalia,Mammalia
"Shield-fern, Shieldfern",Endangered,-,-,-,-,-,-,-,-,Plantae,Polypodiatae
a fern,Vulnerable,-,-,-,Yes,-,-,-,-,Plantae,Polypodiatae
Swift Parrot,Critically Endangered,Yes,Yes,-,Yes,Yes,Yes,Yes,-,Animalia,Aves
-,Critically Endangered,-,-,-,-,-,-,-,Yes,Plantae,Magnoliopsida
-,Vulnerable,-,-,-,Yes,-,-,-,-,Plantae,Magnoliopsida
Kalbarri Leschenaultia,Vulnerable,-,-,-,-,-,-,-,Yes,Plantae,Magnoliopsida
Scarlet Leschenaultia,Endangered,-,-,-,-,-,-,-,Yes,Plantae,Magnoliopsida
-,Critically Endangered,-,-,-,Yes,-,-,-,-,Plantae,Magnoliopsida
Wrinkled Buttons,Vulnerable,-,-,-,-,-,-,Yes,-,Plantae,Magnoliopsida
-,Critically Endangered,-,Yes,-,-,-,-,-,-,Plantae,Magnoliopsida
Kangaroo Island Phebalium,Endangered,-,-,-,-,Yes,-,-,-,Plantae,Magnoliopsida
-,Endangered,-,Yes,-,-,-,-,-,-,Plantae,Magnoliopsida
-,Critically Endangered,-,Yes,-,-,-,-,-,-,Plantae,Magnoliopsida
-,Vulnerable,-,-,-,Yes,-,-,-,-,Plantae,Magnoliopsida
-,Vulnerable,-,Yes,-,-,-,-,-,-,Plantae,Magnoliopsida
Rylstone Bell,Vulnerable,-,Yes,-,-,-,-,-,-,Plantae,Magnoliopsida
-,Critically Endangered,-,Yes,-,-,-,-,-,-,Plantae,Magnoliopsida
a short-tongued bee,Critically Endangered,-,-,-,-,-,-,-,Yes,Animalia,Insecta
Malleefowl,Vulnerable,-,Yes,Yes,-,Yes,-,Yes,Yes,Animalia,Aves
-,Extinct,-,-,-,Yes,-,-,-,-,Plantae,Polypodiatae
-,Critically Endangered,-,Yes,-,Yes,-,-,-,-,Plantae,Magnoliopsida
Spiny Peppercress,Vulnerable,-,Yes,-,-,-,-,Yes,Yes,Plantae,Magnoliopsida
Drummond's Lepidium,Extinct,-,-,-,-,-,-,-,Yes,Plantae,Magnoliopsida
Ginninderra Peppercress,Critically Endangered,Yes,-,-,-,-,-,-,-,Plantae,Magnoliopsida
"Basalt Pepper-cress, Peppercress, Rubble Pepper-cress, Pepperweed",Endangered,Yes,Yes,-,-,-,Yes,Yes,-,Plantae,Magnoliopsida
Winged Pepper-cress,Endangered,-,Yes,-,Yes,Yes,-,Yes,-,Plantae,Magnoliopsida
Wandering Pepper-cress,Endangered,-,Yes,-,Yes,-,-,-,-,Plantae,Magnoliopsida
Erect Pepper-cress,Vulnerable,-,-,-,-,Yes,-,Yes,-,Plantae,Magnoliopsida
"Olive Ridley Turtle, Pacific Ridley Turtle",Endangered,-,Yes,Yes,Yes,-,-,-,Yes,Animalia,Reptilia
"Christmas Island Gecko, Lister's Gecko",Critically Endangered,-,-,-,-,-,-,-,-,Animalia,Reptilia
"Little Mountain Palm, Moorei Palm",Critically Endangered,-,Yes,-,-,-,-,-,-,Plantae,Liliopsida
Beaked Lepidosperma,Endangered,-,-,-,-,-,-,-,Yes,Plantae,Liliopsida
"Lesser Stick-nest Rat,Tjooyalpi, White-tailed Stick-nest Rat",Extinct,-,Yes,Yes,-,Yes,-,Yes,Yes,Animalia,Mammalia
"Wopilkara, Greater Stick-nest Rat",Vulnerable,-,Yes,-,-,Yes,-,-,Yes,Animalia,Mammalia
Diels' Currant Bush,Vulnerable,-,-,-,-,-,-,-,Yes,Plantae,Magnoliopsida
-,Critically Endangered,-,Yes,-,-,-,-,-,-,Plantae,Magnoliopsida
-,Critically Endangered,-,Yes,-,-,-,-,-,-,Plantae,Magnoliopsida
Deane's Tea-tree,Vulnerable,-,Yes,-,-,-,-,-,-,Plantae,Magnoliopsida
Stringybark Tea-tree,Critically Endangered,-,-,-,-,-,-,Yes,-,Plantae,Magnoliopsida
-,Critically Endangered,-,Yes,-,-,-,-,-,-,Plantae,Magnoliopsida
Monga Tea-tree,Endangered,-,Yes,-,-,-,-,-,-,Plantae,Magnoliopsida
"Allan's Lerista, Retro Slider",Endangered,-,-,-,Yes,-,-,-,-,Animalia,Reptilia
Nubbined Fine-lined Slider,Endangered,-,-,-,Yes,-,-,-,-,Animalia,Reptilia
Nevin's Slider,Endangered,-,-,-,-,-,-,-,Yes,Animalia,Reptilia
Rochford Slider,Endangered,-,-,-,Yes,-,-,-,-,Animalia,Reptilia
"Mount Cooper Striped Skink, Mount Cooper Striped Lerista",Vulnerable,-,-,-,Yes,-,-,-,-,Animalia,Reptilia
"Imperial Shag (Heard Island), Heard Shag",Vulnerable,-,-,-,-,-,-,-,-,Animalia,Aves
Imperial Shag (Macquarie Island),Vulnerable,-,-,-,-,-,Yes,-,-,Animalia,Aves
"Hoary Sunray, Grassland Paper-daisy",Endangered,Yes,Yes,-,Yes,-,Yes,Yes,-,Plantae,Magnoliopsida
Blind Velvet Worm,Endangered,-,-,-,-,-,Yes,-,-,Animalia,Onychophora (no class)
Torrington Beard-heath,Endangered,-,Yes,-,-,-,-,-,-,Plantae,Magnoliopsida
Small-flowered Leucopogon,Extinct,-,-,-,-,-,-,-,Yes,Plantae,Magnoliopsida
Woronora Beard-heath,Vulnerable,-,Yes,-,-,-,-,-,-,Plantae,Magnoliopsida
Stirling Range Beard Heath,Critically Endangered,-,-,-,-,-,-,-,Yes,Plantae,Magnoliopsida
Thick-margined Leucopogon,Endangered,-,-,-,-,-,-,-,Yes,Plantae,Magnoliopsida
-,Endangered,-,-,-,-,-,-,-,Yes,Plantae,Magnoliopsida
Hidden Beard-heath,Endangered,-,-,-,-,-,-,-,Yes,Plantae,Magnoliopsida
-,Endangered,-,-,-,Yes,-,-,-,-,Plantae,Magnoliopsida
-,Critically Endangered,-,-,-,-,-,-,-,Yes,Plantae,Magnoliopsida
-,Vulnerable,-,-,-,-,-,-,-,Yes,Plantae,Magnoliopsida
Ironstone Beard-heath,Critically Endangered,-,-,-,-,-,-,-,Yes,Plantae,Magnoliopsida
"Western Australian Lewin's Rail, Lewin's Rail (western)",Extinct,-,-,-,-,-,-,-,Yes,Animalia,Aves
Pilbara Olive Python,Vulnerable,-,-,-,-,-,-,-,Yes,Animalia,Reptilia
"Helmeted Honeyeater, Yellow-tufted Honeyeater (Helmeted)",Critically Endangered,-,-,-,-,-,-,Yes,-,Animalia,Aves
Asian Dowitcher,Vulnerable,-,Yes,Yes,Yes,-,-,-,Yes,Animalia,Aves
Baudin's Sea-lavender,Vulnerable,-,-,-,-,-,Yes,-,-,Plantae,Magnoliopsida
"Nunivak Bar-tailed Godwit, Western Alaskan Bar-tailed Godwit",Endangered,-,Yes,Yes,Yes,Yes,Yes,Yes,Yes,Animalia,Aves
"Northern Siberian Bar-tailed Godwit, Russkoye Bar-tailed Godwit",Endangered,-,-,Yes,Yes,-,-,-,Yes,Animalia,Aves
Black-tailed Godwit,Endangered,-,Yes,Yes,Yes,Yes,Yes,Yes,Yes,Animalia,Aves
Granite Mudwort,Vulnerable,-,-,-,-,Yes,-,-,-,Plantae,Magnoliopsida
-,Vulnerable,-,-,-,Yes,-,-,-,-,Plantae,Polypodiatae
Guthega Skink,Endangered,-,Yes,-,-,-,-,Yes,-,Animalia,Reptilia
"Great Desert Skink, Tjakura, Warrarna, Mulyamiji, Tjalapa, Nampu",Vulnerable,-,-,Yes,-,Yes,-,-,Yes,Animalia,Reptilia
Mountain Skink,Endangered,Yes,Yes,-,-,-,-,Yes,-,Animalia,Reptilia
"Jurien Bay Skink, Jurien Bay Rock-skink",Vulnerable,-,-,-,-,-,-,-,Yes,Animalia,Reptilia
"Slater's Skink, Floodplain Skink",Endangered,-,-,Yes,-,-,-,-,-,Animalia,Reptilia
"Swamp Skink, Eastern Mourning Skink",Endangered,-,Yes,-,-,Yes,-,Yes,-,Animalia,Reptilia
"Broad-toothed Stag Beetle, Wielangta Stag Beetle",Endangered,-,-,-,-,-,Yes,-,-,Animalia,Insecta
Green and Golden Bell Frog,Vulnerable,Yes,Yes,-,-,-,-,Yes,-,Animalia,Amphibia
Booroolong Frog,Endangered,Yes,Yes,-,-,-,-,Yes,-,Animalia,Amphibia
"Yellow-spotted Tree Frog, Yellow-spotted Bell Frog",Critically Endangered,Yes,Yes,-,-,-,-,-,-,Animalia,Amphibia
Davies' Tree Frog,Vulnerable,-,Yes,-,-,-,-,-,-,Animalia,Amphibia
"Australian Lace-lid, Lace-eyed Tree Frog, Day's Big-eyed Treefrog",Vulnerable,-,-,-,Yes,-,-,-,-,Animalia,Amphibia
Kroombit Treefrog,Critically Endangered,-,-,-,Yes,-,-,-,-,Animalia,Amphibia
"Northern Heath Frog, Littlejohn's Tree Frog",Endangered,-,Yes,-,-,-,-,-,-,Animalia,Amphibia
Armoured Mist Frog,Critically Endangered,-,-,-,Yes,-,-,-,-,Animalia,Amphibia
Kuranda Tree Frog,Critically Endangered,-,-,-,Yes,-,-,-,-,Animalia,Amphibia
"Mountain Mist Frog, Nyakala Frog",Critically Endangered,-,-,-,Yes,-,-,-,-,Animalia,Amphibia
Wallum Sedge Frog,Vulnerable,-,Yes,-,Yes,-,-,-,-,Animalia,Amphibia
Peppered Tree Frog,Vulnerable,-,Yes,-,-,-,-,-,-,Animalia,Amphibia
"Southern Bell Frog, Growling Grass Frog, Green and Golden Frog, Warty Swamp Frog, Golden Bell Frog",Vulnerable,Yes,Yes,-,-,Yes,Yes,Yes,-,Animalia,Amphibia
Spotted Tree Frog,Critically Endangered,-,Yes,-,-,-,-,Yes,-,Animalia,Amphibia
"New England Tree Frog, Glandular Frog",Vulnerable,-,Yes,-,Yes,-,-,-,-,Animalia,Amphibia
"Alpine Tree Frog, Verreaux's Alpine Tree Frog",Vulnerable,Yes,Yes,-,-,-,-,Yes,-,Animalia,Amphibia
"Southern Heath Frog, Watson's Tree Frog",Endangered,-,Yes,-,-,-,-,Yes,-,Animalia,Amphibia
Waxy Cabbage Palm,Vulnerable,-,-,-,Yes,-,-,-,-,Plantae,Liliopsida
"Central Australian Cabbage Palm, Red Cabbage Palm",Endangered,-,-,Yes,-,-,-,-,-,Plantae,Liliopsida
-,Critically Endangered,-,Yes,-,-,-,-,-,-,Plantae,Magnoliopsida
-,Vulnerable,-,-,-,-,-,-,Yes,-,Plantae,Magnoliopsida
-,Vulnerable,-,-,-,Yes,-,-,-,-,Plantae,Magnoliopsida
Kangaroo Island Logania,Vulnerable,-,-,-,-,Yes,-,-,-,Plantae,Magnoliopsida
King's Lomatia,Critically Endangered,-,-,-,-,-,Yes,-,-,Plantae,Magnoliopsida
"Major Mitchell's Cockatoo (eastern), Eastern Major Mitchell's Cockatoo, Pink Cockatoo (eastern)",Endangered,-,Yes,-,Yes,Yes,-,Yes,-,Animalia,Aves
Tall Yellow-top,Endangered,-,-,-,-,Yes,-,Yes,-,Plantae,Magnoliopsida
"Yellow-snouted Gecko, Yellow-snouted Ground Gecko",Endangered,-,-,Yes,-,-,-,-,-,Animalia,Reptilia
a green alga,Endangered,-,-,-,Yes,-,-,-,-,Plantae,Streptophyta (no class)
-,Extinct,-,-,-,Yes,-,-,-,-,Plantae,Lycopodopiatae
Woolly Lysiosepalum,Critically Endangered,-,-,-,-,-,-,-,Yes,Plantae,Magnoliopsida
"Macadamia Nut, Queensland Nut Tree, Smooth-shelled Macadamia, Bush Nut, Nut Oak",Vulnerable,-,Yes,-,Yes,-,-,-,-,Plantae,Magnoliopsida
"Bulberin Nut, Bulburin Nut Tree",Endangered,-,-,-,Yes,-,-,-,-,Plantae,Magnoliopsida
"Small-fruited Queensland Nut, Gympie Nut",Vulnerable,-,-,-,Yes,-,-,-,-,Plantae,Magnoliopsida
"Rough-shelled Bush Nut, Macadamia Nut, Rough-shelled Macadamia, Rough-leaved Queensland Nut",Vulnerable,-,Yes,-,Yes,-,-,-,-,Plantae,Magnoliopsida
Keighery's Macarthuria,Endangered,-,-,-,-,-,-,-,Yes,Plantae,Magnoliopsida
"Clarence River Cod, Eastern Freshwater Cod",Endangered,-,Yes,-,-,-,-,-,-,Animalia,Actinopterygii
Trout Cod,Endangered,Yes,Yes,-,-,Yes,-,Yes,-,Animalia,Actinopterygii
Mary River Cod,Endangered,-,-,-,Yes,-,-,-,-,Animalia,Actinopterygii
Murray Cod,Vulnerable,Yes,Yes,-,Yes,Yes,-,Yes,-,Animalia,Actinopterygii
Macquarie Perch,Endangered,Yes,Yes,-,-,Yes,-,Yes,-,Animalia,Actinopterygii
Ghost Bat,Vulnerable,-,-,Yes,Yes,Yes,-,-,Yes,Animalia,Mammalia
"Southern Giant-Petrel, Southern Giant Petrel",Endangered,-,Yes,-,Yes,Yes,Yes,Yes,Yes,Animalia,Aves
Northern Giant Petrel,Vulnerable,-,Yes,-,Yes,Yes,Yes,Yes,Yes,Animalia,Aves
-,Vulnerable,-,-,-,Yes,-,-,-,-,Plantae,Magnoliopsida
Greater Bilby,Vulnerable,-,Yes,Yes,Yes,Yes,-,-,Yes,Animalia,Mammalia
"Yallara, Lesser Bilby, Djoonpi",Extinct,-,-,Yes,Yes,Yes,-,-,Yes,Animalia,Mammalia
-,Vulnerable,-,-,-,Yes,-,-,-,-,Plantae,Cycadatae
-,Endangered,-,-,-,Yes,-,-,-,-,Plantae,Cycadatae
-,Endangered,-,Yes,-,-,-,-,-,-,Plantae,Cycadatae
cycad,Endangered,-,-,-,Yes,-,-,-,-,Plantae,Cycadatae
MacDonnell Ranges Cycad,Vulnerable,-,-,Yes,-,-,-,-,-,Plantae,Cycadatae
-,Vulnerable,-,-,-,Yes,-,-,-,-,Plantae,Cycadatae
-,Vulnerable,-,-,-,Yes,-,-,-,-,Plantae,Cycadatae
-,Vulnerable,-,-,-,Yes,-,-,-,-,Plantae,Cycadatae
Pineapple Zamia,Endangered,-,-,-,Yes,-,-,-,-,Plantae,Cycadatae
cycad,Endangered,-,-,-,Yes,-,-,-,-,Plantae,Cycadatae
Chariot Wheels,Vulnerable,-,Yes,-,Yes,-,-,Yes,-,Plantae,Magnoliopsida
Purple-crowned Fairy-wren (western),Endangered,-,-,Yes,-,-,-,-,Yes,Animalia,Aves
"White-winged Fairy-wren (Barrow Island), Barrow Island Black-and-white Fairy-wren",Vulnerable,-,-,-,-,-,-,-,Yes,Animalia,Aves
"White-winged Fairy-wren (Dirk Hartog Island), Dirk Hartog Black-and-White Fairy-wren",Vulnerable,-,-,-,-,-,-,-,Yes,Animalia,Aves
Black-eared Miner,Endangered,-,Yes,-,-,Yes,-,Yes,-,Animalia,Aves
"King Fern, Para, Potato Fern",Endangered,-,-,-,-,-,-,-,-,Plantae,Polypodiatae
Derwent River Seastar,Critically Endangered,-,-,-,-,-,Yes,-,-,Animalia,Asteroidea
-,Endangered,-,-,-,-,-,-,-,Yes,Plantae,Magnoliopsida
-,Vulnerable,-,-,-,Yes,-,-,-,-,Plantae,Magnoliopsida
Clear Milkvine,Vulnerable,-,Yes,-,Yes,-,-,-,-,Plantae,Magnoliopsida
-,Vulnerable,-,-,-,Yes,-,-,-,-,Plantae,Magnoliopsida
"Broad-toothed Rat (mainland), Tooarrana",Endangered,Yes,Yes,-,-,Yes,-,Yes,-,Animalia,Mammalia
Gray's Helicarionid Land Snail,Critically Endangered,-,-,-,-,-,-,-,-,Animalia,Gastropoda
Phillip Island Helicarionid Land Snail,Critically Endangered,-,-,-,-,-,-,-,-,Animalia,Gastropoda
Suter's Striped Glass-snail,Critically Endangered,-,-,-,-,-,-,-,-,Animalia,Gastropoda
-,Vulnerable,-,-,-,Yes,-,-,-,-,Plantae,Magnoliopsida
-,Vulnerable,-,-,-,Yes,-,-,-,-,Plantae,Magnoliopsida
Giant Gippsland Earthworm,Vulnerable,-,-,-,-,-,-,Yes,-,Animalia,Oligochaeta
Biconvex Paperbark,Vulnerable,-,Yes,-,-,-,-,-,-,Plantae,Magnoliopsida
Deane's Melaleuca,Vulnerable,-,Yes,-,-,-,-,-,-,Plantae,Magnoliopsida
-,Vulnerable,-,-,-,Yes,-,-,-,-,Plantae,Magnoliopsida
Wongan Melaleuca,Endangered,-,-,-,-,-,-,-,Yes,Plantae,Magnoliopsida
-,Endangered,-,-,-,-,-,-,-,Yes,Plantae,Magnoliopsida
"South-eastern Hooded Robin, Hooded Robin (south-eastern)",Endangered,Yes,Yes,-,Yes,Yes,-,Yes,-,Animalia,Aves
"Tiwi Islands Hooded Robin, Hooded Robin (Tiwi Islands)",Critically Endangered,-,-,Yes,-,-,-,-,-,Animalia,Aves
Lake Eacham Rainbowfish,Endangered,-,-,-,Yes,-,-,-,-,Animalia,Actinopterygii
Malanda Rainbowfish,Critically Endangered,-,-,-,Yes,-,-,-,-,Animalia,Actinopterygii
Running River Rainbowfish,Critically Endangered,-,-,-,Yes,-,-,-,-,Animalia,Actinopterygii
Narrow-leaf Melichrus,Critically Endangered,-,Yes,-,-,-,-,-,-,Plantae,Magnoliopsida
Hairy Melichrus,Endangered,-,Yes,-,-,-,-,-,-,Plantae,Magnoliopsida
Shade Tree,Vulnerable,-,-,-,-,-,-,-,-,Plantae,Magnoliopsida
Norfolk Island Mahoe,Critically Endangered,-,-,-,-,-,-,-,-,Plantae,Magnoliopsida
"Whiteywood, a tree",Vulnerable,-,-,-,-,-,-,-,-,Plantae,Magnoliopsida
Kangaroo Island Brown-headed Honeyeater,Endangered,-,-,-,-,Yes,-,-,-,Animalia,Aves
Bramble Cay Melomys,Extinct,-,-,-,Yes,-,-,-,-,Animalia,Mammalia
"Maroubra Woodland Snail, Maroubra Land Snail",Endangered,-,Yes,-,-,-,-,-,-,Animalia,Gastropoda
Narrow-leaved Meryta,Vulnerable,-,-,-,-,-,-,-,-,Plantae,Magnoliopsida
"Shade Tree, Broad-leaved Meryta",Critically Endangered,-,-,-,-,-,-,-,-,Plantae,Magnoliopsida
"Black-footed Tree-rat (Kimberley and mainland Northern Territory), Djintamoonga, Manbul",Endangered,-,-,Yes,-,-,-,-,Yes,Animalia,Mammalia
Black-footed Tree-rat (Melville Island),Vulnerable,-,-,Yes,-,-,-,-,-,Animalia,Mammalia
"Black-footed Tree-rat (north Queensland), Shaggy Rabbit-rat",Vulnerable,-,-,-,Yes,-,-,-,-,Animalia,Mammalia
Fitzroy Land Snail,Endangered,-,-,Yes,-,-,-,-,-,Animalia,Gastropoda
-,Endangered,-,-,-,Yes,-,-,-,-,Plantae,Magnoliopsida
Wongan Microcorys,Vulnerable,-,-,-,-,-,-,-,Yes,Plantae,Magnoliopsida
-,Vulnerable,-,-,-,-,Yes,-,-,-,Plantae,Magnoliopsida
-,Vulnerable,-,Yes,-,-,-,-,-,-,Plantae,Magnoliopsida
-,Endangered,-,Yes,-,-,-,-,-,-,Plantae,Magnoliopsida
-,Vulnerable,-,Yes,-,-,-,-,-,-,Plantae,Magnoliopsida
"Francistown Cave Cricket, Southern sandstone cave cricket",Critically Endangered,-,-,-,-,-,Yes,-,-,Animalia,Insecta
Angus's Onion Orchid,Endangered,-,Yes,-,-,-,-,-,-,Plantae,Liliopsida
South-Coast Mignonette Orchid,Vulnerable,-,-,-,-,-,-,-,Yes,Plantae,Liliopsida
Barrow Cave Gudgeon,Endangered,-,-,-,-,-,-,-,Yes,Animalia,Actinopterygii
"Cape Range Cave Gudgeon, Blind Gudgeon",Vulnerable,-,-,-,-,-,-,-,Yes,Animalia,Actinopterygii
Southern Bent-wing Bat,Critically Endangered,-,-,-,-,Yes,-,Yes,-,Animalia,Mammalia
Minnie Daisy,Vulnerable,-,-,Yes,-,-,-,-,Yes,Plantae,Magnoliopsida
Horsfield's Bushlark (Tiwi Islands),Vulnerable,-,-,Yes,-,-,-,-,-,Animalia,Aves
Southern Elephant Seal,Vulnerable,-,-,-,-,Yes,Yes,-,-,Animalia,Mammalia
-,Critically Endangered,-,-,-,Yes,-,-,-,-,Plantae,Magnoliopsida
a vine,Vulnerable,-,-,Yes,-,-,-,-,-,Plantae,Magnoliopsida
"Stuttering Frog, Southern Barred Frog (in Victoria)",Vulnerable,-,Yes,-,Yes,-,-,Yes,-,Animalia,Amphibia
Fleay's Frog,Endangered,-,Yes,-,Yes,-,-,-,-,Animalia,Amphibia
"Giant Barred Frog, Southern Barred Frog",Vulnerable,-,Yes,-,Yes,-,-,-,-,Animalia,Amphibia
Kangaroo Island Micro-trapdoor Spider,Endangered,-,-,-,-,Yes,-,-,-,Animalia,Arachnida
Southern Purple Spotted Gudgeon (Murray-Darling Basin population),Endangered,-,Yes,-,Yes,Yes,-,Yes,-,Animalia,Actinopterygii
"Flinders Ranges Mogurnda, Flinders Ranges Purple-spotted Gudgeon",Vulnerable,-,-,-,Yes,Yes,-,-,-,Animalia,Actinopterygii
"Dalhousie Mogurnda, Dalhousie Purple-spotted Gudgeon",Critically Endangered,-,-,-,-,Yes,-,-,-,Animalia,Actinopterygii
Grass Fern,Extinct,-,-,-,Yes,-,-,-,-,Plantae,Polypodiatae
Trailing Monotoca,Endangered,-,Yes,-,-,-,-,Yes,-,Plantae,Magnoliopsida
"Non-parasitic Lamprey, Precocious Lamprey",Endangered,-,Yes,-,Yes,-,-,Yes,-,Animalia,Cephalaspidomorphi
"Shrubby Creeper, Pohuehue",Endangered,-,-,-,-,-,-,-,-,Plantae,Magnoliopsida
Tuggeranong Lignum,Endangered,Yes,-,-,-,-,-,-,-,Plantae,Magnoliopsida
Daintree's River Banana,Extinct,-,-,-,Yes,-,-,-,-,Plantae,Liliopsida
Jerramungup Myoporum,Vulnerable,-,-,-,-,-,-,-,Yes,Plantae,Magnoliopsida
"Popwood, Sandalwood",Critically Endangered,-,-,-,-,-,-,-,-,Plantae,Magnoliopsida
-,Extinct,-,-,-,-,-,-,-,Yes,Plantae,Magnoliopsida
-,Vulnerable,-,-,-,Yes,-,-,-,-,Plantae,Magnoliopsida
Chiddarcooping Myriophyllum,Endangered,-,-,-,-,-,-,-,Yes,Plantae,Magnoliopsida
Ridged Water-milfoil,Vulnerable,-,-,-,-,-,-,Yes,-,Plantae,Magnoliopsida
Numbat,Endangered,-,Yes,Yes,-,Yes,-,-,Yes,Animalia,Mammalia
Ant Plant,Vulnerable,-,-,-,Yes,-,-,-,-,Plantae,Magnoliopsida
Beech,Vulnerable,-,-,-,-,-,-,-,-,Plantae,Magnoliopsida
"Purple-leaf Muttonwood, Lismore Muttonwood",Endangered,-,Yes,-,-,-,-,-,-,Plantae,Magnoliopsida
Masters' Charopid Land Snail,Critically Endangered,-,Yes,-,-,-,-,-,-,Animalia,Gastropoda
Western Sawshelled Turtle,Endangered,-,Yes,-,Yes,-,-,-,-,Animalia,Reptilia
Purvis' Turtle,Endangered,-,Yes,-,-,-,-,-,-,Animalia,Reptilia
Nangur Spiny Skink,Critically Endangered,-,-,-,Yes,-,-,-,-,Animalia,Reptilia
Balston's Pygmy Perch,Vulnerable,-,-,-,-,-,-,-,Yes,Animalia,Actinopterygii
Southern Pygmy Perch (Murray-Darling Basin lineage),Vulnerable,-,Yes,-,-,Yes,-,Yes,-,Animalia,Actinopterygii
Yarra Pygmy Perch,Endangered,-,-,-,-,Yes,-,Yes,-,Animalia,Actinopterygii
Oxleyan Pygmy Perch,Endangered,-,Yes,-,Yes,-,-,-,-,Animalia,Actinopterygii
Little Pygmy Perch,Endangered,-,-,-,-,-,-,-,Yes,Animalia,Actinopterygii
"Variegated Pygmy Perch, Ewens Pygmy Perch, Golden Pygmy Perch",Vulnerable,-,-,-,-,Yes,-,Yes,-,Animalia,Actinopterygii
Flatback Turtle,Vulnerable,-,Yes,Yes,Yes,-,-,-,Yes,Animalia,Reptilia
-,Vulnerable,-,-,-,Yes,-,-,-,-,Plantae,Magnoliopsida
Windswept Helmet-orchid,Critically Endangered,-,-,-,-,-,Yes,-,-,Plantae,Liliopsida
Leafy Nematolepis,Critically Endangered,-,-,-,-,-,-,Yes,-,Plantae,Magnoliopsida
-,Critically Endangered,-,Yes,-,-,-,-,-,-,Plantae,Magnoliopsida
Harsh Nematolepis,Vulnerable,-,-,-,-,-,-,Yes,-,Plantae,Magnoliopsida
Shiny Nematolepis,Vulnerable,-,-,-,-,-,-,Yes,-,Plantae,Magnoliopsida
-,Vulnerable,-,Yes,-,-,-,-,-,-,Plantae,Liliopsida
"Australian Lungfish, Queensland Lungfish",Vulnerable,-,-,-,Yes,-,-,-,-,Animalia,Sarcopterygii
"Star Finch (eastern), Star Finch (southern)",Endangered,-,Yes,-,Yes,-,-,-,-,Animalia,Aves
A native bee,Critically Endangered,-,-,-,-,-,-,-,Yes,Animalia,Insecta
Orange-bellied Parrot,Critically Endangered,-,Yes,-,-,Yes,Yes,Yes,-,Animalia,Aves
Blue-winged Parrot,Vulnerable,Yes,Yes,Yes,Yes,Yes,Yes,Yes,-,Animalia,Aves
"Australian Sea-lion, Australian Sea Lion",Endangered,-,-,-,-,Yes,-,Yes,Yes,Animalia,Mammalia
-,Vulnerable,-,-,-,Yes,-,-,-,-,Plantae,Magnoliopsida
Dalhousie Catfish,Critically Endangered,-,-,-,-,Yes,-,-,-,Animalia,Actinopterygii
marine brown alga,Endangered,-,Yes,-,-,-,Yes,Yes,-,Plantae,Phaeophyceae
Kangaroo Island White-eared Honeyeater,Endangered,-,-,-,-,Yes,-,-,-,Animalia,Aves
Norfolk Island Kaka,Extinct,-,-,-,-,-,-,-,-,Animalia,Aves
-,Vulnerable,-,-,-,Yes,-,-,-,-,Plantae,Magnoliopsida
"Christmas Island Hawk-Owl, Christmas Boobook",Vulnerable,-,-,-,-,-,-,-,-,Animalia,Aves
"Lord Howe Southern Boobook, Lord Howe Boobook Owl",Extinct,-,Yes,-,-,-,-,-,-,Animalia,Aves
"Norfolk Island Boobook, Norfolk Island Morepork, Southern Boobook (Norfolk Island)",Endangered,-,-,-,-,-,-,-,-,Animalia,Aves
a green alga,Critically Endangered,-,Yes,-,-,-,-,-,-,Plantae,Streptophyta (no class)
Toolache Wallaby,Extinct,-,-,-,-,Yes,-,Yes,-,Animalia,Mammalia
Parma Wallaby,Vulnerable,-,Yes,-,-,-,-,-,-,Animalia,Mammalia
Krefft's Tiger Snake (Flinders Ranges),Vulnerable,-,-,-,-,Yes,-,-,-,Animalia,Reptilia
Cooneana Olive,Critically Endangered,-,-,-,Yes,-,-,-,-,Plantae,Magnoliopsida
Lloyd's Olive,Vulnerable,-,-,-,Yes,-,-,-,-,Plantae,Magnoliopsida
"Short-tailed Hopping-mouse, Yoontoo",Extinct,-,-,Yes,-,Yes,-,-,Yes,Animalia,Mammalia
"Northern Hopping-mouse, Woorrentinta",Endangered,-,-,Yes,Yes,-,-,-,-,Animalia,Mammalia
"Dusky Hopping-mouse, Wilkiniti",Vulnerable,-,Yes,Yes,Yes,Yes,-,-,-,Animalia,Mammalia
"Long-tailed Hopping-mouse, Koolawa, Talamba",Extinct,-,Yes,Yes,-,Yes,-,-,Yes,Animalia,Mammalia
"Large-eared Hopping-mouse, Noompa, Big -eared Hopping-mouse",Extinct,-,-,-,-,-,-,-,Yes,Animalia,Mammalia
"Darling Downs Hopping-mouse, Payi",Extinct,-,Yes,-,Yes,-,-,-,-,Animalia,Mammalia
"Broad-cheeked Hopping-mouse, Great Hopping-mouse",Extinct,-,-,-,-,Yes,-,-,-,Animalia,Mammalia
"Eastern Curlew, Far Eastern Curlew",Critically Endangered,-,Yes,Yes,Yes,Yes,Yes,Yes,Yes,Animalia,Aves
"Nawaran, Oenpelli Python, Oenpelli Rock Python",Vulnerable,-,-,Yes,-,-,-,-,-,Animalia,Reptilia
"Corben's Long-eared Bat, South-eastern Long-eared Bat",Vulnerable,-,Yes,-,Yes,Yes,-,Yes,-,Animalia,Mammalia
"Lord Howe Long-eared Bat, Lord Howe Island Bat",Extinct,-,Yes,-,-,-,-,-,-,Animalia,Mammalia
Mossman Fairy Orchid,Critically Endangered,-,-,-,Yes,-,-,-,-,Plantae,Liliopsida
Southern Ochrosia,Endangered,-,Yes,-,Yes,-,-,-,-,Plantae,Magnoliopsida
Arcadia Velvet Gecko,Critically Endangered,-,-,-,Yes,-,-,-,-,Animalia,Reptilia
Arid Bronze Azure,Critically Endangered,-,-,-,-,-,-,-,Yes,Animalia,Insecta
Minnie Waters Olax,Vulnerable,-,Yes,-,-,-,-,-,-,Plantae,Magnoliopsida
Arckaringa Daisy,Endangered,-,-,-,-,Yes,-,-,-,Plantae,Magnoliopsida
Marble Daisy-bush,Vulnerable,-,-,-,-,-,-,Yes,-,Plantae,Magnoliopsida
-,Vulnerable,-,Yes,-,-,-,-,-,-,Plantae,Magnoliopsida
Dorrigo Daisy-bush,Endangered,-,Yes,-,-,-,-,-,-,Plantae,Magnoliopsida
"Swamp Daisy, Water Daisy",Endangered,-,-,-,Yes,-,-,-,-,Plantae,Magnoliopsida
-,Vulnerable,-,-,Yes,-,-,-,-,-,Plantae,Magnoliopsida
Small-flowered Daisy-bush,Endangered,-,-,-,-,Yes,-,-,-,Plantae,Magnoliopsida
-,Extinct,-,Yes,-,-,-,-,-,-,Plantae,Magnoliopsida
"Silver Daisy-bush, Silver-leaved Daisy, Velvet Daisy-bush",Vulnerable,-,-,-,-,Yes,-,-,-,Plantae,Magnoliopsida
-,Endangered,-,Yes,-,-,-,-,Yes,-,Plantae,Magnoliopsida
"Lord Howe and Norfolk Islands Skink, Lord Howe Island Skink",Vulnerable,-,Yes,-,-,-,-,-,-,Animalia,Reptilia
-,Vulnerable,-,-,-,Yes,-,-,-,-,Plantae,Magnoliopsida
"Bridled Nail-tail Wallaby, Bridled Nailtail Wallaby",Endangered,-,Yes,-,Yes,Yes,-,Yes,-,Animalia,Mammalia
"Crescent Nailtail Wallaby, Tjawalpa, Wurrung",Extinct,-,Yes,Yes,-,Yes,-,-,Yes,Animalia,Mammalia
Esperance Dog Weed,Extinct,-,-,-,-,-,-,-,Yes,Plantae,Magnoliopsida
Bronzeback Snake-lizard,Vulnerable,-,-,Yes,-,Yes,-,-,-,Animalia,Reptilia
Blind Cave Eel,Vulnerable,-,-,-,-,-,-,-,Yes,Animalia,Actinopterygii
Australian Snubfin  Dolphin,Vulnerable,-,-,Yes,Yes,-,-,-,Yes,Animalia,Mammalia
Rosewood Keeled Snail,Critically Endangered,-,-,Yes,-,-,-,-,Yes,Animalia,Gastropoda
"Marrawah Skipper, Alpine Sedge Skipper, Alpine Skipper",Vulnerable,-,-,-,-,-,Yes,-,-,Animalia,Insecta
"Ptunarra Brown, Ptunarra Brown Butterfly, Ptunarra Xenica",Endangered,-,-,-,-,-,Yes,-,-,Animalia,Insecta
-,Vulnerable,-,-,-,Yes,-,-,-,-,Plantae,Polypodiatae
Mountain Villarsia,Endangered,-,-,-,-,-,-,-,Yes,Plantae,Magnoliopsida
"Long-necked Northern Leaf-tailed Gecko, McIlwraith Leaf-tailed Gecko",Critically Endangered,-,-,-,Yes,-,-,-,-,Animalia,Reptilia
"Barrow Island Wallaroo, Barrow Island Euro",Vulnerable,-,-,-,-,-,-,-,Yes,Animalia,Mammalia
"Onionwood, Bog Onion, Onion Cedar",Vulnerable,-,Yes,-,Yes,-,-,-,-,Plantae,Magnoliopsida
-,Vulnerable,-,-,-,Yes,-,-,-,-,Plantae,Magnoliopsida
Reflexed Everlasting,Vulnerable,-,-,-,-,-,Yes,-,-,Plantae,Magnoliopsida
"Clubmoss Everlasting, Table Mountain Daisy Bush",Extinct,-,-,-,-,-,Yes,-,-,Plantae,Magnoliopsida
-,Vulnerable,-,Yes,-,-,-,-,-,-,Plantae,Magnoliopsida
Wollumbin Dogwood,Vulnerable,-,Yes,-,Yes,-,-,-,-,Plantae,Magnoliopsida
Golden Whistler (Norfolk Island),Vulnerable,-,-,-,-,-,-,-,-,Animalia,Aves
Red-lored Whistler,Vulnerable,-,Yes,-,-,Yes,-,Yes,-,Animalia,Aves
Fairy Prion (southern),Vulnerable,-,Yes,-,Yes,Yes,Yes,Yes,Yes,Animalia,Aves
Edgar Range Pandanus,Endangered,-,-,-,-,-,-,-,Yes,Plantae,Liliopsida
Abbott's Booby,Endangered,-,-,-,-,-,-,-,-,Animalia,Aves
Sandplain Duck Orchid,Endangered,-,-,-,-,-,-,-,Yes,Plantae,Liliopsida
Shannon Paragalaxias,Vulnerable,-,-,-,-,-,Yes,-,-,Animalia,Actinopterygii
Great Lake Paragalaxias,Vulnerable,-,-,-,-,-,Yes,-,-,Animalia,Actinopterygii
Arthurs Paragalaxias,Endangered,-,-,-,-,-,Yes,-,-,Animalia,Actinopterygii
-,Critically Endangered,-,-,-,-,-,-,-,Yes,Plantae,Magnoliopsida
Eltham Copper Butterfly,Endangered,-,-,-,-,-,-,Yes,-,Animalia,Insecta
"Bathurst Copper Butterfly, Purple Copper Butterfly, Bathurst Copper, Bathurst Copper Wing, Bathurst-Lithgow Copper, Purple Copper",Vulnerable,-,Yes,-,-,-,-,-,-,Animalia,Insecta
Dibbler,Endangered,-,-,-,-,-,-,-,Yes,Animalia,Mammalia
Forty-spotted Pardalote,Endangered,-,-,-,-,-,Yes,-,-,Animalia,Aves
Milky Silkpod,Endangered,-,Yes,-,-,-,-,-,-,Plantae,Magnoliopsida
Mt Larcom Silk Pod,Vulnerable,-,-,-,Yes,-,-,-,-,Plantae,Magnoliopsida
Tasmanian Live-bearing Seastar,Vulnerable,-,-,-,-,-,Yes,-,-,Animalia,Asteroidea
a grass,Vulnerable,-,Yes,-,Yes,-,-,-,-,Plantae,Liliopsida
-,Extinct,-,-,-,Yes,-,-,-,-,Plantae,Liliopsida
Spiral-leaved Patersonia,Endangered,-,-,-,-,-,-,-,Yes,Plantae,Liliopsida
Plains-wanderer,Critically Endangered,-,Yes,Yes,Yes,Yes,-,Yes,-,Animalia,Aves
Omeo Stork's-bill,Endangered,Yes,Yes,-,-,-,-,Yes,-,Plantae,Magnoliopsida
Pennantia,Endangered,-,-,-,-,-,-,-,-,Plantae,Magnoliopsida
Shark Bay Bandicoot,Endangered,-,Yes,-,-,Yes,-,-,Yes,Animalia,Mammalia
"Western Barred Bandicoot (eastern), Liverpool Plains Striped Bandicoot",Extinct,-,Yes,-,-,-,-,-,-,Animalia,Mammalia
"Desert Bandicoot, Walilya",Extinct,-,-,Yes,-,Yes,-,-,Yes,Animalia,Mammalia
Eastern Barred Bandicoot (Tasmania),Vulnerable,-,-,-,-,-,Yes,-,-,Animalia,Mammalia
Eastern Barred Bandicoot (Mainland),Endangered,-,-,-,-,Yes,-,Yes,-,Animalia,Mammalia
"Marl, Western Barred Bandicoot",Extinct,-,-,-,-,-,-,-,Yes,Animalia,Mammalia
South-eastern Striped Bandicoot,Extinct,-,-,-,-,Yes,-,Yes,-,Animalia,Mammalia
"Butterfly Bandicoot, Nullarbor Barred Bandicoot",Extinct,-,-,-,-,Yes,-,-,Yes,Animalia,Mammalia
Lord Howe Earthworm,Critically Endangered,-,Yes,-,-,-,-,-,-,Animalia,Oligochaeta
"Knotweed, Tall Knotweed",Vulnerable,-,Yes,-,Yes,-,-,-,-,Plantae,Magnoliopsida
Needle Geebung,Endangered,-,Yes,-,-,-,-,-,-,Plantae,Magnoliopsida
Bargo Geebung,Endangered,-,Yes,-,-,-,-,-,-,Plantae,Magnoliopsida
Mittagong Geebung,Vulnerable,-,Yes,-,-,-,-,-,-,Plantae,Magnoliopsida
-,Endangered,-,Yes,-,-,-,-,-,-,Plantae,Magnoliopsida
"Hairy Geebung, Hairy Persoonia",Endangered,-,Yes,-,-,-,-,-,-,Plantae,Magnoliopsida
-,Extinct,-,Yes,-,-,-,-,-,-,Plantae,Magnoliopsida
Clandulla Geebung,Vulnerable,-,Yes,-,-,-,-,-,-,Plantae,Magnoliopsida
Small-flowered Snottygobble,Critically Endangered,-,-,-,-,-,-,-,Yes,Plantae,Magnoliopsida
-,Endangered,-,Yes,-,-,-,-,-,-,Plantae,Magnoliopsida
-,Vulnerable,-,Yes,-,-,-,-,-,-,Plantae,Magnoliopsida
Nodding Geebung,Endangered,-,Yes,-,-,-,-,-,-,Plantae,Magnoliopsida
-,Endangered,-,Yes,-,-,-,-,-,-,Plantae,Magnoliopsida
North Rothbury Persoonia,Critically Endangered,-,Yes,-,-,-,-,-,-,Plantae,Magnoliopsida
-,Extinct,-,-,-,Yes,-,-,-,-,Plantae,Magnoliopsida
"Greater Glider (northern), Greater Glider (north-eastern Queensland)",Vulnerable,-,-,-,Yes,-,-,-,-,Animalia,Mammalia
Greater Glider (southern and central),Endangered,Yes,Yes,-,Yes,-,-,Yes,-,Animalia,Mammalia
Yellow-bellied Glider (south-eastern),Vulnerable,Yes,Yes,-,Yes,-,-,Yes,-,Animalia,Mammalia
"Yellow-bellied Glider (Wet Tropics), Fluffy Glider",Endangered,-,-,-,Yes,-,-,-,-,Animalia,Mammalia
Mahogany Glider,Endangered,-,-,-,Yes,-,-,-,-,Animalia,Mammalia
Cape York Rock-wallaby,Endangered,-,-,-,Yes,-,-,-,-,Animalia,Mammalia
Nabarlek (Top End),Endangered,-,-,Yes,-,-,-,-,-,Animalia,Mammalia
Nabarlek (Victoria River District),Critically Endangered,-,-,Yes,-,-,-,-,-,Animalia,Mammalia
Nabarlek (Kimberley),Endangered,-,-,-,-,-,-,-,Yes,Animalia,Mammalia
"Warru, Central Australian Rock-wallaby",Vulnerable,-,-,Yes,-,Yes,-,-,Yes,Animalia,Mammalia
Recherche Rock-wallaby,Vulnerable,-,-,-,-,-,-,-,Yes,Animalia,Mammalia
"Wiliji, West Kimberley Rock-wallaby",Endangered,-,-,-,-,-,-,-,Yes,Animalia,Mammalia
"Black-flanked Rock-wallaby, Moororong, Black-footed Rock Wallaby",Endangered,-,-,-,-,-,-,-,Yes,Animalia,Mammalia
Brush-tailed Rock-wallaby,Vulnerable,Yes,Yes,-,Yes,-,-,Yes,-,Animalia,Mammalia
Proserpine Rock-wallaby,Endangered,-,-,-,Yes,-,-,-,-,Animalia,Mammalia
"Mount Claro Rock Wallaby, Sharman's Rock Wallaby",Vulnerable,-,-,-,Yes,-,-,-,-,Animalia,Mammalia
Yellow-footed Rock-wallaby (central-western Queensland),Vulnerable,-,-,-,Yes,-,-,-,-,Animalia,Mammalia
Yellow-footed Rock-wallaby (SA and NSW),Vulnerable,-,Yes,-,-,Yes,-,-,-,Animalia,Mammalia
"Norfolk Island Robin, Pacific Robin",Vulnerable,-,-,-,-,-,-,-,-,Animalia,Aves
Laterite Petrophile,Endangered,-,-,-,-,-,-,-,Yes,Plantae,Magnoliopsida
-,Vulnerable,-,-,-,-,-,-,-,Yes,Plantae,Magnoliopsida
"Western Ground Parrot, Kyloring",Critically Endangered,-,-,-,-,-,-,-,Yes,Animalia,Aves
Night Parrot,Critically Endangered,-,Yes,Yes,Yes,Yes,-,Yes,Yes,Animalia,Aves
"Christmas Island White-tailed Tropicbird, Golden Bosunbird",Endangered,-,-,-,-,-,-,-,-,Animalia,Aves
"Red-tailed Tropicbird (Indian Ocean), Indian Ocean Red-tailed Tropicbird",Endangered,-,-,-,-,-,-,-,Yes,Animalia,Aves
Lesser Swamp-orchid,Endangered,-,Yes,-,Yes,-,-,-,-,Plantae,Liliopsida
Yellow Swamp-orchid,Endangered,-,-,-,Yes,-,-,-,-,Plantae,Liliopsida
-,Vulnerable,-,-,-,Yes,-,-,-,-,Plantae,Liliopsida
Native Moth Orchid,Endangered,-,-,-,Yes,-,-,-,-,Plantae,Liliopsida
-,Vulnerable,-,-,-,Yes,-,-,-,-,Plantae,Magnoliopsida
"Red-tailed Phascogale, Red-tailed Wambenger, Kenngoor",Vulnerable,-,Yes,Yes,-,Yes,-,Yes,Yes,Animalia,Mammalia
Northern Brush-tailed Phascogale,Vulnerable,-,-,Yes,-,-,-,-,-,Animalia,Mammalia
"Kimberley brush-tailed phascogale, Brush-tailed Phascogale (Kimberley)",Vulnerable,-,-,-,-,-,-,-,Yes,Animalia,Mammalia
"Koala (combined populations of Queensland, New South Wales and the Australian Capital Territory)",Endangered,Yes,Yes,-,Yes,-,-,-,-,Animalia,Mammalia
"Davies' Waxflower, St Helens Waxflower",Critically Endangered,-,-,-,-,-,Yes,-,-,Plantae,Magnoliopsida
Mt Berryman Phebalium,Endangered,-,-,-,Yes,-,-,-,-,Plantae,Magnoliopsida
Rusty Desert Phebalium,Vulnerable,-,Yes,-,Yes,-,-,-,-,Plantae,Magnoliopsida
Lowan Phebalium,Vulnerable,-,-,-,-,Yes,-,Yes,-,Plantae,Magnoliopsida
-,Critically Endangered,-,Yes,-,-,-,-,-,-,Plantae,Magnoliopsida
-,Vulnerable,-,-,-,Yes,-,-,-,-,Plantae,Magnoliopsida
Dwarf Mountain Pine,Critically Endangered,-,Yes,-,-,-,-,-,-,Plantae,Pinatae
Baw Baw Frog,Critically Endangered,-,-,-,-,-,-,Yes,-,Animalia,Amphibia
Mount Ballow Mountain Frog,Endangered,-,Yes,-,Yes,-,-,-,-,Animalia,Amphibia
Mountain Frog,Endangered,-,Yes,-,Yes,-,-,-,-,Animalia,Amphibia
Pugh's Sphagnum Frog,Endangered,-,Yes,-,-,-,-,-,-,Animalia,Amphibia
Richmond Range Sphagnum Frog,Endangered,-,Yes,-,-,-,-,-,-,Animalia,Amphibia
Sphagnum Frog,Vulnerable,-,Yes,-,-,-,-,-,-,Animalia,Amphibia
White-flowered Philotheca,Endangered,-,-,-,-,-,-,-,Yes,Plantae,Magnoliopsida
Sickle-leaved Waxflower,Critically Endangered,-,-,-,-,-,-,-,Yes,Plantae,Magnoliopsida
Freycinet Waxflower,Endangered,-,-,-,-,-,Yes,-,-,Plantae,Magnoliopsida
Mountain Wax-flower,Vulnerable,-,Yes,-,Yes,-,-,-,-,Plantae,Magnoliopsida
-,Vulnerable,-,Yes,-,-,-,-,-,-,Plantae,Magnoliopsida
Wongan Eriostemon,Endangered,-,-,-,-,-,-,-,Yes,Plantae,Magnoliopsida
Keeled Tassel-fern,Endangered,-,-,-,Yes,-,-,-,-,Plantae,Lycopodopiatae
Blue Tassel-fern,Endangered,-,-,-,Yes,-,-,-,-,Plantae,Lycopodopiatae
Rat's Tail Tassel-fern,Endangered,-,-,-,Yes,-,-,-,-,Plantae,Lycopodopiatae
-,Vulnerable,-,-,-,Yes,-,-,-,-,Plantae,Lycopodopiatae
Water Tassel-fern,Vulnerable,-,-,-,Yes,-,-,-,-,Plantae,Lycopodopiatae
"Rock Tassel-fern, Water Tassel-fern",Critically Endangered,-,-,-,Yes,-,-,-,-,Plantae,Lycopodopiatae
Square Tassel Fern,Vulnerable,-,-,-,Yes,-,-,-,-,Plantae,Lycopodopiatae
Sooty Albatross,Vulnerable,-,Yes,-,Yes,Yes,Yes,Yes,Yes,Animalia,Aves
Norfolk Island Phreatia,Critically Endangered,-,-,-,-,-,-,-,-,Plantae,Liliopsida
White Lace Orchid,Endangered,-,-,-,-,-,-,-,-,Plantae,Liliopsida
Pink Underwing Moth,Endangered,-,Yes,-,Yes,-,-,-,-,Animalia,Insecta
Dwarf Phyllota,Vulnerable,-,Yes,-,-,-,-,-,-,Plantae,Magnoliopsida
Ringed Thin-tail Gecko,Endangered,-,-,-,Yes,-,-,-,-,Animalia,Reptilia
Gulbaru Gecko,Critically Endangered,-,-,-,Yes,-,-,-,-,Animalia,Reptilia
Oakview Leaf-tailed Gecko,Critically Endangered,-,-,-,Yes,-,-,-,-,Animalia,Reptilia
Pinnacles Leaf-tailed Gecko,Critically Endangered,-,-,-,Yes,-,-,-,-,Animalia,Reptilia
Hawkweed,Vulnerable,-,Yes,-,Yes,-,-,-,-,Plantae,Magnoliopsida
Bungonia Rice-flower,Endangered,-,Yes,-,-,-,-,-,-,Plantae,Magnoliopsida
-,Critically Endangered,-,Yes,-,-,-,-,-,-,Plantae,Magnoliopsida
-,Critically Endangered,-,Yes,-,-,-,-,-,-,Plantae,Magnoliopsida
-,Vulnerable,-,Yes,-,-,-,-,-,-,Plantae,Magnoliopsida
-,Vulnerable,-,-,-,Yes,-,-,-,-,Plantae,Magnoliopsida
Grampians Rice-flower,Vulnerable,-,-,-,-,-,-,Yes,-,Plantae,Magnoliopsida
Spiked Rice-flower,Endangered,-,Yes,-,-,-,-,-,-,Plantae,Magnoliopsida
Wimmera Rice-flower,Critically Endangered,-,-,-,-,-,-,Yes,-,Plantae,Magnoliopsida
"Plains Rice-flower, Spiny Rice-flower, Prickly Pimelea",Critically Endangered,-,-,-,-,-,-,Yes,-,Plantae,Magnoliopsida
Bolivia Hill Rice-flower,Endangered,-,Yes,-,-,-,-,-,-,Plantae,Magnoliopsida
Christmas Island Pipistrelle,Extinct,-,-,-,-,-,-,-,-,Animalia,Mammalia
Oleander,Vulnerable,-,-,-,-,-,-,-,-,Plantae,Magnoliopsida
Big Banana Pittosporum,Critically Endangered,-,Yes,-,-,-,-,-,-,Plantae,Magnoliopsida
Mt Augustus Foxglove,Vulnerable,-,-,-,-,-,-,-,Yes,Plantae,Magnoliopsida
-,Endangered,-,-,-,-,-,-,-,Yes,Plantae,Magnoliopsida
-,Endangered,-,-,-,-,-,-,-,Yes,Plantae,Magnoliopsida
"Lord Howe Flax Snail, Lord Howe Placostylus",Endangered,-,Yes,-,-,-,-,-,-,Animalia,Gastropoda
Bastard Ironwood,Endangered,-,-,-,-,-,-,-,-,Plantae,Magnoliopsida
"Shiny-leaved Condoo, Black Plum, Wild Apple",Endangered,-,-,-,Yes,-,-,-,-,Plantae,Magnoliopsida
Green Rosella (King Island),Vulnerable,-,-,-,-,-,Yes,-,-,Animalia,Aves
Kangaroo Island Crimson Rosella,Vulnerable,-,-,-,-,Yes,-,-,-,Animalia,Aves
-,Vulnerable,-,-,-,Yes,-,-,-,-,Plantae,Magnoliopsida
-,Endangered,-,-,-,Yes,-,-,-,-,Plantae,Magnoliopsida
-,Vulnerable,-,-,-,Yes,-,-,-,-,Plantae,Magnoliopsida
"Nightcap Plectranthus, Silver Plectranthus",Endangered,-,Yes,-,Yes,-,-,-,-,Plantae,Magnoliopsida
-,Endangered,-,-,-,Yes,-,-,-,-,Plantae,Magnoliopsida
-,Endangered,-,-,-,Yes,-,-,-,-,Plantae,Magnoliopsida
-,Endangered,-,-,-,Yes,-,-,-,-,Plantae,Polypodiatae
Silver Candles,Vulnerable,-,-,-,-,Yes,-,-,-,Plantae,Magnoliopsida
Budawangs Wallaby-grass,Critically Endangered,-,Yes,-,-,-,-,-,-,Plantae,Liliopsida
Grey Plover,Vulnerable,-,Yes,Yes,Yes,Yes,Yes,Yes,Yes,Animalia,Aves
fern,Critically Endangered,-,-,-,-,-,-,-,-,Plantae,Polypodiatae
Salt-lake Tussock-grass,Vulnerable,-,-,-,-,-,-,Yes,-,Plantae,Liliopsida
Southern Black-throated Finch,Endangered,-,Yes,-,Yes,-,-,-,-,Animalia,Aves
-,Vulnerable,-,-,-,Yes,-,-,-,-,Plantae,Magnoliopsida
Middle Filmy Fern,Endangered,-,-,-,Yes,-,-,-,-,Plantae,Polypodiatae
-,Vulnerable,-,-,-,Yes,-,-,-,-,Plantae,Magnoliopsida
Rock Shield Fern,Endangered,-,Yes,-,-,-,-,-,-,Plantae,Polypodiatae
"Princess Parrot, Alexandra's Parrot",Vulnerable,-,-,Yes,-,Yes,-,-,Yes,Animalia,Aves
Regent Parrot (eastern),Vulnerable,-,Yes,-,-,Yes,-,Yes,-,Animalia,Aves
Superb Parrot,Vulnerable,Yes,Yes,-,-,-,-,Yes,-,Animalia,Aves
"Rufous Pomaderris, Brown Pomaderris",Vulnerable,-,Yes,-,-,-,-,Yes,-,Plantae,Magnoliopsida
-,Vulnerable,-,-,-,Yes,-,-,-,-,Plantae,Magnoliopsida
-,Endangered,-,Yes,-,-,-,-,-,-,Plantae,Magnoliopsida
Cotoneaster Pomaderris,Endangered,-,Yes,-,-,-,-,Yes,-,Plantae,Magnoliopsida
-,Critically Endangered,-,Yes,-,-,-,-,-,-,Plantae,Magnoliopsida
Grey Deua Pomaderris,Critically Endangered,-,Yes,-,-,-,-,-,-,Plantae,Magnoliopsida
-,Endangered,-,Yes,-,-,-,-,-,-,Plantae,Magnoliopsida
Kangaroo Island Pomaderris,Vulnerable,-,-,-,-,Yes,-,-,-,Plantae,Magnoliopsida
Pale Pomaderris,Vulnerable,Yes,Yes,-,-,-,-,-,-,Plantae,Magnoliopsida
Parris' Pomaderris,Vulnerable,-,Yes,-,-,-,-,-,-,Plantae,Magnoliopsida
Moleskin Dogwood,Vulnerable,-,-,-,-,-,Yes,-,-,Plantae,Magnoliopsida
Denman Pomaderris,Critically Endangered,-,Yes,-,-,-,-,-,-,Plantae,Magnoliopsida
Bent Pomaderris,Critically Endangered,-,Yes,-,-,-,-,Yes,-,Plantae,Magnoliopsida
Concave Pomaderris,Vulnerable,-,-,-,-,-,-,Yes,-,Plantae,Magnoliopsida
Round-leaf Pomaderris,Critically Endangered,-,-,-,-,-,-,Yes,-,Plantae,Magnoliopsida
Carrington Falls Pomaderris,Critically Endangered,-,Yes,-,-,-,-,-,-,Plantae,Magnoliopsida
Dural Land Snail,Endangered,-,Yes,-,-,-,-,-,-,Animalia,Gastropoda
Mountain Poranthera,Vulnerable,-,-,-,-,-,Yes,-,-,Plantae,Magnoliopsida
White Gallinule,Extinct,-,Yes,-,-,-,-,-,-,Animalia,Aves
"Gilbert's Potoroo, Ngilkat",Critically Endangered,-,-,-,-,-,-,-,Yes,Animalia,Mammalia
Long-footed Potoroo,Endangered,-,Yes,-,-,-,-,Yes,-,Animalia,Mammalia
"Broad-faced Potoroo, Moda",Extinct,-,-,-,-,-,-,-,Yes,Animalia,Mammalia
Long-nosed Potoroo (northern),Vulnerable,-,Yes,-,Yes,-,-,-,-,Animalia,Mammalia
Long-nosed Potoroo (southern mainland),Vulnerable,-,Yes,-,-,Yes,-,Yes,-,Animalia,Mammalia
Jervis Bay Leek Orchid,Endangered,-,Yes,-,-,-,-,-,-,Plantae,Liliopsida
Dainty Leek-orchid,Endangered,-,-,-,-,-,Yes,-,-,Plantae,Liliopsida
Tapered Leek-orchid,Endangered,-,-,-,-,-,Yes,-,-,Plantae,Liliopsida
Three Hummock Leek-orchid,Critically Endangered,-,-,-,-,-,Yes,-,-,Plantae,Liliopsida
Bago Leek-orchid,Critically Endangered,-,Yes,-,-,-,-,-,-,Plantae,Liliopsida
Chestnut Leek-orchid,Critically Endangered,-,-,-,-,-,Yes,-,-,Plantae,Liliopsida
Lilac Leek-orchid,Vulnerable,-,-,-,-,-,-,Yes,-,Plantae,Liliopsida
Gaping Leek-orchid,Endangered,-,-,-,-,-,-,Yes,-,Plantae,Liliopsida
Crowded Leek-Orchid,Endangered,-,-,-,-,-,Yes,-,-,Plantae,Liliopsida
Gorae Leek-orchid,Endangered,-,-,-,-,-,-,Yes,-,Plantae,Liliopsida
Western Leek-orchid,Critically Endangered,-,-,-,-,-,Yes,-,-,Plantae,Liliopsida
"Maroon Leek-orchid, Slaty Leek-orchid, Stout Leek-orchid, French's Leek-orchid, Swamp Leek-orchid",Endangered,-,-,-,-,Yes,-,Yes,-,Plantae,Liliopsida
"Tawny Leek-orchid, Slaty Leek-orchid",Vulnerable,-,Yes,-,-,-,-,-,-,Plantae,Liliopsida
Goldsack's Leek-orchid,Endangered,-,-,-,-,Yes,-,-,-,Plantae,Liliopsida
Golfers Leek-orchid,Critically Endangered,-,-,-,-,-,Yes,-,-,Plantae,Liliopsida
Brandy Marys Leek-orchid,Critically Endangered,-,Yes,-,-,-,-,-,-,Plantae,Liliopsida
Kelton's Leek-orchid,Critically Endangered,-,Yes,-,-,-,-,-,-,Plantae,Liliopsida
Lax Leek Orchid,Critically Endangered,-,-,-,-,Yes,-,-,-,Plantae,Liliopsida
Marsh Leek-orchid,Critically Endangered,-,-,-,-,-,Yes,-,-,Plantae,Liliopsida
Coastal Leek Orchid,Critically Endangered,-,-,-,-,Yes,-,Yes,-,Plantae,Liliopsida
Milford Leek-orchid,Critically Endangered,-,-,-,-,-,Yes,-,-,Plantae,Liliopsida
"Mignonette Leek-orchid, Cobungra Leek-orchid, Dense Leek-orchid",Vulnerable,-,Yes,-,-,-,-,Yes,-,Plantae,Liliopsida
Fleurieu Leek Orchid,Critically Endangered,-,-,-,-,Yes,-,-,-,Plantae,Liliopsida
Pungent Leek-orchid,Critically Endangered,-,-,-,-,-,Yes,-,-,Plantae,Liliopsida
Pale Leek-orchid,Vulnerable,-,-,-,-,Yes,-,Yes,-,Plantae,Liliopsida
Knocklofty Leek-orchid,Critically Endangered,-,-,-,-,-,Yes,-,-,Plantae,Liliopsida
Tarengo Leek Orchid,Endangered,Yes,Yes,-,-,-,-,-,-,Plantae,Liliopsida
Plum Leek-orchid,Endangered,-,-,-,-,Yes,-,-,-,Plantae,Liliopsida
Pretty Leek-orchid,Critically Endangered,-,-,-,-,-,Yes,-,-,Plantae,Liliopsida
Robust Leek-orchid,Critically Endangered,-,-,-,-,-,Yes,-,-,Plantae,Liliopsida
Northern Leek-orchid,Endangered,-,-,-,-,-,Yes,-,-,Plantae,Liliopsida
a leek-orchid,Critically Endangered,-,Yes,-,-,-,-,-,-,Plantae,Liliopsida
Dense Leek-orchid,Vulnerable,-,-,-,-,Yes,-,Yes,-,Plantae,Liliopsida
Ben Lomond Leek-orchid,Critically Endangered,-,-,-,-,-,Yes,-,-,Plantae,Liliopsida
Fragrant Leek-orchid,Endangered,-,-,-,-,-,-,Yes,-,Plantae,Liliopsida
Pomonal Leek-orchid,Endangered,-,-,-,-,-,-,Yes,-,Plantae,Liliopsida
Graveside Leek-orchid,Critically Endangered,-,-,-,-,-,Yes,-,-,Plantae,Liliopsida
Tunbridge Leek-orchid,Endangered,-,-,-,-,-,Yes,-,-,Plantae,Liliopsida
Shelley Leek Orchid,Critically Endangered,-,-,-,-,-,-,Yes,-,Plantae,Liliopsida
"Sturdy Leek-orchid, Mount Remarkable Leek-orchid",Vulnerable,-,-,-,-,Yes,-,Yes,-,Plantae,Liliopsida
Wallum Leek-orchid,Vulnerable,-,-,-,Yes,-,-,-,-,Plantae,Liliopsida
"Dwarf Sawfish, Queensland Sawfish",Vulnerable,-,-,Yes,Yes,-,-,-,Yes,Animalia,Chondrichthyes
"Largetooth Sawfish, Freshwater Sawfish, River Sawfish, Leichhardt's Sawfish, Northern Sawfish",Endangered,-,-,Yes,Yes,-,-,-,Yes,Animalia,Chondrichthyes
"Green Sawfish, Dindagubba, Narrowsnout Sawfish",Vulnerable,-,Yes,Yes,Yes,-,-,-,Yes,Animalia,Chondrichthyes
Palm Cockatoo (Australian),Vulnerable,-,-,-,Yes,-,-,-,-,Animalia,Aves
a beetle,Critically Endangered,-,Yes,-,-,-,-,-,-,Animalia,Insecta
-,Critically Endangered,-,-,-,Yes,-,-,-,-,Plantae,Magnoliopsida
"Tranquillity Mintbush, Tranquility Mintbush",Endangered,-,Yes,-,-,-,-,-,-,Plantae,Magnoliopsida
"West Coast Mintbush, Limestone Mintbush, Red Mintbush",Vulnerable,-,-,-,-,Yes,-,-,-,Plantae,Magnoliopsida
-,Vulnerable,-,Yes,-,-,-,-,-,-,Plantae,Magnoliopsida
-,Critically Endangered,-,-,-,Yes,-,-,-,-,Plantae,Magnoliopsida
Wollemi Mint-bush,Vulnerable,-,Yes,-,-,-,-,-,-,Plantae,Magnoliopsida
Villous Mintbush,Vulnerable,-,Yes,-,-,-,-,-,-,Plantae,Magnoliopsida
-,Vulnerable,-,Yes,-,-,-,-,-,-,Plantae,Magnoliopsida
Monarto Mintbush,Endangered,-,-,-,-,Yes,-,-,-,Plantae,Magnoliopsida
Wellington Mintbush,Vulnerable,-,-,-,-,-,-,Yes,-,Plantae,Magnoliopsida
-,Critically Endangered,-,Yes,-,-,-,-,-,-,Plantae,Magnoliopsida
Somersby Mintbush,Endangered,-,Yes,-,-,-,-,-,-,Plantae,Magnoliopsida
Seaforth Mintbush,Critically Endangered,-,Yes,-,-,-,-,-,-,Plantae,Magnoliopsida
Mount Illbilie Mintbush,Vulnerable,-,-,-,-,Yes,-,-,-,Plantae,Magnoliopsida
Swamp Mint-bush,Critically Endangered,-,Yes,-,-,-,-,-,-,Plantae,Magnoliopsida
-,Vulnerable,-,-,Yes,-,-,-,-,-,Plantae,Magnoliopsida
-,Vulnerable,-,-,-,Yes,-,-,-,-,Plantae,Magnoliopsida
-,Critically Endangered,-,Yes,-,-,-,-,-,-,Plantae,Magnoliopsida
-,Vulnerable,-,-,-,Yes,-,-,-,-,Plantae,Magnoliopsida
a mint-bush,Critically Endangered,-,Yes,-,-,-,-,-,-,Plantae,Magnoliopsida
Mount Vincent Mintbush,Vulnerable,-,Yes,-,-,-,-,-,-,Plantae,Magnoliopsida
-,Endangered,-,Yes,-,-,-,-,-,-,Plantae,Magnoliopsida
Australian Grayling,Vulnerable,-,Yes,-,-,Yes,Yes,Yes,-,Animalia,Actinopterygii
"Golden-shouldered Parrot, Alwal, Thaku, Arrmorral, Minpin",Endangered,-,-,-,Yes,-,-,-,-,Animalia,Aves
Paradise Parrot,Extinct,-,Yes,-,Yes,-,-,-,-,Animalia,Aves
"Alpine Bog Skink, Alpine Bog-skink",Endangered,-,Yes,-,-,-,-,Yes,-,Animalia,Reptilia
"Glossy Grass Skink, Swampland Cool-skink, Rawlinson's Window-eyed Skink",Vulnerable,Yes,Yes,-,-,Yes,Yes,Yes,-,Animalia,Reptilia
Western Swamp Tortoise,Critically Endangered,-,-,-,-,-,-,-,Yes,Animalia,Reptilia
Alpine Leafy Liverwort,Vulnerable,-,-,-,-,-,Yes,Yes,-,Plantae,Bryopsida
Mount Lidgbird Charopid Land Snail,Critically Endangered,-,Yes,-,-,-,-,-,-,Animalia,Gastropoda
Whitelegge's Land Snail,Critically Endangered,-,Yes,-,-,-,-,-,-,Animalia,Gastropoda
"Western Ringtail Possum, Ngwayir, Womp, Woder, Ngoor, Ngoolangit",Critically Endangered,-,-,-,-,-,-,-,Yes,Animalia,Mammalia
Banksia montana mealybug,Critically Endangered,-,-,-,-,-,-,-,Yes,Animalia,Insecta
"Honey Blue Eye, Honey Blue-eye",Endangered,-,-,-,Yes,-,-,-,-,Animalia,Actinopterygii
Long-eared Mouse,Extinct,-,-,-,-,Yes,-,Yes,-,Animalia,Mammalia
"Plains Rat, Palyoora, Plains Mouse",Vulnerable,-,Yes,Yes,Yes,Yes,-,-,Yes,Animalia,Mammalia
"Shark Bay Mouse, Djoongari, Alice Springs Mouse",Vulnerable,-,-,Yes,-,Yes,-,-,Yes,Animalia,Mammalia
"Smoky Mouse, Konoom",Endangered,Yes,Yes,-,-,Yes,-,Yes,-,Animalia,Mammalia
Blue-grey Mouse,Extinct,-,Yes,-,Yes,-,-,-,-,Animalia,Mammalia
"Gould's Mouse, Koontin",Extinct,-,Yes,-,Yes,Yes,-,Yes,Yes,Animalia,Mammalia
"New Holland Mouse, Pookila",Vulnerable,Yes,Yes,-,Yes,-,Yes,Yes,-,Animalia,Mammalia
"Hastings River Mouse, Koontoo",Endangered,-,Yes,-,Yes,-,-,-,-,Animalia,Mammalia
"Pilliga Mouse, Poolkoo",Vulnerable,-,Yes,-,-,-,-,-,-,Animalia,Mammalia
"Heath Mouse, Dayang, Heath Rat",Endangered,-,-,-,-,Yes,-,Yes,Yes,Animalia,Mammalia
Southern Corroboree Frog,Critically Endangered,-,Yes,-,-,-,-,-,-,Animalia,Amphibia
Magnificent Brood Frog,Vulnerable,-,-,-,Yes,-,-,-,-,Animalia,Amphibia
Northern Corroboree Frog,Critically Endangered,Yes,Yes,-,-,-,-,-,-,Animalia,Amphibia
Mallee Whipbird,Endangered,-,-,-,-,Yes,-,Yes,-,Animalia,Aves
Western Whipbird (Kangaroo Island),Endangered,-,-,-,-,Yes,-,-,-,Animalia,Aves
Western Heath Whipbird,Endangered,-,-,-,-,-,-,-,Yes,Animalia,Aves
King's Brakefern,Endangered,-,-,-,-,-,-,-,-,Plantae,Polypodiatae
Netted Brakefern,Endangered,-,-,-,-,-,-,-,-,Plantae,Polypodiatae
Herald Petrel,Critically Endangered,-,-,-,Yes,-,-,-,-,Animalia,Aves
"Gould's Petrel, Australian Gould's Petrel",Endangered,-,Yes,-,Yes,Yes,Yes,Yes,-,Animalia,Aves
Soft-plumaged Petrel,Vulnerable,-,-,-,-,Yes,Yes,Yes,Yes,Animalia,Aves
Kermadec Petrel (western),Vulnerable,-,Yes,-,Yes,-,-,-,-,Animalia,Aves
"Percy Island Flying-fox, Dusky Fruit Bat",Extinct,-,-,-,Yes,-,-,-,-,Animalia,Mammalia
Spectacled Flying-fox,Endangered,-,-,-,Yes,-,-,-,-,Animalia,Mammalia
"Christmas Island Flying-fox, Christmas Island Fruit-bat",Critically Endangered,-,-,-,-,-,-,-,-,Animalia,Mammalia
Grey-headed Flying-fox,Vulnerable,Yes,Yes,-,Yes,Yes,-,Yes,-,Animalia,Mammalia
Sandhill Greenhood Orchid,Vulnerable,-,-,-,-,Yes,-,-,-,Plantae,Liliopsida
Basalt Greenhood,Endangered,-,-,-,-,-,-,Yes,-,Plantae,Liliopsida
-,Vulnerable,-,Yes,-,Yes,-,-,-,-,Plantae,Liliopsida
Hindmarsh Valley Greenhood,Critically Endangered,-,-,-,-,Yes,-,-,-,Plantae,Liliopsida
Floodplain Rustyhood,Vulnerable,-,-,-,-,-,-,Yes,-,Plantae,Liliopsida
Green-striped Greenhood,Vulnerable,-,-,-,-,Yes,-,Yes,-,Plantae,Liliopsida
Midland Greenhood,Critically Endangered,-,-,-,-,-,Yes,-,-,Plantae,Liliopsida
Leafy Greenhood,Vulnerable,-,-,-,-,Yes,Yes,Yes,-,Plantae,Liliopsida
Lowly Greenhood,Endangered,-,Yes,-,-,Yes,-,Yes,-,Plantae,Liliopsida
"Illawarra Greenhood, Rufa Greenhood, Pouched Greenhood",Endangered,-,Yes,-,-,-,-,-,-,Plantae,Liliopsida
Halbury Greenhood,Endangered,-,-,-,-,Yes,-,-,-,Plantae,Liliopsida
Metcalfe's Greenhood,Endangered,-,Yes,-,-,-,-,-,-,Plantae,Liliopsida
Nodding Rufoushood,Vulnerable,-,-,-,-,Yes,-,-,-,Plantae,Liliopsida
"Blue-tongued Orchid, Kiandra Greenhood",Critically Endangered,Yes,Yes,-,-,-,-,Yes,-,Plantae,Liliopsida
Liawenee Greenhood,Vulnerable,-,-,-,-,-,Yes,-,-,Plantae,Liliopsida
Two-bristle Greenhood,Critically Endangered,-,-,-,-,Yes,-,-,-,Plantae,Liliopsida
Pretty Greenhood,Vulnerable,-,Yes,-,-,-,-,-,-,Plantae,Liliopsida
Arthur River Greenhood,Endangered,-,-,-,-,-,Yes,-,-,Plantae,Liliopsida
Sydney Plains Greenhood,Endangered,-,Yes,-,-,-,-,-,-,Plantae,Liliopsida
"Northampton Midget Greenhood, Western Swan Greenhood",Endangered,-,-,-,-,-,-,-,Yes,Plantae,Liliopsida
"Botany Bay Bearded Greenhood, Botany Bay Bearded Orchid",Endangered,-,Yes,-,-,-,-,-,-,Plantae,Liliopsida
Hale Dwarf Greenhood,Endangered,-,-,-,-,Yes,-,-,-,Plantae,Liliopsida
"Swamp Greenhood, Dainty Swamp Orchid",Vulnerable,-,-,-,-,Yes,-,Yes,-,Plantae,Liliopsida
Robust Greenhood,Critically Endangered,-,-,-,-,-,-,Yes,-,Plantae,Liliopsida
Halbury Rustyhood,Critically Endangered,-,Yes,-,-,-,-,-,-,Plantae,Liliopsida
Fleshy Greenhood,Critically Endangered,-,-,-,-,-,Yes,-,-,Plantae,Liliopsida
Enigmatic Greenhood,Endangered,-,-,-,-,-,-,Yes,-,Plantae,Liliopsida
Desert Greenhood,Vulnerable,-,-,-,-,Yes,-,Yes,-,Plantae,Liliopsida
"Grassland Greenhood, Cape Portland Greenhood",Vulnerable,-,-,-,-,-,Yes,-,-,Plantae,Liliopsida
Ironstone Mulla Mulla,Vulnerable,-,-,-,-,Yes,-,-,-,Plantae,Magnoliopsida
-,Endangered,-,-,-,Yes,-,-,-,-,Plantae,Magnoliopsida
Pyramid Mulla-mulla,Critically Endangered,-,-,-,-,-,-,-,Yes,Plantae,Magnoliopsida
-,Endangered,-,-,-,Yes,-,-,-,-,Plantae,Magnoliopsida
Dwarf Pea,Vulnerable,-,-,-,-,-,-,-,Yes,Plantae,Magnoliopsida
-,Endangered,-,Yes,-,-,-,-,-,-,Plantae,Magnoliopsida
-,Vulnerable,-,Yes,-,-,-,-,-,-,Plantae,Magnoliopsida
Budawangs Bush-pea,Endangered,-,Yes,-,-,-,-,-,-,Plantae,Magnoliopsida
Elusive Bush-pea,Endangered,-,Yes,-,-,-,-,-,-,Plantae,Magnoliopsida
"Smooth Bush-pea, Swamp Bush-pea",Vulnerable,-,Yes,-,-,-,-,-,-,Plantae,Magnoliopsida
Beyeria Bush-pea,Critically Endangered,-,-,-,-,Yes,-,-,-,Plantae,Magnoliopsida
Maiden's Bush-pea,Extinct,-,-,-,-,-,-,Yes,-,Plantae,Magnoliopsida
-,Vulnerable,-,Yes,-,-,-,-,Yes,-,Plantae,Magnoliopsida
-,Vulnerable,-,Yes,-,-,-,-,-,-,Plantae,Magnoliopsida
Narrogin Pea,Vulnerable,-,-,-,-,-,-,-,Yes,Plantae,Magnoliopsida
-,Vulnerable,-,-,-,Yes,-,-,-,-,Plantae,Magnoliopsida
"Genowlan Point Pultenaea, Genowlan Pultenaea",Critically Endangered,-,Yes,-,-,-,-,-,-,Plantae,Magnoliopsida
Tufted Bush-pea,Endangered,-,-,-,-,Yes,-,-,-,Plantae,Magnoliopsida
"Yellow Bush-pea, Splendid Bush-pea",Vulnerable,-,-,-,-,Yes,-,-,-,Plantae,Magnoliopsida
Williamsons Bush-pea,Vulnerable,-,-,-,-,-,-,Yes,-,Plantae,Magnoliopsida
Pilotbird,Vulnerable,Yes,Yes,-,-,-,-,Yes,-,Animalia,Aves
Stoddart's Helicarionid Land Snail,Critically Endangered,-,-,-,-,-,-,-,-,Animalia,Gastropoda
"Christmas Island Blind Snake, Christmas Island Pink Blind Snake",Vulnerable,-,-,-,-,-,-,-,-,Animalia,Reptilia
Spiny Gardenia,Endangered,-,Yes,-,Yes,-,-,-,-,Plantae,Magnoliopsida
Anemone Buttercup,Vulnerable,-,Yes,-,-,-,-,-,-,Plantae,Magnoliopsida
"Midlands Buttercup, Tunbridge Buttercup",Endangered,-,-,-,-,-,Yes,-,-,Plantae,Magnoliopsida
"Maclear's Rat, Christmas Island Rat",Extinct,-,-,-,-,-,-,-,-,Animalia,Mammalia
"Bulldog Rat, Christmas Island Burrowing Rat",Extinct,-,-,-,-,-,-,-,-,Animalia,Mammalia
Reedia,Critically Endangered,-,-,-,-,-,-,-,Yes,Plantae,Liliopsida
Eastern Gemfish,Conservation Dependent,-,Yes,-,Yes,-,Yes,-,-,Animalia,Actinopterygii
Wongan Rhagodia,Vulnerable,-,-,-,-,-,-,-,Yes,Plantae,Magnoliopsida
-,Vulnerable,-,Yes,-,Yes,-,-,-,-,Plantae,Magnoliopsida
"Austral Cornflower, Native Thistle",Vulnerable,-,Yes,-,Yes,-,-,Yes,-,Plantae,Magnoliopsida
Southern Gastric-brooding Frog,Extinct,-,-,-,Yes,-,-,-,-,Animalia,Amphibia
"Northern Gastric-brooding Frog, Eungella Gastric-brooding Frog",Extinct,-,-,-,Yes,-,-,-,-,Animalia,Amphibia
"Fitzroy River Turtle, Fitzroy Tortoise, Fitzroy Turtle, White-eyed River Diver",Endangered,-,-,-,Yes,-,-,-,-,Animalia,Reptilia
Whale Shark,Vulnerable,-,Yes,Yes,Yes,-,Yes,Yes,Yes,Animalia,Chondrichthyes
-,Vulnerable,-,-,-,Yes,-,-,-,-,Plantae,Liliopsida
"Large-eared Horseshoe Bat, Greater Large-eared Horseshoe Bat, Lesser Large-eared Horseshoe Bat",Vulnerable,-,-,-,Yes,-,-,-,-,Animalia,Mammalia
Pilbara Leaf-nosed Bat,Vulnerable,-,-,-,-,-,-,-,Yes,Animalia,Mammalia
"Lord Howe Grey Fantail, Grey Fantail (Lord Howe Island)",Extinct,-,Yes,-,-,-,-,-,-,Animalia,Aves
"Western Underground Orchid, Underground Orchid",Critically Endangered,-,-,-,-,-,-,-,Yes,Plantae,Liliopsida
South Coast Underground Orchid,Critically Endangered,-,-,-,-,-,-,-,Yes,Plantae,Liliopsida
Eastern Underground Orchid,Endangered,-,Yes,-,-,-,-,-,-,Plantae,Liliopsida
Narrow-leaved Malletwood,Critically Endangered,-,-,-,Yes,-,-,-,-,Plantae,Magnoliopsida
-,Critically Endangered,-,-,-,Yes,-,-,-,-,Plantae,Magnoliopsida
Smooth Scrub Turpentine,Critically Endangered,-,Yes,-,Yes,-,-,-,-,Plantae,Magnoliopsida
"Scrub Turpentine, Brown Malletwood",Critically Endangered,-,Yes,-,Yes,-,-,-,-,Plantae,Magnoliopsida
Iron Malletwood,Endangered,-,-,-,Yes,-,-,-,-,Plantae,Magnoliopsida
White Malletwood,Endangered,-,-,-,Yes,-,-,-,-,Plantae,Magnoliopsida
Native Guava,Critically Endangered,-,Yes,-,Yes,-,-,-,-,Plantae,Magnoliopsida
-,Endangered,-,-,-,-,-,-,-,Yes,Plantae,Magnoliopsida
Glory of the Centre,Vulnerable,-,-,Yes,-,-,-,-,-,Plantae,Magnoliopsida
Barrens Wedding Bush,Endangered,-,-,-,-,-,-,-,Yes,Plantae,Magnoliopsida
Mount Donna Buang Wingless Stonefly,Critically Endangered,-,-,-,-,-,-,Yes,-,Animalia,Insecta
-,Vulnerable,-,-,-,Yes,-,-,-,-,Plantae,Magnoliopsida
-,Vulnerable,-,-,-,Yes,-,-,-,-,Plantae,Liliopsida
Australian Painted Snipe,Endangered,Yes,Yes,Yes,Yes,Yes,-,Yes,Yes,Animalia,Aves
Saltmat,Endangered,-,-,-,-,-,-,-,Yes,Plantae,Magnoliopsida
Heath Wrinklewort,Vulnerable,-,Yes,-,-,-,-,-,-,Plantae,Magnoliopsida
Monaro Golden Daisy,Vulnerable,-,Yes,-,-,-,-,-,-,Plantae,Magnoliopsida
Button Wrinklewort,Endangered,Yes,Yes,-,-,-,-,Yes,-,Plantae,Magnoliopsida
Feldmark Grass,Vulnerable,-,Yes,-,-,-,-,-,-,Plantae,Liliopsida
"Bare-rumped Sheath-tailed Bat, Bare-rumped Sheathtail Bat",Vulnerable,-,-,Yes,Yes,-,-,-,Yes,Animalia,Mammalia
Tasmanian Pearlwort,Endangered,-,-,-,-,-,Yes,-,-,Plantae,Magnoliopsida
Cape Melville Leaf-tail Gecko,Critically Endangered,-,-,-,Yes,-,-,-,-,Animalia,Reptilia
Kate's Leaf-tail Gecko,Endangered,-,Yes,-,-,-,-,-,-,Animalia,Reptilia
"New England Leaf-tailed Gecko, Moritz's Leaf-tailed Gecko",Endangered,-,Yes,-,-,-,-,-,-,Animalia,Reptilia
Granite Leaf-tailed Gecko,Endangered,-,Yes,-,Yes,-,-,-,-,Animalia,Reptilia
Quassia,Vulnerable,-,-,-,Yes,-,-,-,-,Plantae,Magnoliopsida
-,Endangered,-,Yes,-,-,-,-,-,-,Plantae,Magnoliopsida
-,Endangered,-,-,-,Yes,-,-,-,-,Plantae,Magnoliopsida
Fern-leaf Baeckea,Vulnerable,-,-,-,-,-,-,Yes,-,Plantae,Magnoliopsida
a shrub,Vulnerable,-,-,-,Yes,-,-,-,-,Plantae,Magnoliopsida
-,Critically Endangered,-,Yes,-,-,-,-,-,-,Plantae,Magnoliopsida
Ravine Orchid,Vulnerable,-,Yes,-,Yes,-,-,-,-,Plantae,Liliopsida
"Waxy Sarcochilus, Blue Knob Orchid",Vulnerable,-,Yes,-,Yes,-,-,-,-,Plantae,Liliopsida
-,Vulnerable,-,-,-,Yes,-,-,-,-,Plantae,Liliopsida
"Blotched Sarcochilus, Weinthals Sarcanth",Vulnerable,-,Yes,-,Yes,-,-,-,-,Plantae,Liliopsida
Tasmanian Devil,Endangered,-,-,-,-,-,Yes,-,-,Animalia,Mammalia
Large-flowered Scaevola,Critically Endangered,-,-,-,-,-,-,-,Yes,Plantae,Magnoliopsida
"Redfin Blue Eye, Redfin Blue-eye",Endangered,-,-,-,Yes,-,-,-,-,Animalia,Actinopterygii
Mingenew Everlasting,Endangered,-,-,-,-,-,-,-,Yes,Plantae,Magnoliopsida
-,Vulnerable,-,-,-,Yes,-,-,-,-,Plantae,Magnoliopsida
Turnip Copperburr,Endangered,-,Yes,-,-,-,-,Yes,-,Plantae,Magnoliopsida
-,Vulnerable,-,-,-,Yes,-,-,-,-,Plantae,Magnoliopsida
Tallebudgera spikemoss,Vulnerable,-,Yes,-,Yes,-,-,-,-,Plantae,Lycopodopiatae
a land snail,Endangered,-,-,Yes,-,-,-,-,-,Animalia,Gastropoda
a daisy,Vulnerable,-,-,-,-,-,-,-,-,Plantae,Magnoliopsida
"Stiff Groundsel, Behr's Groundsel",Endangered,-,Yes,-,-,Yes,-,Yes,-,Plantae,Magnoliopsida
a daisy,Endangered,-,-,-,-,-,-,-,-,Plantae,Magnoliopsida
Grey Groundsel,Extinct,-,Yes,-,-,Yes,Yes,Yes,-,Plantae,Magnoliopsida
a daisy,Vulnerable,-,-,-,-,-,-,-,-,Plantae,Magnoliopsida
"Large-fruit Fireweed, Large-fruit Groundsel",Vulnerable,-,Yes,-,-,Yes,Yes,Yes,-,Plantae,Magnoliopsida
Superb Groundsel,Vulnerable,-,-,-,-,Yes,-,-,-,Plantae,Magnoliopsida
"Swamp Fireweed, Smooth-fruited Groundsel",Vulnerable,-,-,-,-,Yes,Yes,Yes,-,Plantae,Magnoliopsida
Fringed Fire-bush,Critically Endangered,-,-,-,-,-,-,-,Yes,Plantae,Magnoliopsida
Blue Warehou,Conservation Dependent,-,Yes,-,Yes,Yes,Yes,Yes,Yes,Animalia,Actinopterygii
Quokka,Vulnerable,-,-,-,-,-,-,-,Yes,Animalia,Mammalia
Bednall's Land Snail,Endangered,-,-,Yes,-,-,-,-,-,Animalia,Gastropoda
Butler's Dunnart,Vulnerable,-,-,Yes,-,-,-,-,Yes,Animalia,Mammalia
Julia Creek Dunnart,Vulnerable,-,-,-,Yes,-,-,-,-,Animalia,Mammalia
Kangaroo Island Dunnart,Endangered,-,-,-,-,Yes,-,-,-,Animalia,Mammalia
Sandhill Dunnart,Endangered,-,-,Yes,-,Yes,-,-,Yes,Animalia,Mammalia
Bridal Flower,Extinct,-,Yes,-,-,-,-,-,-,Plantae,Magnoliopsida
-,Endangered,-,-,-,Yes,-,-,-,-,Plantae,Magnoliopsida
-,Vulnerable,-,-,-,Yes,-,-,-,-,Plantae,Magnoliopsida
Granite Nightshade,Endangered,-,-,-,Yes,-,-,-,-,Plantae,Magnoliopsida
-,Endangered,-,-,-,Yes,-,-,-,-,Plantae,Magnoliopsida
Menindee Nightshade,Vulnerable,-,Yes,-,-,Yes,-,Yes,-,Plantae,Magnoliopsida
Capella Potato Bush,Critically Endangered,-,-,-,Yes,-,-,-,-,Plantae,Magnoliopsida
-,Endangered,-,Yes,-,-,-,-,-,-,Plantae,Magnoliopsida
-,Vulnerable,-,Yes,-,Yes,-,-,-,-,Plantae,Magnoliopsida
Australian Humpback Dolphin,Vulnerable,-,Yes,Yes,Yes,-,-,-,Yes,Animalia,Mammalia
Grampians Globe-pea,Critically Endangered,-,-,-,-,-,-,Yes,-,Plantae,Magnoliopsida
Mountain Paper-heath,Endangered,-,-,-,-,-,-,-,Yes,Plantae,Magnoliopsida
Scalloped Hammerhead,Conservation Dependent,-,Yes,Yes,Yes,-,-,Yes,Yes,Animalia,Chondrichthyes
Sunset Frog,Vulnerable,-,-,-,-,-,-,-,Yes,Animalia,Amphibia
Spiral Bush,Endangered,-,-,-,-,-,-,-,Yes,Plantae,Magnoliopsida
a grass,Endangered,-,-,-,Yes,-,-,-,-,Plantae,Liliopsida
Tiny Spyridium,Endangered,-,Yes,-,-,-,-,Yes,-,Plantae,Magnoliopsida
Butterfly Spyridium,Vulnerable,-,-,-,-,Yes,-,-,-,Plantae,Magnoliopsida
MacGillivray Spyridium,Vulnerable,-,-,-,-,Yes,-,-,-,Plantae,Magnoliopsida
Woods Well Spyridium,Critically Endangered,-,-,-,-,Yes,-,-,-,Plantae,Magnoliopsida
Forked Spyridium,Endangered,-,-,-,-,-,-,Yes,-,Plantae,Magnoliopsida
Small-leaf Spyridium,Endangered,-,-,-,-,-,Yes,-,-,Plantae,Magnoliopsida
Creeping Dusty Miller,Vulnerable,-,-,-,-,-,Yes,-,-,Plantae,Magnoliopsida
Three-flowered Stachystemon,Vulnerable,-,-,-,-,-,-,-,Yes,Plantae,Magnoliopsida
"Annual Stackhousia, Annual Candles",Vulnerable,-,-,-,-,Yes,-,Yes,-,Plantae,Magnoliopsida
"Western Beautiful Firetail, Beautiful Firetail (Mt Lofty Range and Kangaroo Island)",Endangered,-,-,-,-,Yes,-,-,-,Animalia,Aves
Diamond Firetail,Vulnerable,Yes,Yes,-,Yes,Yes,-,Yes,-,Animalia,Aves
"Spreading Stenanthemum, Propellor Plant",Vulnerable,-,-,-,-,-,Yes,-,-,Plantae,Magnoliopsida
"New Zealand Antarctic Tern, Antarctic Tern (New Zealand)",Endangered,-,-,-,-,-,Yes,-,-,Animalia,Aves
Antarctic Tern (Indian Ocean),Vulnerable,-,-,-,-,-,-,-,-,Animalia,Aves
Little Tern,Vulnerable,-,Yes,Yes,Yes,Yes,Yes,Yes,Yes,Animalia,Aves
Australian Fairy Tern,Vulnerable,-,Yes,-,-,Yes,Yes,Yes,Yes,Animalia,Aves
Opal Cling Goby,Critically Endangered,-,-,-,Yes,-,-,-,-,Animalia,Actinopterygii
Kangaroo Island Southern Emu-wren,Endangered,-,-,-,-,Yes,-,-,-,Animalia,Aves
"Fleurieu Peninsula Southern Emu-wren, Mount Lofty Southern Emu-wren",Endangered,-,-,-,-,Yes,-,-,-,Animalia,Aves
"Southern Emu-wren (Eyre Peninsula), Eyre Peninsula Southern Emu-wren",Endangered,-,-,-,-,Yes,-,-,-,Animalia,Aves
Mallee Emu-wren,Endangered,-,-,-,-,Yes,-,Yes,-,Animalia,Aves
Clubmoss Bush-pea,Endangered,-,-,-,-,-,Yes,-,-,Plantae,Magnoliopsida
"Siah's Backbone, Sia's Backbone, Isaac Wood",Endangered,-,-,-,-,-,-,-,-,Plantae,Magnoliopsida
Black Currawong (King Island),Vulnerable,-,-,-,-,-,Yes,-,-,Animalia,Aves
"Lord Howe Island Currawong, Pied Currawong (Lord Howe Island)",Vulnerable,-,Yes,-,-,-,-,-,-,Animalia,Aves
Arnhem Phasmid Gecko,Vulnerable,-,-,Yes,-,-,-,-,-,Animalia,Reptilia
-,Critically Endangered,-,-,-,-,-,-,-,Yes,Plantae,Magnoliopsida
Flat-leaved Triggerplant,Critically Endangered,-,-,-,-,-,-,-,Yes,Plantae,Magnoliopsida
Asymmetric Triggerplant,Endangered,-,-,-,-,-,-,-,Yes,Plantae,Magnoliopsida
-,Endangered,-,-,-,-,-,-,-,Yes,Plantae,Magnoliopsida
"Wongan Hills Triggerplant, Wongan Triggerplant",Endangered,-,-,-,-,-,-,-,Yes,Plantae,Magnoliopsida
a triggerplant,Endangered,-,-,Yes,-,-,-,-,-,Plantae,Magnoliopsida
Yellow Mountain Triggerplant,Vulnerable,-,-,-,-,-,-,-,Yes,Plantae,Magnoliopsida
-,Critically Endangered,-,-,-,-,-,-,-,Yes,Plantae,Magnoliopsida
-,Critically Endangered,-,-,-,-,-,-,-,Yes,Plantae,Magnoliopsida
-,Endangered,-,Yes,-,-,-,-,-,-,Plantae,Magnoliopsida
"Slender Darling-pea, Slender Swainson, Murray Swainson-pea",Vulnerable,-,Yes,-,Yes,Yes,-,Yes,-,Plantae,Magnoliopsida
"Red Darling-pea, Red Swainson-pea",Vulnerable,-,Yes,-,-,-,-,Yes,-,Plantae,Magnoliopsida
Yellow Swainson-pea,Vulnerable,-,Yes,-,-,Yes,-,Yes,-,Plantae,Magnoliopsida
"Small Purple-pea, Mountain Swainson-pea, Small Purple Pea",Endangered,Yes,Yes,-,-,-,-,Yes,-,Plantae,Magnoliopsida
Bancrofts Symonanthus,Endangered,-,-,-,-,-,-,-,Yes,Plantae,Magnoliopsida
"Small-leaved Hazelwood, Shrubby Hazelwood",Vulnerable,-,Yes,-,Yes,-,-,-,-,Plantae,Magnoliopsida
Quartz-loving Synaphea,Endangered,-,-,-,-,-,-,-,Yes,Plantae,Magnoliopsida
Selena's Synaphea,Critically Endangered,-,-,-,-,-,-,-,Yes,Plantae,Magnoliopsida
Club-leafed Synaphea,Critically Endangered,-,-,-,-,-,-,-,Yes,Plantae,Magnoliopsida
-,Endangered,-,-,-,-,-,-,-,Yes,Plantae,Magnoliopsida
-,Critically Endangered,-,-,-,-,-,-,-,Yes,Plantae,Magnoliopsida
Dwellingup Synaphea,Endangered,-,-,-,-,-,-,-,Yes,Plantae,Magnoliopsida
Golden Sun Moth,Vulnerable,Yes,Yes,-,-,Yes,-,Yes,-,Animalia,Insecta
"Smooth-bark Rose Apple, Red Lilly Pilly",Vulnerable,-,Yes,-,Yes,-,-,-,-,Plantae,Magnoliopsida
"Rose Apple, Coolamon, Robby, Durobby, Watermelon Tree, Coolamon Rose Apple",Vulnerable,-,Yes,-,Yes,-,-,-,-,Plantae,Magnoliopsida
"Magenta Lilly Pilly, Magenta Cherry, Daguba, Scrub Cherry, Creek Lilly Pilly, Brush Cherry",Vulnerable,-,Yes,-,-,-,-,-,-,Plantae,Magnoliopsida
-,Vulnerable,-,-,-,Yes,-,-,-,-,Plantae,Magnoliopsida
Kangaroo Island Echidna,Endangered,-,-,-,-,Yes,-,-,-,Animalia,Mammalia
"Minute Orchid, Ribbon-root Orchid",Vulnerable,-,-,-,-,-,-,-,-,Plantae,Liliopsida
"Coast Dandelion, Native Dandelion",Vulnerable,-,-,-,-,Yes,Yes,Yes,Yes,Plantae,Magnoliopsida
-,Endangered,-,-,Yes,-,-,-,-,-,Plantae,Magnoliopsida
Fragrant Pepperbush,Vulnerable,-,Yes,-,-,-,-,-,-,Plantae,Magnoliopsida
"Sharp-snouted Day Frog, Sharp-snouted Torrent Frog",Extinct,-,-,-,Yes,-,-,-,-,Animalia,Amphibia
"Southern Day Frog, Mt Glorious Torrent Frog",Extinct,-,-,-,Yes,-,-,-,-,Animalia,Amphibia
Eungella Day Frog,Endangered,-,-,-,Yes,-,-,-,-,Animalia,Amphibia
"Kroombit Tinker Frog, Pleione's Torrent Frog",Critically Endangered,-,-,-,Yes,-,-,-,-,Animalia,Amphibia
Tinkling Frog,Critically Endangered,-,-,-,Yes,-,-,-,-,Animalia,Amphibia
Cave Fern,Endangered,-,-,-,Yes,-,-,-,-,Plantae,Polypodiatae
Large-articled Samphire,Vulnerable,-,-,-,-,-,-,-,Yes,Plantae,Magnoliopsida
"Bead Glasswort, Bead Samphire",Vulnerable,-,-,-,-,Yes,-,Yes,Yes,Plantae,Magnoliopsida
Gibraltar Waratah,Endangered,-,Yes,-,-,-,-,-,-,Plantae,Magnoliopsida
-,Vulnerable,-,-,-,Yes,-,-,-,-,Plantae,Magnoliopsida
Southern Tetraria,Vulnerable,-,-,-,-,-,-,-,Yes,Plantae,Liliopsida
Bungalbin Tetratheca,Vulnerable,-,-,-,-,-,-,-,Yes,Plantae,Magnoliopsida
Granite Tetratheca,Endangered,-,-,-,-,-,-,-,Yes,Plantae,Magnoliopsida
Cronin's Tetratheca,Extinct,-,-,-,-,-,-,-,Yes,Plantae,Magnoliopsida
"Shy Pinkbells, Shy Susan",Critically Endangered,-,-,-,-,-,Yes,-,-,Plantae,Magnoliopsida
Jackson Tetratheca,Vulnerable,-,-,-,-,-,-,-,Yes,Plantae,Magnoliopsida
Black-eyed Susan,Vulnerable,-,Yes,-,-,-,-,-,-,Plantae,Magnoliopsida
-,Critically Endangered,-,-,-,-,-,-,-,Yes,Plantae,Magnoliopsida
Paynter's Tetratheca,Endangered,-,-,-,-,-,-,-,Yes,Plantae,Magnoliopsida
"Buller's Albatross, Pacific Albatross",Vulnerable,-,Yes,-,-,Yes,Yes,Yes,-,Animalia,Aves
"Northern Buller's Albatross, Pacific Albatross",Vulnerable,-,Yes,-,-,Yes,Yes,Yes,-,Animalia,Aves
Indian Yellow-nosed  Albatross,Vulnerable,-,-,-,Yes,Yes,-,Yes,Yes,Animalia,Aves
Shy Albatross,Endangered,-,Yes,-,Yes,Yes,Yes,Yes,Yes,Animalia,Aves
Grey-headed Albatross,Endangered,-,Yes,-,Yes,Yes,Yes,Yes,Yes,Animalia,Aves
Chatham Albatross,Endangered,-,Yes,-,-,-,Yes,Yes,-,Animalia,Aves
"Campbell Albatross, Campbell Black-browed Albatross",Vulnerable,-,Yes,-,Yes,Yes,Yes,Yes,Yes,Animalia,Aves
Black-browed Albatross,Vulnerable,-,Yes,-,Yes,Yes,Yes,Yes,Yes,Animalia,Aves
Salvin's Albatross,Vulnerable,-,Yes,-,Yes,Yes,Yes,Yes,Yes,Animalia,Aves
White-capped Albatross,Vulnerable,-,Yes,-,Yes,Yes,Yes,Yes,Yes,Animalia,Aves
Alpine Stonefly,Endangered,-,-,-,-,-,-,Yes,-,Animalia,Insecta
Wyong Sun Orchid,Critically Endangered,-,Yes,-,-,-,-,-,-,Plantae,Liliopsida
"Blue Top Sun-orchid, Dark-tipped Sun-orchid",Critically Endangered,-,-,-,-,Yes,-,-,-,Plantae,Liliopsida
Cinnamon Sun Orchid,Endangered,-,-,-,-,-,-,-,Yes,Plantae,Liliopsida
Metallic Sun-orchid,Endangered,-,Yes,-,-,Yes,-,Yes,-,Plantae,Liliopsida
Blue Star Sun-orchid,Critically Endangered,-,-,-,-,Yes,-,-,-,Plantae,Liliopsida
Sky-blue Sun-orchid,Endangered,-,-,-,-,-,Yes,-,-,Plantae,Liliopsida
Kangaloon Sun Orchid,Critically Endangered,-,Yes,-,-,-,-,-,-,Plantae,Liliopsida
Brilliant Sun-orchid,Vulnerable,-,-,-,-,-,-,Yes,-,Plantae,Liliopsida
Spiral Sun-orchid,Endangered,-,-,-,-,Yes,-,Yes,-,Plantae,Liliopsida
Hoary Sun-orchid,Critically Endangered,-,-,-,-,Yes,-,Yes,-,Plantae,Liliopsida
Sandplain Sun-orchid,Vulnerable,-,-,-,-,-,-,-,Yes,Plantae,Liliopsida
Star Sun-orchid,Endangered,-,-,-,-,-,-,-,Yes,Plantae,Liliopsida
Queen of Sheba,Critically Endangered,-,-,-,-,-,-,-,Yes,Plantae,Liliopsida
Mitchell's Rainforest Snail,Critically Endangered,-,Yes,-,-,-,-,-,-,Animalia,Gastropoda
"Austral Toadflax, Toadflax",Vulnerable,Yes,Yes,-,Yes,-,Yes,Yes,-,Plantae,Magnoliopsida
"Eastern Hooded Plover, Eastern Hooded Plover",Vulnerable,-,Yes,-,-,Yes,Yes,Yes,-,Animalia,Aves
-,Endangered,-,Yes,-,-,-,-,-,-,Plantae,Liliopsida
Mt Holland Thomasia,Extinct,-,-,-,-,-,-,-,Yes,Plantae,Magnoliopsida
Sandplain Thomasia,Vulnerable,-,-,-,-,-,-,-,Yes,Plantae,Magnoliopsida
Hill Thomasia,Vulnerable,-,-,-,-,-,-,-,Yes,Plantae,Magnoliopsida
Green Hill Thomasia,Endangered,-,-,-,-,-,-,-,Yes,Plantae,Magnoliopsida
Mountain Thryptomene,Vulnerable,-,-,Yes,-,-,-,-,Yes,Plantae,Magnoliopsida
"Thylacine, Tasmanian Tiger",Extinct,-,-,-,-,-,Yes,-,-,Animalia,Mammalia
Red Handfish,Critically Endangered,-,-,-,-,-,Yes,-,-,Animalia,Actinopterygii
Myrtle Elbow Orchid,Critically Endangered,-,-,-,-,-,Yes,-,-,Plantae,Liliopsida
"Pygmy Blue-tongue Lizard, Adelaide Blue-tongue Lizard",Endangered,-,-,-,-,Yes,-,-,-,Animalia,Reptilia
Northern Blue-tongued Skink,Critically Endangered,-,-,Yes,Yes,-,-,-,Yes,Animalia,Reptilia
-,Extinct,-,-,-,Yes,-,-,-,-,Plantae,Psilotatae
Hanging Fork-fern,Vulnerable,-,-,-,-,-,-,-,-,Plantae,Psilotatae
-,Endangered,-,-,-,Yes,-,-,-,-,Plantae,Magnoliopsida
a tree,Endangered,-,-,Yes,-,-,-,-,-,Plantae,Magnoliopsida
-,Vulnerable,-,-,-,Yes,-,-,-,-,Plantae,Polypodiatae
Mountain Trachymene,Endangered,-,Yes,-,-,-,-,-,-,Plantae,Magnoliopsida
-,Extinct,-,Yes,-,-,-,-,-,-,Plantae,Magnoliopsida
Granite Pink,Vulnerable,-,-,-,-,-,-,-,Yes,Plantae,Liliopsida
Dwarf Yellow-heads,Vulnerable,-,-,-,-,-,-,Yes,-,Plantae,Magnoliopsida
Northern Brushtail Possum,Vulnerable,-,-,Yes,-,-,-,-,Yes,Animalia,Mammalia
"Common Greenshank, Greenshank",Endangered,Yes,Yes,Yes,Yes,Yes,Yes,Yes,Yes,Animalia,Aves
Banksia brownii plant louse,Endangered,-,-,-,-,-,-,-,Yes,Animalia,Insecta
-,Endangered,-,Yes,-,-,-,-,-,-,Plantae,Magnoliopsida
-,Vulnerable,-,-,-,Yes,-,-,-,-,Plantae,Magnoliopsida
Nowra Heath-myrtle,Endangered,-,Yes,-,-,-,-,-,-,Plantae,Magnoliopsida
Antbed Parrot Moth,Endangered,-,-,-,Yes,-,-,-,-,Animalia,Insecta
Swan Hydatella,Endangered,-,-,-,-,-,-,-,Yes,Plantae,Liliopsida
Glossy Spice Bush,Endangered,-,-,-,Yes,-,-,-,-,Plantae,Magnoliopsida
Thin Feather Orchid,Vulnerable,-,-,-,Yes,-,-,-,-,Plantae,Liliopsida
Christmas Island Thrush,Endangered,-,-,-,-,-,-,-,-,Animalia,Aves
"Grey-headed Blackbird, Norfolk Island Thrush",Extinct,-,-,-,-,-,-,-,-,Animalia,Aves
"Lord Howe Thrush, Vinous-tinted Thrush",Extinct,-,Yes,-,-,-,-,-,-,Animalia,Aves
Black-breasted Button-quail,Vulnerable,-,Yes,-,Yes,-,-,-,-,Animalia,Aves
Buff-breasted Button-quail,Critically Endangered,-,-,-,Yes,-,-,-,-,Animalia,Aves
Painted Button-quail (Houtman Abrolhos),Endangered,-,-,-,-,-,-,-,Yes,Animalia,Aves
-,Endangered,-,Yes,-,Yes,-,-,-,-,Plantae,Magnoliopsida
-,Endangered,-,-,-,Yes,-,-,-,-,Plantae,Magnoliopsida
-,Endangered,-,Yes,-,Yes,-,-,-,-,Plantae,Magnoliopsida
Condamine Earless Dragon,Endangered,-,-,-,Yes,-,-,-,-,Animalia,Reptilia
"Canberra Grassland Earless Dragon, Lined Earless Dragon",Critically Endangered,Yes,Yes,-,-,-,-,-,-,Animalia,Reptilia
Bathurst Grassland Earless Dragon,Critically Endangered,-,Yes,-,-,-,-,-,-,Animalia,Reptilia
Monaro Grassland Earless Dragon,Endangered,-,Yes,-,-,-,-,-,-,Animalia,Reptilia
Victorian Grassland Earless Dragon,Critically Endangered,-,-,-,-,-,-,Yes,-,Animalia,Reptilia
a herb,Endangered,-,-,Yes,-,-,-,-,-,Plantae,Liliopsida
a herb,Endangered,-,-,Yes,-,-,-,-,-,Plantae,Liliopsida
-,Endangered,-,-,Yes,-,-,-,-,-,Plantae,Liliopsida
-,Endangered,-,-,Yes,-,-,-,-,-,Plantae,Liliopsida
a herb,Endangered,-,-,Yes,-,-,-,-,-,Plantae,Liliopsida
Masked Owl (Tasmanian),Vulnerable,-,-,-,-,-,Yes,-,-,Animalia,Aves
Masked Owl (northern),Vulnerable,-,-,Yes,Yes,-,-,-,Yes,Animalia,Aves
"Tiwi Masked Owl, Tiwi Islands Masked Owl",Endangered,-,-,Yes,-,-,-,-,-,Animalia,Aves
Bastard Oak,Vulnerable,-,-,-,-,-,-,-,-,Plantae,Magnoliopsida
"Howard River Toadlet, Davies's Toadlet",Vulnerable,-,-,Yes,-,-,-,-,-,Animalia,Amphibia
Mahony's Toadlet,Endangered,-,Yes,-,-,-,-,-,-,Animalia,Amphibia
Martin's Toadlet,Endangered,-,Yes,-,-,-,-,Yes,-,Animalia,Amphibia
Peach Myrtle,Endangered,-,Yes,-,-,-,-,-,-,Plantae,Magnoliopsida
"Border Thick-tailed Gecko, Granite Belt Thick-tailed Gecko",Vulnerable,-,Yes,-,Yes,-,-,-,-,Animalia,Reptilia
Cape York Vanda,Vulnerable,-,-,-,Yes,-,-,-,-,Plantae,Liliopsida
Bennett's Seaweed,Extinct,-,Yes,-,-,-,-,-,-,Plantae,Rhodophyceae
"Dwarf Butterfly Orchid, Cooktown Orchid",Endangered,-,-,-,Yes,-,-,-,-,Plantae,Liliopsida
Cooktown Orchid,Vulnerable,-,-,-,Yes,-,-,-,-,Plantae,Liliopsida
Mertens' Water Monitor,Endangered,-,-,Yes,Yes,-,-,-,Yes,Animalia,Reptilia
Mitchell's Water Monitor,Critically Endangered,-,-,Yes,Yes,-,-,-,Yes,Animalia,Reptilia
-,Vulnerable,-,Yes,-,-,-,-,-,-,Plantae,Magnoliopsida
Ciliolate Hebe,Vulnerable,-,-,-,-,-,Yes,-,-,Plantae,Magnoliopsida
Mount Lofty Speedwell,Critically Endangered,-,-,-,-,Yes,-,-,-,Plantae,Magnoliopsida
-,Endangered,-,Yes,-,-,-,-,-,-,Plantae,Magnoliopsida
Port Lincoln Speedwell,Endangered,-,-,-,-,Yes,-,-,-,Plantae,Magnoliopsida
White Featherflower,Endangered,-,-,-,-,-,-,-,Yes,Plantae,Magnoliopsida
"Hay River Featherflower, Scruffy Verticordia",Critically Endangered,-,-,-,-,-,-,-,Yes,Plantae,Magnoliopsida
Stirling Range Featherflower,Vulnerable,-,-,-,-,-,-,-,Yes,Plantae,Magnoliopsida
-,Vulnerable,-,-,-,-,-,-,-,Yes,Plantae,Magnoliopsida
Long-stalked Featherflower,Endangered,-,-,-,-,-,-,-,Yes,Plantae,Magnoliopsida
Southern Shy Featherflower,Vulnerable,-,-,-,-,-,-,-,Yes,Plantae,Magnoliopsida
Shy Featherflower,Endangered,-,-,-,-,-,-,-,Yes,Plantae,Magnoliopsida
Coast Featherflower,Vulnerable,-,-,-,-,-,-,-,Yes,Plantae,Magnoliopsida
Hughan's Featherflower,Endangered,-,-,-,-,-,-,-,Yes,Plantae,Magnoliopsida
"Little Pine Verticordia, Pine-like Featherflower",Endangered,-,-,-,-,-,-,-,Yes,Plantae,Magnoliopsida
Tufted Plumed Featherflower,Endangered,-,-,-,-,-,-,-,Yes,Plantae,Magnoliopsida
Vasse Featherflower,Endangered,-,-,-,-,-,-,-,Yes,Plantae,Magnoliopsida
Scaly-leaved Featherflower,Endangered,-,-,-,-,-,-,-,Yes,Plantae,Magnoliopsida
Wongan Featherflower,Endangered,-,-,-,-,-,-,-,Yes,Plantae,Magnoliopsida
Granite Featherflower,Endangered,-,-,-,-,-,-,-,Yes,Plantae,Magnoliopsida
Dwarf Violet,Endangered,Yes,Yes,-,-,-,-,Yes,-,Plantae,Magnoliopsida
Tonsil Orchid,Endangered,-,-,-,Yes,-,-,-,-,Plantae,Liliopsida
"Carter's Freshwater Mussel, Ambiguus Mussel",Vulnerable,-,-,-,-,-,-,-,Yes,Animalia,Bivalvia
Whipstick Westringia,Endangered,-,-,-,-,-,-,Yes,-,Plantae,Magnoliopsida
Snowy River Westringia,Critically Endangered,-,-,-,-,-,-,Yes,-,Plantae,Magnoliopsida
-,Vulnerable,-,Yes,-,-,-,-,-,-,Plantae,Magnoliopsida
-,Endangered,-,Yes,-,-,-,-,-,-,Plantae,Magnoliopsida
-,Vulnerable,-,-,-,Yes,-,-,-,-,Plantae,Magnoliopsida
-,Vulnerable,-,Yes,-,Yes,-,-,-,-,Plantae,Magnoliopsida
Kurrajong,Critically Endangered,-,-,-,-,-,-,-,-,Plantae,Magnoliopsida
Wollemi Pine,Critically Endangered,-,Yes,-,-,-,-,-,-,Plantae,Pinatae
"Georges' Snapping Turtle, Bellinger River Sawshell Turtle, Georges Helmeted Turtle",Critically Endangered,-,Yes,-,-,-,-,-,-,Animalia,Reptilia
Naturaliste Nancy,Endangered,-,-,-,-,-,-,-,Yes,Plantae,Liliopsida
Long-flowered Nancy,Endangered,-,-,-,-,-,-,-,Yes,Plantae,Liliopsida
Sand Grasstree,Vulnerable,-,-,-,-,-,Yes,-,-,Plantae,Liliopsida
Shiny Grasstree,Endangered,-,-,-,-,-,Yes,-,-,Plantae,Liliopsida
-,Endangered,-,-,-,Yes,-,-,-,-,Plantae,Magnoliopsida
"Penda, Southern Penda, Luya's Hardwood",Vulnerable,-,-,-,Yes,-,-,-,-,Plantae,Magnoliopsida
Terek Sandpiper,Vulnerable,-,Yes,Yes,Yes,Yes,Yes,Yes,Yes,Animalia,Aves
"Swamp Everlasting, Swamp Paper Daisy",Vulnerable,-,Yes,-,-,-,Yes,Yes,-,Plantae,Magnoliopsida
"Water Mouse, False Water Rat, Yirrkoo",Vulnerable,-,Yes,Yes,Yes,-,-,-,Yes,Animalia,Mammalia
-,Endangered,-,-,-,Yes,-,-,-,-,Plantae,Magnoliopsida
-,Vulnerable,-,Yes,-,Yes,Yes,-,-,-,Plantae,Magnoliopsida
a shrub,Endangered,-,-,Yes,Yes,-,-,-,-,Plantae,Magnoliopsida
-,Endangered,-,Yes,-,-,-,-,-,-,Plantae,Magnoliopsida
Stirling Range Xyris,Critically Endangered,-,-,-,-,-,-,-,Yes,Plantae,Liliopsida
"Maugean Skate, Port Davey Skate",Endangered,-,-,-,-,-,Yes,-,-,Animalia,Chondrichthyes
"Native Cucumber, Giant Cucumber",Endangered,-,-,-,-,-,-,-,-,Plantae,Magnoliopsida
Kangaroo Island Assassin Spider,Critically Endangered,-,-,-,-,Yes,-,-,-,Animalia,Arachnida
Velvet Jewel Orchid,Vulnerable,-,-,-,Yes,-,-,-,-,Plantae,Liliopsida
Araluen Zieria,Critically Endangered,-,Yes,-,-,-,-,-,-,Plantae,Magnoliopsida
"Bomaderry Zieria, Bomaderry Creek Zieria",Endangered,-,Yes,-,-,-,-,-,-,Plantae,Magnoliopsida
-,Endangered,-,-,-,Yes,-,-,-,-,Plantae,Magnoliopsida
Box Range Zieria,Critically Endangered,-,Yes,-,-,-,-,-,-,Plantae,Magnoliopsida
Lemon-scented Zieria,Vulnerable,-,Yes,-,-,-,-,Yes,-,Plantae,Magnoliopsida
-,Vulnerable,-,-,-,Yes,-,-,-,-,Plantae,Magnoliopsida
Coveny's Zieria,Endangered,-,Yes,-,-,-,-,-,-,Plantae,Magnoliopsida
Banished Stink Bush,Critically Endangered,-,-,-,Yes,-,-,-,-,Plantae,Magnoliopsida
-,Endangered,-,Yes,-,-,-,-,-,-,Plantae,Magnoliopsida
Shapely Zieria,Endangered,-,Yes,-,-,-,-,-,-,Plantae,Magnoliopsida
"Hill Zieria, Hilly Zieria, Illawarra Zieria",Endangered,-,Yes,-,-,-,-,-,-,Plantae,Magnoliopsida
"Ingram's Zieria, Keith's Zieria",Endangered,-,Yes,-,-,-,-,-,-,Plantae,Magnoliopsida
-,Vulnerable,-,Yes,-,-,-,-,-,-,Plantae,Magnoliopsida
Willi Willi Zieria,Endangered,-,Yes,-,-,-,-,-,-,Plantae,Magnoliopsida
Velvet Zieria,Vulnerable,-,Yes,-,-,-,-,-,-,Plantae,Magnoliopsida
Granite Zieria,Endangered,-,Yes,-,-,-,-,-,-,Plantae,Magnoliopsida
-,Vulnerable,-,-,-,Yes,-,-,-,-,Plantae,Magnoliopsida
-,Critically Endangered,-,Yes,-,-,-,-,-,-,Plantae,Magnoliopsida
Parris's Zieria,Critically Endangered,-,Yes,-,-,-,-,-,-,Plantae,Magnoliopsida
Headland Zieria,Endangered,-,Yes,-,-,-,-,-,-,Plantae,Magnoliopsida
-,Vulnerable,-,-,-,Yes,-,-,-,-,Plantae,Magnoliopsida
Warty Zieria,Vulnerable,-,Yes,-,-,-,-,-,-,Plantae,Magnoliopsida
-,Vulnerable,-,-,-,Yes,-,-,-,-,Plantae,Magnoliopsida
"South Australian Bassian Thrush, Western Bassian Thrush",Endangered,-,-,-,-,Yes,-,-,-,Animalia,Aves
"White-chested White-eye, Norfolk Island Silvereye",Extinct,-,-,-,-,-,-,-,-,Animalia,Aves
Robust White-eye,Extinct,-,Yes,-,-,-,-,-,-,Animalia,Aves
"Arnhem Rock-rat, Arnhem Land Rock-rat, Kodjperr",Vulnerable,-,-,Yes,-,-,-,-,-,Animalia,Mammalia
"Carpentarian Rock-rat, Aywalirroomoo",Endangered,-,-,Yes,-,-,-,-,-,Animalia,Mammalia
"Central Rock-rat, Antina",Critically Endangered,-,-,Yes,-,-,-,-,Yes,Animalia,Mammalia