decimalLatitude,decimalLongitude,year,stateProvince
-35.401373,149.112167,2016.0,Australian Capital Territory
-35.3,149.1,2018.0,Australian Capital Territory
-35.418876,148.990434,1991.0,Australian Capital Territory
-35.4297,148.82,1991.0,Australian Capital Territory
-35.2,149.1,2026.0,Australian Capital Territory
-35.8,149.0,2015.0,Australian Capital Territory
-35.8,149.0,2016.0,Australian Capital Territory
-35.3,149.1,2019.0,Australian Capital Territory
-35.446147,149.081283,2021.0,Australian Capital Territory
-35.8851,148.981,1991.0,Australian Capital Territory
-35.3,149.1,2021.0,Australian Capital Territory
-35.4505,149.095,1991.0,Australian Capital Territory
-35.4122,148.844,1991.0,Australian Capital Territory
-35.226489,149.168869,2023.0,Australian Capital Territory
-35.58,149.113,1993.0,Australian Capital Territory
-35.8,149.0,2015.0,Australian Capital Territory
-35.3,149.1,2016.0,Australian Capital Territory
-35.3,149.1,2016.0,Australian Capital Territory
-35.28252,149.042421,2023.0,Australian Capital Territory
-35.3006,149.157,1992.0,Australian Capital Territory
-35.479877,148.899865,2020.0,Australian Capital Territory
-35.427162,149.059515,2016.0,Australian Capital Territory
-35.456912,148.924171,1991.0,Australian Capital Territory
-35.517803,149.073136,2023.0,Australian Capital Territory
-35.3,149.1,2015.0,Australian Capital Territory
-35.8,149.0,2015.0,Australian Capital Territory
-35.447335,149.067161,1993.0,Australian Capital Territory
-35.7,149.0,2015.0,Australian Capital Territory
-35.5,148.8,2017.0,Australian Capital Territory
-35.2,149.1,2019.0,Australian Capital Territory
-35.3,149.1,2016.0,Australian Capital Territory
-35.4,149.1,2016.0,Australian Capital Territory
-35.5,149.1,2018.0,Australian Capital Territory
-35.3783,148.876,1994.0,Australian Capital Territory
-35.757077,148.974462,2016.0,Australian Capital Territory
-35.3,149.1,2017.0,Australian Capital Territory
-35.4558,149.102,1991.0,Australian Capital Territory
-35.173557,149.154628,1992.0,Australian Capital Territory
-35.440226,148.929205,2015.0,Australian Capital Territory
-35.2,149.1,2021.0,Australian Capital Territory
-35.448236,149.067184,1993.0,Australian Capital Territory
-35.4513,148.882,1988.0,Australian Capital Territory
-35.6458,148.834,1991.0,Australian Capital Territory
-35.31602,149.150918,2023.0,Australian Capital Territory
-35.8,149.0,2015.0,Australian Capital Territory
-35.2,149.1,2016.0,Australian Capital Territory
-35.4,148.9,2022.0,Australian Capital Territory
-35.6181,148.938,1993.0,Australian Capital Territory
-35.537868,149.097055,1993.0,Australian Capital Territory
-35.3,149.1,2016.0,Australian Capital Territory
-35.3672,148.951,1993.0,Australian Capital Territory
-35.708997,148.999846,1992.0,Australian Capital Territory
-35.661194,150.235736,2021.0,New South Wales
-31.028526,152.335906,2021.0,New South Wales
-29.8,151.7,2022.0,New South Wales
-32.9,151.8,2021.0,New South Wales
-35.871011,150.058121,2013.0,New South Wales
-30.477198,149.227402,2018.0,New South Wales
-32.119428,151.945405,2023.0,New South Wales
-33.54609,150.3685,2013.0,New South Wales
-34.137004,149.651229,2022.0,New South Wales
-35.44359,148.66769,2021.0,New South Wales
-31.71185,150.03805,2012.0,New South Wales
-30.638859,149.214408,2019.0,New South Wales
-28.2,153.5,2025.0,New South Wales
-34.831184,150.571766,2004.0,New South Wales
-30.52228,149.228512,2021.0,New South Wales
-33.768201,150.760891,2024.0,New South Wales
-33.955399,145.392623,2016.0,New South Wales
-35.1,150.7,2023.0,New South Wales
-33.7,149.1,2023.0,New South Wales
-33.9,150.9,2016.0,New South Wales
-35.07162,150.20557,2013.0,New South Wales
-34.068105,150.807228,2020.0,New South Wales
-33.082925,146.214343,2021.0,New South Wales
-35.94373,148.92001,2013.0,New South Wales
-30.545261,149.206289,2017.0,New South Wales
-34.258853,142.685906,2022.0,New South Wales
-33.746304,151.271523,2006.0,New South Wales
-33.962786,146.069411,2024.0,New South Wales
-37.013907,149.757611,2015.0,New South Wales
-34.429892,150.529709,2014.0,New South Wales
-33.945654,151.153489,2017.0,New South Wales
-33.388695,150.264619,2018.0,New South Wales
-33.953226,151.140654,2021.0,New South Wales
-33.277784,150.018259,2024.0,New South Wales
-34.4899,150.41393,2012.0,New South Wales
-33.53366,151.34742,2013.0,New South Wales
-30.53331,149.878321,2025.0,New South Wales
-35.593318,150.063556,2021.0,New South Wales
-33.262899,151.460704,2024.0,New South Wales
-31.1953,149.837816,1995.0,New South Wales
-34.790964,150.779067,,New South Wales
-33.97077,151.12123,2019.0,New South Wales
-30.43758,150.30762,2022.0,New South Wales
-33.81618,151.297348,2022.0,New South Wales
-33.792895,151.239454,2019.0,New South Wales
-31.010032,152.354864,2021.0,New South Wales
-32.14037,149.755318,2010.0,New South Wales
-32.05762,151.687,2015.0,New South Wales
-35.685604,148.483058,2021.0,New South Wales
-33.3,151.4,2024.0,New South Wales
-33.851254,151.139107,2021.0,New South Wales
-35.43199,148.77079,2013.0,New South Wales
-30.497168,149.332433,2020.0,New South Wales
-33.6,150.2,2024.0,New South Wales
-33.7,150.3,2017.0,New South Wales
-33.98385,150.50739,2013.0,New South Wales
-32.247282,148.592272,2022.0,New South Wales
-34.724025,150.659737,2016.0,New South Wales
-33.64098,150.686959,2003.0,New South Wales
-33.93128,150.63765,2013.0,New South Wales
-34.8,150.1,2021.0,New South Wales
-33.946808,150.855871,2026.0,New South Wales
-31.84243,151.6182,2014.0,New South Wales
-31.5,152.8,2024.0,New South Wales
-33.74541,150.69362,2017.0,New South Wales
-33.814158,150.032093,2011.0,New South Wales
-34.721607,149.988662,2018.0,New South Wales
-35.777984,148.020295,2025.0,New South Wales
-30.499392,150.258472,2024.0,New South Wales
-33.3,151.4,2024.0,New South Wales
-34.70867,150.45764,2013.0,New South Wales
-32.43187,150.46285,2012.0,New South Wales
-33.3,149.4,2016.0,New South Wales
-33.366653,150.159187,2017.0,New South Wales
-28.65953,152.49099,2012.0,New South Wales
-30.0666,152.36635,2012.0,New South Wales
-32.43805,150.46877,2012.0,New South Wales
-35.383366,149.201235,2022.0,New South Wales
-31.165173,152.365492,2022.0,New South Wales
-34.2133,150.01112,2014.0,New South Wales
-30.636452,149.21108,2016.0,New South Wales
-37.166256,149.410588,2023.0,New South Wales
-33.773787,150.903488,2021.0,New South Wales
-34.41738,150.595316,2014.0,New South Wales
-32.181265,149.763049,2013.0,New South Wales
-33.807828,150.973148,2024.0,New South Wales
-35.414395,149.245814,1992.0,New South Wales
-33.895,151.031661,2008.0,New South Wales
-34.327539,149.811047,2015.0,New South Wales
-35.367103,150.476121,2023.0,New South Wales
-33.612045,150.844391,2023.0,New South Wales
-32.256252,150.898193,2018.0,New South Wales
-31.431743,152.659435,2004.0,New South Wales
-28.647217,152.454157,2003.0,New South Wales
-33.0,149.6,2021.0,New South Wales
-35.0746,150.21181,2012.0,New South Wales
-36.009068,148.338728,2019.0,New South Wales
-29.61533,152.26171,2015.0,New South Wales
-31.61171,152.41547,2013.0,New South Wales
-31.01885,152.340231,2021.0,New South Wales
-34.394134,150.579102,2014.0,New South Wales
-33.384939,151.269158,,New South Wales
-34.460098,150.619429,2014.0,New South Wales
-37.171223,149.364022,2023.0,New South Wales
-33.143815,151.250887,2008.0,New South Wales
-31.06048,152.8482,2015.0,New South Wales
-34.703142,150.732389,2021.0,New South Wales
-29.36973,152.84926,2020.0,New South Wales
-31.181154,152.823792,2020.0,New South Wales
-37.300516,149.573695,1992.0,New South Wales
-30.569113,149.115634,2019.0,New South Wales
-30.897792,149.118987,2025.0,New South Wales
-34.20885,150.01118,2013.0,New South Wales
-36.818368,149.57426,,New South Wales
-33.662997,151.32434,2007.0,New South Wales
-30.568425,149.177354,2017.0,New South Wales
-30.32776,150.856609,2022.0,New South Wales
-28.376486,153.055193,2018.0,New South Wales
-34.1,150.6,2016.0,New South Wales
-35.6,150.2,2025.0,New South Wales
-30.635296,149.185391,2020.0,New South Wales
-33.813965,151.006878,2021.0,New South Wales
-32.06324,151.6887,2014.0,New South Wales
-34.127318,150.053946,2024.0,New South Wales
-34.342476,144.56553,2005.0,New South Wales
-37.190724,149.680989,2021.0,New South Wales
-34.5,150.9,2020.0,New South Wales
-34.23517,150.85357,2014.0,New South Wales
-35.58611,150.31927,2013.0,New South Wales
-36.979248,149.192129,,New South Wales
-30.003842,148.096081,1995.0,New South Wales
-29.5,151.6,2016.0,New South Wales
-37.163188,149.400593,2024.0,New South Wales
-36.222367,150.128469,2024.0,New South Wales
-35.855586,147.455498,2021.0,New South Wales
-37.334044,149.597376,2022.0,New South Wales
-30.635471,149.205223,2020.0,New South Wales
-36.54301,149.380799,1991.0,New South Wales
-30.664047,149.154166,2019.0,New South Wales
-33.821917,151.232433,2024.0,New South Wales
-33.771418,142.181219,1996.0,New South Wales
-34.0,150.9,2018.0,New South Wales
-34.671542,150.722472,2025.0,New South Wales
-30.529675,150.110379,2024.0,New South Wales
-31.077272,150.072072,2021.0,New South Wales
-30.525946,149.020186,2017.0,New South Wales
-33.18402,149.14931,2014.0,New South Wales
-35.92395,149.62343,2012.0,New South Wales
-36.24142,148.25347,2019.0,New South Wales
-33.047365,150.039668,2024.0,New South Wales
-31.84243,151.6182,2014.0,New South Wales
-36.5,148.6,2016.0,New South Wales
-34.084863,151.003238,2022.0,New South Wales
-31.165173,152.365492,2022.0,New South Wales
-35.0746,150.21181,2012.0,New South Wales
-34.175096,142.525958,2022.0,New South Wales
-30.721757,150.354069,2024.0,New South Wales
-37.159346,149.369845,2023.0,New South Wales
-33.37914,142.438537,2013.0,New South Wales
-33.5,151.3,2025.0,New South Wales
-29.482349,151.961349,2020.0,New South Wales
-35.877492,147.596746,2021.0,New South Wales
-30.525946,149.020186,2017.0,New South Wales
-33.136861,141.367813,2025.0,New South Wales
-33.745726,150.844068,2022.0,New South Wales
-31.077272,150.072072,2021.0,New South Wales
-31.006011,152.175256,2021.0,New South Wales
-33.4,146.7,2020.0,New South Wales
-31.781174,152.430398,2001.0,New South Wales
-29.554315,152.2297,2022.0,New South Wales
-30.658014,149.205774,2018.0,New South Wales
-34.246831,142.532384,2018.0,New South Wales
-34.383745,150.847559,2015.0,New South Wales
-33.756525,150.981735,2021.0,New South Wales
-33.975794,146.04995,2024.0,New South Wales
-29.96154,152.54582,2013.0,New South Wales
-34.806698,148.88224,2025.0,New South Wales
-34.057516,150.69478,2025.0,New South Wales
-31.199332,152.40389,2021.0,New South Wales
-30.635944,149.179153,2021.0,New South Wales
-33.3,151.4,2024.0,New South Wales
-33.80867,150.98625,2019.0,New South Wales
-31.419488,152.107655,2021.0,New South Wales
-34.861914,150.621851,2003.0,New South Wales
-36.970037,149.728432,2012.0,New South Wales
-35.576672,150.276979,2020.0,New South Wales
-35.881203,147.584515,2021.0,New South Wales
-31.7,152.2,2023.0,New South Wales
-35.47111,148.60884,2022.0,New South Wales
-35.94373,148.92001,2013.0,New South Wales
-36.404781,149.922876,1980.0,New South Wales
-32.288985,151.980309,2024.0,New South Wales
-28.388451,153.097474,2018.0,New South Wales
-30.502949,151.642243,2022.0,New South Wales
-33.963794,151.254039,2019.0,New South Wales
-34.201946,142.55971,2017.0,New South Wales
-33.18402,149.14931,2014.0,New South Wales
-31.426272,145.824697,2012.0,New South Wales
-35.3943,147.35508,2012.0,New South Wales
-36.65308,149.42747,2013.0,New South Wales
-34.572072,142.432736,1991.0,New South Wales
-28.36807,153.072708,2021.0,New South Wales
-30.099755,152.202616,2009.0,New South Wales
-34.248083,150.666936,2015.0,New South Wales
-30.038708,152.240455,2020.0,New South Wales
-33.938075,151.073966,2025.0,New South Wales
-33.828836,151.064869,2015.0,New South Wales
-30.840354,151.898988,2021.0,New South Wales
-33.70099,151.01211,2024.0,New South Wales
-34.207896,142.610772,2016.0,New South Wales
-30.5,152.4,2017.0,New South Wales
-33.737987,150.720739,2021.0,New South Wales
-32.536616,145.448733,2021.0,New South Wales
-29.613668,152.182295,2022.0,New South Wales
-29.110594,141.170535,2018.0,New South Wales
-31.086525,150.096897,2021.0,New South Wales
-33.3,151.4,2024.0,New South Wales
-33.7585,150.77152,2016.0,New South Wales
-31.3,148.8,2022.0,New South Wales
-31.112742,150.955564,2015.0,New South Wales
-33.768465,150.815808,2024.0,New South Wales
-30.565496,149.149761,2019.0,New South Wales
-31.4,150.9,2020.0,New South Wales
-30.540935,152.342215,1992.0,New South Wales
-30.449963,149.247536,2017.0,New South Wales
-33.3,151.4,2023.0,New South Wales
-30.57175,152.26497,2013.0,New South Wales
-36.969601,149.663582,,New South Wales
-33.81097,151.18605,2017.0,New South Wales
-33.648364,151.315943,1996.0,New South Wales
-35.07474,150.20619,2013.0,New South Wales
-35.6,144.9,2019.0,New South Wales
-30.081651,152.228596,2021.0,New South Wales
-36.65308,149.42747,2013.0,New South Wales
-30.083264,152.96061,1990.0,New South Wales
-34.1336,149.641,2012.0,New South Wales
-30.617948,149.153205,2022.0,New South Wales
-32.283623,148.654141,2019.0,New South Wales
-36.744208,149.230218,1991.0,New South Wales
-33.67002,150.2943,2014.0,New South Wales
-34.643998,150.559969,2016.0,New South Wales
-34.70867,150.45764,2013.0,New South Wales
-33.3,151.4,2025.0,New South Wales
-35.9,148.6,2024.0,New South Wales
-35.440757,148.593823,2019.0,New South Wales
-37.286865,149.745898,2025.0,New South Wales
-30.537755,149.900554,2021.0,New South Wales
-37.195107,149.754982,2025.0,New South Wales
-33.1,150.1,2020.0,New South Wales
-30.0666,152.36635,2012.0,New South Wales
-33.9,150.9,2016.0,New South Wales
-33.885187,150.85863,2023.0,New South Wales
-30.514694,152.992352,2023.0,New South Wales
-33.94405,151.24454,2017.0,New South Wales
-32.27366,146.676274,2000.0,New South Wales
-34.0,151.1,2025.0,New South Wales
-33.4,150.9,2023.0,New South Wales
-31.450463,151.13839,2019.0,New South Wales
-32.585516,151.939451,2024.0,New South Wales
-34.361801,145.883182,2005.0,New South Wales
-33.419015,150.262991,2015.0,New South Wales
-36.051519,148.326233,2021.0,New South Wales
-31.065976,141.761969,2022.0,New South Wales
-33.872635,151.21831,2024.0,New South Wales
-32.253889,148.60778,2024.0,New South Wales
-35.412331,149.536147,2004.0,New South Wales
-30.739956,150.262371,2022.0,New South Wales
-35.0,149.9,2020.0,New South Wales
-33.715171,150.447852,2003.0,New South Wales
-33.780718,150.707736,2025.0,New South Wales
-32.06324,151.6887,2014.0,New South Wales
-35.529667,144.961344,1996.0,New South Wales
-33.878932,150.999565,2024.0,New South Wales
-33.835121,151.008817,2024.0,New South Wales
-35.852999,147.45814,2022.0,New South Wales
-35.670813,150.267198,2025.0,New South Wales
-33.9464,151.013217,2020.0,New South Wales
-29.4,153.3,2016.0,New South Wales
-33.430165,150.260458,2016.0,New South Wales
-30.393651,149.227782,2007.0,New South Wales
-30.457512,149.194688,2020.0,New South Wales
-34.482431,150.538089,2016.0,New South Wales
-33.18402,149.14931,2014.0,New South Wales
-30.53861,150.157707,2023.0,New South Wales
-33.3,151.4,2024.0,New South Wales
-33.808772,151.297103,2022.0,New South Wales
-33.291311,151.212139,2005.0,New South Wales
-29.1,152.0,2025.0,New South Wales
-33.763246,151.266019,2023.0,New South Wales
-32.40451,151.957039,,New South Wales
-31.050583,152.374165,2022.0,New South Wales
-37.429003,149.937409,,New South Wales
-35.784484,147.777606,2022.0,New South Wales
-33.257107,151.487407,2000.0,New South Wales
-29.548651,149.700866,1977.0,New South Wales
-34.483098,150.424455,2020.0,New South Wales
-33.723807,151.09599,2021.0,New South Wales
-36.357541,149.747878,2024.0,New South Wales
-31.1,150.9,2020.0,New South Wales
-30.592017,149.153683,2019.0,New South Wales
-30.609506,149.23442,2021.0,New South Wales
-32.2,148.5,2024.0,New South Wales
-32.330482,151.940735,,New South Wales
-36.758729,149.409855,1990.0,New South Wales
-32.987661,151.582987,2005.0,New South Wales
-33.411914,150.252152,2016.0,New South Wales
-32.285386,152.025345,2024.0,New South Wales
-31.84243,151.6182,2014.0,New South Wales
-36.65308,149.42747,2013.0,New South Wales
-33.7,150.8,2024.0,New South Wales
-33.0,148.6,2023.0,New South Wales
-32.626,150.7407,2018.0,New South Wales
-35.94373,148.92001,2013.0,New South Wales
-33.3,151.4,2024.0,New South Wales
-33.399075,146.001827,2024.0,New South Wales
-30.545839,149.124897,2017.0,New South Wales
-35.9,150.0,2025.0,New South Wales
-33.04055,150.023254,2024.0,New South Wales
-36.937613,149.875764,,New South Wales
-28.3,153.5,2019.0,New South Wales
-30.545839,149.124897,2022.0,New South Wales
-34.5,145.2,2017.0,New South Wales
-30.658014,149.205774,2018.0,New South Wales
-32.239574,151.265726,,New South Wales
-37.145498,149.849853,1986.0,New South Wales
-32.490565,145.606123,2025.0,New South Wales
-31.7,148.6,2022.0,New South Wales
-33.882477,150.960192,2025.0,New South Wales
-30.545839,149.124897,2019.0,New South Wales
-34.18317,142.671716,2016.0,New South Wales
-31.165173,152.365492,2022.0,New South Wales
-34.3,151.0,2015.0,New South Wales
-30.641527,149.193469,2020.0,New South Wales
-29.359423,153.28212,2018.0,New South Wales
-32.96971,150.70485,2014.0,New South Wales
-30.534461,150.125091,2024.0,New South Wales
-36.23692,148.25342,2013.0,New South Wales
-33.9,151.2,2024.0,New South Wales
-34.114969,142.541881,2016.0,New South Wales
-33.920587,151.080824,2024.0,New South Wales
-30.509723,149.408227,2021.0,New South Wales
-33.7,150.9,2021.0,New South Wales
-30.099629,153.163437,2025.0,New South Wales
-37.280032,149.451875,2019.0,New South Wales
-33.18402,149.14931,2014.0,New South Wales
-28.677797,152.757471,2002.0,New South Wales
-34.208707,142.622304,2016.0,New South Wales
-33.7,150.7,2021.0,New South Wales
-30.366299,150.273174,2022.0,New South Wales
-33.3,151.4,2025.0,New South Wales
-37.174697,149.326525,2024.0,New South Wales
-33.92875,151.051662,2021.0,New South Wales
-37.155998,149.409468,1991.0,New South Wales
-36.25429,149.58817,2014.0,New South Wales
-28.8,153.3,2023.0,New South Wales
-33.745408,150.693624,2020.0,New South Wales
-33.3,151.4,2024.0,New South Wales
-37.174005,149.343341,2024.0,New South Wales
-33.832261,151.083861,2023.0,New South Wales
-32.2,151.7,2024.0,New South Wales
-30.546962,149.305822,2017.0,New South Wales
-31.456465,152.130861,2022.0,New South Wales
-33.9318,150.63498,2015.0,New South Wales
-37.159346,149.369845,2024.0,New South Wales
-30.666353,149.133241,2019.0,New South Wales
-33.918189,150.863455,2021.0,New South Wales
-30.636604,149.161806,2020.0,New South Wales
-30.567364,149.229624,2017.0,New South Wales
-31.419488,152.107655,2022.0,New South Wales
-33.379674,150.210172,2018.0,New South Wales
-30.301483,145.166227,2015.0,New South Wales
-35.432,148.77619,2016.0,New South Wales
-28.930839,152.320839,2001.0,New South Wales
-28.4,152.3,2024.0,New South Wales
-33.105096,150.045116,2013.0,New South Wales
-30.4,151.9,2020.0,New South Wales
-37.001984,149.822011,1991.0,New South Wales
-33.9,151.1,2019.0,New South Wales
-30.5,152.8,2016.0,New South Wales
-32.872262,145.748424,2021.0,New South Wales
-29.96154,152.54582,2013.0,New South Wales
-32.2185,149.37014,2012.0,New South Wales
-33.7,150.8,2025.0,New South Wales
-30.393856,149.564853,2007.0,New South Wales
-33.3,151.4,2024.0,New South Wales
-32.719424,148.196342,1996.0,New South Wales
-32.34973,150.10235,2013.0,New South Wales
-34.206086,150.581161,2016.0,New South Wales
-34.071526,149.69177,2022.0,New South Wales
-30.32776,150.856609,2024.0,New South Wales
-33.883204,151.220508,2025.0,New South Wales
-29.133416,152.311801,1999.0,New South Wales
-36.4,148.2,2021.0,New South Wales
-31.049426,152.34718,2022.0,New South Wales
-32.16073,149.715766,2013.0,New South Wales
-30.095019,152.188509,2021.0,New South Wales
-34.137004,149.651229,2022.0,New South Wales
-30.388185,150.23477,2022.0,New South Wales
-35.78298,149.15884,2019.0,New South Wales
-32.219281,149.78709,2003.0,New South Wales
-30.034642,152.242262,2022.0,New South Wales
-33.0,149.4,2023.0,New South Wales
-29.714963,147.461507,2003.0,New South Wales
-35.91111,147.637536,2021.0,New South Wales
-34.273497,149.247074,2017.0,New South Wales
-33.983369,151.044851,2021.0,New South Wales
-36.795346,149.033767,2007.0,New South Wales
-36.4,148.4,2025.0,New South Wales
-33.361133,147.990417,2025.0,New South Wales
-31.456465,152.130861,2022.0,New South Wales
-33.092304,146.21514,2021.0,New South Wales
-35.661792,150.253744,2020.0,New South Wales
-35.5736,148.626774,2021.0,New South Wales
-33.9,149.0,2019.0,New South Wales
-31.0,152.8,2015.0,New South Wales
-33.70927,151.10595,2013.0,New South Wales
-34.342018,150.855713,2015.0,New South Wales
-35.56,149.921,2020.0,New South Wales
-33.93124,150.63643,2016.0,New South Wales
-35.4005,148.43447,2013.0,New South Wales
-33.917043,150.971812,1996.0,New South Wales
-35.94373,148.92001,2013.0,New South Wales
-30.658014,149.205774,2018.0,New South Wales
-33.79626,151.18112,2016.0,New South Wales
-35.527583,148.619107,2020.0,New South Wales
-33.745408,150.693624,2022.0,New South Wales
-34.208707,142.622304,2017.0,New South Wales
-35.127265,147.361921,2021.0,New South Wales
-33.946042,150.856124,2025.0,New South Wales
-33.81637,151.070443,2024.0,New South Wales
-35.94373,148.92001,2015.0,New South Wales
-30.29511,150.86323,2022.0,New South Wales
-33.9,150.9,2022.0,New South Wales
-34.452403,149.930369,1999.0,New South Wales
-33.863412,150.940998,2023.0,New South Wales
-34.256437,150.252415,2023.0,New South Wales
-37.266018,149.910698,2024.0,New South Wales
-33.773588,150.789828,2023.0,New South Wales
-30.522257,149.228486,2020.0,New South Wales
-29.0,147.6,2026.0,New South Wales
-30.996186,150.232313,2024.0,New South Wales
-33.942087,150.854168,2025.0,New South Wales
-33.814476,150.878095,1996.0,New South Wales
-33.725736,150.989839,2024.0,New South Wales
-36.607889,149.71815,1989.0,New South Wales
-29.49679,151.95861,2017.0,New South Wales
-30.45966,152.898785,2025.0,New South Wales
-33.0,151.0,2022.0,New South Wales
-33.3,151.4,2024.0,New South Wales
-33.6,150.2,2024.0,New South Wales
-33.872411,151.236818,2024.0,New South Wales
-32.914041,145.72823,2021.0,New South Wales
-34.0,151.0,2026.0,New South Wales
-30.98198,152.14046,2014.0,New South Wales
-29.5497,151.68844,2017.0,New South Wales
-33.93126,150.63672,2013.0,New South Wales
-31.022912,152.303783,2022.0,New South Wales
-29.275559,146.306176,2009.0,New South Wales
-31.07704,150.09,2023.0,New South Wales
-29.378866,153.350406,,New South Wales
-33.8,150.7,2018.0,New South Wales
-34.5,146.3,2019.0,New South Wales
-35.628352,149.514792,2003.0,New South Wales
-34.23517,150.85357,2014.0,New South Wales
-34.472843,150.784864,2017.0,New South Wales
-32.181745,152.501115,1994.0,New South Wales
-34.034845,151.219114,2009.0,New South Wales
-33.946395,150.855371,2026.0,New South Wales
-35.87113,147.58971,2013.0,New South Wales
-33.723083,150.39408,2007.0,New South Wales
-33.676943,150.612183,2021.0,New South Wales
-32.285386,152.025345,2024.0,New South Wales
-34.137004,149.651229,2022.0,New South Wales
-33.3,151.4,2025.0,New South Wales
-37.174005,149.343341,2023.0,New South Wales
-33.04055,150.023254,2024.0,New South Wales
-33.87127,150.95239,2017.0,New South Wales
-35.661792,150.253744,2022.0,New South Wales
-30.718352,150.237092,2022.0,New South Wales
-32.327692,149.949016,2025.0,New South Wales
-33.878328,151.109644,2024.0,New South Wales
-34.0,151.1,2020.0,New South Wales
-36.899296,149.582589,1969.0,New South Wales
-32.127475,149.707097,2005.0,New South Wales
-28.543759,153.491777,2017.0,New South Wales
-37.39893,149.802959,1991.0,New South Wales
-37.139456,149.376158,2023.0,New South Wales
-30.832447,150.165933,2011.0,New South Wales
-34.057311,149.724903,2022.0,New South Wales
-34.429892,150.529709,2014.0,New South Wales
-31.84243,151.6182,2014.0,New South Wales
-32.582367,151.9514,2024.0,New South Wales
-33.386512,151.356278,2016.0,New South Wales
-33.9,151.2,2021.0,New South Wales
-30.568425,149.177354,2020.0,New South Wales
-33.946314,150.855989,2025.0,New South Wales
-35.66034,149.21745,2012.0,New South Wales
-33.015182,150.031434,2024.0,New South Wales
-30.735814,150.304659,2024.0,New South Wales
-31.61647,152.41047,2014.0,New South Wales
-34.208707,142.622304,2018.0,New South Wales
-30.557511,152.65383,2017.0,New South Wales
-33.3,151.4,2025.0,New South Wales
-30.323603,152.582259,,New South Wales
-32.288235,152.042978,2024.0,New South Wales
-31.165173,152.365492,2022.0,New South Wales
-28.66341,152.48678,2012.0,New South Wales
-33.945976,150.855834,2025.0,New South Wales
-30.67409,152.948658,2023.0,New South Wales
-34.199344,150.895153,2016.0,New South Wales
-32.9,151.8,2020.0,New South Wales
-33.781746,151.251155,1998.0,New South Wales
-37.05067,149.789355,2021.0,New South Wales
-30.477744,149.227504,2021.0,New South Wales
-36.507551,149.770453,1990.0,New South Wales
-30.426404,150.49441,2022.0,New South Wales
-34.662992,150.297089,,New South Wales
-36.65308,149.42747,2013.0,New South Wales
-33.078493,151.640453,2001.0,New South Wales
-32.9,151.8,2021.0,New South Wales
-35.0746,150.21181,2014.0,New South Wales
-33.3,149.1,2023.0,New South Wales
-29.17946,151.01701,2014.0,New South Wales
-30.459608,149.864919,2021.0,New South Wales
-33.938547,151.108184,2025.0,New South Wales
-37.264265,149.419319,2019.0,New South Wales
-31.84243,151.6182,2014.0,New South Wales
-31.3,148.9,2021.0,New South Wales
-30.22644,153.13771,2013.0,New South Wales
-33.3,151.4,2025.0,New South Wales
-36.036467,150.121986,2021.0,New South Wales
-37.291605,149.918519,1986.0,New South Wales
-33.65369,150.73637,2015.0,New South Wales
-33.390875,151.459615,2012.0,New South Wales
-32.024436,151.440537,2023.0,New South Wales
-33.954802,151.049237,2021.0,New South Wales
-33.5,151.3,2025.0,New South Wales
-33.8,149.3,2025.0,New South Wales
-35.589279,149.918288,1998.0,New South Wales
-33.95691,151.217419,2006.0,New South Wales
-33.399703,150.574676,1997.0,New South Wales
-30.642613,149.182945,2020.0,New South Wales
-33.940237,151.148912,2024.0,New South Wales
-33.9,151.0,2016.0,New South Wales
-29.315923,151.917752,2015.0,New South Wales
-31.14963,152.38109,2019.0,New South Wales
-30.526104,148.988762,2017.0,New South Wales
-34.286431,150.251123,2022.0,New South Wales
-30.540973,150.111889,2024.0,New South Wales
-33.790134,150.767352,2015.0,New South Wales
-33.3,151.4,2024.0,New South Wales
-35.6,150.3,2025.0,New South Wales
-33.83513,151.00882,2019.0,New South Wales
-33.7,143.1,2015.0,New South Wales
-31.022524,152.339188,2021.0,New South Wales
-37.174005,149.343341,2023.0,New South Wales
-31.078344,150.099975,2020.0,New South Wales
-30.325254,153.111066,2007.0,New South Wales
-32.964608,151.683205,2017.0,New South Wales
-30.64687,152.98437,2018.0,New South Wales
-34.0,150.9,2023.0,New South Wales
-30.576709,149.128695,2019.0,New South Wales
-31.145743,152.36308,2021.0,New South Wales
-30.503916,149.215329,2017.0,New South Wales
-36.755089,148.442284,2009.0,New South Wales
-34.437082,150.707602,2016.0,New South Wales
-33.935135,151.116214,2007.0,New South Wales
-35.785155,150.223319,2022.0,New South Wales
-31.165173,152.365492,2022.0,New South Wales
-32.491196,151.068492,2023.0,New South Wales
-31.84243,151.6182,2014.0,New South Wales
-34.836868,147.851904,2015.0,New South Wales
-30.449963,149.247536,2021.0,New South Wales
-33.686783,151.219771,2016.0,New South Wales
-33.31886,149.1076,2015.0,New South Wales
-36.459618,149.891466,1991.0,New South Wales
-34.032997,151.073307,2024.0,New South Wales
-32.917037,145.65464,2021.0,New South Wales
-33.956023,151.116275,2025.0,New South Wales
-30.600226,150.069731,2023.0,New South Wales
-30.6,152.2,2023.0,New South Wales
-29.490446,152.328482,1993.0,New South Wales
-31.010032,152.354864,2022.0,New South Wales
-34.01691,151.08312,2019.0,New South Wales
-33.117214,151.479093,2003.0,New South Wales
-31.032672,152.337986,2022.0,New South Wales
-33.7,150.8,2024.0,New South Wales
-33.819784,150.022259,2014.0,New South Wales
-29.69606,150.60789,2014.0,New South Wales
-36.913527,149.751411,1980.0,New South Wales
-30.36985,152.30007,2021.0,New South Wales
-34.3735,150.50722,2014.0,New South Wales
-33.390723,150.204369,2012.0,New South Wales
-33.84271,150.89922,2015.0,New South Wales
-29.64655,151.33182,2014.0,New South Wales
-30.477198,149.227402,2021.0,New South Wales
-30.584906,149.216039,2019.0,New South Wales
-31.84243,151.6182,2017.0,New South Wales
-34.0,150.9,2025.0,New South Wales
-32.8,151.4,2023.0,New South Wales
-32.84927,150.22691,2012.0,New South Wales
-33.747129,150.818724,2025.0,New South Wales
-32.62546,149.56267,2021.0,New South Wales
-35.43199,148.77079,2013.0,New South Wales
-36.24163,148.24793,2018.0,New South Wales
-28.78874,153.58238,2013.0,New South Wales
-34.071526,149.69177,2022.0,New South Wales
-32.0,152.6,2024.0,New South Wales
-30.4,152.4,2021.0,New South Wales
-35.07162,150.20557,2013.0,New South Wales
-37.13359,149.386882,2023.0,New South Wales
-34.3,150.2,2025.0,New South Wales
-32.406536,142.367734,1987.0,New South Wales
-34.45815,150.198133,2014.0,New South Wales
-33.77326,151.22204,2019.0,New South Wales
-37.172331,149.456722,,New South Wales
-33.456478,151.220363,1978.0,New South Wales
-31.84243,151.6182,2014.0,New South Wales
-33.18402,149.14931,2014.0,New South Wales
-34.651114,150.716644,2017.0,New South Wales
-33.081599,151.611319,2001.0,New South Wales
-36.65308,149.42747,2013.0,New South Wales
-33.9,151.1,2023.0,New South Wales
-28.28418,152.60003,,New South Wales
-33.797859,150.656049,2002.0,New South Wales
-30.0,148.2,2020.0,New South Wales
-30.298206,153.11573,2023.0,New South Wales
-28.398903,153.228716,1995.0,New South Wales
-30.477676,149.201377,2021.0,New South Wales
-33.667009,150.938455,2024.0,New South Wales
-33.828081,150.00365,2020.0,New South Wales
-31.61647,152.41047,2020.0,New South Wales
-33.047365,150.039668,2024.0,New South Wales
-33.903127,150.051466,2004.0,New South Wales
-33.49463,151.309244,2025.0,New South Wales
-35.1,150.5,2025.0,New South Wales
-32.219281,149.78709,2003.0,New South Wales
-31.548732,152.177217,1996.0,New South Wales
-35.690675,150.268411,2022.0,New South Wales
-30.28096,150.85105,2022.0,New South Wales
-33.63151,146.55734,2000.0,New South Wales
-31.199332,152.40389,2023.0,New South Wales
-37.23115,149.48419,2014.0,New South Wales
-33.076206,151.094714,2023.0,New South Wales
-30.592017,149.153683,2019.0,New South Wales
-35.630176,148.424844,,New South Wales
-30.503916,149.215329,2020.0,New South Wales
-35.07026,150.21166,2013.0,New South Wales
-33.811264,151.060093,2024.0,New South Wales
-31.049426,152.34718,2022.0,New South Wales
-36.07933,148.20487,2023.0,New South Wales
-34.439809,150.716995,2016.0,New South Wales
-33.386512,151.356278,2016.0,New South Wales
-29.3,153.0,2025.0,New South Wales
-30.3,143.8,2020.0,New South Wales
-34.2203,142.6,2016.0,New South Wales
-29.6,153.2,2019.0,New South Wales
-35.79075,150.21166,2017.0,New South Wales
-32.206738,150.584265,1978.0,New South Wales
-30.428311,150.316217,2023.0,New South Wales
-36.25429,149.58817,2014.0,New South Wales
-33.9,151.2,2023.0,New South Wales
-30.592017,149.153683,2019.0,New South Wales
-31.129341,151.025944,2021.0,New South Wales
-34.079294,149.927196,2001.0,New South Wales
-29.831584,152.81932,2009.0,New South Wales
-37.163188,149.400593,2023.0,New South Wales
-35.881203,147.584515,2021.0,New South Wales
-34.68754,150.726779,2018.0,New South Wales
-37.27547,149.719977,2023.0,New South Wales
-33.969311,146.051039,2025.0,New South Wales
-34.3735,150.50722,2014.0,New South Wales
-34.703142,150.732389,2018.0,New South Wales
-33.3,151.4,2024.0,New South Wales
-33.95172,151.041581,2017.0,New South Wales
-33.930593,150.639198,2015.0,New South Wales
-33.825788,151.203649,2021.0,New South Wales
-34.710525,150.705866,2017.0,New South Wales
-33.812138,150.928385,2022.0,New South Wales
-34.66749,150.67756,2020.0,New South Wales
-30.477744,149.227504,2021.0,New South Wales
-36.65308,149.42747,2013.0,New South Wales
-33.848372,151.068097,2010.0,New South Wales
-35.572723,148.626515,2021.0,New South Wales
-33.420513,151.376591,2025.0,New South Wales
-36.25429,149.58817,2014.0,New South Wales
-33.898877,151.140614,2011.0,New South Wales
-33.93182,150.63799,2013.0,New South Wales
-30.922707,144.454675,2024.0,New South Wales
-37.04773,149.56842,2012.0,New South Wales
-30.500435,149.253793,2021.0,New South Wales
-33.6139,151.328115,2003.0,New South Wales
-37.002634,149.38158,1986.0,New South Wales
-33.931732,150.919766,2021.0,New South Wales
-33.3,149.4,2019.0,New South Wales
-35.18368,149.80389,2012.0,New South Wales
-34.438738,150.739408,2016.0,New South Wales
-37.273183,149.603773,1992.0,New South Wales
-31.87245,151.552757,2002.0,New South Wales
-37.139456,149.376158,2024.0,New South Wales
-30.298612,153.109392,2020.0,New South Wales
-36.5,148.3,2019.0,New South Wales
-30.502544,149.038718,2017.0,New South Wales
-29.01617,152.69213,2012.0,New South Wales
-34.961751,146.825978,1998.0,New South Wales
-29.69606,150.60789,2014.0,New South Wales
-37.02243,148.75943,2012.0,New South Wales
-30.899001,148.768447,2007.0,New South Wales
-30.593594,150.084462,2024.0,New South Wales
-30.142388,152.555001,2018.0,New South Wales
-33.41414,149.554196,,New South Wales
-34.141797,149.66703,2021.0,New South Wales
-29.45278,152.00929,2019.0,New South Wales
-33.076206,151.094714,2023.0,New South Wales
-35.43199,148.77079,2013.0,New South Wales
-30.8,143.8,2022.0,New South Wales
-31.61647,152.41047,2014.0,New South Wales
-33.347994,151.489764,2013.0,New South Wales
-36.720171,149.923599,,New South Wales
-36.25429,149.58817,2014.0,New South Wales
-31.9,151.8,2024.0,New South Wales
-30.983656,152.134946,2021.0,New South Wales
-35.44728,148.65433,2021.0,New South Wales
-34.691164,150.152934,2018.0,New South Wales
-34.703142,150.732389,2018.0,New South Wales
-33.89265,150.711819,,New South Wales
-34.703142,150.732389,2017.0,New South Wales
-31.065627,152.758908,2006.0,New South Wales
-32.0,148.0,2025.0,New South Wales
-32.770274,151.630502,2024.0,New South Wales
-29.95421,150.7612,2012.0,New South Wales
-30.0666,152.36635,2012.0,New South Wales
-33.3,151.4,2024.0,New South Wales
-31.309125,149.017142,2014.0,New South Wales
-32.180655,149.676163,2012.0,New South Wales
-35.729395,147.957584,2004.0,New South Wales
-30.636452,149.21108,2022.0,New South Wales
-29.7,151.9,2016.0,New South Wales
-33.805764,151.295984,2023.0,New South Wales
-36.962422,149.727779,2021.0,New South Wales
-32.62522,149.56793,2013.0,New South Wales
-29.914568,152.144591,2022.0,New South Wales
-31.452926,152.832697,2000.0,New South Wales
-33.3,151.4,2025.0,New South Wales
-35.654457,148.663803,,New South Wales
-31.1,151.0,2020.0,New South Wales
-34.209472,142.638321,2017.0,New South Wales
-34.360064,150.190543,2024.0,New South Wales
-36.864108,149.933565,,New South Wales
-33.82576,151.03107,2017.0,New South Wales
-33.991901,150.803798,2007.0,New South Wales
-34.497385,150.755032,2016.0,New South Wales
-35.2,149.2,2021.0,New South Wales
-32.104947,148.306961,2003.0,New South Wales
-32.53685,145.448978,2021.0,New South Wales
-31.84243,151.6182,2014.0,New South Wales
-30.723291,150.345471,2014.0,New South Wales
-30.476286,149.255546,2021.0,New South Wales
-36.25429,149.58817,2014.0,New South Wales
-34.139807,142.552935,2022.0,New South Wales
-32.850665,151.332112,2014.0,New South Wales
-30.545738,149.207876,2021.0,New South Wales
-33.88381,151.22839,2016.0,New South Wales
-31.581267,147.066015,1995.0,New South Wales
-30.574234,149.130333,2020.0,New South Wales
-34.483098,150.424455,2021.0,New South Wales
-36.61236,148.253897,2015.0,New South Wales
-30.500421,149.355461,2019.0,New South Wales
-34.362327,147.430247,1996.0,New South Wales
-33.2,149.2,2020.0,New South Wales
-36.336974,149.742116,1986.0,New South Wales
-29.8,151.9,2016.0,New South Wales
-33.543091,145.787354,1994.0,New South Wales
-33.900261,151.056113,2024.0,New South Wales
-33.3,151.4,2022.0,New South Wales
-34.06395,150.808671,2018.0,New South Wales
-33.790313,150.928916,2025.0,New South Wales
-34.227538,142.778166,2017.0,New South Wales
-31.165173,152.365492,2021.0,New South Wales
-31.61647,152.41047,2014.0,New South Wales
-33.3,151.4,2024.0,New South Wales
-37.189049,149.662976,2024.0,New South Wales
-33.91049,150.927601,2025.0,New South Wales
-30.068434,152.251053,2022.0,New South Wales
-34.3735,150.50722,2014.0,New South Wales
-33.86885,151.20933,2011.0,New South Wales
-35.43199,148.77079,2013.0,New South Wales
-33.015182,150.031434,2024.0,New South Wales
-29.3,153.1,2025.0,New South Wales
-37.152755,149.391526,2023.0,New South Wales
-33.3,151.4,2024.0,New South Wales
-31.447951,152.823564,2022.0,New South Wales
-30.658955,149.15362,2017.0,New South Wales
-33.448121,150.231888,2012.0,New South Wales
-29.5,149.8,2024.0,New South Wales
-31.028526,152.335906,2021.0,New South Wales
-30.60163,151.80039,2012.0,New South Wales
-33.8,150.0,2024.0,New South Wales
-34.223679,142.550131,2017.0,New South Wales
-33.946533,150.855481,2026.0,New South Wales
-33.925686,151.259389,2026.0,New South Wales
-31.381206,146.722833,2010.0,New South Wales
-33.6,150.2,2024.0,New South Wales
-33.7,150.3,2017.0,New South Wales
-34.033,151.07331,2018.0,New South Wales
-34.068105,150.807228,2024.0,New South Wales
-33.0,146.2,2024.0,New South Wales
-33.7,149.5,2025.0,New South Wales
-34.137004,149.651229,2022.0,New South Wales
-35.555377,149.662992,2017.0,New South Wales
-33.917927,150.842013,2024.0,New South Wales
-33.929233,151.012809,2025.0,New South Wales
-35.40485,148.43439,2021.0,New South Wales
-33.339017,151.433475,2023.0,New South Wales
-30.574234,149.130333,2020.0,New South Wales
-33.6,150.2,2025.0,New South Wales
-30.02269,152.24471,2022.0,New South Wales
-35.3,149.6,2017.0,New South Wales
-36.757813,149.454629,,New South Wales
-32.905698,151.48234,2018.0,New South Wales
-29.01617,152.69213,2018.0,New South Wales
-37.202073,149.98069,2021.0,New South Wales
-31.84728,151.61321,2017.0,New South Wales
-33.394939,142.487588,2013.0,New South Wales
-33.913474,151.258744,2023.0,New South Wales
-33.3,151.4,2025.0,New South Wales
-34.214429,142.653384,2017.0,New South Wales
-33.00487,151.111756,1999.0,New South Wales
-34.280422,142.541583,2017.0,New South Wales
-29.2,151.4,2020.0,New South Wales
-30.899559,151.96533,2021.0,New South Wales
-37.081934,149.869964,,New South Wales
-29.8,151.1,2021.0,New South Wales
-33.914935,150.996407,2025.0,New South Wales
-30.337228,150.85289,2023.0,New South Wales
-35.10817,147.35983,2018.0,New South Wales
-33.785876,151.182046,2013.0,New South Wales
-32.880136,151.642144,2008.0,New South Wales
-30.764243,150.290819,2023.0,New South Wales
-35.852607,148.575218,2020.0,New South Wales
-33.97355,146.083558,2024.0,New South Wales
-29.537821,152.270865,2022.0,New South Wales
-32.9,151.6,2015.0,New South Wales
-33.630972,150.716567,2006.0,New South Wales
-33.841243,151.010648,2024.0,New South Wales
-36.25429,149.58817,2014.0,New South Wales
-35.50372,148.65372,,New South Wales
-29.384281,153.350425,1997.0,New South Wales
-34.3,150.0,2023.0,New South Wales
-31.61171,152.41547,2014.0,New South Wales
-33.848372,151.068097,2009.0,New South Wales
-36.395476,150.067631,,New South Wales
-33.0,151.1,2024.0,New South Wales
-33.18402,149.14931,2014.0,New South Wales
-29.198472,145.16278,2024.0,New South Wales
-30.41726,151.629007,2017.0,New South Wales
-30.7,148.7,2015.0,New South Wales
-32.299716,152.039167,2024.0,New South Wales
-30.833234,150.171417,2011.0,New South Wales
-33.6,150.2,2023.0,New South Wales
-33.811264,151.060093,2020.0,New South Wales
-37.166756,149.517868,2015.0,New South Wales
-35.902955,147.762732,2022.0,New South Wales
-30.541795,149.229834,2017.0,New South Wales
-36.7,148.5,2018.0,New South Wales
-33.646758,151.284382,2000.0,New South Wales
-29.64655,151.33182,2014.0,New South Wales
-30.567364,149.229624,2017.0,New South Wales
-36.25429,149.58817,2014.0,New South Wales
-33.83869,151.05478,2019.0,New South Wales
-31.7,148.6,2025.0,New South Wales
-33.909013,150.988039,2021.0,New South Wales
-36.74958,149.48112,2014.0,New South Wales
-32.72563,150.97689,2020.0,New South Wales
-33.48623,150.11185,2012.0,New South Wales
-30.554605,149.13687,2019.0,New South Wales
-34.0,150.8,2019.0,New South Wales
-35.58166,150.31915,2014.0,New South Wales
-35.07026,150.21166,2013.0,New South Wales
-33.6,150.2,2025.0,New South Wales
-33.89356,150.88896,2019.0,New South Wales
-33.899284,150.996294,2021.0,New South Wales
-36.65308,149.42747,2013.0,New South Wales
-33.686364,151.285697,2008.0,New South Wales
-33.851817,151.283306,2025.0,New South Wales
-32.0,152.3,2024.0,New South Wales
-33.4,151.4,2025.0,New South Wales
-31.476182,152.118559,2022.0,New South Wales
-33.953226,151.140654,2024.0,New South Wales
-35.59093,148.69669,2016.0,New South Wales
-28.63786,152.513798,,New South Wales
-31.972571,150.922176,2016.0,New South Wales
-30.658593,149.149674,2020.0,New South Wales
-29.122369,153.416845,2014.0,New South Wales
-32.84927,150.22691,2012.0,New South Wales
-33.6,150.2,2024.0,New South Wales
-31.251265,152.749693,2018.0,New South Wales
-31.028526,152.335906,2022.0,New South Wales
-29.7,151.5,2016.0,New South Wales
-36.25429,149.58817,2014.0,New South Wales
-35.2,149.2,2022.0,New South Wales
-34.20885,150.01118,2013.0,New South Wales
-31.5,145.8,2026.0,New South Wales
-33.579732,151.328806,1990.0,New South Wales
-33.701175,151.004951,2001.0,New South Wales
-36.65308,149.42747,2013.0,New South Wales
-30.70748,150.336604,2017.0,New South Wales
-30.595123,149.04864,2016.0,New South Wales
-30.638859,149.214408,2019.0,New South Wales
-33.3,151.4,2025.0,New South Wales
-34.1,150.8,2023.0,New South Wales
-34.703142,150.732389,2018.0,New South Wales
-31.954904,150.029623,2018.0,New South Wales
-35.509753,148.269375,1976.0,New South Wales
-33.3,151.4,2025.0,New South Wales
-35.218176,150.395204,2025.0,New South Wales
-34.224236,142.674409,2018.0,New South Wales
-31.199332,152.40389,2023.0,New South Wales
-30.117272,152.788922,2021.0,New South Wales
-34.531334,150.647784,2023.0,New South Wales
-37.241779,149.667649,2024.0,New South Wales
-32.5917,151.664905,1993.0,New South Wales
-37.04773,149.56842,2016.0,New South Wales
-33.799342,151.067746,2016.0,New South Wales
-36.905471,149.461599,1991.0,New South Wales
-33.9,151.1,2025.0,New South Wales
-30.647929,149.215835,2019.0,New South Wales
-34.20885,150.01118,2013.0,New South Wales
-33.8,151.3,2020.0,New South Wales
-28.378195,153.059581,2018.0,New South Wales
-29.96402,152.54792,2013.0,New South Wales
-31.045552,152.340579,2022.0,New South Wales
-31.01885,152.340231,2021.0,New South Wales
-31.61647,152.41047,2019.0,New South Wales
-30.161941,152.540241,2016.0,New South Wales
-33.6,150.2,2024.0,New South Wales
-34.74792,149.72774,2019.0,New South Wales
-33.67002,150.2943,2021.0,New South Wales
-35.18368,149.80389,2012.0,New South Wales
-34.599043,150.866904,2025.0,New South Wales
-37.1609,149.38646,2013.0,New South Wales
-34.3,150.8,2016.0,New South Wales
-33.780831,150.657204,2002.0,New South Wales
-31.643317,152.593596,2024.0,New South Wales
-33.4,151.4,2019.0,New South Wales
-31.14895,152.37632,2014.0,New South Wales
-34.29778,150.70612,2013.0,New South Wales
-36.073738,146.913534,2025.0,New South Wales
-33.837109,150.96809,2021.0,New South Wales
-30.630227,149.213117,2020.0,New South Wales
-34.245576,142.685235,2018.0,New South Wales
-33.729049,150.797792,2014.0,New South Wales
-28.372943,153.058178,2018.0,New South Wales
-29.93227,144.100659,1977.0,New South Wales
-29.64655,151.33182,2014.0,New South Wales
-36.06449,148.18203,2023.0,New South Wales
-29.6,152.8,2025.0,New South Wales
-31.84243,151.6182,2014.0,New South Wales
-34.209472,142.638321,2017.0,New South Wales
-30.080395,152.790435,2003.0,New South Wales
-30.519852,149.374306,2022.0,New South Wales
-34.429892,150.529709,2014.0,New South Wales
-33.702752,150.867087,2024.0,New South Wales
-30.348678,153.070197,2019.0,New South Wales
-37.334515,149.739768,2010.0,New South Wales
-32.316808,152.009769,2024.0,New South Wales
-30.0666,152.36635,2012.0,New South Wales
-30.543006,149.358219,2018.0,New South Wales
-30.0666,152.36635,2012.0,New South Wales
-36.25429,149.58817,2014.0,New South Wales
-31.002781,152.354568,2022.0,New South Wales
-36.05469,148.24534,2023.0,New South Wales
-33.416198,150.26037,2019.0,New South Wales
-36.454894,149.277688,,New South Wales
-35.4364,148.62263,2022.0,New South Wales
-33.7953,151.01218,2019.0,New South Wales
-33.406551,151.396319,,New South Wales
-33.9394,151.14763,2016.0,New South Wales
-36.23911,148.37052,2014.0,New South Wales
-31.028526,152.335906,2022.0,New South Wales
-34.5,150.9,2021.0,New South Wales
-33.416198,150.26037,2020.0,New South Wales
-32.338256,149.788684,2021.0,New South Wales
-33.86885,151.20933,2018.0,New South Wales
-35.21077,150.52469,2012.0,New South Wales
-32.736884,151.88709,2013.0,New South Wales
-33.961717,151.100913,2021.0,New South Wales
-33.4,151.4,2025.0,New South Wales
-30.428311,150.316217,2022.0,New South Wales
-31.456465,152.15231,2021.0,New South Wales
-31.61199,152.41014,2014.0,New South Wales
-33.8,151.0,2025.0,New South Wales
-37.027096,149.901614,,New South Wales
-34.182781,150.889424,2015.0,New South Wales
-30.610096,150.297399,2024.0,New South Wales
-35.889911,147.756532,2021.0,New South Wales
-36.23911,148.37052,2014.0,New South Wales
-29.40328,151.3521,2014.0,New South Wales
-32.993892,151.05928,2020.0,New South Wales
-31.01885,152.340231,2021.0,New South Wales
-29.70068,150.60695,2018.0,New South Wales
-31.199332,152.40389,2022.0,New South Wales
-33.680845,151.214623,2006.0,New South Wales
-29.96154,152.54582,2013.0,New South Wales
-31.14895,152.37632,2014.0,New South Wales
-28.970423,152.385233,2025.0,New South Wales
-34.3735,150.50722,2014.0,New South Wales
-34.140646,150.813586,1995.0,New South Wales
-37.163188,149.400593,2023.0,New South Wales
-34.174579,142.542184,2016.0,New South Wales
-29.5497,151.68844,2012.0,New South Wales
-34.127654,142.546284,2022.0,New South Wales
-33.293243,149.063078,2022.0,New South Wales
-31.84243,151.6182,2014.0,New South Wales
-36.48131,149.736038,,New South Wales
-31.456465,152.130861,2022.0,New South Wales
-33.902915,150.867134,2024.0,New South Wales
-32.288985,151.980309,2024.0,New South Wales
-35.7539,149.5832,2018.0,New South Wales
-30.55055,149.134423,2019.0,New South Wales
-34.4831,150.42446,2015.0,New South Wales
-35.6,149.3,2020.0,New South Wales
-35.877086,147.594902,2021.0,New South Wales
-31.363,150.633,2009.0,New South Wales
-36.65308,149.42747,2013.0,New South Wales
-35.07474,150.20619,2013.0,New South Wales
-33.8,150.1,2025.0,New South Wales
-35.58166,150.31915,2014.0,New South Wales
-33.016759,151.603932,2003.0,New South Wales
-33.872254,151.203188,2018.0,New South Wales
-33.746632,150.87235,2023.0,New South Wales
-32.7443,151.2395,2017.0,New South Wales
-35.866824,150.056974,2014.0,New South Wales
-34.307332,146.097326,2004.0,New South Wales
-34.137004,149.651229,2022.0,New South Wales
-33.3,151.4,2025.0,New South Wales
-31.098438,150.086107,2020.0,New South Wales
-30.546962,149.305822,2017.0,New South Wales
-35.07026,150.21166,2013.0,New South Wales
-30.7,144.0,2022.0,New South Wales
-30.589038,149.230399,2017.0,New South Wales
-29.002001,141.001564,2015.0,New South Wales
-35.576017,148.67872,2022.0,New South Wales
-30.995581,150.244006,2024.0,New South Wales
-33.98143,150.83267,2020.0,New South Wales
-31.497494,151.501709,1993.0,New South Wales
-33.362015,151.378706,2015.0,New South Wales
-30.029128,152.644288,2024.0,New South Wales
-33.8,151.1,2021.0,New South Wales
-37.152755,149.391526,2023.0,New South Wales
-34.247272,142.500891,2016.0,New South Wales
-32.466027,149.97865,2025.0,New South Wales
-34.460098,150.619429,2014.0,New South Wales
-33.8,150.0,2025.0,New South Wales
-33.8,151.1,2024.0,New South Wales
-35.94373,148.92001,2015.0,New South Wales
-32.6,149.0,2024.0,New South Wales
-31.049426,152.34718,2022.0,New South Wales
-36.05534,148.25509,2023.0,New South Wales
-32.57735,145.409685,2021.0,New South Wales
-33.909013,150.988039,2020.0,New South Wales
-34.223679,142.550131,2017.0,New South Wales
-33.3,151.4,2024.0,New South Wales
-32.280138,152.016859,2024.0,New South Wales
-31.119942,150.945118,2003.0,New South Wales
-37.251103,149.869476,2010.0,New South Wales
-32.237444,150.586636,1978.0,New South Wales
-30.707979,148.259545,2001.0,New South Wales
-35.6534,148.662808,2022.0,New South Wales
-31.049426,152.34718,2021.0,New South Wales
-35.877086,147.594902,2022.0,New South Wales
-32.4,151.8,2021.0,New South Wales
-30.333952,153.055997,2021.0,New South Wales
-33.816111,151.016944,2017.0,New South Wales
-30.499739,149.227957,2021.0,New South Wales
-33.284845,150.026827,2003.0,New South Wales
-34.325334,148.283356,2023.0,New South Wales
-34.361163,150.743184,2002.0,New South Wales
-33.747173,150.770428,2024.0,New South Wales
-30.497168,149.332433,2019.0,New South Wales
-34.286724,146.569385,2023.0,New South Wales
-34.290213,150.590033,2024.0,New South Wales
-34.016189,150.781534,2024.0,New South Wales
-28.7,153.2,2020.0,New South Wales
-35.45022,148.61464,2022.0,New South Wales
-34.1336,149.641,2012.0,New South Wales
-33.75564,151.15345,2019.0,New South Wales
-33.97945,150.50173,2012.0,New South Wales
-32.3,151.3,2019.0,New South Wales
-33.8,151.1,2024.0,New South Wales
-34.703142,150.732389,2019.0,New South Wales
-30.636452,149.21108,2016.0,New South Wales
-31.199332,152.40389,2023.0,New South Wales
-35.6,144.8,2025.0,New South Wales
-33.73562,151.158243,2011.0,New South Wales
-29.96154,152.54582,2013.0,New South Wales
-33.926136,150.935256,,New South Wales
-33.881627,150.997191,2024.0,New South Wales
-33.836531,151.063658,2021.0,New South Wales
-34.137004,149.651229,2022.0,New South Wales
-34.464416,150.787764,2014.0,New South Wales
-31.6,152.7,2024.0,New South Wales
-33.6,150.2,2024.0,New South Wales
-32.96933,150.57097,2021.0,New South Wales
-36.4,148.2,2021.0,New South Wales
-29.4,151.8,2025.0,New South Wales
-34.463917,150.202567,2015.0,New South Wales
-33.48746,150.10695,2012.0,New South Wales
-37.048022,149.720303,2021.0,New South Wales
-33.886263,151.226425,2025.0,New South Wales
-34.23757,142.510937,2016.0,New South Wales
-30.663463,152.955136,2019.0,New South Wales
-35.138638,150.168706,2024.0,New South Wales
-36.25429,149.58817,2014.0,New South Wales
-30.449963,149.247536,2021.0,New South Wales
-34.3735,150.50722,2014.0,New South Wales
-32.2,148.5,2024.0,New South Wales
-35.91111,147.637536,2021.0,New South Wales
-35.671893,148.482873,2021.0,New South Wales
-30.519293,149.384731,2018.0,New South Wales
-32.181135,152.527997,2002.0,New South Wales
-29.861298,152.447378,2009.0,New South Wales
-33.814407,151.221577,2001.0,New South Wales
-34.618624,150.663263,2015.0,New South Wales
-34.996156,150.718559,,New South Wales
-33.07955,151.354081,1998.0,New South Wales
-30.764243,150.290819,2024.0,New South Wales
-30.526066,149.279664,2017.0,New South Wales
-34.262403,146.032235,2005.0,New South Wales
-33.1016,146.215825,2021.0,New South Wales
-34.20885,150.01118,2013.0,New South Wales
-33.86885,151.20933,2017.0,New South Wales
-34.1,150.6,2018.0,New South Wales
-30.7,143.7,2021.0,New South Wales
-33.935373,151.244356,2024.0,New South Wales
-34.148692,150.762764,2006.0,New South Wales
-30.307016,153.120687,2003.0,New South Wales
-31.61647,152.41047,2014.0,New South Wales
-33.942615,150.854111,2025.0,New South Wales
-30.602089,149.144509,2019.0,New South Wales
-30.449963,149.247536,2020.0,New South Wales
-33.77577,151.10485,2018.0,New South Wales
-33.8,151.0,2016.0,New South Wales
-30.35505,153.08794,2020.0,New South Wales
-32.96971,150.70485,2014.0,New South Wales
-35.662896,148.557751,2021.0,New South Wales
-34.181246,142.55569,2018.0,New South Wales
-33.9,151.0,2016.0,New South Wales
-33.045251,146.006775,2021.0,New South Wales
-35.1,148.9,2026.0,New South Wales
-33.75652,150.98174,2016.0,New South Wales
-35.855586,147.455498,2022.0,New South Wales
-36.25429,149.58817,2014.0,New South Wales
-35.572642,148.514333,2019.0,New South Wales
-28.873082,153.473335,2025.0,New South Wales
-34.280422,142.541583,2017.0,New South Wales
-33.94656,151.06932,2019.0,New South Wales
-29.96154,152.54582,2013.0,New South Wales
-35.573569,148.625031,2021.0,New South Wales
-34.220265,142.600437,2018.0,New South Wales
-32.051978,149.149171,2001.0,New South Wales
-33.849401,150.964792,2024.0,New South Wales
-32.950461,151.719237,2018.0,New South Wales
-36.391145,148.60948,2024.0,New South Wales
-28.262642,153.573488,2020.0,New South Wales
-33.3,151.4,2024.0,New South Wales
-32.0,152.3,2023.0,New South Wales
-29.086876,141.218326,2023.0,New South Wales
-33.986771,151.241986,2010.0,New South Wales
-33.3,151.4,2024.0,New South Wales
-34.667983,150.710761,2018.0,New South Wales
-33.832444,151.083542,2024.0,New South Wales
-28.9,152.5,2024.0,New South Wales
-34.357529,150.818663,2004.0,New South Wales
-35.430387,149.258373,1991.0,New South Wales
-34.065816,149.706361,2022.0,New South Wales
-33.698691,151.134468,1980.0,New South Wales
-33.79736,150.78463,2019.0,New South Wales
-33.3,151.4,2025.0,New South Wales
-33.67863,151.119801,1966.0,New South Wales
-33.430165,150.260458,2015.0,New South Wales
-33.3,151.4,2025.0,New South Wales
-35.031421,143.335522,2014.0,New South Wales
-35.830841,147.600921,2022.0,New South Wales
-31.84708,151.61844,2017.0,New South Wales
-31.285257,152.815604,2018.0,New South Wales
-37.160019,149.397885,1991.0,New South Wales
-31.6,152.6,2024.0,New South Wales
-34.70867,150.45764,2013.0,New South Wales
-33.810267,151.298816,2016.0,New South Wales
-31.6,152.6,2024.0,New South Wales
-34.394134,150.579102,2014.0,New South Wales
-31.476182,152.118559,2021.0,New South Wales
-30.540199,149.355614,2021.0,New South Wales
-34.316523,150.868254,2001.0,New South Wales
-30.475987,149.207284,2016.0,New South Wales
-31.148987,152.367255,2022.0,New South Wales
-32.777587,145.771028,2021.0,New South Wales
-34.232007,150.747891,2016.0,New South Wales
-34.394134,150.579102,2014.0,New South Wales
-29.96154,152.54582,2013.0,New South Wales
-33.725011,151.172318,2021.0,New South Wales
-34.274624,149.91614,2024.0,New South Wales
-28.559483,153.493259,2023.0,New South Wales
-35.877976,148.584072,2020.0,New South Wales
-28.819881,153.313968,2016.0,New South Wales
-33.623092,150.702719,2021.0,New South Wales
-36.000661,148.43655,2018.0,New South Wales
-33.808772,151.297103,2022.0,New South Wales
-36.309423,149.952713,1987.0,New South Wales
-33.040337,151.014634,1999.0,New South Wales
-32.8,148.9,2025.0,New South Wales
-37.164698,149.379336,2023.0,New South Wales
-34.470307,150.869864,2021.0,New South Wales
-34.225521,142.681705,2018.0,New South Wales
-37.285979,149.524815,1992.0,New South Wales
-34.123802,149.668856,2022.0,New South Wales
-35.553598,150.319415,2022.0,New South Wales
-33.703654,151.164662,2021.0,New South Wales
-30.638859,149.214408,2019.0,New South Wales
-35.052175,150.609668,,New South Wales
-32.128478,148.737781,2024.0,New South Wales
-33.6,150.3,2021.0,New South Wales
-35.866824,150.056974,2014.0,New South Wales
-35.060219,150.620825,2009.0,New South Wales
-33.91231,151.10285,2017.0,New South Wales
-29.96154,152.54582,2013.0,New South Wales
-30.616476,149.180924,2022.0,New South Wales
-33.3,151.4,2024.0,New South Wales
-33.8,151.1,2016.0,New South Wales
-32.546299,145.493976,2021.0,New South Wales
-33.745703,150.792944,2022.0,New South Wales
-31.051794,150.936735,1999.0,New South Wales
-31.199332,152.40389,2023.0,New South Wales
-32.994567,151.058299,2020.0,New South Wales
-33.857963,151.08642,2024.0,New South Wales
-33.3,151.4,2023.0,New South Wales
-33.731136,150.838163,2023.0,New South Wales
-29.681698,152.933658,2021.0,New South Wales
-34.245818,142.591901,2016.0,New South Wales
-31.148647,152.358477,2022.0,New South Wales
-33.882832,151.276203,2023.0,New South Wales
-33.3,151.4,2025.0,New South Wales
-29.01418,152.69091,2012.0,New South Wales
-30.638859,149.214408,2019.0,New South Wales
-36.878274,149.907186,1990.0,New South Wales
-34.03703,150.75754,2019.0,New South Wales
-34.703142,150.732389,2020.0,New South Wales
-30.750559,151.357929,2012.0,New South Wales
-33.93182,150.63799,2013.0,New South Wales
-31.753194,152.437823,2001.0,New South Wales
-32.7,151.4,2018.0,New South Wales
-29.68477,152.935818,2024.0,New South Wales
-30.07581,152.234379,2022.0,New South Wales
-33.74678,150.66427,2019.0,New South Wales
-33.274877,151.465628,2001.0,New South Wales
-33.7,150.9,2025.0,New South Wales
-33.895282,151.076816,2021.0,New South Wales
-30.454404,149.22409,2022.0,New South Wales
-36.71884,149.977278,1991.0,New South Wales
-33.8,150.9,2016.0,New South Wales
-34.05342,150.83898,2014.0,New South Wales
-34.0,151.1,2020.0,New South Wales
-34.357644,150.614222,2015.0,New South Wales
-36.883594,149.873735,1991.0,New South Wales
-35.5223,149.26,1991.0,New South Wales
-34.2,150.8,2015.0,New South Wales
-31.022524,152.339188,2021.0,New South Wales
-34.470743,150.867513,2024.0,New South Wales
-30.544403,150.157944,2023.0,New South Wales
-31.036914,147.535614,1991.0,New South Wales
-34.201946,142.55971,2019.0,New South Wales
-30.574199,150.102205,2024.0,New South Wales
-37.139456,149.376158,2024.0,New South Wales
-29.533294,152.324735,2023.0,New South Wales
-34.1,150.8,2024.0,New South Wales
-33.706057,150.709408,2020.0,New South Wales
-36.65308,149.42747,2013.0,New South Wales
-34.912403,150.609006,2018.0,New South Wales
-33.636639,147.386687,1994.0,New South Wales
-33.3,151.4,2025.0,New South Wales
-30.635296,149.185391,2020.0,New South Wales
-33.645194,150.692797,2012.0,New South Wales
-32.68261,151.701109,2015.0,New South Wales
-28.616576,152.489606,,New South Wales
-31.155379,152.367899,2022.0,New South Wales
-31.1,151.0,2020.0,New South Wales
-31.5,145.8,2025.0,New South Wales
-33.53824,149.92891,2014.0,New South Wales
-34.076809,151.121968,2010.0,New South Wales
-35.07474,150.20619,2013.0,New South Wales
-36.89271,149.898037,2025.0,New South Wales
-33.703548,150.827728,2025.0,New South Wales
-34.0,150.9,2015.0,New South Wales
-37.045833,149.732381,2016.0,New South Wales
-32.9,151.8,2021.0,New South Wales
-31.3,152.0,2017.0,New South Wales
-36.981956,149.776765,2020.0,New South Wales
-31.233133,152.809646,2018.0,New South Wales
-34.251527,150.257287,2023.0,New South Wales
-31.5,151.8,2024.0,New South Wales
-31.192868,152.395051,2022.0,New South Wales
-37.004172,149.73243,1994.0,New South Wales
-33.7,151.1,2023.0,New South Wales
-29.96154,152.54582,2013.0,New South Wales
-36.4,148.7,2016.0,New South Wales
-35.07162,150.20557,2015.0,New South Wales
-32.127483,149.706546,2013.0,New South Wales
-37.231532,149.647599,2011.0,New South Wales
-33.1,150.7,2023.0,New South Wales
-34.288422,150.25264,2022.0,New South Wales
-33.982116,151.125749,2023.0,New South Wales
-30.087446,152.183808,2022.0,New South Wales
-34.071526,149.69177,2022.0,New South Wales
-33.3,151.4,2024.0,New South Wales
-32.239135,149.753597,2014.0,New South Wales
-34.295833,142.741546,2016.0,New South Wales
-34.088708,150.563404,2024.0,New South Wales
-30.595251,149.098995,2018.0,New South Wales
-33.870373,151.220578,2023.0,New South Wales
-33.94053,151.18238,2019.0,New South Wales
-30.030878,152.239992,2022.0,New South Wales
-29.61763,152.26811,2014.0,New South Wales
-33.874445,150.951121,2016.0,New South Wales
-34.107236,149.684472,2022.0,New South Wales
-31.44018,151.47775,2012.0,New South Wales
-33.774633,150.934229,2023.0,New South Wales
-32.628939,148.941244,1995.0,New South Wales
-30.6,152.2,2024.0,New South Wales
-35.72719,149.45448,2014.0,New South Wales
-29.938736,153.192775,1994.0,New South Wales
-30.589422,149.256237,2020.0,New South Wales
-33.83513,151.00882,2012.0,New South Wales
-33.74411,150.80644,2019.0,New South Wales
-33.79162,149.255862,2010.0,New South Wales
-36.799992,149.590454,1991.0,New South Wales
-33.810608,151.13633,2020.0,New South Wales
-30.547979,149.04863,2017.0,New South Wales
-34.237194,142.691576,2018.0,New South Wales
-30.585958,149.205738,2019.0,New South Wales
-33.790909,151.160411,,New South Wales
-33.417257,149.341685,2020.0,New South Wales
-33.3,151.4,2025.0,New South Wales
-35.301413,150.473403,2022.0,New South Wales
-33.961516,147.973179,1978.0,New South Wales
-32.060286,152.501334,2020.0,New South Wales
-35.07474,150.20619,2013.0,New South Wales
-35.859527,147.435785,2022.0,New South Wales
-34.285971,150.247219,2023.0,New South Wales
-29.896061,152.094818,1991.0,New South Wales
-33.206278,145.069992,1993.0,New South Wales
-35.94373,148.92001,2013.0,New South Wales
-33.012591,150.059881,2024.0,New South Wales
-33.3,151.4,2023.0,New South Wales
-34.271269,142.680676,2017.0,New South Wales
-30.459338,151.394839,2017.0,New South Wales
-32.27583,152.002343,2024.0,New South Wales
-30.587051,149.195369,2019.0,New South Wales
-34.05342,150.83898,2017.0,New South Wales
-29.69876,150.60348,2020.0,New South Wales
-37.364551,149.920216,,New South Wales
-30.993812,152.352342,2022.0,New South Wales
-32.185719,147.49878,2000.0,New South Wales
-29.5,151.1,2015.0,New South Wales
-32.286251,152.015718,2024.0,New South Wales
-33.032028,151.676532,2023.0,New South Wales
-28.797776,153.589754,2025.0,New South Wales
-33.83982,151.197787,2024.0,New South Wales
-33.778731,151.226375,2015.0,New South Wales
-32.616652,149.874065,2013.0,New South Wales
-31.199332,152.40389,2023.0,New South Wales
-33.761449,150.870984,2024.0,New South Wales
-34.3735,150.50722,2014.0,New South Wales
-30.502544,149.038718,2017.0,New South Wales
-36.61236,148.253897,2015.0,New South Wales
-33.27111,141.21222,2018.0,New South Wales
-31.61171,152.41547,2013.0,New South Wales
-34.9,148.3,2017.0,New South Wales
-33.7,150.6,2025.0,New South Wales
-33.811264,151.060093,2020.0,New South Wales
-33.7,151.1,2016.0,New South Wales
-34.01691,151.08312,2013.0,New South Wales
-29.380682,153.346291,,New South Wales
-37.13886,149.408829,2023.0,New South Wales
-33.79505,151.078551,2022.0,New South Wales
-32.284885,151.989018,2024.0,New South Wales
-36.23692,148.25342,2013.0,New South Wales
-31.049426,152.34718,2022.0,New South Wales
-35.3169,147.19,2018.0,New South Wales
-30.546438,150.147806,2023.0,New South Wales
-31.148647,152.358477,2022.0,New South Wales
-30.582267,149.237351,2020.0,New South Wales
-32.0,152.4,2024.0,New South Wales
-34.460564,150.565757,2014.0,New South Wales
-35.45114,148.565,2022.0,New South Wales
-28.66341,152.48678,2015.0,New South Wales
-30.524776,149.325343,2020.0,New South Wales
-33.880851,151.255623,2020.0,New South Wales
-34.008103,151.197623,2017.0,New South Wales
-33.7969,150.978504,2020.0,New South Wales
-30.478527,152.990666,1996.0,New South Wales
-32.4,147.9,2025.0,New South Wales
-33.22556,151.4372,,New South Wales
-34.4,150.8,2023.0,New South Wales
-32.43631,150.46324,2012.0,New South Wales
-35.43199,148.77079,2013.0,New South Wales
-30.7,143.6,2022.0,New South Wales
-29.827216,149.029131,2012.0,New South Wales
-31.199332,152.40389,2023.0,New South Wales
-33.87422,150.909811,2025.0,New South Wales
-30.66635,150.19514,2021.0,New South Wales
-30.503916,149.215329,2020.0,New South Wales
-30.377075,150.268901,2024.0,New South Wales
-32.84927,150.22691,2013.0,New South Wales
-31.028526,152.335906,2021.0,New South Wales
-31.549614,152.174048,1996.0,New South Wales
-31.199332,152.40389,2021.0,New South Wales
-34.175941,142.557915,2016.0,New South Wales
-34.05528,151.01365,2019.0,New South Wales
-31.84243,151.6182,2014.0,New South Wales
-35.0746,150.21181,2012.0,New South Wales
-30.543006,149.358219,2018.0,New South Wales
-33.047365,150.039668,2024.0,New South Wales
-37.166256,149.410588,2023.0,New South Wales
-32.299716,152.039167,2024.0,New South Wales
-34.703142,150.732389,2016.0,New South Wales
-30.079563,152.164592,2022.0,New South Wales
-33.949212,151.114174,2021.0,New South Wales
-30.345122,153.080285,2017.0,New South Wales
-31.118635,152.338386,2023.0,New South Wales
-29.471698,149.849086,2024.0,New South Wales
-30.57532,151.71604,2017.0,New South Wales
-37.255975,149.723243,2022.0,New South Wales
-34.071526,149.69177,2022.0,New South Wales
-28.612364,152.512569,2003.0,New South Wales
-36.25429,149.58817,2014.0,New South Wales
-30.642374,153.002789,2024.0,New South Wales
-36.986742,149.764394,2024.0,New South Wales
-33.3,151.4,2024.0,New South Wales
-36.457422,150.021792,1985.0,New South Wales
-33.18402,149.14931,2014.0,New South Wales
-30.522547,149.254856,2016.0,New South Wales
-36.585054,149.527372,,New South Wales
-33.3,151.4,2024.0,New South Wales
-33.854617,150.880517,2024.0,New South Wales
-34.405718,150.530386,2017.0,New South Wales
-35.928322,147.593034,2021.0,New South Wales
-34.460098,150.619429,2014.0,New South Wales
-33.94215,150.854107,2025.0,New South Wales
-35.7,150.1,2022.0,New South Wales
-33.903424,150.895223,2022.0,New South Wales
-35.0,150.8,2019.0,New South Wales
-33.3,151.4,2024.0,New South Wales
-35.07162,150.20557,2013.0,New South Wales
-32.515081,152.184459,1994.0,New South Wales
-33.941999,150.85411,2025.0,New South Wales
-33.86358,150.91451,2018.0,New South Wales
-31.666168,148.78384,1994.0,New South Wales
-32.160822,149.199645,2022.0,New South Wales
-36.615868,148.252397,2020.0,New South Wales
-34.266629,142.743319,2022.0,New South Wales
-32.58539,151.939698,2024.0,New South Wales
-30.287297,141.045464,2000.0,New South Wales
-33.970659,151.125038,2024.0,New South Wales
-33.950681,151.032244,2024.0,New South Wales
-33.698701,151.104728,2024.0,New South Wales
-29.96402,152.54792,2013.0,New South Wales
-30.449963,149.247536,2021.0,New South Wales
-34.036808,150.197334,2002.0,New South Wales
-33.04055,150.023254,2024.0,New South Wales
-30.8,143.6,2021.0,New South Wales
-33.93177,150.63452,2013.0,New South Wales
-33.81031,151.302628,2018.0,New South Wales
-29.905867,152.243943,2021.0,New South Wales
-36.364942,148.387645,2012.0,New South Wales
-30.735814,150.304659,2024.0,New South Wales
-33.04928,146.009264,2021.0,New South Wales
-33.748919,151.122754,2003.0,New South Wales
-33.992509,151.145096,2024.0,New South Wales
-30.647929,149.215835,2020.0,New South Wales
-30.544863,149.283477,2016.0,New South Wales
-34.220591,150.852804,2015.0,New South Wales
-34.054176,150.693731,2021.0,New South Wales
-29.494328,152.325441,2023.0,New South Wales
-35.94373,148.92001,2013.0,New South Wales
-36.789503,149.65733,,New South Wales
-33.805756,150.843207,2002.0,New South Wales
-33.4,151.4,2025.0,New South Wales
-32.34973,150.10235,2013.0,New South Wales
-33.893899,151.142126,2021.0,New South Wales
-33.48623,150.11185,2012.0,New South Wales
-30.522257,149.228486,2016.0,New South Wales
-35.72719,149.45448,2014.0,New South Wales
-33.007694,150.029498,2024.0,New South Wales
-30.491182,149.308234,2022.0,New South Wales
-37.231323,149.647705,2011.0,New South Wales
-34.636326,150.569018,2020.0,New South Wales
-36.615868,148.252397,2015.0,New South Wales
-33.151004,148.174996,2024.0,New South Wales
-29.620093,152.215209,2020.0,New South Wales
-28.6,153.3,2024.0,New South Wales
-30.568255,149.250268,2018.0,New South Wales
-33.90464,151.02017,2018.0,New South Wales
-33.666645,151.314519,2021.0,New South Wales
-34.667983,150.710761,2020.0,New South Wales
-34.201946,142.55971,2019.0,New South Wales
-33.749481,151.154047,2004.0,New South Wales
-30.497168,149.332433,2021.0,New South Wales
-33.8,148.6,2025.0,New South Wales
-34.394134,150.579102,2014.0,New South Wales
-33.536843,150.203939,2021.0,New South Wales
-31.199332,152.40389,2022.0,New South Wales
-30.497168,149.332433,2019.0,New South Wales
-33.059114,151.531443,2013.0,New South Wales
-34.185541,149.884016,2011.0,New South Wales
-31.171995,152.822759,,New South Wales
-34.175023,142.477417,2018.0,New South Wales
-29.69606,150.60789,2014.0,New South Wales
-34.2203,142.6,2016.0,New South Wales
-36.7,148.5,2018.0,New South Wales
-33.946578,150.85547,2026.0,New South Wales
-34.397685,146.013578,2004.0,New South Wales
-31.1,150.9,2023.0,New South Wales
-34.45815,150.198133,2014.0,New South Wales
-30.638368,150.01271,2024.0,New South Wales
-29.55402,151.69359,2014.0,New South Wales
-33.808772,151.297103,2022.0,New South Wales
-35.160188,146.869477,1996.0,New South Wales
-31.3,148.9,2021.0,New South Wales
-37.143164,149.365636,2024.0,New South Wales
-35.07026,150.21166,2012.0,New South Wales
-33.382172,151.33382,2009.0,New South Wales
-31.476182,152.11856,2021.0,New South Wales
-35.43199,148.77079,2013.0,New South Wales
-32.9,151.8,2021.0,New South Wales
-36.767623,149.824593,,New South Wales
-37.409002,149.944534,,New South Wales
-29.477727,152.312063,1999.0,New South Wales
-33.020347,150.029186,2024.0,New South Wales
-32.0,149.4,2023.0,New South Wales
-35.07162,150.20557,2013.0,New South Wales
-34.245818,142.591901,2016.0,New South Wales
-34.032656,150.801966,2022.0,New South Wales
-36.395229,150.057608,1985.0,New South Wales
-30.658593,149.149674,2020.0,New South Wales
-33.97355,146.083558,2024.0,New South Wales
-30.0666,152.36635,2012.0,New South Wales
-34.213353,142.556374,2017.0,New South Wales
-34.53306,150.653611,2014.0,New South Wales
-33.405429,150.198448,2024.0,New South Wales
-35.136857,147.355638,2020.0,New South Wales
-35.362885,147.709027,,New South Wales
-37.174697,149.326525,2023.0,New South Wales
-33.85623,150.99092,2018.0,New South Wales
-31.049426,152.34718,2021.0,New South Wales
-30.834908,151.875867,2021.0,New South Wales
-33.98064,150.896795,2025.0,New South Wales
-31.148647,152.358477,2022.0,New South Wales
-29.660994,150.511151,1997.0,New South Wales
-30.5,145.8,2023.0,New South Wales
-33.6,150.2,2024.0,New South Wales
-30.503916,149.215329,2020.0,New South Wales
-29.64681,151.32664,2015.0,New South Wales
-34.260905,142.72966,2018.0,New South Wales
-34.80498,150.01635,2013.0,New South Wales
-33.939349,151.099308,2025.0,New South Wales
-30.519852,149.374306,2016.0,New South Wales
-33.81086,151.299191,2022.0,New South Wales
-28.415341,153.021489,1992.0,New South Wales
-34.5,150.9,2023.0,New South Wales
-32.746579,142.5836,1995.0,New South Wales
-34.903621,145.671781,2004.0,New South Wales
-30.018169,153.12688,2007.0,New South Wales
-33.807361,151.08385,2021.0,New South Wales
-30.501562,151.6662,2020.0,New South Wales
-35.365873,149.641626,2014.0,New South Wales
-33.90464,151.02017,2017.0,New South Wales
-31.7,152.8,2017.0,New South Wales
-34.683333,150.666667,2016.0,New South Wales
-33.269316,151.466334,,New South Wales
-30.381806,152.886389,2018.0,New South Wales
-33.917914,151.076111,2023.0,New South Wales
-33.3,151.4,2024.0,New South Wales
-33.3,151.4,2025.0,New South Wales
-30.595123,149.04864,2016.0,New South Wales
-34.105067,142.548326,2019.0,New South Wales
-29.91371,152.173118,2021.0,New South Wales
-34.47075,150.86751,2020.0,New South Wales
-31.959778,150.273203,2018.0,New South Wales
-30.519293,149.384731,2016.0,New South Wales
-33.822826,151.1442,2003.0,New South Wales
-29.523703,152.346212,2022.0,New South Wales
-30.428311,150.316217,2023.0,New South Wales
-33.850509,150.995264,2022.0,New South Wales
-37.159346,149.369845,2023.0,New South Wales
-34.0,151.2,2019.0,New South Wales
-34.137004,149.651229,2022.0,New South Wales
-30.585608,149.130248,2019.0,New South Wales
-30.377075,150.268901,2022.0,New South Wales
-33.075912,151.093558,2025.0,New South Wales
-32.7,151.8,2025.0,New South Wales
-29.352768,153.320441,1997.0,New South Wales
-31.6,152.7,2021.0,New South Wales
-33.717367,151.21849,2016.0,New South Wales
-33.8,150.0,2024.0,New South Wales
-31.148647,152.358477,2022.0,New South Wales
-34.47589,150.643921,2014.0,New South Wales
-34.1162,150.707488,2017.0,New South Wales
-30.545212,149.115499,2019.0,New South Wales
-34.12767,150.99157,2020.0,New South Wales
-33.8,151.0,2025.0,New South Wales
-28.818009,153.273731,2026.0,New South Wales
-37.405335,149.902965,2021.0,New South Wales
-33.3,151.4,2025.0,New South Wales
-33.05448,146.012113,2021.0,New South Wales
-34.245818,142.591901,2018.0,New South Wales
-32.84927,150.22691,2013.0,New South Wales
-31.456465,152.130861,2022.0,New South Wales
-33.08501,151.05814,2014.0,New South Wales
-31.14895,152.37632,2012.0,New South Wales
-34.207896,142.610772,2018.0,New South Wales
-30.526066,149.279664,2017.0,New South Wales
-32.961555,150.871258,2006.0,New South Wales
-33.9249,151.16286,2017.0,New South Wales
-30.578633,149.194067,2019.0,New South Wales
-34.703142,150.732389,2019.0,New South Wales
-35.262049,148.816224,1998.0,New South Wales
-34.17589,146.27798,2023.0,New South Wales
-34.825646,148.914203,2025.0,New South Wales
-33.6,150.2,2023.0,New South Wales
-32.4,148.7,2020.0,New South Wales
-31.022524,152.339188,2021.0,New South Wales
-33.3,151.4,2025.0,New South Wales
-33.106388,141.20277,2018.0,New South Wales
-31.61647,152.41047,2014.0,New South Wales
-31.086152,150.094343,2021.0,New South Wales
-31.148987,152.367255,2022.0,New South Wales
-36.0,148.7,2026.0,New South Wales
-30.574234,149.130333,2022.0,New South Wales
-33.862803,151.080595,2020.0,New South Wales
-30.477676,149.201377,2017.0,New South Wales
-36.23911,148.37052,2014.0,New South Wales
-33.944046,151.244549,2021.0,New South Wales
-35.960653,146.893548,2020.0,New South Wales
-35.07474,150.20619,2013.0,New South Wales
-35.108172,147.359837,2020.0,New South Wales
-36.65308,149.42747,2014.0,New South Wales
-35.07026,150.21166,2012.0,New South Wales
-36.7,148.5,2018.0,New South Wales
-37.162109,149.352421,2023.0,New South Wales
-33.96994,150.79651,2019.0,New South Wales
-33.808772,151.297103,2022.0,New South Wales
-29.918132,152.173497,2021.0,New South Wales
-31.559977,143.377574,2022.0,New South Wales
-31.148647,152.358477,2022.0,New South Wales
-29.5497,151.68844,2012.0,New South Wales
-30.710994,150.221344,2024.0,New South Wales
-32.4,150.8,2022.0,New South Wales
-30.513832,152.778325,1984.0,New South Wales
-36.652013,149.758847,,New South Wales
-30.4,143.9,2022.0,New South Wales
-28.369297,153.09147,2018.0,New South Wales
-35.666848,150.29694,2021.0,New South Wales
-29.320496,146.249457,2009.0,New South Wales
-33.015182,150.031434,2024.0,New South Wales
-31.61647,152.41047,2014.0,New South Wales
-33.2,141.1,2015.0,New South Wales
-31.010239,152.36828,2023.0,New South Wales
-35.07026,150.21166,2018.0,New South Wales
-28.8,153.5,2025.0,New South Wales
-29.01603,152.69738,2021.0,New South Wales
-31.199332,152.40389,2022.0,New South Wales
-36.583613,149.594375,,New South Wales
-33.7,151.1,2019.0,New South Wales
-33.71983,150.43431,2019.0,New South Wales
-31.32832,151.7892,2020.0,New South Wales
-31.1,150.9,2025.0,New South Wales
-33.7,150.8,2024.0,New South Wales
-35.0746,150.21181,2014.0,New South Wales
-35.690675,150.268411,2020.0,New South Wales
-36.23694,148.248,2021.0,New South Wales
-33.281232,150.031987,2016.0,New South Wales
-35.690675,150.268411,2020.0,New South Wales
-33.887782,151.158723,2023.0,New South Wales
-34.03302,151.10303,2017.0,New South Wales
-33.885532,150.963009,2022.0,New South Wales
-35.59093,148.69669,2013.0,New South Wales
-34.022656,150.829516,2024.0,New South Wales
-35.9,147.3,2024.0,New South Wales
-32.774293,151.117689,2004.0,New South Wales
-34.703142,150.732389,2018.0,New South Wales
-34.740352,150.501215,2024.0,New South Wales
-32.06324,151.6887,2014.0,New South Wales
-33.98385,150.50739,2013.0,New South Wales
-33.6,150.6,2020.0,New South Wales
-34.1336,149.641,2012.0,New South Wales
-29.482396,152.322931,2023.0,New South Wales
-32.873155,151.799257,,New South Wales
-33.884348,150.963359,2025.0,New South Wales
-29.129525,152.309771,2001.0,New South Wales
-34.114969,142.541881,2022.0,New South Wales
-30.590822,149.164126,2019.0,New South Wales
-34.266629,142.743319,2017.0,New South Wales
-37.174697,149.326525,2023.0,New South Wales
-33.04055,150.023254,2024.0,New South Wales
-33.590898,150.904835,2006.0,New South Wales
-32.370624,152.116288,2002.0,New South Wales
-30.05208,153.0115,2017.0,New South Wales
-33.9,151.1,2016.0,New South Wales
-34.427798,150.893074,2020.0,New South Wales
-33.365771,150.1818,2018.0,New South Wales
-30.540973,150.111889,2024.0,New South Wales
-32.96971,150.70485,2014.0,New South Wales
-31.1,150.9,2020.0,New South Wales
-33.98385,150.50739,2013.0,New South Wales
-34.460098,150.619429,2014.0,New South Wales
-32.299716,152.039167,2024.0,New South Wales
-33.971509,150.89337,2020.0,New South Wales
-31.002781,152.354568,2022.0,New South Wales
-31.227839,152.817332,2018.0,New South Wales
-33.808804,151.297219,2024.0,New South Wales
-33.74813,150.85422,2017.0,New South Wales
-33.889445,151.279295,2022.0,New South Wales
-37.141413,149.439496,2023.0,New South Wales
-34.286516,150.251161,2022.0,New South Wales
-31.61647,152.41047,2014.0,New South Wales
-35.270219,150.49294,2017.0,New South Wales
-34.05851,151.15174,2019.0,New South Wales
-33.7,150.8,2024.0,New South Wales
-33.3,151.4,2025.0,New South Wales
-32.999528,151.042647,2020.0,New South Wales
-33.742784,151.006219,2021.0,New South Wales
-35.871011,150.058121,2013.0,New South Wales
-36.552138,150.03541,2024.0,New South Wales
-34.45815,150.198133,2014.0,New South Wales
-30.616476,149.180924,2018.0,New South Wales
-37.1609,149.38646,2013.0,New South Wales
-28.66341,152.48678,2012.0,New South Wales
-33.730125,150.822189,2023.0,New South Wales
-35.871011,150.058121,2013.0,New South Wales
-36.646121,148.245413,2024.0,New South Wales
-32.16053,152.48568,2018.0,New South Wales
-36.414868,149.878655,1991.0,New South Wales
-30.617136,149.167889,2019.0,New South Wales
-29.64681,151.32664,2012.0,New South Wales
-34.5054,150.79408,2016.0,New South Wales
-30.409196,150.272842,2022.0,New South Wales
-29.40328,151.3521,2015.0,New South Wales
-34.205136,150.842464,2015.0,New South Wales
-34.618753,150.542781,2016.0,New South Wales
-31.033938,152.776147,2004.0,New South Wales
-32.8,151.6,2024.0,New South Wales
-31.8,152.1,2024.0,New South Wales
-32.555425,145.492488,2021.0,New South Wales
-35.416872,149.257996,1995.0,New South Wales
-36.4,148.4,2025.0,New South Wales
-30.641553,149.206084,2019.0,New South Wales
-33.675964,151.303628,2021.0,New South Wales
-34.696893,150.733313,2017.0,New South Wales
-34.402338,150.570034,2014.0,New South Wales
-28.3,153.6,2017.0,New South Wales
-29.4,144.9,2023.0,New South Wales
-28.540581,153.295996,2008.0,New South Wales
-33.14662,151.58868,,New South Wales
-30.0666,152.36635,2012.0,New South Wales
-29.7,151.9,2023.0,New South Wales
-33.795158,151.155696,2018.0,New South Wales
-33.942096,150.906691,2022.0,New South Wales
-34.6,150.7,2022.0,New South Wales
-36.56425,148.27011,2021.0,New South Wales
-33.831105,151.016378,2011.0,New South Wales
-35.597,149.919,2020.0,New South Wales
-37.163188,149.400593,2023.0,New South Wales
-31.456465,152.130861,2022.0,New South Wales
-34.264107,150.676203,2011.0,New South Wales
-33.828836,151.064869,2016.0,New South Wales
-33.931164,150.638712,2017.0,New South Wales
-30.840354,151.898988,2021.0,New South Wales
-33.349384,150.048355,2012.0,New South Wales
-31.148647,152.358477,2022.0,New South Wales
-30.576709,149.128695,2019.0,New South Wales
-34.029504,151.175159,2007.0,New South Wales
-35.4,149.2,2018.0,New South Wales
-33.1,149.4,2023.0,New South Wales
-36.7,148.5,2017.0,New South Wales
-31.514223,145.85897,2015.0,New South Wales
-33.79034,150.94857,2019.0,New South Wales
-33.944202,150.854051,2026.0,New South Wales
-37.1609,149.38646,2013.0,New South Wales
-36.846229,149.535948,,New South Wales
-30.4,152.9,2023.0,New South Wales
-29.371567,153.043184,2025.0,New South Wales
-33.3,151.4,2023.0,New South Wales
-34.703142,150.732389,2020.0,New South Wales
-36.895728,149.930288,1990.0,New South Wales
-30.378691,150.238562,2023.0,New South Wales
-37.20736,149.483941,1993.0,New South Wales
-31.53022,152.61499,2021.0,New South Wales
-31.002781,152.354568,2022.0,New South Wales
-33.3,151.4,2024.0,New South Wales
-33.769155,150.676584,2024.0,New South Wales
-30.320592,152.93451,2001.0,New South Wales
-29.33198,149.294948,2012.0,New South Wales
-31.201726,152.336867,2022.0,New South Wales
-33.3,151.4,2025.0,New South Wales
-36.349662,149.965374,,New South Wales
-37.137687,149.388062,1991.0,New South Wales
-36.560472,149.402115,1994.0,New South Wales
-34.175096,142.525958,2018.0,New South Wales
-35.661792,150.253744,2020.0,New South Wales
-33.9,149.8,2015.0,New South Wales
-37.203359,149.459756,1992.0,New South Wales
-35.94373,148.92001,2013.0,New South Wales
-37.385116,149.825673,2010.0,New South Wales
-34.744696,150.473867,2024.0,New South Wales
-33.915593,151.049492,2021.0,New South Wales
-30.8,143.8,2021.0,New South Wales
-31.456465,152.15231,2021.0,New South Wales
-31.199332,152.40389,2022.0,New South Wales
-33.980633,146.083897,2023.0,New South Wales
-33.971911,146.068511,2024.0,New South Wales
-34.199746,150.595332,2010.0,New South Wales
-37.214755,149.965127,,New South Wales
-31.476182,152.118559,2022.0,New South Wales
-36.973897,149.865898,,New South Wales
-33.43392,150.7114,2014.0,New South Wales
-34.45815,150.198133,2014.0,New South Wales
-33.987089,149.87889,2024.0,New South Wales
-30.63503,149.17122,2020.0,New South Wales
-33.8,149.3,2022.0,New South Wales
-34.242861,142.71096,2018.0,New South Wales
-31.078975,152.843427,2025.0,New South Wales
-29.722792,151.688736,2023.0,New South Wales
-33.684731,150.690481,2012.0,New South Wales
-30.583002,149.638489,2011.0,New South Wales
-30.417077,151.637265,2016.0,New South Wales
-34.014551,150.775183,2023.0,New South Wales
-33.8,151.0,2021.0,New South Wales
-30.115226,152.136401,2022.0,New South Wales
-31.032672,152.337986,2023.0,New South Wales
-34.460564,150.565757,2014.0,New South Wales
-37.354709,149.953698,1973.0,New South Wales
-37.424386,149.785831,1998.0,New South Wales
-30.406334,150.24991,2023.0,New South Wales
-30.588635,149.185167,2020.0,New South Wales
-35.49786,148.66949,,New South Wales
-33.0,149.8,2021.0,New South Wales
-33.3,151.4,2025.0,New South Wales
-31.057624,152.797539,2021.0,New South Wales
-33.3,151.4,2023.0,New South Wales
-28.3836,153.094687,2018.0,New South Wales
-31.61199,152.41014,2014.0,New South Wales
-36.442232,149.461378,,New South Wales
-32.96971,150.70485,2014.0,New South Wales
-32.876777,151.365643,2006.0,New South Wales
-33.978981,146.061503,2024.0,New South Wales
-30.499739,149.227957,2022.0,New South Wales
-31.098438,150.086107,2020.0,New South Wales
-32.340579,150.02172,2015.0,New South Wales
-33.6,150.2,2025.0,New South Wales
-30.080126,152.233169,2022.0,New South Wales
-33.879734,150.877736,2020.0,New South Wales
-34.181246,142.55569,2018.0,New South Wales
-32.766602,152.075901,2024.0,New South Wales
-31.931764,151.35582,2018.0,New South Wales
-35.749586,150.092677,2016.0,New South Wales
-30.911644,152.936205,2005.0,New South Wales
-33.076215,151.094553,2022.0,New South Wales
-36.4,148.4,2022.0,New South Wales
-33.528612,149.242044,2024.0,New South Wales
-29.64655,151.33182,2014.0,New South Wales
-36.25429,149.58817,2014.0,New South Wales
-29.079337,148.588517,1994.0,New South Wales
-33.9,151.1,2023.0,New South Wales
-34.703142,150.732389,2018.0,New South Wales
-30.543398,148.995838,2017.0,New South Wales
-33.932223,150.638576,2015.0,New South Wales
-30.55419,149.114595,2019.0,New South Wales
-31.010032,152.354864,2021.0,New South Wales
-29.544554,152.262014,2022.0,New South Wales
-33.951452,150.830037,2025.0,New South Wales
-30.551001,150.098105,2009.0,New South Wales
-33.947038,150.857132,2025.0,New South Wales
-32.185558,149.694841,2009.0,New South Wales
-30.428311,150.316217,2024.0,New South Wales
-37.159346,149.369845,2023.0,New South Wales
-33.67002,150.2943,2014.0,New South Wales
-33.3,151.4,2023.0,New South Wales
-30.635471,149.205223,2021.0,New South Wales
-29.922909,152.182107,2021.0,New South Wales
-35.728199,148.482907,1995.0,New South Wales
-37.000914,149.730648,,New South Wales
-33.808772,151.297103,2022.0,New South Wales
-35.43199,148.77079,2013.0,New South Wales
-32.264181,151.766258,2024.0,New South Wales
-29.96402,152.54792,2013.0,New South Wales
-31.61199,152.41014,2014.0,New South Wales
-33.48623,150.11185,2012.0,New South Wales
-29.96154,152.54582,2013.0,New South Wales
-37.17169,149.884619,1985.0,New South Wales
-31.44018,151.47775,2012.0,New South Wales
-29.84518,152.757198,2013.0,New South Wales
-36.905951,149.481814,,New South Wales
-30.568255,149.250268,2017.0,New South Wales
-36.65308,149.42747,2013.0,New South Wales
-31.155379,152.367899,2022.0,New South Wales
-30.324697,152.583003,,New South Wales
-34.02941,150.86316,2016.0,New South Wales
-33.98387,150.502,2015.0,New South Wales
-34.01721,151.12761,2014.0,New South Wales
-33.780837,150.65985,2004.0,New South Wales
-36.25429,149.58817,2014.0,New South Wales
-37.301609,149.588025,2023.0,New South Wales
-33.558134,145.794663,1992.0,New South Wales
-35.36637,148.63747,2022.0,New South Wales
-34.245818,142.591901,2018.0,New South Wales
-30.584906,149.216039,2020.0,New South Wales
-34.571093,150.840091,2021.0,New South Wales
-32.963547,148.428927,2015.0,New South Wales
-34.711165,150.628685,2017.0,New South Wales
-30.589906,149.23018,2020.0,New South Wales
-33.426372,150.224074,2015.0,New South Wales
-31.44018,151.47775,2012.0,New South Wales
-34.23757,142.510937,2016.0,New South Wales
-28.372649,153.089935,2016.0,New South Wales
-28.66341,152.48678,2012.0,New South Wales
-35.07162,150.20557,2015.0,New South Wales
-37.141763,149.378058,1992.0,New South Wales
-33.731916,151.148131,2001.0,New South Wales
-32.545171,145.44731,2021.0,New South Wales
-36.366196,148.82707,1998.0,New South Wales
-31.461997,152.874785,2001.0,New South Wales
-37.13886,149.408829,2023.0,New South Wales
-31.525088,150.789419,2021.0,New South Wales
-34.394134,150.579102,2014.0,New South Wales
-33.9441,151.129745,2025.0,New South Wales
-30.540973,150.111889,2023.0,New South Wales
-30.5,151.6,2015.0,New South Wales
-34.0,151.2,2019.0,New South Wales
-33.933045,150.832262,2021.0,New South Wales
-33.808411,151.039978,2014.0,New South Wales
-28.9,152.2,2016.0,New South Wales
-33.745125,150.686257,2024.0,New South Wales
-30.632751,149.206933,2019.0,New South Wales
-31.458904,152.932405,2022.0,New South Wales
-29.70068,150.60695,2014.0,New South Wales
-33.665107,150.864374,2017.0,New South Wales
-33.743759,151.039105,2019.0,New South Wales
-29.96154,152.54582,2013.0,New South Wales
-35.513661,148.505781,2019.0,New South Wales
-35.51184,148.64081,,New South Wales
-32.050978,151.559139,2018.0,New South Wales
-31.6,152.7,2016.0,New South Wales
-34.703142,150.732389,2020.0,New South Wales
-34.7,148.6,2018.0,New South Wales
-33.3,151.4,2024.0,New South Wales
-34.137004,149.651229,2022.0,New South Wales
-29.25036,150.75117,2021.0,New South Wales
-32.8,150.9,2023.0,New South Wales
-34.460098,150.619429,2014.0,New South Wales
-33.81396,151.00688,2019.0,New South Wales
-30.541603,149.870886,2021.0,New South Wales
-29.64681,151.32664,2012.0,New South Wales
-33.930861,150.638889,2012.0,New South Wales
-31.445045,152.152314,2022.0,New South Wales
-34.370032,146.28069,2004.0,New South Wales
-34.197751,142.581219,2017.0,New South Wales
-30.565496,149.149761,2019.0,New South Wales
-34.38411,150.88937,2019.0,New South Wales
-37.152755,149.391526,2023.0,New South Wales
-30.558508,150.199349,2016.0,New South Wales
-34.227468,150.774345,2018.0,New South Wales
-31.413327,152.120699,2022.0,New South Wales
-35.034703,145.676835,2022.0,New South Wales
-33.88381,151.22839,2018.0,New South Wales
-35.892138,147.526882,2022.0,New South Wales
-30.545839,149.124897,2020.0,New South Wales
-33.18402,149.14931,2014.0,New South Wales
-33.914834,151.183374,2023.0,New South Wales
-34.065816,149.706361,2023.0,New South Wales
-35.0746,150.21181,2014.0,New South Wales
-35.58166,150.31915,2014.0,New South Wales
-30.543006,149.358219,2018.0,New South Wales
-32.455621,145.421121,2021.0,New South Wales
-34.15239,150.07862,2015.0,New South Wales
-34.45815,150.198133,2014.0,New South Wales
-31.049426,152.34718,2022.0,New South Wales
-33.931113,150.63971,2015.0,New South Wales
-30.554198,150.204942,2024.0,New South Wales
-33.9269,151.147854,2018.0,New South Wales
-29.25033,150.751083,2011.0,New South Wales
-31.447951,152.823564,2022.0,New South Wales
-30.584906,149.216039,2019.0,New South Wales
-31.9,152.5,2023.0,New South Wales
-30.601868,150.038317,2022.0,New South Wales
-36.349375,148.550323,1978.0,New South Wales
-36.882775,149.907357,1990.0,New South Wales
-32.8963,150.32,2012.0,New South Wales
-33.706057,150.709408,2023.0,New South Wales
-31.010032,152.354864,2022.0,New South Wales
-31.8,152.6,2024.0,New South Wales
-32.2,148.4,2022.0,New South Wales
-31.53782,147.692253,2001.0,New South Wales
-29.728067,152.93879,2022.0,New South Wales
-31.84243,151.6182,2014.0,New South Wales
-36.65308,149.42747,2014.0,New South Wales
-33.962786,146.069411,2023.0,New South Wales
-34.2,150.8,2019.0,New South Wales
-29.382556,153.318473,,New South Wales
-32.993074,151.059954,2020.0,New South Wales
-29.636094,152.289282,2020.0,New South Wales
-30.01541,153.18077,2019.0,New South Wales
-33.53366,151.34742,2013.0,New South Wales
-35.58611,150.31927,2013.0,New South Wales
-35.50579,148.62468,,New South Wales
-35.43199,148.77079,2013.0,New South Wales
-30.480102,151.644123,2025.0,New South Wales
-34.277097,142.786439,2017.0,New South Wales
-30.65145,149.184519,2020.0,New South Wales
-32.798422,151.551131,2000.0,New South Wales
-33.338055,151.244859,2018.0,New South Wales
-33.9312,150.63696,2013.0,New South Wales
-34.15166,150.08407,2012.0,New South Wales
-33.3,151.4,2023.0,New South Wales
-35.570649,148.657418,,New South Wales
-35.46266,148.61983,2022.0,New South Wales
-36.466146,149.992123,1950.0,New South Wales
-33.03445,151.66376,2022.0,New South Wales
-33.3,149.8,2024.0,New South Wales
-31.3,148.8,2022.0,New South Wales
-34.004106,150.880177,2017.0,New South Wales
-30.494893,149.276915,2018.0,New South Wales
-34.3735,150.50722,2014.0,New South Wales
-33.951466,150.901855,2025.0,New South Wales
-33.798916,151.146746,,New South Wales
-36.98836,149.768047,2024.0,New South Wales
-29.3,153.0,2022.0,New South Wales
-31.160165,152.822289,2020.0,New South Wales
-35.50475,148.62398,,New South Wales
-28.77254,150.411101,2019.0,New South Wales
-33.86885,151.20933,2012.0,New South Wales
-34.137004,149.651229,2022.0,New South Wales
-29.64681,151.32664,2012.0,New South Wales
-32.771699,151.57644,2010.0,New South Wales
-28.6,153.2,2018.0,New South Wales
-33.9,150.9,2016.0,New South Wales
-34.5,150.9,2023.0,New South Wales
-31.181154,152.823792,2020.0,New South Wales
-29.516775,152.360295,1993.0,New South Wales
-31.048417,152.350474,2023.0,New South Wales
-34.137004,149.651229,2022.0,New South Wales
-30.641553,149.206084,2019.0,New South Wales
-30.922656,152.081638,2021.0,New South Wales
-28.625832,150.167918,1992.0,New South Wales
-33.3,149.1,2017.0,New South Wales
-30.0947,152.161899,2022.0,New South Wales
-33.843445,151.076193,2025.0,New South Wales
-33.075163,151.094306,2023.0,New South Wales
-31.049426,152.34718,2021.0,New South Wales
-32.369737,152.056135,1997.0,New South Wales
-33.739126,150.877682,2023.0,New South Wales
-33.3,151.4,2025.0,New South Wales
-31.453493,152.822385,2022.0,New South Wales
-29.575568,152.795135,2025.0,New South Wales
-28.809314,153.288292,2021.0,New South Wales
-28.6,153.3,2021.0,New South Wales
-33.3,151.4,2024.0,New South Wales
-32.52796,145.450258,2021.0,New South Wales
-32.998009,151.081967,2020.0,New South Wales
-33.931061,150.639652,2016.0,New South Wales
-33.907799,150.884266,2025.0,New South Wales
-33.81271,151.04095,2015.0,New South Wales
-33.72371,151.082008,2021.0,New South Wales
-28.8,152.5,2025.0,New South Wales
-35.6,148.2,2019.0,New South Wales
-36.547591,149.978509,,New South Wales
-31.022524,152.339188,2021.0,New South Wales
-32.817461,151.511658,2023.0,New South Wales
-32.9,151.8,2021.0,New South Wales
-31.01885,152.340231,2021.0,New South Wales
-30.60163,151.80039,2012.0,New South Wales
-31.3,148.8,2021.0,New South Wales
-33.853232,151.082797,,New South Wales
-30.0666,152.36635,2014.0,New South Wales
-36.102492,149.545133,1993.0,New South Wales
-30.497168,149.332433,2021.0,New South Wales
-37.1609,149.38646,2013.0,New South Wales
-35.997483,148.453422,,New South Wales
-33.5,151.3,2025.0,New South Wales
-33.81026,151.298978,2017.0,New South Wales
-34.261555,150.652949,2010.0,New South Wales
-30.56051,152.48836,2020.0,New South Wales
-33.3,151.4,2025.0,New South Wales
-37.348435,149.661387,2016.0,New South Wales
-30.428311,150.316217,2022.0,New South Wales
-34.176213,142.493598,2017.0,New South Wales
-30.563584,149.114477,2019.0,New South Wales
-28.6,153.4,2025.0,New South Wales
-29.4,142.0,2018.0,New South Wales
-30.750813,150.226604,2022.0,New South Wales
-31.52598,152.60946,2017.0,New South Wales
-37.163188,149.400593,2023.0,New South Wales
-31.84243,151.6182,2014.0,New South Wales
-33.3,151.4,2025.0,New South Wales
-33.897965,151.180538,2024.0,New South Wales
-34.8,150.1,2024.0,New South Wales
-33.5,151.2,2024.0,New South Wales
-36.932302,149.291822,,New South Wales
-33.48623,150.11185,2012.0,New South Wales
-28.522348,153.430626,1996.0,New South Wales
-33.905177,150.935638,2018.0,New South Wales
-33.98385,150.50739,2013.0,New South Wales
-36.24142,148.25347,2014.0,New South Wales
-32.316808,152.009769,2024.0,New South Wales
-34.703142,150.732389,2019.0,New South Wales
-34.573671,150.748741,2020.0,New South Wales
-29.8,151.2,2023.0,New South Wales
-31.89136,150.81737,2014.0,New South Wales
-33.8,151.0,2025.0,New South Wales
-29.894758,152.32993,1992.0,New South Wales
-33.810573,151.111849,2025.0,New South Wales
-30.610225,149.231263,2019.0,New South Wales
-35.700151,148.61336,2018.0,New South Wales
-33.931556,150.638389,2013.0,New South Wales
-31.0,152.1,2015.0,New South Wales
-37.143164,149.365636,2024.0,New South Wales
-33.3,151.4,2024.0,New South Wales
-31.71185,150.03805,2015.0,New South Wales
-34.571228,150.759265,2021.0,New South Wales
-34.137004,149.651229,2022.0,New South Wales
-29.64518,152.54716,2021.0,New South Wales
-34.402338,150.570034,2014.0,New South Wales
-33.78518,150.65413,2013.0,New South Wales
-30.588635,149.185167,2020.0,New South Wales
-35.784881,147.779216,2022.0,New South Wales
-29.4,152.8,2024.0,New South Wales
-33.95262,151.22683,2020.0,New South Wales
-31.8853,150.083896,2018.0,New South Wales
-31.234813,152.823567,2018.0,New South Wales
-29.341436,149.326647,2013.0,New South Wales
-29.9,152.7,2018.0,New South Wales
-37.178411,149.519876,2015.0,New South Wales
-31.352193,150.750037,2021.0,New South Wales
-35.871011,150.058121,2013.0,New South Wales
-31.61647,152.41047,2014.0,New South Wales
-35.439137,145.150348,1998.0,New South Wales
-29.911497,152.140828,2021.0,New South Wales
-33.946555,151.189785,2007.0,New South Wales
-33.754501,150.904614,2017.0,New South Wales
-32.902865,151.574871,2025.0,New South Wales
-33.530749,148.984723,2021.0,New South Wales
-33.119389,151.472625,2003.0,New South Wales
-31.423019,152.823668,2018.0,New South Wales
-33.412747,149.564459,2023.0,New South Wales
-35.631,150.065,2020.0,New South Wales
-34.03302,151.10303,2016.0,New South Wales
-31.729868,150.783976,2007.0,New South Wales
-35.21077,150.52469,2012.0,New South Wales
-34.45815,150.198133,2014.0,New South Wales
-28.66341,152.48678,2012.0,New South Wales
-33.9,151.0,2016.0,New South Wales
-29.808915,152.823268,2024.0,New South Wales
-34.675184,150.69583,2020.0,New South Wales
-33.896961,150.301403,1997.0,New South Wales
-32.701763,150.465427,2005.0,New South Wales
-30.529675,150.110379,2024.0,New South Wales
-33.18402,149.14931,2014.0,New South Wales
-33.427897,150.22295,2013.0,New South Wales
-37.159346,149.369845,2023.0,New South Wales
-31.445045,152.152314,2022.0,New South Wales
-31.964817,152.585194,1999.0,New South Wales
-34.483184,150.329412,2018.0,New South Wales
-33.902144,151.210083,2022.0,New South Wales
-30.568255,149.250268,2016.0,New South Wales
-31.84243,151.6182,2014.0,New South Wales
-33.89988,151.2073,2018.0,New South Wales
-30.664047,149.154166,2019.0,New South Wales
-34.1336,149.641,2012.0,New South Wales
-35.663039,150.269532,2021.0,New South Wales
-33.6,150.3,2024.0,New South Wales
-33.800116,151.286872,2021.0,New South Wales
-30.98198,152.14046,2014.0,New South Wales
-33.894944,151.142916,2021.0,New South Wales
-35.5041,148.6255,2021.0,New South Wales
-30.835614,151.886358,2021.0,New South Wales
-33.961864,150.88001,2024.0,New South Wales
-33.673428,150.913873,2017.0,New South Wales
-34.189975,142.481666,2017.0,New South Wales
-30.1,150.9,2019.0,New South Wales
-33.3,151.4,2025.0,New South Wales
-32.264661,148.523012,2004.0,New South Wales
-32.181265,149.763049,2012.0,New South Wales
-33.86885,151.20933,2011.0,New South Wales
-30.545839,149.124897,2017.0,New South Wales
-28.6,153.5,2020.0,New South Wales
-29.359016,153.348278,1997.0,New South Wales
-28.216855,153.47431,2022.0,New South Wales
-31.658602,148.762308,2001.0,New South Wales
-37.31434,149.946475,,New South Wales
-33.93074,151.21248,2018.0,New South Wales
-29.389699,153.349413,,New South Wales
-31.896962,152.527073,2021.0,New South Wales
-34.271269,142.680676,2017.0,New South Wales
-31.398969,152.814193,2018.0,New South Wales
-33.451034,150.982733,1992.0,New South Wales
-30.522257,149.228486,2020.0,New South Wales
-32.546382,151.009903,2014.0,New South Wales
-33.821178,151.009435,2025.0,New South Wales
-33.3,151.4,2024.0,New South Wales
-34.930336,150.769818,2019.0,New South Wales
-34.458967,150.204733,2020.0,New South Wales
-33.791667,149.252785,2010.0,New South Wales
-34.503546,150.592875,2016.0,New South Wales
-33.717049,151.07578,2018.0,New South Wales
-33.755636,151.291055,2024.0,New South Wales
-33.3,149.1,2015.0,New South Wales
-31.84243,151.6182,2014.0,New South Wales
-30.530425,150.176178,2023.0,New South Wales
-30.628555,145.648917,1994.0,New South Wales
-33.931556,150.638389,2013.0,New South Wales
-29.539917,152.245102,2023.0,New South Wales
-36.23911,148.37052,2014.0,New South Wales
-34.226138,142.729422,2016.0,New South Wales
-31.4,152.2,2023.0,New South Wales
-31.02094,152.8639,2016.0,New South Wales
-31.89586,150.8111,2020.0,New South Wales
-33.3,151.4,2025.0,New South Wales
-34.460098,150.619429,2014.0,New South Wales
-34.7,148.0,2020.0,New South Wales
-31.457491,152.880053,,New South Wales
-35.61782,148.30626,2011.0,New South Wales
-28.58022,153.2381,2014.0,New South Wales
-31.14963,152.38109,2019.0,New South Wales
-30.635944,149.179153,2021.0,New South Wales
-35.647425,150.248544,2021.0,New South Wales
-34.429892,150.529709,2014.0,New South Wales
-32.813141,151.577448,2014.0,New South Wales
-32.448102,151.967326,2024.0,New South Wales
-33.87419,150.97269,2018.0,New South Wales
-35.784881,147.779216,2022.0,New South Wales
-33.697123,150.72383,2011.0,New South Wales
-35.563393,149.382885,2004.0,New South Wales
-35.877492,147.596746,2022.0,New South Wales
-32.714722,151.253385,2002.0,New South Wales
-29.324585,151.91417,2015.0,New South Wales
-32.62522,149.56793,2013.0,New South Wales
-31.61647,152.41047,2014.0,New South Wales
-33.027893,150.022785,2024.0,New South Wales
-36.904523,149.751087,1983.0,New South Wales
-35.94373,148.92001,2013.0,New South Wales
-32.280138,152.016859,2024.0,New South Wales
-34.22658,142.71351,2025.0,New South Wales
-35.59093,148.69669,2017.0,New South Wales
-35.158813,150.309632,2005.0,New South Wales
-28.354583,152.723517,1990.0,New South Wales
-31.01885,152.340231,2021.0,New South Wales
-35.0,149.9,2014.0,New South Wales
-30.546962,149.305822,2017.0,New South Wales
-34.048046,149.706758,2022.0,New South Wales
-33.298287,151.537173,2002.0,New South Wales
-36.65308,149.42747,2014.0,New South Wales
-33.883635,150.958814,2024.0,New South Wales
-29.365281,153.367875,,New South Wales
-30.428311,150.316217,2024.0,New South Wales
-33.3,151.4,2024.0,New South Wales
-35.887501,148.424665,2020.0,New South Wales
-33.526534,151.342356,2014.0,New South Wales
-33.74351,150.90777,2016.0,New South Wales
-30.36202,150.26373,2022.0,New South Wales
-33.386512,151.356278,2016.0,New South Wales
-28.48347,152.388085,1992.0,New South Wales
-30.964651,150.77435,2025.0,New South Wales
-33.796677,151.129498,2021.0,New South Wales
-34.66749,150.67756,2019.0,New South Wales
-32.773299,151.585684,2025.0,New South Wales
-37.404102,149.897233,2021.0,New South Wales
-31.049426,152.34718,2022.0,New South Wales
-31.145743,152.36308,2021.0,New South Wales
-35.866824,150.056974,2014.0,New South Wales
-29.36494,152.85383,2017.0,New South Wales
-33.5,151.3,2025.0,New South Wales
-35.78951,148.511356,2018.0,New South Wales
-30.55419,149.114595,2019.0,New South Wales
-32.264661,148.523012,2004.0,New South Wales
-32.288985,151.980309,2024.0,New South Wales
-30.4,152.7,2016.0,New South Wales
-37.178747,149.963718,1990.0,New South Wales
-31.07704,150.09,2023.0,New South Wales
-33.7,150.4,2021.0,New South Wales
-36.25429,149.58817,2014.0,New South Wales
-33.9,149.6,2017.0,New South Wales
-33.9,151.0,2025.0,New South Wales
-30.633973,150.004158,2024.0,New South Wales
-33.735246,151.124995,2003.0,New South Wales
-35.750481,149.52186,2018.0,New South Wales
-34.225521,142.681705,2018.0,New South Wales
-36.009473,148.338857,2019.0,New South Wales
-29.96154,152.54582,2013.0,New South Wales
-33.189078,150.694498,2006.0,New South Wales
-35.46547,150.254277,2005.0,New South Wales
-33.87241,151.23682,2018.0,New South Wales
-33.918992,151.076394,2023.0,New South Wales
-33.757566,150.679093,2022.0,New South Wales
-33.80731,150.97008,2018.0,New South Wales
-35.2,148.5,2019.0,New South Wales
-32.96971,150.70485,2014.0,New South Wales
-34.460692,150.646351,2014.0,New South Wales
-32.22308,149.37024,2013.0,New South Wales
-35.66034,149.21745,2012.0,New South Wales
-29.097584,150.729355,2024.0,New South Wales
-34.0,151.1,2020.0,New South Wales
-35.7,150.1,2023.0,New South Wales
-34.189367,146.104803,1997.0,New South Wales
-30.491182,149.308234,2017.0,New South Wales
-32.22089,152.53282,2016.0,New South Wales
-33.866527,151.013219,2023.0,New South Wales
-34.41738,150.595316,2014.0,New South Wales
-31.8,152.6,2024.0,New South Wales
-34.227937,142.794417,2017.0,New South Wales
-31.963092,152.431366,2025.0,New South Wales
-30.560659,149.118634,2019.0,New South Wales
-30.449963,149.247536,2017.0,New South Wales
-33.967299,151.136527,2020.0,New South Wales
-34.0681,150.80722,2016.0,New South Wales
-35.365873,149.641626,2014.0,New South Wales
-30.075743,152.372717,2003.0,New South Wales
-30.07591,152.16789,2022.0,New South Wales
-33.65639,150.317998,2018.0,New South Wales
-30.305113,150.861054,2022.0,New South Wales
-33.216778,149.137505,,New South Wales
-33.94518,150.846386,2026.0,New South Wales
-35.58166,150.31915,2013.0,New South Wales
-31.456465,152.130861,2022.0,New South Wales
-34.88511,145.939745,,New South Wales
-33.904637,151.02016,2023.0,New South Wales
-30.584906,149.216039,2020.0,New South Wales
-34.287605,150.251312,2022.0,New South Wales
-33.5,151.3,2025.0,New South Wales
-33.67863,151.119801,1973.0,New South Wales
-30.593138,149.047776,2017.0,New South Wales
-35.492031,148.666357,2020.0,New South Wales
-31.181154,152.823792,2020.0,New South Wales
-33.18402,149.14931,2014.0,New South Wales
-31.84243,151.6182,2014.0,New South Wales
-29.01418,152.69091,2012.0,New South Wales
-36.378374,149.498372,,New South Wales
-33.931556,150.638389,2013.0,New South Wales
-34.174579,142.542184,2018.0,New South Wales
-37.02257,148.75383,2013.0,New South Wales
-33.884253,150.925068,2025.0,New South Wales
-30.544863,149.283477,2018.0,New South Wales
-30.072816,152.237857,2021.0,New South Wales
-35.89047,148.52555,2012.0,New South Wales
-31.1,150.4,2018.0,New South Wales
-31.022524,152.339188,2022.0,New South Wales
-34.70867,150.45764,2013.0,New South Wales
-31.840734,151.533874,2017.0,New South Wales
-29.96154,152.54582,2013.0,New South Wales
-30.609506,149.23442,2022.0,New South Wales
-30.863425,150.819864,1999.0,New South Wales
-35.700536,150.181871,2003.0,New South Wales
-34.077207,150.756526,2015.0,New South Wales
-33.973137,150.863783,2014.0,New South Wales
-33.881347,151.235329,2015.0,New South Wales
-30.595123,149.04864,2016.0,New South Wales
-35.07162,150.20557,2013.0,New South Wales
-32.06324,151.6887,2014.0,New South Wales
-33.398115,150.223179,2023.0,New South Wales
-32.1,152.5,2020.0,New South Wales
-31.165173,152.365492,2022.0,New South Wales
-33.767761,150.781616,2022.0,New South Wales
-30.582635,149.173522,2019.0,New South Wales
-34.261607,150.876651,2015.0,New South Wales
-33.812611,150.994239,2025.0,New South Wales
-33.856241,150.633137,2017.0,New South Wales
-33.11421,150.013433,2012.0,New South Wales
-30.666353,149.133241,2019.0,New South Wales
-31.145743,152.36308,2021.0,New South Wales
-30.541219,151.722124,2024.0,New South Wales
-33.624988,147.344899,2017.0,New South Wales
-34.266629,142.743319,2018.0,New South Wales
-33.8,150.9,2020.0,New South Wales
-28.865079,153.034407,1996.0,New South Wales
-35.782666,147.777651,2022.0,New South Wales
-34.703142,150.732389,2017.0,New South Wales
-30.397331,149.564309,2011.0,New South Wales
-35.94373,148.92001,2013.0,New South Wales
-31.188943,152.37241,1992.0,New South Wales
-36.270142,148.256493,2018.0,New South Wales
-32.2,151.7,2015.0,New South Wales
-37.15407,149.359231,2023.0,New South Wales
-33.808773,151.297102,2023.0,New South Wales
-35.4,149.2,2017.0,New South Wales
-37.12664,149.433911,2024.0,New South Wales
-33.873269,151.183619,2019.0,New South Wales
-29.18283,152.357238,1992.0,New South Wales
-28.46376,153.2347,2020.0,New South Wales
-34.181246,142.55569,2018.0,New South Wales
-33.91116,151.15546,2017.0,New South Wales
-28.399086,153.048028,1988.0,New South Wales
-32.684064,151.860828,2017.0,New South Wales
-33.48746,150.10695,2012.0,New South Wales
-32.60102,151.80526,2019.0,New South Wales
-34.194849,150.869321,2016.0,New South Wales
-33.0,151.1,2025.0,New South Wales
-33.69408,150.57581,2016.0,New South Wales
-35.871011,150.058121,2013.0,New South Wales
-29.40141,153.357698,,New South Wales
-34.578299,150.789592,2005.0,New South Wales
-33.760948,150.737885,2023.0,New South Wales
-32.27776,148.58926,2024.0,New South Wales
-33.111557,151.533846,1996.0,New South Wales
-32.555742,143.841946,1999.0,New South Wales
-30.523078,149.877434,2023.0,New South Wales
-37.001168,149.731758,,New South Wales
-35.42338,148.59348,,New South Wales
-33.969486,151.239705,2021.0,New South Wales
-35.916012,147.594233,2022.0,New South Wales
-33.4828,150.1119,2013.0,New South Wales
-32.976284,147.856626,2008.0,New South Wales
-29.159679,141.105785,2009.0,New South Wales
-34.250262,150.820036,2009.0,New South Wales
-33.640031,151.326531,2003.0,New South Wales
-35.94373,148.92001,2013.0,New South Wales
-33.94654,150.855377,2026.0,New South Wales
-34.691916,150.650496,2020.0,New South Wales
-33.728472,150.889792,2021.0,New South Wales
-30.409196,150.272842,2022.0,New South Wales
-28.823042,152.16885,2021.0,New South Wales
-29.73126,149.88891,2013.0,New South Wales
-33.909611,150.472658,1997.0,New South Wales
-28.58022,153.2381,2014.0,New South Wales
-37.220151,149.667236,2024.0,New South Wales
-33.386512,151.356278,2016.0,New South Wales
-31.5,152.7,2020.0,New South Wales
-34.0,151.1,2018.0,New South Wales
-34.127654,142.546284,2022.0,New South Wales
-34.195523,142.669137,2017.0,New South Wales
-33.17948,149.1493,2013.0,New South Wales
-34.007165,150.797813,2019.0,New South Wales
-36.371178,149.821324,1990.0,New South Wales
-33.837476,150.947761,2002.0,New South Wales
-30.566872,149.020934,2017.0,New South Wales
-30.642325,152.470206,2013.0,New South Wales
-34.41738,150.595316,2014.0,New South Wales
-31.191135,152.167876,2020.0,New South Wales
-30.545738,149.207876,2018.0,New South Wales
-35.656445,148.541888,2021.0,New South Wales
-34.667983,150.710761,2020.0,New South Wales
-35.577048,150.295361,2022.0,New South Wales
-33.904336,151.02123,2016.0,New South Wales
-30.457512,149.194688,2020.0,New South Wales
-33.971911,146.068511,2024.0,New South Wales
-33.9,151.1,2026.0,New South Wales
-30.98527,152.858998,2018.0,New South Wales
-34.071526,149.69177,2022.0,New South Wales
-35.99188,148.460474,2018.0,New South Wales
-34.8,149.1,2016.0,New South Wales
-37.163188,149.400593,2023.0,New South Wales
-33.98385,150.50739,2013.0,New South Wales
-28.992256,149.659204,2025.0,New South Wales
-34.291505,142.516043,2017.0,New South Wales
-30.448415,149.797626,2024.0,New South Wales
-30.402213,151.624706,2022.0,New South Wales
-34.1708,142.677,2017.0,New South Wales
-30.534791,152.996456,2023.0,New South Wales
-29.96154,152.54582,2013.0,New South Wales
-30.428311,150.316217,2022.0,New South Wales
-36.25429,149.58817,2014.0,New South Wales
-30.544338,149.259542,2017.0,New South Wales
-34.068208,150.807393,2024.0,New South Wales
-31.61647,152.41047,2014.0,New South Wales
-32.768989,151.57972,2016.0,New South Wales
-31.667499,152.132827,2023.0,New South Wales
-34.528746,150.652106,2024.0,New South Wales
-35.43199,148.77079,2013.0,New South Wales
-33.730125,150.822189,2020.0,New South Wales
-37.001093,149.731104,2022.0,New South Wales
-35.5863,148.69111,2016.0,New South Wales
-33.94053,151.18238,2018.0,New South Wales
-30.65276,152.146228,2024.0,New South Wales
-34.259352,150.865208,2015.0,New South Wales
-30.6,150.2,2016.0,New South Wales
-32.123287,146.309486,,New South Wales
-28.80057,150.77558,2018.0,New South Wales
-32.264181,151.766258,2024.0,New South Wales
-37.158854,149.438063,2023.0,New South Wales
-31.082381,150.078631,2024.0,New South Wales
-34.024958,151.184213,2001.0,New South Wales
-34.702534,150.733159,2015.0,New South Wales
-33.0,151.0,2022.0,New South Wales
-28.81924,153.40897,2019.0,New South Wales
-28.82175,153.33124,2014.0,New South Wales
-33.920764,151.083343,2021.0,New South Wales
-33.843588,150.795199,2008.0,New South Wales
-33.3,151.4,2022.0,New South Wales
-32.492255,145.455073,2021.0,New South Wales
-34.3735,150.50722,2014.0,New South Wales
-31.246252,152.828586,2018.0,New South Wales
-34.639966,150.335998,2023.0,New South Wales
-33.923636,150.915863,2021.0,New South Wales
-35.543186,149.346453,2000.0,New South Wales
-37.166256,149.410588,2023.0,New South Wales
-34.3,151.0,2024.0,New South Wales
-33.04055,150.023254,2024.0,New South Wales
-30.9,152.1,2015.0,New South Wales
-33.3,151.4,2025.0,New South Wales
-33.87805,151.10382,2016.0,New South Wales
-37.163188,149.400593,2024.0,New South Wales
-30.323603,152.582259,,New South Wales
-31.456465,152.130861,2022.0,New South Wales
-33.5,151.3,2025.0,New South Wales
-31.145743,152.36308,2021.0,New South Wales
-28.386429,153.053871,2018.0,New South Wales
-30.069435,152.241252,2022.0,New South Wales
-31.61199,152.41014,2014.0,New South Wales
-30.789826,152.932105,1991.0,New South Wales
-35.4162,149.248,1991.0,New South Wales
-36.25429,149.58817,2014.0,New South Wales
-33.408869,150.277606,2016.0,New South Wales
-28.8,153.3,2023.0,New South Wales
-30.497168,149.332433,2018.0,New South Wales
-32.4,150.9,2024.0,New South Wales
-33.721842,150.6136,2023.0,New South Wales
-29.6,152.2,2025.0,New South Wales
-30.56558,152.26761,2012.0,New South Wales
-34.164292,142.562492,2017.0,New South Wales
-33.702752,150.867087,2021.0,New South Wales
-34.033704,151.071578,2025.0,New South Wales
-33.848448,151.001633,2015.0,New South Wales
-33.744925,151.039785,2018.0,New South Wales
-31.782508,147.812361,2002.0,New South Wales
-32.9,151.8,2022.0,New South Wales
-32.293336,152.012529,2024.0,New South Wales
-31.5,152.7,2017.0,New South Wales
-33.3,151.4,2024.0,New South Wales
-30.621094,149.136656,2019.0,New South Wales
-33.3,151.4,2024.0,New South Wales
-30.598506,150.078586,2024.0,New South Wales
-34.28828,150.831057,1997.0,New South Wales
-30.545261,149.206289,2017.0,New South Wales
-33.6,150.2,2024.0,New South Wales
-36.983926,149.675764,1994.0,New South Wales
-35.94373,148.92001,2017.0,New South Wales
-29.359047,153.335915,,New South Wales
-30.578633,149.194067,2019.0,New South Wales
-35.877154,148.406812,2020.0,New South Wales
-35.18368,149.80389,2012.0,New South Wales
-30.477198,149.227402,2018.0,New South Wales
-33.812515,151.299816,2023.0,New South Wales
-33.3,151.4,2024.0,New South Wales
-30.589906,149.23018,2020.0,New South Wales
-30.56,152.4923,2019.0,New South Wales
-29.07578,147.060294,2009.0,New South Wales
-34.007636,151.042548,2007.0,New South Wales
-29.267583,145.263004,2024.0,New South Wales
-29.765078,153.017746,1993.0,New South Wales
-31.9,152.5,2024.0,New South Wales
-34.07992,145.246533,2005.0,New South Wales
-37.135551,149.939658,2021.0,New South Wales
-32.168493,150.889585,2023.0,New South Wales
-33.048529,150.024662,2023.0,New South Wales
-37.260099,149.813832,2015.0,New South Wales
-31.029664,152.168539,2021.0,New South Wales
-35.631428,150.019636,2019.0,New South Wales
-28.6,153.0,2024.0,New South Wales
-29.6,151.7,2021.0,New South Wales
-30.388585,150.281978,2023.0,New South Wales
-30.56558,152.26761,2012.0,New South Wales
-35.94373,148.92001,2015.0,New South Wales
-33.576381,150.156871,1994.0,New South Wales
-37.158854,149.438063,2024.0,New South Wales
-28.485423,152.091804,,New South Wales
-37.259092,149.40855,2019.0,New South Wales
-28.823042,152.16885,2021.0,New South Wales
-34.8,149.3,2020.0,New South Wales
-33.3,151.4,2024.0,New South Wales
-34.703142,150.732389,2018.0,New South Wales
-30.574149,149.161379,2019.0,New South Wales
-34.258853,142.685906,2022.0,New South Wales
-30.5,149.2,2020.0,New South Wales
-35.09088,147.354862,2012.0,New South Wales
-33.90253,151.05818,2019.0,New South Wales
-35.710578,150.078105,2018.0,New South Wales
-30.566735,149.141744,2020.0,New South Wales
-34.137004,149.651229,2022.0,New South Wales
-36.06315,148.24461,2023.0,New South Wales
-31.032672,152.337986,2022.0,New South Wales
-33.664365,151.253836,1975.0,New South Wales
-30.534461,150.125091,2023.0,New South Wales
-28.981352,148.996947,2022.0,New South Wales
-30.5412,149.124167,2019.0,New South Wales
-33.3,151.4,2025.0,New South Wales
-35.07162,150.20557,2013.0,New South Wales
-32.137032,149.752716,2004.0,New South Wales
-33.27642,151.43233,2017.0,New South Wales
-30.40739,150.48147,2022.0,New South Wales
-29.36614,152.85081,2012.0,New South Wales
-31.165173,152.365492,2021.0,New South Wales
-32.7384,151.54921,2018.0,New South Wales
-35.918135,147.746841,2022.0,New South Wales
-31.82824,151.549551,2017.0,New South Wales
-33.3,151.4,2024.0,New South Wales
-36.142942,150.094793,2022.0,New South Wales
-31.002781,152.354568,2022.0,New South Wales
-30.463474,149.866803,2021.0,New South Wales
-32.62522,149.56793,2013.0,New South Wales
-35.871011,150.058121,2013.0,New South Wales
-34.5,142.6,2006.0,New South Wales
-37.286154,149.525046,1992.0,New South Wales
-34.270258,149.972077,2022.0,New South Wales
-33.93177,150.63452,2013.0,New South Wales
-31.010239,152.36828,2022.0,New South Wales
-34.450073,150.742933,2017.0,New South Wales
-34.260905,142.72966,2018.0,New South Wales
-29.96402,152.54792,2013.0,New South Wales
-33.732162,151.296299,2021.0,New South Wales
-33.3,151.4,2025.0,New South Wales
-33.009067,146.02093,2021.0,New South Wales
-34.065816,149.706361,2022.0,New South Wales
-32.1,148.0,2020.0,New South Wales
-29.96154,152.54582,2013.0,New South Wales
-33.799971,151.27809,1999.0,New South Wales
-37.152073,149.080712,2017.0,New South Wales
-32.439257,148.40948,2011.0,New South Wales
-29.69606,150.60789,2014.0,New South Wales
-33.745347,151.247831,2010.0,New South Wales
-33.286532,151.307469,2000.0,New South Wales
-33.73651,150.877831,2018.0,New South Wales
-34.70867,150.45764,2013.0,New South Wales
-28.463016,152.737846,2016.0,New South Wales
-33.899189,151.139681,2007.0,New South Wales
-34.219829,142.666498,2018.0,New South Wales
-33.640031,151.326531,2002.0,New South Wales
-31.227346,152.822596,2000.0,New South Wales
-31.84243,151.6182,2014.0,New South Wales
-35.0746,150.21181,2014.0,New South Wales
-30.592873,149.254857,2018.0,New South Wales
-33.393428,151.347375,2016.0,New South Wales
-33.9,149.8,2015.0,New South Wales
-29.241234,150.748718,2024.0,New South Wales
-31.61199,152.41014,2014.0,New South Wales
-33.591174,150.257947,2019.0,New South Wales
-31.84243,151.6182,2014.0,New South Wales
-32.278444,151.997871,2024.0,New South Wales
-35.94373,148.92001,2013.0,New South Wales
-33.93615,151.098431,2024.0,New South Wales
-33.3,151.4,2024.0,New South Wales
-33.034694,150.030475,2024.0,New South Wales
-32.286251,152.015718,2024.0,New South Wales
-33.79299,151.05562,2017.0,New South Wales
-34.006543,151.219794,1981.0,New South Wales
-34.232408,142.517931,2017.0,New South Wales
-34.246831,142.532384,2018.0,New South Wales
-28.639721,153.590408,1994.0,New South Wales
-29.561635,152.220504,2023.0,New South Wales
-33.829,151.24455,2011.0,New South Wales
-32.3,151.3,2019.0,New South Wales
-32.291953,151.980032,2024.0,New South Wales
-33.020347,150.029186,2024.0,New South Wales
-34.3735,150.50722,2014.0,New South Wales
-31.61647,152.41047,2014.0,New South Wales
-33.8628,151.0806,2012.0,New South Wales
-30.995554,152.149315,2022.0,New South Wales
-31.022524,152.339188,2022.0,New South Wales
-32.326656,149.890631,,New South Wales
-30.700732,150.342563,2024.0,New South Wales
-33.789893,150.898628,2023.0,New South Wales
-36.841711,149.928224,,New South Wales
-37.183974,149.950586,2021.0,New South Wales
-37.435584,149.962526,1978.0,New South Wales
-34.084459,151.153141,2003.0,New South Wales
-28.383254,153.110914,2016.0,New South Wales
-34.10146,151.114833,1982.0,New South Wales
-37.139176,149.394565,2023.0,New South Wales
-32.730458,142.421287,1995.0,New South Wales
-34.402338,150.570034,2014.0,New South Wales
-29.647561,147.383536,2001.0,New South Wales
-30.6,145.8,2025.0,New South Wales
-34.05342,150.83898,2017.0,New South Wales
-37.01792,148.75931,2013.0,New South Wales
-29.395955,153.372108,,New South Wales
-34.713269,149.91809,2022.0,New South Wales
-29.462279,152.356685,2022.0,New South Wales
-34.174579,142.542184,2018.0,New South Wales
-33.3,151.4,2024.0,New South Wales
-33.3,151.4,2025.0,New South Wales
-30.5,147.8,2025.0,New South Wales
-31.456465,152.130861,2022.0,New South Wales
-30.507471,151.674681,2022.0,New South Wales
-34.429892,150.529709,2014.0,New South Wales
-34.127952,150.985924,2009.0,New South Wales
-36.23911,148.37052,2012.0,New South Wales
-32.9,151.8,2021.0,New South Wales
-33.9464,151.01322,2018.0,New South Wales
-37.302704,149.785696,2022.0,New South Wales
-32.5,148.0,2025.0,New South Wales
-34.123802,149.668856,2022.0,New South Wales
-34.45815,150.198133,2014.0,New South Wales
-30.8494,152.7768,2012.0,New South Wales
-35.66034,149.21745,2012.0,New South Wales
-31.028526,152.335906,2021.0,New South Wales
-34.703142,150.732389,2019.0,New South Wales
-33.159129,149.986119,2016.0,New South Wales
-34.0,151.1,2015.0,New South Wales
-37.415091,149.915218,2021.0,New South Wales
-36.02432,149.00174,2018.0,New South Wales
-34.164292,142.562492,2016.0,New South Wales
-33.393428,151.347375,2016.0,New South Wales
-30.638859,149.214408,2019.0,New South Wales
-34.277097,142.786439,2022.0,New South Wales
-33.83602,150.98669,2019.0,New South Wales
-33.901922,151.182327,2024.0,New South Wales
-30.406334,150.24991,2023.0,New South Wales
-33.81618,151.297348,2022.0,New South Wales
-33.80731,150.97008,2015.0,New South Wales
-31.201726,152.336867,2022.0,New South Wales
-32.964757,151.636543,2017.0,New South Wales
-34.732497,150.660519,2016.0,New South Wales
-32.174688,151.798828,2004.0,New South Wales
-36.23911,148.37052,2014.0,New South Wales
-30.65145,149.184519,2019.0,New South Wales
-33.779529,151.116617,2024.0,New South Wales
-29.712158,153.228528,1991.0,New South Wales
-33.18402,149.14931,2014.0,New South Wales
-35.617,150.071,2020.0,New South Wales
-34.208707,142.622304,2016.0,New South Wales
-31.165173,152.365492,2022.0,New South Wales
-37.139176,149.394565,2023.0,New South Wales
-33.8,150.7,2025.0,New South Wales
-31.199332,152.40389,2023.0,New South Wales
-36.219478,148.147019,2015.0,New South Wales
-35.0746,150.21181,2012.0,New South Wales
-31.61647,152.41047,2020.0,New South Wales
-33.791202,151.045761,2023.0,New South Wales
-33.79373,151.04041,2016.0,New South Wales
-32.747243,151.890999,1994.0,New South Wales
-35.414148,149.259021,1992.0,New South Wales
-35.43199,148.77079,2013.0,New South Wales
-35.4,149.2,2017.0,New South Wales
-31.019413,152.340581,2022.0,New South Wales
-30.047586,152.241946,2022.0,New South Wales
-29.96154,152.54582,2013.0,New South Wales
-34.176213,142.493598,2018.0,New South Wales
-33.708124,150.983586,2016.0,New South Wales
-33.3,151.4,2025.0,New South Wales
-30.568425,149.177354,2020.0,New South Wales
-29.925474,152.209685,2021.0,New South Wales
-33.945361,151.124333,2022.0,New South Wales
-33.8,151.1,2023.0,New South Wales
-30.589422,149.256237,2020.0,New South Wales
-32.284885,151.989018,2024.0,New South Wales
-34.429892,150.529709,2014.0,New South Wales
-33.8,151.0,2022.0,New South Wales
-33.3,151.4,2025.0,New South Wales
-34.364533,148.983836,2010.0,New South Wales
-32.3,151.3,2019.0,New South Wales
-34.3,148.8,2023.0,New South Wales
-29.70068,150.60695,2012.0,New South Wales
-36.23692,148.25342,2013.0,New South Wales
-37.158854,149.438063,2023.0,New South Wales
-34.45721,150.84527,2019.0,New South Wales
-34.213353,142.556374,2018.0,New South Wales
-36.4,148.8,2016.0,New South Wales
-33.702681,150.932094,2004.0,New South Wales
-28.385998,153.083493,2018.0,New South Wales
-31.049426,152.34718,2021.0,New South Wales
-32.04835,149.9382,2014.0,New South Wales
-30.56082,150.163443,2023.0,New South Wales
-35.41732,148.61884,2022.0,New South Wales
-30.508805,149.896773,2021.0,New South Wales
-32.919004,151.717878,2024.0,New South Wales
-33.8,151.3,2017.0,New South Wales
-30.568425,149.177354,2017.0,New South Wales
-35.866824,150.056974,2014.0,New South Wales
-33.015182,150.031434,2024.0,New South Wales
-33.856651,150.945196,2023.0,New South Wales
-33.93182,150.63799,2013.0,New South Wales
-34.51345,150.361543,2023.0,New South Wales
-33.891298,151.148327,2010.0,New South Wales
-33.04055,150.023254,2024.0,New South Wales
-37.164698,149.379336,2023.0,New South Wales
-33.837109,150.96809,2024.0,New South Wales
-35.601106,150.209808,2018.0,New South Wales
-34.713405,150.630324,2019.0,New South Wales
-34.3735,150.50722,2014.0,New South Wales
-32.220248,151.723158,2024.0,New South Wales
-35.608342,148.630006,2022.0,New South Wales
-35.9,148.4,2018.0,New South Wales
-31.5,152.2,2024.0,New South Wales
-31.148647,152.358477,2022.0,New South Wales
-33.67002,150.2943,2014.0,New South Wales
-33.3,151.4,2025.0,New South Wales
-35.58166,150.31915,2014.0,New South Wales
-33.713446,150.312003,2024.0,New South Wales
-34.0,150.9,2016.0,New South Wales
-30.134673,152.384481,2004.0,New South Wales
-33.932072,150.295728,2024.0,New South Wales
-33.7953,150.785946,2024.0,New South Wales
-35.044035,150.595435,2012.0,New South Wales
-31.165173,152.365492,2022.0,New South Wales
-30.321571,152.584691,,New South Wales
-33.3,151.4,2024.0,New South Wales
-31.954904,150.029623,2018.0,New South Wales
-33.9525,150.89938,2019.0,New South Wales
-37.498454,149.970666,,New South Wales
-33.3,149.1,2015.0,New South Wales
-34.164292,142.562492,2017.0,New South Wales
-31.0,150.2,2015.0,New South Wales
-30.40345,150.49538,2022.0,New South Wales
-33.824117,151.222588,2025.0,New South Wales
-36.680722,148.250595,2024.0,New South Wales
-33.442995,148.580542,1997.0,New South Wales
-30.574234,149.130333,2021.0,New South Wales
-36.25429,149.58817,2014.0,New South Wales
-36.2,149.1,2015.0,New South Wales
-31.181154,152.823792,2020.0,New South Wales
-32.278585,148.581762,2021.0,New South Wales
-33.3,151.4,2024.0,New South Wales
-34.040394,145.549213,2016.0,New South Wales
-34.8,150.5,2021.0,New South Wales
-29.613988,152.252555,2023.0,New South Wales
-34.618753,150.542781,2019.0,New South Wales
-36.65308,149.42747,2013.0,New South Wales
-34.6,150.4,2019.0,New South Wales
-35.59114,148.6912,2020.0,New South Wales
-33.6,150.2,2024.0,New South Wales
-34.209511,150.917691,2016.0,New South Wales
-33.7,151.2,2020.0,New South Wales
-37.23115,149.48419,2014.0,New South Wales
-31.593069,152.617544,2010.0,New South Wales
-31.6,152.7,2022.0,New South Wales
-36.668886,149.395861,1991.0,New South Wales
-33.808773,151.297102,2023.0,New South Wales
-33.783135,151.053791,2011.0,New South Wales
-29.128407,152.303097,2003.0,New South Wales
-33.015182,150.031434,2024.0,New South Wales
-30.499392,150.258472,2024.0,New South Wales
-34.189975,142.481666,2017.0,New South Wales
-30.54089,149.11653,2019.0,New South Wales
-32.359748,150.846466,2021.0,New South Wales
-32.424308,141.170683,2012.0,New South Wales
-33.48623,150.11185,2012.0,New South Wales
-31.84243,151.6182,2014.0,New South Wales
-37.156686,149.096637,2017.0,New South Wales
-34.481315,150.117697,2016.0,New South Wales
-34.703142,150.732389,2018.0,New South Wales
-33.3,151.4,2024.0,New South Wales
-35.866824,150.056974,2014.0,New South Wales
-35.491238,148.272391,1999.0,New South Wales
-34.310088,150.722771,2016.0,New South Wales
-33.67002,150.2943,2017.0,New South Wales
-32.367828,149.818669,2021.0,New South Wales
-30.647929,149.215835,2019.0,New South Wales
-29.612467,152.273041,2022.0,New South Wales
-33.374025,150.202701,2017.0,New South Wales
-31.61171,152.41547,2013.0,New South Wales
-30.609506,149.23442,2017.0,New South Wales
-34.703142,150.732389,2020.0,New South Wales
-30.5,145.6,2025.0,New South Wales
-33.822154,150.875766,2008.0,New South Wales
-33.735702,151.291349,2011.0,New South Wales
-36.57712,149.762882,1994.0,New South Wales
-31.165173,152.365492,2022.0,New South Wales
-34.246106,142.685183,2022.0,New South Wales
-32.888515,145.658907,2021.0,New South Wales
-30.657287,149.132896,2020.0,New South Wales
-30.545751,150.147561,2023.0,New South Wales
-30.551461,152.66158,2019.0,New South Wales
-33.95322,151.14066,2019.0,New South Wales
-29.527095,152.34246,2022.0,New South Wales
-34.777706,150.793626,1995.0,New South Wales
-28.36868,153.08526,2018.0,New South Wales
-34.256122,150.772407,,New South Wales
-35.07474,150.20619,2013.0,New South Wales
-34.710002,150.706819,2018.0,New South Wales
-30.40345,150.49538,2022.0,New South Wales
-30.636452,149.21108,2022.0,New South Wales
-33.8,151.0,2024.0,New South Wales
-34.0,150.8,2019.0,New South Wales
-33.67933,150.91663,2017.0,New South Wales
-33.756878,150.89315,2022.0,New South Wales
-30.491182,149.308234,2017.0,New South Wales
-30.424399,152.13781,2023.0,New South Wales
-34.068703,141.326435,1997.0,New South Wales
-33.734359,150.823959,2018.0,New South Wales
-30.457512,149.194688,2020.0,New South Wales
-36.25429,149.58817,2014.0,New South Wales
-35.425109,149.716314,2018.0,New South Wales
-36.65308,149.42747,2013.0,New South Wales
-37.011122,149.746756,2021.0,New South Wales
-35.581095,148.613612,2022.0,New South Wales
-33.93177,150.63452,2013.0,New South Wales
-33.047365,150.039668,2024.0,New South Wales
-33.933945,141.802001,1995.0,New South Wales
-35.97575,147.32982,2014.0,New South Wales
-31.8,150.9,2021.0,New South Wales
-28.608274,152.507699,,New South Wales
-35.07026,150.21166,2013.0,New South Wales
-35.2,148.7,2017.0,New South Wales
-33.953344,151.120231,2022.0,New South Wales
-34.215188,145.54208,2005.0,New South Wales
-32.2,151.4,2022.0,New South Wales
-33.742937,150.787968,2017.0,New South Wales
-33.981511,146.049322,2023.0,New South Wales
-33.6,150.2,2024.0,New South Wales
-35.18797,149.30215,1981.0,New South Wales
-31.84243,151.6182,2014.0,New South Wales
-37.174005,149.343341,2023.0,New South Wales
-34.703142,150.732389,2018.0,New South Wales
-30.717967,150.307578,2024.0,New South Wales
-29.069303,147.007761,2009.0,New South Wales
-31.718129,152.79528,2003.0,New South Wales
-34.410607,150.640146,1997.0,New South Wales
-35.991758,148.459385,2018.0,New South Wales
-33.027893,150.022785,2024.0,New South Wales
-33.9,151.0,2021.0,New South Wales
-34.20442,150.903589,2016.0,New South Wales
-33.762831,151.275942,2022.0,New South Wales
-30.398361,149.564211,2003.0,New South Wales
-33.715171,150.447852,2007.0,New South Wales
-34.688352,150.736023,2020.0,New South Wales
-33.86885,151.20933,2018.0,New South Wales
-30.543398,148.995838,2017.0,New South Wales
-33.6,150.2,2025.0,New South Wales
-33.825556,151.064754,2021.0,New South Wales
-30.558494,149.139393,2019.0,New South Wales
-30.997631,150.123611,2023.0,New South Wales
-34.42752,150.609251,2023.0,New South Wales
-29.96154,152.54582,2013.0,New South Wales
-33.931556,150.638389,2013.0,New South Wales
-30.738333,150.150556,2015.0,New South Wales
-37.12664,149.433911,2023.0,New South Wales
-31.155379,152.367899,2022.0,New South Wales
-34.657606,150.655273,2020.0,New South Wales
-33.579722,150.702222,2017.0,New South Wales
-29.0767,153.268212,1994.0,New South Wales
-33.843885,150.659919,2024.0,New South Wales
-33.82053,150.924353,2020.0,New South Wales
-32.489652,151.070559,2018.0,New South Wales
-37.158854,149.438063,2023.0,New South Wales
-33.3,151.4,2024.0,New South Wales
-33.3,151.4,2024.0,New South Wales
-31.5,145.8,2023.0,New South Wales
-33.98385,150.50739,2013.0,New South Wales
-35.602866,149.91547,1998.0,New South Wales
-33.81126,151.06009,2011.0,New South Wales
-33.3,151.4,2024.0,New South Wales
-37.13359,149.386882,2023.0,New South Wales
-35.46548,148.56627,2022.0,New South Wales
-33.792435,150.951555,2022.0,New South Wales
-37.23115,149.48419,2014.0,New South Wales
-33.700834,151.147007,2013.0,New South Wales
-34.174579,142.542184,2016.0,New South Wales
-34.20885,150.01118,2013.0,New South Wales
-33.0,151.0,2024.0,New South Wales
-33.3,151.4,2024.0,New South Wales
-29.389682,153.355596,1994.0,New South Wales
-33.990811,151.073439,2010.0,New South Wales
-33.962786,146.069411,2025.0,New South Wales
-32.249434,148.612593,2022.0,New South Wales
-30.802318,147.534309,1993.0,New South Wales
-31.9,152.5,2024.0,New South Wales
-37.401199,149.895661,,New South Wales
-30.302478,153.145492,2024.0,New South Wales
-31.9,152.5,2023.0,New South Wales
-35.866824,150.056974,2014.0,New South Wales
-33.92802,150.640216,2016.0,New South Wales
-34.643998,150.559969,2017.0,New South Wales
-33.6,151.3,2024.0,New South Wales
-34.260905,142.72966,2018.0,New South Wales
-33.808804,151.297219,2024.0,New South Wales
-33.712022,151.163688,2022.0,New South Wales
-33.876085,150.691791,2022.0,New South Wales
-30.086624,152.134747,2022.0,New South Wales
-33.77664,151.092243,,New South Wales
-30.601868,150.038317,2024.0,New South Wales
-33.850614,151.129283,2020.0,New South Wales
-28.37221,153.089959,2018.0,New South Wales
-30.67671,152.44074,2015.0,New South Wales
-29.742671,147.588586,1992.0,New South Wales
-33.3,151.4,2024.0,New South Wales
-37.169967,149.789572,2022.0,New South Wales
-33.756525,150.981735,2021.0,New South Wales
-33.864251,150.983947,2020.0,New South Wales
-36.508514,149.301589,,New South Wales
-30.41726,151.629007,2015.0,New South Wales
-33.753108,151.282441,2023.0,New South Wales
-33.8,151.1,2016.0,New South Wales
-32.962849,150.908325,2005.0,New South Wales
-37.420583,149.798829,2021.0,New South Wales
-34.05752,150.69478,2016.0,New South Wales
-31.148647,152.358477,2022.0,New South Wales
-35.20659,150.52358,2013.0,New South Wales
-33.6,150.2,2025.0,New South Wales
-36.579039,149.381906,1991.0,New South Wales
-33.915384,151.139686,2007.0,New South Wales
-33.812515,151.299816,2023.0,New South Wales
-33.267719,150.16499,2011.0,New South Wales
-37.163188,149.400593,2023.0,New South Wales
-34.41,150.8706,2014.0,New South Wales
-30.756897,150.225805,2022.0,New South Wales
-30.743651,150.338167,2010.0,New South Wales
-35.871011,150.058121,2013.0,New South Wales
-31.171994,152.82276,2018.0,New South Wales
-33.849184,148.693013,2024.0,New South Wales
-30.526708,149.211371,2020.0,New South Wales
-36.23911,148.37052,2014.0,New South Wales
-36.65308,149.42747,2013.0,New South Wales
-34.258853,142.685906,2022.0,New South Wales
-34.123802,149.668856,2022.0,New South Wales
-33.7,142.3,2024.0,New South Wales
-33.97439,150.84537,2014.0,New South Wales
-30.519293,149.384731,2018.0,New South Wales
-33.852818,151.049571,2024.0,New South Wales
-33.3,151.4,2025.0,New South Wales
-36.098881,148.485935,2021.0,New South Wales
-29.848645,152.200595,2021.0,New South Wales
-30.363611,152.729064,2023.0,New South Wales
-31.049426,152.34718,2022.0,New South Wales
-33.95632,151.036342,2022.0,New South Wales
-35.426869,148.610366,2024.0,New South Wales
-36.4,148.4,2022.0,New South Wales
-34.065816,149.706361,2022.0,New South Wales
-36.23911,148.37052,2012.0,New South Wales
-37.163188,149.400593,2023.0,New South Wales
-34.402338,150.570034,2014.0,New South Wales
-30.953713,152.052482,2022.0,New South Wales
-32.675847,151.606064,,New South Wales
-31.09275,150.93203,2017.0,New South Wales
-36.873909,149.901413,,New South Wales
-33.460409,150.244006,2013.0,New South Wales
-33.799342,151.067746,2016.0,New South Wales
-33.94203,150.853974,2025.0,New South Wales
-37.350702,149.664357,2023.0,New South Wales
-33.6,150.1,2025.0,New South Wales
-33.3,151.4,2025.0,New South Wales
-33.027773,145.999453,2021.0,New South Wales
-33.047365,150.039668,2024.0,New South Wales
-30.419767,152.834485,1995.0,New South Wales
-30.6,145.9,2025.0,New South Wales
-34.45815,150.198133,2015.0,New South Wales
-30.64856,149.881691,2024.0,New South Wales
-34.319966,149.883233,2006.0,New South Wales
-37.350704,149.942982,2021.0,New South Wales
-34.220265,142.600437,2016.0,New South Wales
-33.646059,151.234799,1975.0,New South Wales
-31.009475,152.35003,2022.0,New South Wales
-35.87113,147.58971,2013.0,New South Wales
-30.537755,149.900554,2021.0,New South Wales
-34.139807,142.552935,2022.0,New South Wales
-33.300488,149.895356,2022.0,New South Wales
-33.191696,151.522858,,New South Wales
-31.5,152.9,2019.0,New South Wales
-33.5,151.3,2025.0,New South Wales
-33.84713,151.062712,2024.0,New South Wales
-33.5,151.3,2025.0,New South Wales
-33.755636,151.153448,2021.0,New South Wales
-33.3,151.4,2024.0,New South Wales
-37.029793,149.742517,,New South Wales
-33.943728,150.854742,2026.0,New South Wales
-35.4,150.4,2021.0,New South Wales
-31.26329,152.83169,2018.0,New South Wales
-34.245818,142.591901,2018.0,New South Wales
-30.623823,152.875142,2009.0,New South Wales
-33.81086,151.299191,2022.0,New South Wales
-33.3,151.4,2022.0,New South Wales
-33.808873,151.26981,1998.0,New South Wales
-35.242553,150.332833,2022.0,New South Wales
-33.3,149.1,2023.0,New South Wales
-33.6,150.2,2022.0,New South Wales
-33.1,148.9,2022.0,New South Wales
-34.703142,150.732389,2018.0,New South Wales
-33.015182,150.031434,2024.0,New South Wales
-34.063014,150.748089,2006.0,New South Wales
-30.598127,149.153498,2021.0,New South Wales
-33.782375,151.155717,2000.0,New South Wales
-33.658432,151.287353,2003.0,New South Wales
-34.265648,150.227165,2022.0,New South Wales
-30.573711,149.150877,2019.0,New South Wales
-32.563168,145.444369,2021.0,New South Wales
-30.475987,149.207284,2016.0,New South Wales
-28.8,153.4,2025.0,New South Wales
-30.677111,151.725384,2001.0,New South Wales
-30.8,143.8,2021.0,New South Wales
-29.256418,151.630853,2017.0,New South Wales
-32.310655,151.946183,2017.0,New South Wales
-33.388695,150.264619,2019.0,New South Wales
-33.3,151.4,2024.0,New South Wales
-30.497771,149.332078,2017.0,New South Wales
-33.942036,150.854146,2026.0,New South Wales
-31.09275,150.93203,2018.0,New South Wales
-36.764634,149.947688,1991.0,New South Wales
-33.888483,151.061944,2023.0,New South Wales
-31.3,148.8,2022.0,New South Wales
-30.581836,149.163057,2019.0,New South Wales
-35.1,144.8,2021.0,New South Wales
-32.0,152.3,2023.0,New South Wales
-31.078944,150.071423,2021.0,New South Wales
-35.0,148.1,2017.0,New South Wales
-31.14895,152.37632,2019.0,New South Wales
-33.3,151.4,2024.0,New South Wales
-31.086384,141.703096,2020.0,New South Wales
-33.6,150.8,2016.0,New South Wales
-34.139807,142.552935,2018.0,New South Wales
-30.907145,153.027252,2004.0,New South Wales
-37.097409,149.764903,2024.0,New South Wales
-33.533909,150.692612,2018.0,New South Wales
-36.785976,149.399504,,New South Wales
-33.6,150.2,2024.0,New South Wales
-33.3,151.4,2025.0,New South Wales
-33.724296,150.856694,2021.0,New South Wales
-29.61533,152.26171,2012.0,New South Wales
-32.06324,151.6887,2014.0,New South Wales
-36.878548,149.89598,,New South Wales
-33.7,143.0,2024.0,New South Wales
-30.629492,145.613681,2009.0,New South Wales
-36.05619,148.24523,2023.0,New South Wales
-31.165173,152.365492,2021.0,New South Wales
-30.458593,149.853637,2024.0,New South Wales
-30.764806,150.153623,2024.0,New South Wales
-35.89047,148.52555,2012.0,New South Wales
-30.6059,152.0276,2012.0,New South Wales
-35.43199,148.77079,2013.0,New South Wales
-33.816179,151.297348,2022.0,New South Wales
-30.40345,150.49538,2022.0,New South Wales
-33.936775,150.706995,2023.0,New South Wales
-35.907311,150.092802,2023.0,New South Wales
-30.087369,152.160708,2021.0,New South Wales
-33.876366,151.048833,2013.0,New South Wales
-33.799742,150.026279,2023.0,New South Wales
-33.789888,144.861522,1991.0,New South Wales
-34.274575,142.755431,2017.0,New South Wales
-31.84728,151.61321,2018.0,New South Wales
-33.880238,151.15431,1996.0,New South Wales
-37.139176,149.394565,2023.0,New South Wales
-33.9673,151.13653,2017.0,New South Wales
-33.7457,150.79295,2013.0,New South Wales
-33.5,151.3,2025.0,New South Wales
-28.80931,153.28829,2019.0,New South Wales
-34.550594,150.396439,2025.0,New South Wales
-30.491182,149.308234,2021.0,New South Wales
-33.6,150.2,2025.0,New South Wales
-31.8853,150.083896,2018.0,New South Wales
-33.95322,151.14066,2018.0,New South Wales
-33.74459,151.14036,2020.0,New South Wales
-32.111808,150.670323,2016.0,New South Wales
-31.199332,152.40389,2023.0,New South Wales
-37.159346,149.369845,2023.0,New South Wales
-32.944306,149.997535,2010.0,New South Wales
-32.961607,151.674344,,New South Wales
-30.592448,149.228204,2019.0,New South Wales
-34.45815,150.198133,2014.0,New South Wales
-36.7,148.5,2018.0,New South Wales
-32.723882,151.113774,2014.0,New South Wales
-31.128379,152.563704,2000.0,New South Wales
-29.774769,153.287695,2014.0,New South Wales
-30.407946,150.479889,2023.0,New South Wales
-35.657,150.007,2020.0,New South Wales
-34.176213,142.493598,2016.0,New South Wales
-33.664638,151.273243,1981.0,New South Wales
-32.4,151.9,2016.0,New South Wales
-29.5381,152.02303,2012.0,New South Wales
-30.409852,151.620182,2016.0,New South Wales
-31.165173,152.365492,2022.0,New South Wales
-32.3,151.3,2019.0,New South Wales
-36.23911,148.37052,2014.0,New South Wales
-34.1,143.5,2015.0,New South Wales
-33.865895,149.204226,2022.0,New South Wales
-31.476182,152.11856,2021.0,New South Wales
-31.456465,152.130861,2022.0,New South Wales
-34.064621,150.743258,2007.0,New South Wales
-33.3,151.4,2024.0,New South Wales
-35.850405,147.52274,2022.0,New South Wales
-33.5,151.3,2025.0,New South Wales
-34.20885,150.01118,2013.0,New South Wales
-35.94373,148.92001,2013.0,New South Wales
-34.636326,150.569018,2017.0,New South Wales
-33.3,151.4,2024.0,New South Wales
-34.0681,150.80722,2016.0,New South Wales
-33.733927,151.287489,2024.0,New South Wales
-32.026159,151.956874,,New South Wales
-32.84927,150.22691,2013.0,New South Wales
-29.201021,146.256761,2009.0,New South Wales
-31.100519,150.900718,2025.0,New South Wales
-33.942086,150.854165,2025.0,New South Wales
-33.788144,150.772516,2021.0,New South Wales
-33.3,151.4,2021.0,New South Wales
-31.634323,152.733596,2022.0,New South Wales
-34.152008,142.559481,2018.0,New South Wales
-30.632751,149.206933,2019.0,New South Wales
-30.6,151.6,2016.0,New South Wales
-36.99302,149.755027,2021.0,New South Wales
-32.5,150.9,2022.0,New South Wales
-35.290271,149.808719,2022.0,New South Wales
-33.386512,151.356278,2016.0,New South Wales
-31.986643,151.956134,2001.0,New South Wales
-30.4,151.7,2016.0,New South Wales
-37.178593,149.188936,2025.0,New South Wales
-36.7,148.9,2015.0,New South Wales
-33.851719,151.013209,2023.0,New South Wales
-31.445045,152.152314,2022.0,New South Wales
-30.547979,149.04863,2017.0,New South Wales
-34.127654,142.546284,2022.0,New South Wales
-35.94373,148.92001,2013.0,New South Wales
-35.573377,148.615968,2021.0,New South Wales
-29.950732,152.235609,2021.0,New South Wales
-31.2,151.0,2019.0,New South Wales
-34.225521,142.681705,2022.0,New South Wales
-28.859009,153.058293,2024.0,New South Wales
-31.3,151.2,2016.0,New South Wales
-34.04989,151.08735,2019.0,New South Wales
-34.189975,142.481666,2017.0,New South Wales
-33.7,151.1,2021.0,New South Wales
-33.1,148.2,2023.0,New South Wales
-30.57175,152.26497,2013.0,New South Wales
-31.94606,150.78197,2012.0,New South Wales
-34.207977,142.66964,2017.0,New South Wales
-34.61792,150.29301,2019.0,New South Wales
-31.413327,152.120699,2022.0,New South Wales
-32.111808,150.670323,2016.0,New South Wales
-32.938286,145.730623,2021.0,New South Wales
-31.019405,152.179392,1997.0,New South Wales
-33.923636,150.915863,2021.0,New South Wales
-31.049426,152.34718,2022.0,New South Wales
-33.89246,150.913517,2020.0,New South Wales
-33.8,151.0,2025.0,New South Wales
-30.3,148.1,2025.0,New South Wales
-32.286251,152.015718,2024.0,New South Wales
-35.1,148.1,2025.0,New South Wales
-34.8,150.7,2021.0,New South Wales
-32.211883,149.420676,2024.0,New South Wales
-31.049426,152.34718,2022.0,New South Wales
-33.929512,150.857138,2023.0,New South Wales
-35.9,148.4,2015.0,New South Wales
-31.456465,152.130861,2022.0,New South Wales
-31.032672,152.337986,2022.0,New South Wales
-33.3,151.4,2025.0,New South Wales
-32.915383,151.7903,2020.0,New South Wales
-37.129114,149.523777,2015.0,New South Wales
-33.705661,151.147799,1997.0,New South Wales
-34.394134,150.579102,2014.0,New South Wales
-33.96927,150.026192,1997.0,New South Wales
-28.8,151.0,2018.0,New South Wales
-30.589038,149.230399,2018.0,New South Wales
-30.45806,151.37862,2019.0,New South Wales
-31.148647,152.358477,2022.0,New South Wales
-37.214679,149.949493,2021.0,New South Wales
-33.3,151.4,2023.0,New South Wales
-34.379063,150.740894,2016.0,New South Wales
-33.946276,150.85433,2025.0,New South Wales
-29.96154,152.54582,2013.0,New South Wales
-32.999274,151.037676,2020.0,New South Wales
-33.923636,150.915863,2021.0,New South Wales
-33.89024,151.096,2020.0,New South Wales
-31.61647,152.41047,2020.0,New South Wales
-31.049426,152.34718,2022.0,New South Wales
-34.316,150.918,2014.0,New South Wales
-36.7,148.5,2018.0,New South Wales
-35.918135,147.746841,2022.0,New South Wales
-32.2,148.5,2025.0,New South Wales
-33.969253,150.869097,2014.0,New South Wales
-30.144542,153.19066,2007.0,New South Wales
-29.96154,152.54582,2013.0,New South Wales
-35.858921,147.430459,2021.0,New South Wales
-30.568255,149.250268,2017.0,New South Wales
-29.96154,152.54582,2013.0,New South Wales
-35.37069,149.641888,2017.0,New South Wales
-35.43592,148.59491,2022.0,New South Wales
-32.363438,152.058326,1997.0,New South Wales
-31.049426,152.34718,2022.0,New South Wales
-34.0,151.1,2025.0,New South Wales
-33.92051,151.03182,2020.0,New South Wales
-29.96402,152.54792,2013.0,New South Wales
-31.1,150.8,2017.0,New South Wales
-34.212449,150.914395,2016.0,New South Wales
-33.897155,151.047477,2024.0,New South Wales
-28.821749,153.331243,2023.0,New South Wales
-34.225521,142.681705,2019.0,New South Wales
-30.0666,152.36635,2012.0,New South Wales
-34.486788,150.330284,2018.0,New South Wales
-29.72807,152.93878,2019.0,New South Wales
-35.4134,149.249,1991.0,New South Wales
-32.172064,149.749561,2015.0,New South Wales
-33.906714,151.238094,2002.0,New South Wales
-33.942367,150.854368,2025.0,New South Wales
-33.446318,151.401295,2000.0,New South Wales
-34.284451,150.250434,2023.0,New South Wales
-30.764806,150.153623,2024.0,New South Wales
-30.534611,152.997446,2019.0,New South Wales
-30.659516,149.206039,2021.0,New South Wales
-30.545839,149.124897,2017.0,New South Wales
-30.977718,152.362305,2022.0,New South Wales
-29.054917,151.785444,2003.0,New South Wales
-33.9,151.1,2021.0,New South Wales
-31.84243,151.6182,2014.0,New South Wales
-30.565668,149.148779,2021.0,New South Wales
-29.64655,151.33182,2014.0,New South Wales
-37.292468,149.846946,2011.0,New South Wales
-33.4,149.0,2025.0,New South Wales
-33.3,151.4,2025.0,New South Wales
-33.53366,151.34742,2013.0,New South Wales
-30.103476,152.131383,2021.0,New South Wales
-30.566872,149.020934,2016.0,New South Wales
-30.398848,149.563725,2011.0,New South Wales
-30.6,152.2,2023.0,New South Wales
-33.886918,151.134538,2023.0,New South Wales
-35.3,149.6,2016.0,New South Wales
-33.812715,151.040948,2020.0,New South Wales
-33.5,151.3,2025.0,New South Wales
-31.002781,152.354568,2021.0,New South Wales
-34.650108,150.294393,2016.0,New South Wales
-33.3,151.4,2024.0,New South Wales
-29.470844,152.350748,2022.0,New South Wales
-31.059765,151.058444,2021.0,New South Wales
-33.3,151.4,2024.0,New South Wales
-31.01885,152.340231,2021.0,New South Wales
-33.898152,151.267847,2010.0,New South Wales
-28.6,153.3,2021.0,New South Wales
-32.71256,152.062142,2002.0,New South Wales
-33.773768,150.903481,2024.0,New South Wales
-30.6,143.6,2022.0,New South Wales
-33.69833,150.82168,2020.0,New South Wales
-31.896424,151.519604,1993.0,New South Wales
-33.800263,150.944455,2021.0,New South Wales
-33.946673,150.855903,2026.0,New South Wales
-29.787,153.136,2024.0,New South Wales
-30.51104,149.888885,2025.0,New South Wales
-31.234813,152.823567,2018.0,New South Wales
-30.286256,150.860431,2023.0,New South Wales
-35.07026,150.21166,2013.0,New South Wales
-33.298198,151.529656,2002.0,New South Wales
-36.61236,148.253897,2015.0,New South Wales
-33.899284,150.996294,2024.0,New South Wales
-30.684817,152.942503,2023.0,New South Wales
-29.866617,152.183935,2021.0,New South Wales
-30.435491,150.321184,2017.0,New South Wales
-32.280138,152.016859,2024.0,New South Wales
-33.622933,151.322583,1994.0,New South Wales
-34.478656,150.843198,2020.0,New South Wales
-34.659,150.35,2024.0,New South Wales
-33.3,151.4,2025.0,New South Wales
-33.874407,151.2196,2024.0,New South Wales
-37.426724,149.956528,,New South Wales
-30.526708,149.211371,2017.0,New South Wales
-31.6,146.5,2022.0,New South Wales
-33.798224,151.218671,,New South Wales
-34.246452,150.972061,2000.0,New South Wales
-34.074992,147.079682,2025.0,New South Wales
-34.203715,150.804557,2009.0,New South Wales
-34.865178,147.580528,2021.0,New South Wales
-33.891207,150.869926,2021.0,New South Wales
-33.8,151.2,2021.0,New South Wales
-33.931307,150.639574,2017.0,New South Wales
-35.438847,149.723203,2017.0,New South Wales
-35.07026,150.21166,2013.0,New South Wales
-34.114969,142.541881,2016.0,New South Wales
-30.741698,149.289932,2026.0,New South Wales
-30.506098,149.228691,2020.0,New South Wales
-28.204113,153.487296,2009.0,New South Wales
-30.091254,152.13559,1992.0,New South Wales
-34.703142,150.732389,2022.0,New South Wales
-34.177995,150.586558,2024.0,New South Wales
-29.773507,151.104873,2022.0,New South Wales
-36.55984,148.27007,2020.0,New South Wales
-33.973277,150.653657,2006.0,New South Wales
-34.113576,151.141276,2009.0,New South Wales
-33.3,151.4,2023.0,New South Wales
-36.435131,149.278164,2025.0,New South Wales
-31.61647,152.41047,2014.0,New South Wales
-31.3,151.0,2020.0,New South Wales
-29.612467,152.273041,2023.0,New South Wales
-35.45173,148.56636,2022.0,New South Wales
-34.22377,150.685587,2009.0,New South Wales
-32.320062,149.932746,2023.0,New South Wales
-32.278585,148.581762,2022.0,New South Wales
-30.65145,149.184519,2019.0,New South Wales
-35.07162,150.20557,2015.0,New South Wales
-33.782958,150.657157,2003.0,New South Wales
-34.394134,150.579102,2014.0,New South Wales
-29.9,152.7,2019.0,New South Wales
-34.460098,150.619429,2014.0,New South Wales
-32.286251,152.015718,2024.0,New South Wales
-34.413045,150.8905,2017.0,New South Wales
-30.457512,149.194688,2020.0,New South Wales
-35.9,148.6,2023.0,New South Wales
-32.5,148.3,2024.0,New South Wales
-28.66341,152.48678,2012.0,New South Wales
-33.3,151.4,2024.0,New South Wales
-37.319845,149.894215,2021.0,New South Wales
-33.3,151.4,2024.0,New South Wales
-33.77379,150.90348,2017.0,New South Wales
-31.61199,152.41014,2015.0,New South Wales
-34.105067,142.548326,2019.0,New South Wales
-33.902915,150.867134,2021.0,New South Wales
-30.455135,149.200829,2018.0,New South Wales
-32.98168,146.045864,2021.0,New South Wales
-31.61647,152.41047,2014.0,New South Wales
-32.2,148.6,2024.0,New South Wales
-35.94817,148.92557,2014.0,New South Wales
-34.127654,142.546284,2018.0,New South Wales
-33.8,151.0,2025.0,New South Wales
-34.222585,150.905432,2006.0,New South Wales
-33.0,149.9,2025.0,New South Wales
-33.48746,150.10695,2012.0,New South Wales
-30.632596,149.484363,1982.0,New South Wales
-31.199332,152.40389,2023.0,New South Wales
-35.94817,148.92557,2014.0,New South Wales
-35.44253,148.66847,2021.0,New South Wales
-30.70748,150.336604,2016.0,New South Wales
-33.3,151.4,2024.0,New South Wales
-31.199332,152.40389,2021.0,New South Wales
-34.2,150.7,2016.0,New South Wales
-29.448132,153.334145,2005.0,New South Wales
-36.850237,149.760353,,New South Wales
-32.127456,149.705475,2005.0,New South Wales
-30.562874,150.071547,1979.0,New South Wales
-37.373401,149.656748,2023.0,New South Wales
-33.74878,151.076563,,New South Wales
-28.702334,152.480571,2010.0,New South Wales
-28.727764,152.751232,2016.0,New South Wales
-32.280138,152.016859,2024.0,New South Wales
-35.266634,147.080401,1978.0,New South Wales
-36.25429,149.58817,2014.0,New South Wales
-35.649471,148.556581,2021.0,New South Wales
-34.104897,150.975696,2008.0,New South Wales
-33.823938,151.22627,2010.0,New South Wales
-32.981825,146.04603,2021.0,New South Wales
-30.7,143.8,2022.0,New South Wales
-29.95421,150.7612,2012.0,New South Wales
-33.020347,150.029186,2024.0,New South Wales
-33.92364,150.91586,2018.0,New South Wales
-33.8,151.0,2026.0,New South Wales
-31.61199,152.41014,2014.0,New South Wales
-32.190131,149.728919,2012.0,New South Wales
-30.503916,149.215329,2021.0,New South Wales
-37.266495,149.685287,,New South Wales
-33.80568,151.21453,2021.0,New South Wales
-36.073262,146.942622,2022.0,New South Wales
-35.07162,150.20557,2013.0,New South Wales
-33.54609,150.3685,2013.0,New South Wales
-35.574052,148.515485,2019.0,New South Wales
-33.809385,150.903043,2011.0,New South Wales
-37.141413,149.439496,2023.0,New South Wales
-30.574199,150.102205,2023.0,New South Wales
-33.443282,150.5183,2007.0,New South Wales
-33.0,144.2,2025.0,New South Wales
-30.546962,149.305822,2017.0,New South Wales
-33.893069,151.166049,2021.0,New South Wales
-30.647371,149.141289,2020.0,New South Wales
-35.530364,150.064549,2021.0,New South Wales
-29.96154,152.54582,2013.0,New South Wales
-30.620006,149.135527,2019.0,New South Wales
-33.943953,151.036689,2024.0,New South Wales
-31.570652,152.819577,2004.0,New South Wales
-34.7,150.6,2019.0,New South Wales
-35.967398,148.326312,2021.0,New South Wales
-34.071526,149.69177,2022.0,New South Wales
-32.2116,149.706901,2021.0,New South Wales
-31.5194,144.506852,1995.0,New South Wales
-33.67002,150.2943,2014.0,New South Wales
-29.2,144.6,2021.0,New South Wales
-33.91711,150.843108,,New South Wales
-30.463474,149.866803,2021.0,New South Wales
-32.0,148.0,2024.0,New South Wales
-30.586689,149.120854,2019.0,New South Wales
-37.363767,149.951795,,New South Wales
-33.3,151.4,2025.0,New South Wales
-36.349662,149.965374,,New South Wales
-34.2,148.4,2016.0,New South Wales
-32.432586,143.917937,2018.0,New South Wales
-30.559186,150.106036,2023.0,New South Wales
-31.002781,152.354568,2022.0,New South Wales
-33.893557,150.888961,2022.0,New South Wales
-33.73362,150.852388,2023.0,New South Wales
-29.819136,152.81378,2013.0,New South Wales
-33.74541,150.69362,2019.0,New South Wales
-33.040897,150.030695,2024.0,New South Wales
-31.61647,152.41047,2014.0,New South Wales
-36.363047,148.396425,2008.0,New South Wales
-33.974961,150.94489,2016.0,New South Wales
-33.3,149.1,2015.0,New South Wales
-33.08501,151.05814,2014.0,New South Wales
-33.53366,151.34742,2013.0,New South Wales
-34.2,150.6,2019.0,New South Wales
-33.893671,151.14276,2010.0,New South Wales
-33.856913,150.79374,2025.0,New South Wales
-33.792509,150.757685,1996.0,New South Wales
-35.4142,149.256,1991.0,New South Wales
-30.1,143.7,2021.0,New South Wales
-33.878722,150.999589,2020.0,New South Wales
-33.9,151.1,2015.0,New South Wales
-33.67022,150.28883,2020.0,New South Wales
-34.39366,150.893548,2021.0,New South Wales
-35.07162,150.20557,2013.0,New South Wales
-37.229034,149.588583,2022.0,New South Wales
-33.480267,151.307113,2022.0,New South Wales
-35.0746,150.21181,2014.0,New South Wales
-33.648457,147.409487,2014.0,New South Wales
-31.44018,151.47775,2012.0,New South Wales
-33.83252,151.242124,2021.0,New South Wales
-35.89047,148.52555,2012.0,New South Wales
-31.476182,152.118559,2021.0,New South Wales
-30.534914,150.11544,2017.0,New South Wales
-33.3,151.4,2025.0,New South Wales
-32.938842,145.752732,2021.0,New South Wales
-35.288469,150.302684,2010.0,New South Wales
-31.8,150.9,2021.0,New South Wales
-28.8,153.3,2022.0,New South Wales
-36.648612,149.965227,2024.0,New South Wales
-32.3,151.3,2019.0,New South Wales
-30.546962,149.305822,2017.0,New South Wales
-34.230237,142.538185,2016.0,New South Wales
-36.692659,148.250967,2024.0,New South Wales
-28.3692,153.072993,2021.0,New South Wales
-34.014992,151.20742,2016.0,New South Wales
-33.925002,151.065477,2022.0,New South Wales
-28.6,153.0,2024.0,New South Wales
-37.414147,149.918754,,New South Wales
-29.877997,153.058955,2018.0,New South Wales
-30.0,153.2,2023.0,New South Wales
-32.06324,151.6887,2014.0,New South Wales
-37.164781,149.791284,2022.0,New South Wales
-33.554504,150.701429,2014.0,New South Wales
-30.2,153.1,2016.0,New South Wales
-29.96154,152.54582,2013.0,New South Wales
-33.048529,150.024662,2024.0,New South Wales
-31.049426,152.34718,2022.0,New South Wales
-31.476182,152.118559,2022.0,New South Wales
-34.41738,150.595316,2014.0,New South Wales
-34.1,150.5,2021.0,New South Wales
-33.51424,151.34727,2017.0,New South Wales
-33.386512,151.356278,2016.0,New South Wales
-33.759643,151.211742,2024.0,New South Wales
-33.945008,150.933685,2024.0,New South Wales
-29.482349,151.961349,2020.0,New South Wales
-29.482349,151.961349,2020.0,New South Wales
-35.49884,148.64754,,New South Wales
-33.8,151.1,2018.0,New South Wales
-29.3,151.9,2016.0,New South Wales
-33.3,151.4,2024.0,New South Wales
-33.806878,151.002906,2021.0,New South Wales
-33.763362,151.26973,2025.0,New South Wales
-36.25429,149.58817,2014.0,New South Wales
-33.809005,150.848526,2003.0,New South Wales
-28.987308,150.421469,2019.0,New South Wales
-30.388585,150.281978,2023.0,New South Wales
-35.94798,148.388797,2014.0,New South Wales
-35.656735,148.638954,,New South Wales
-37.02243,148.75943,2012.0,New South Wales
-36.333699,149.881232,1953.0,New South Wales
-34.207977,142.66964,2017.0,New South Wales
-33.318148,150.098896,2008.0,New South Wales
-33.3,151.4,2024.0,New South Wales
-32.21092,149.673443,2014.0,New South Wales
-33.3,151.4,2024.0,New South Wales
-33.3,151.4,2022.0,New South Wales
-29.96402,152.54792,2013.0,New South Wales
-33.020347,150.029186,2024.0,New South Wales
-33.926065,151.103913,2025.0,New South Wales
-33.806225,151.200003,2025.0,New South Wales
-33.823454,150.988276,2023.0,New South Wales
-28.810356,153.343369,2025.0,New South Wales
-33.1,148.2,2023.0,New South Wales
-34.220265,142.600437,2016.0,New South Wales
-35.885255,148.366542,2014.0,New South Wales
-32.111808,150.670323,2016.0,New South Wales
-31.445045,152.152314,2022.0,New South Wales
-33.3,151.4,2024.0,New South Wales
-30.56558,152.26761,2012.0,New South Wales
-33.888172,150.859536,2019.0,New South Wales
-31.713305,148.660336,2025.0,New South Wales
-35.158492,149.191322,2025.0,New South Wales
-33.3,151.4,2024.0,New South Wales
-35.457428,148.580709,2019.0,New South Wales
-33.745408,150.693624,2021.0,New South Wales
-32.598057,145.40111,2001.0,New South Wales
-36.25429,149.58817,2014.0,New South Wales
-31.199332,152.40389,2021.0,New South Wales
-32.96971,150.70485,2014.0,New South Wales
-32.695981,151.54593,2026.0,New South Wales
-33.926894,151.221643,2020.0,New South Wales
-33.808772,151.297103,2022.0,New South Wales
-31.049426,152.34718,2022.0,New South Wales
-35.9483,148.91992,2014.0,New South Wales
-30.455135,149.200829,2018.0,New South Wales
-30.503916,149.215329,2017.0,New South Wales
-35.994535,148.355947,2021.0,New South Wales
-33.751919,151.28974,2021.0,New South Wales
-35.94373,148.92001,2013.0,New South Wales
-35.4,148.2,2019.0,New South Wales
-28.213482,153.542778,2025.0,New South Wales
-33.868829,150.924898,2023.0,New South Wales
-35.4969,149.267,1991.0,New South Wales
-35.866824,150.056974,2014.0,New South Wales
-34.137004,149.651229,2022.0,New South Wales
-36.57712,149.762882,1995.0,New South Wales
-33.6,150.7,2025.0,New South Wales
-34.013475,151.21237,2009.0,New South Wales
-33.560762,149.634968,1998.0,New South Wales
-35.8,150.2,2017.0,New South Wales
-34.394134,150.579102,2014.0,New South Wales
-30.267697,145.373893,2015.0,New South Wales
-35.94373,148.92001,2013.0,New South Wales
-28.371084,153.087818,1977.0,New South Wales
-30.500421,149.355461,2019.0,New South Wales
-29.4,153.3,2025.0,New South Wales
-33.4,149.9,2024.0,New South Wales
-33.8,149.3,2025.0,New South Wales
-33.3,151.4,2024.0,New South Wales
-32.388056,151.624722,2016.0,New South Wales
-30.52586,149.043913,2018.0,New South Wales
-33.64435,150.90032,2020.0,New South Wales
-33.783126,151.053802,2011.0,New South Wales
-33.87462,150.89187,2017.0,New South Wales
-36.23911,148.37052,2014.0,New South Wales
-30.989772,150.110457,2023.0,New South Wales
-28.386809,153.107197,2018.0,New South Wales
-31.148647,152.358477,2022.0,New South Wales
-30.534461,150.125091,2024.0,New South Wales
-32.507175,148.972717,2017.0,New South Wales
-35.874954,148.407648,2020.0,New South Wales
-34.174579,142.542184,2018.0,New South Wales
-32.982649,146.056992,2021.0,New South Wales
-34.0,150.7,2018.0,New South Wales
-32.863551,145.760359,2021.0,New South Wales
-33.90413,151.26401,2016.0,New South Wales
-35.9,150.0,2025.0,New South Wales
-33.8,150.7,2018.0,New South Wales
-31.8,150.9,2022.0,New South Wales
-37.270739,149.857165,2024.0,New South Wales
-30.622903,149.192962,2019.0,New South Wales
-33.8,150.0,2024.0,New South Wales
-33.975924,151.084324,2025.0,New South Wales
-32.77345,145.733355,2021.0,New South Wales
-34.223679,142.550131,2017.0,New South Wales
-33.3,151.4,2024.0,New South Wales
-36.369831,149.47581,,New South Wales
-33.8,151.2,2023.0,New South Wales
-30.424907,149.598783,2007.0,New South Wales
-35.723624,148.48835,1975.0,New South Wales
-33.567811,150.72129,2020.0,New South Wales
-30.56051,152.48836,2021.0,New South Wales
-31.538847,152.749111,2018.0,New South Wales
-34.172,142.445,2016.0,New South Wales
-29.69606,150.60789,2014.0,New South Wales
-33.3,151.4,2023.0,New South Wales
-33.3,151.4,2025.0,New South Wales
-29.241755,149.306488,2024.0,New South Wales
-35.871011,150.058121,2013.0,New South Wales
-30.74196,150.1497,2015.0,New South Wales
-35.030198,145.91993,2004.0,New South Wales
-30.545839,149.124897,2017.0,New South Wales
-31.063179,152.19613,2021.0,New South Wales
-30.548874,150.150884,2023.0,New South Wales
-34.258853,142.685906,2022.0,New South Wales
-34.3735,150.50722,2014.0,New South Wales
-37.174697,149.326525,2024.0,New South Wales
-33.829,151.24455,2020.0,New South Wales
-31.84243,151.6182,2014.0,New South Wales
-33.955569,151.040141,2017.0,New South Wales
-34.703142,150.732389,2019.0,New South Wales
-33.45652,151.4346,2017.0,New South Wales
-33.932673,150.839493,2025.0,New South Wales
-37.141413,149.439496,2025.0,New South Wales
-31.14895,152.37632,2014.0,New South Wales
-34.1,149.9,2015.0,New South Wales
-30.606273,149.187786,2019.0,New South Wales
-31.61199,152.41014,2014.0,New South Wales
-33.907078,151.094627,2022.0,New South Wales
-36.627161,149.662922,,New South Wales
-33.723919,150.925947,2025.0,New South Wales
-33.8,151.0,2024.0,New South Wales
-33.9029,150.952587,2026.0,New South Wales
-33.888447,151.181803,2020.0,New South Wales
-33.891501,151.18034,2023.0,New South Wales
-33.98385,150.50739,2013.0,New South Wales
-33.92051,151.03182,2017.0,New South Wales
-30.476286,149.255546,2020.0,New South Wales
-30.545839,149.124897,2017.0,New South Wales
-33.397766,150.226522,2016.0,New South Wales
-33.78218,151.050781,2025.0,New South Wales
-30.658014,149.205774,2018.0,New South Wales
-30.972855,150.113679,2021.0,New South Wales
-32.786953,151.756772,2018.0,New South Wales
-33.882683,151.012086,2021.0,New South Wales
-36.25429,149.58817,2014.0,New South Wales
-33.039435,151.014655,1998.0,New South Wales
-33.3,151.4,2023.0,New South Wales
-32.960933,151.612301,1999.0,New South Wales
-31.199332,152.40389,2023.0,New South Wales
-31.028526,152.335906,2022.0,New South Wales
-32.43167,150.4685,2019.0,New South Wales
-34.214429,142.653384,2025.0,New South Wales
-34.174579,142.542184,2016.0,New South Wales
-33.6,150.3,2015.0,New South Wales
-37.139456,149.376158,2023.0,New South Wales
-35.07026,150.21166,2013.0,New South Wales
-30.402213,151.624706,2022.0,New South Wales
-33.3,151.4,2023.0,New South Wales
-29.397909,149.923165,2019.0,New South Wales
-30.29861,153.1094,2017.0,New South Wales
-33.727446,150.897051,2022.0,New South Wales
-30.4,153.0,2015.0,New South Wales
-32.997564,151.663102,2002.0,New South Wales
-34.429892,150.529709,2014.0,New South Wales
-28.418869,153.126068,2016.0,New South Wales
-34.688352,150.736023,2017.0,New South Wales
-31.874343,152.666627,1999.0,New South Wales
-34.0,151.1,2026.0,New South Wales
-33.699959,150.928125,2021.0,New South Wales
-33.7,150.3,2020.0,New South Wales
-34.137004,149.651229,2022.0,New South Wales
-35.54645,150.371655,2020.0,New South Wales
-35.773175,148.383745,2021.0,New South Wales
-33.84271,150.899231,2021.0,New South Wales
-30.595123,149.04864,2016.0,New South Wales
-33.771418,142.181219,1996.0,New South Wales
-35.2,150.4,2024.0,New South Wales
-30.647929,149.215835,2019.0,New South Wales
-35.593207,150.326377,2021.0,New South Wales
-33.1,151.1,2023.0,New South Wales
-30.331167,152.813713,2020.0,New South Wales
-33.956814,151.005483,2021.0,New South Wales
-31.428718,143.925897,1983.0,New South Wales
-30.589762,149.177629,2022.0,New South Wales
-33.811264,151.060093,2020.0,New South Wales
-33.4,151.4,2025.0,New South Wales
-33.020568,146.07444,2021.0,New South Wales
-31.61199,152.41014,2014.0,New South Wales
-33.897795,150.928729,2024.0,New South Wales
-33.685378,150.747797,2013.0,New South Wales
-34.618753,150.542781,2019.0,New South Wales
-35.43199,148.77079,2013.0,New South Wales
-34.0,150.9,2018.0,New South Wales
-29.856627,144.147341,1993.0,New South Wales
-34.7031,150.45827,2017.0,New South Wales
-31.181154,152.823792,2020.0,New South Wales
-31.199332,152.40389,2023.0,New South Wales
-31.584056,152.170688,1992.0,New South Wales
-33.9,151.0,2025.0,New South Wales
-37.203197,149.45885,1992.0,New South Wales
-31.84243,151.6182,2014.0,New South Wales
-33.3,151.4,2024.0,New South Wales
-31.002781,152.354568,2022.0,New South Wales
-33.9,151.1,2023.0,New South Wales
-33.266939,151.42469,2025.0,New South Wales
-34.009261,150.23525,2002.0,New South Wales
-30.5,152.2,2025.0,New South Wales
-33.3,151.4,2024.0,New South Wales
-30.328989,150.837348,2023.0,New South Wales
-30.428311,150.316217,2022.0,New South Wales
-34.23517,150.85357,2014.0,New South Wales
-31.398969,152.814193,2020.0,New South Wales
-31.155379,152.367899,2022.0,New South Wales
-33.3,151.4,2025.0,New South Wales
-34.429892,150.529709,2014.0,New South Wales
-29.96154,152.54582,2013.0,New South Wales
-28.483564,152.678228,1988.0,New South Wales
-29.009776,151.212855,2003.0,New South Wales
-37.001222,149.730176,,New South Wales
-33.754924,150.784349,2020.0,New South Wales
-30.8,143.7,2021.0,New South Wales
-33.9036,151.098,,New South Wales
-35.3943,147.35508,2014.0,New South Wales
-30.548604,150.163218,2023.0,New South Wales
-37.166256,149.410588,2024.0,New South Wales
-33.7,150.3,2021.0,New South Wales
-34.227044,142.761917,2025.0,New South Wales
-34.682622,150.680149,2020.0,New South Wales
-30.7,144.2,2022.0,New South Wales
-33.3,149.4,2023.0,New South Wales
-30.084516,152.179771,2022.0,New South Wales
-31.643359,152.680057,2012.0,New South Wales
-35.7,150.1,2023.0,New South Wales
-29.425699,153.335054,2024.0,New South Wales
-33.88646,151.016203,2020.0,New South Wales
-33.3,151.4,2025.0,New South Wales
-35.58166,150.31915,2014.0,New South Wales
-30.8,147.5,2026.0,New South Wales
-32.96181,146.112772,2021.0,New South Wales
-33.370046,151.4852,2021.0,New South Wales
-32.96971,150.70485,2014.0,New South Wales
-34.5,150.9,2023.0,New South Wales
-30.503916,149.215329,2017.0,New South Wales
-34.8,150.1,2021.0,New South Wales
-30.0666,152.36635,2012.0,New South Wales
-33.911518,151.095726,2021.0,New South Wales
-31.61199,152.41014,2014.0,New South Wales
-32.288985,151.980309,2024.0,New South Wales
-31.048417,152.350474,2023.0,New South Wales
-33.015182,150.031434,2024.0,New South Wales
-32.988532,146.104141,2021.0,New South Wales
-33.815454,151.171007,2024.0,New South Wales
-33.6,151.2,2025.0,New South Wales
-30.519852,149.374306,2018.0,New South Wales
-30.98235,152.13523,2014.0,New South Wales
-33.93934,151.0993,2019.0,New South Wales
-31.84243,151.6182,2014.0,New South Wales
-36.983422,149.76533,2024.0,New South Wales
-33.791876,151.007933,2025.0,New South Wales
-36.979217,149.661437,2021.0,New South Wales
-33.541891,150.765212,2009.0,New South Wales
-31.725867,148.652226,,New South Wales
-33.426372,150.224074,2019.0,New South Wales
-33.255304,150.171955,2006.0,New South Wales
-28.8,153.3,2023.0,New South Wales
-31.165173,152.365492,2022.0,New South Wales
-28.468923,153.141916,2009.0,New South Wales
-33.764203,151.110922,2018.0,New South Wales
-35.94373,148.92001,2013.0,New South Wales
-37.151106,149.896523,2023.0,New South Wales
-34.258853,142.685906,2017.0,New South Wales
-36.695454,149.419069,,New South Wales
-34.3735,150.50722,2014.0,New South Wales
-31.010032,152.354864,2021.0,New South Wales
-35.40485,148.43439,2018.0,New South Wales
-37.129418,149.504811,2015.0,New South Wales
-35.7,150.1,2023.0,New South Wales
-29.442185,147.903381,1997.0,New South Wales
-31.201726,152.336867,2022.0,New South Wales
-33.854677,151.026209,2022.0,New South Wales
-34.259924,142.685424,2016.0,New South Wales
-33.9,150.9,2023.0,New South Wales
-30.595123,149.04864,2017.0,New South Wales
-36.23911,148.37052,2014.0,New South Wales
-29.96154,152.54582,2013.0,New South Wales
-31.453493,152.822385,2022.0,New South Wales
-34.177995,150.586558,2024.0,New South Wales
-31.093156,150.935832,2025.0,New South Wales
-35.871011,150.058121,2013.0,New South Wales
-35.4996,149.267,1991.0,New South Wales
-28.719282,152.486548,2001.0,New South Wales
-35.07026,150.21166,2013.0,New South Wales
-32.3,152.4,2024.0,New South Wales
-29.065815,152.024663,2010.0,New South Wales
-35.4,149.2,2017.0,New South Wales
-30.7,152.1,2024.0,New South Wales
-30.541795,149.229834,2017.0,New South Wales
-35.398429,148.217878,2002.0,New South Wales
-34.41738,150.595316,2014.0,New South Wales
-33.92298,151.012457,2024.0,New South Wales
-29.96154,152.54582,2013.0,New South Wales
-34.175096,142.525958,2022.0,New South Wales
-30.57128,152.26966,2013.0,New South Wales
-29.69606,150.60789,2014.0,New South Wales
-34.441583,144.475431,2002.0,New South Wales
-31.049426,152.34718,2021.0,New South Wales
-35.871011,150.058121,2013.0,New South Wales
-33.931851,150.917583,2023.0,New South Wales
-31.950513,141.470572,2024.0,New South Wales
-37.289586,149.754817,2025.0,New South Wales
-33.812515,151.299816,2023.0,New South Wales
-34.522505,150.765525,2001.0,New South Wales
-30.541795,149.229834,2021.0,New South Wales
-33.82255,151.011182,2020.0,New South Wales
-34.358589,150.177003,2019.0,New South Wales
-33.3,151.4,2024.0,New South Wales
-33.699655,151.106263,2022.0,New South Wales
-35.97575,147.32982,2014.0,New South Wales
-31.457408,152.865845,2008.0,New South Wales
-31.3,149.8,2017.0,New South Wales
-34.274575,142.755431,2022.0,New South Wales
-30.428311,150.316217,2022.0,New South Wales
-33.3,151.4,2024.0,New South Wales
-31.586995,152.431253,2018.0,New South Wales
-33.8,150.0,2023.0,New South Wales
-29.96154,152.54582,2013.0,New South Wales
-36.88573,149.784068,,New South Wales
-36.884594,149.425027,,New South Wales
-36.4,148.7,2016.0,New South Wales
-34.176213,142.493598,2016.0,New South Wales
-29.421257,153.360861,,New South Wales
-30.895367,152.884945,1992.0,New South Wales
-30.642289,152.970445,2019.0,New South Wales
-33.946548,150.855454,2025.0,New South Wales
-30.449963,149.247536,2020.0,New South Wales
-37.381688,149.840408,2021.0,New South Wales
-30.744146,150.21722,2022.0,New South Wales
-34.402338,150.570034,2014.0,New South Wales
-30.598127,149.153498,2018.0,New South Wales
-34.252259,142.71757,2016.0,New South Wales
-34.207977,142.66964,2022.0,New South Wales
-30.589422,149.256237,2020.0,New South Wales
-30.2,153.1,2016.0,New South Wales
-30.63508,149.232401,2022.0,New South Wales
-33.916873,151.149563,2022.0,New South Wales
-34.101299,150.819259,2015.0,New South Wales
-30.6,152.9,2023.0,New South Wales
-36.89272,149.89807,2019.0,New South Wales
-29.64681,151.32664,2012.0,New South Wales
-30.500681,151.640686,2024.0,New South Wales
-34.005614,151.221988,2025.0,New South Wales
-29.490354,152.332774,2023.0,New South Wales
-31.61199,152.41014,2014.0,New South Wales
-23.63373,132.72862,2013.0,Northern Territory
-24.10256,136.77608,1996.0,Northern Territory
-13.83375,131.06726,2015.0,Northern Territory
-12.28842,132.85982,2019.0,Northern Territory
-21.42593,130.52585,1998.0,Northern Territory
-12.45,130.83333,1990.0,Northern Territory
-24.481888,135.534589,1985.0,Northern Territory
-16.67045,130.2551,2015.0,Northern Territory
-16.05185,130.39822,2015.0,Northern Territory
-13.53874,132.26323,2019.0,Northern Territory
-14.519106,132.059029,2020.0,Northern Territory
-19.548537,137.701191,1985.0,Northern Territory
-12.692135,132.399241,2015.0,Northern Territory
-14.11097,132.56781,2015.0,Northern Territory
-23.481897,133.467938,1984.0,Northern Territory
-13.58927,132.28195,2015.0,Northern Territory
-12.5,130.8,2025.0,Northern Territory
-24.191446,131.635654,2002.0,Northern Territory
-12.654573,132.453767,2015.0,Northern Territory
-12.63419,132.442055,2015.0,Northern Territory
-17.298579,131.701234,1991.0,Northern Territory
-16.07658,130.98841,1997.0,Northern Territory
-13.048735,132.164043,2019.0,Northern Territory
-17.865219,136.401193,1987.0,Northern Territory
-14.120993,134.373596,2018.0,Northern Territory
-23.801068,133.905204,2019.0,Northern Territory
-12.63419,132.442055,2015.0,Northern Territory
-13.01557,134.93416,1990.0,Northern Territory
-23.826206,133.908291,2019.0,Northern Territory
-20.18507,131.6559,1997.0,Northern Territory
-16.00144,130.24146,2015.0,Northern Territory
-14.290384,132.43702,2017.0,Northern Territory
-14.131287,134.343301,2019.0,Northern Territory
-21.378596,129.421285,1984.0,Northern Territory
-17.918569,133.081226,1982.0,Northern Territory
-13.359233,133.08734,2021.0,Northern Territory
-12.41153,130.91946,2014.0,Northern Territory
-23.298575,132.417946,1992.0,Northern Territory
-19.24944,132.82286,1996.0,Northern Territory
-18.3,129.3,2023.0,Northern Territory
-22.932108,134.882389,2010.0,Northern Territory
-21.131892,133.834574,1986.0,Northern Territory
-20.048589,130.151268,1982.0,Northern Territory
-19.248594,129.251269,1981.0,Northern Territory
-25.331905,132.784623,1987.0,Northern Territory
-14.5,132.2,2022.0,Northern Territory
-12.39563,131.24605,2018.0,Northern Territory
-15.35543,132.885961,2022.0,Northern Territory
-14.24027,134.11058,2017.0,Northern Territory
-21.51402,130.63826,1997.0,Northern Territory
-12.64713,132.359371,2015.0,Northern Territory
-16.279546,137.733169,1987.0,Northern Territory
-13.160499,133.423668,2021.0,Northern Territory
-14.03235,132.30582,2015.0,Northern Territory
-12.621502,132.364787,2014.0,Northern Territory
-22.85837,129.64629,1997.0,Northern Territory
-13.9857,130.97733,2014.0,Northern Territory
-20.71596,134.1628,2019.0,Northern Territory
-12.6161,132.34318,2015.0,Northern Territory
-12.4,130.8,2019.0,Northern Territory
-12.55544,130.92773,2019.0,Northern Territory
-12.3475,131.18442,2017.0,Northern Territory
-16.078827,137.282821,2016.0,Northern Territory
-12.40357,131.23747,2018.0,Northern Territory
-12.4,130.9,2019.0,Northern Territory
-16.372696,137.505058,2016.0,Northern Territory
-12.622009,132.328946,2015.0,Northern Territory
-12.621502,132.364787,2015.0,Northern Territory
-20.79524,130.26216,1997.0,Northern Territory
-13.36531,133.136716,2021.0,Northern Territory
-20.858252,134.31728,2019.0,Northern Territory
-17.63078,133.95554,2021.0,Northern Territory
-12.61887,134.04915,2014.0,Northern Territory
-21.42559,130.37568,1998.0,Northern Territory
-22.89791,130.16076,1996.0,Northern Territory
-15.986,130.48076,2015.0,Northern Territory
-12.34283,131.17494,2017.0,Northern Territory
-13.81797,132.37898,2018.0,Northern Territory
-19.8,136.0,2021.0,Northern Territory
-12.607298,132.427787,2015.0,Northern Territory
-12.687117,132.415652,2016.0,Northern Territory
-12.4,130.8,2025.0,Northern Territory
-24.9327,136.09774,1996.0,Northern Territory
-12.4,130.9,2025.0,Northern Territory
-25.33159,131.033377,2025.0,Northern Territory
-17.97461,133.61842,2021.0,Northern Territory
-17.62992,133.95572,2021.0,Northern Territory
-12.4,130.9,2025.0,Northern Territory
-16.00073,130.24155,2015.0,Northern Territory
-20.14858,131.351258,1982.0,Northern Territory
-12.557323,131.297802,2024.0,Northern Territory
-24.065442,132.742325,1999.0,Northern Territory
-16.05093,130.39954,2015.0,Northern Territory
-14.11151,134.42906,2016.0,Northern Territory
-12.64713,132.359371,2015.0,Northern Territory
-23.68178,132.71941,2013.0,Northern Territory
-12.903912,132.891911,2017.0,Northern Territory
-13.57126,132.58984,2019.0,Northern Territory
-23.640572,132.807276,1992.0,Northern Territory
-25.01547,136.14166,1996.0,Northern Territory
-14.26538,134.51259,2017.0,Northern Territory
-12.32873,131.1708,2017.0,Northern Territory
-17.3333,133.4,1970.0,Northern Territory
-23.5,134.4,2014.0,Northern Territory
-21.49831,130.90665,1997.0,Northern Territory
-23.81302,133.38361,2013.0,Northern Territory
-16.74504,133.6579,2021.0,Northern Territory
-13.53874,132.26323,2019.0,Northern Territory
-15.99887,130.25092,2015.0,Northern Territory
-12.34738,131.20255,2017.0,Northern Territory
-20.94428,130.67601,1997.0,Northern Territory
-16.598584,130.984566,1987.0,Northern Territory
-12.4,130.9,2025.0,Northern Territory
-12.4,130.9,2025.0,Northern Territory
-12.566054,131.306833,2019.0,Northern Territory
-22.658904,133.269111,2015.0,Northern Territory
-12.60791,134.02471,2014.0,Northern Territory
-12.19194,131.14928,2018.0,Northern Territory
-12.4,130.9,2019.0,Northern Territory
-12.60917,131.09445,2014.0,Northern Territory
-13.22866,132.28384,2019.0,Northern Territory
-24.26222,132.63361,1997.0,Northern Territory
-12.63265,132.33225,2017.0,Northern Territory
-23.63371,132.72859,2013.0,Northern Territory
-25.478484,131.79874,2020.0,Northern Territory
-12.35811,130.87477,2020.0,Northern Territory
-23.783431,133.913065,2019.0,Northern Territory
-16.00073,130.24155,2015.0,Northern Territory
-12.45315,131.0374,2014.0,Northern Territory
-15.99887,130.25092,2015.0,Northern Territory
-12.34287,131.19793,2017.0,Northern Territory
-12.566054,131.306833,2019.0,Northern Territory
-14.5,132.2,2021.0,Northern Territory
-22.793,129.85096,1997.0,Northern Territory
-14.21903,132.21893,2015.0,Northern Territory
-14.120704,134.371056,2018.0,Northern Territory
-25.501154,131.828434,2019.0,Northern Territory
-12.4,130.9,2019.0,Northern Territory
-12.70301,134.306546,2014.0,Northern Territory
-25.849834,133.293831,2001.0,Northern Territory
-12.86073,132.97984,2019.0,Northern Territory
-24.915232,134.217945,1989.0,Northern Territory
-14.432236,132.257245,2020.0,Northern Territory
-12.606924,131.276211,1991.0,Northern Territory
-23.68172,132.72032,2013.0,Northern Territory
-17.108545,137.461177,1991.0,Northern Territory
-13.05336,133.065319,2021.0,Northern Territory
-12.664781,132.398118,1994.0,Northern Territory
-12.61514,132.34441,2015.0,Northern Territory
-15.99939,130.25084,2015.0,Northern Territory
-25.307222,132.351111,2012.0,Northern Territory
-12.39946,130.96545,2014.0,Northern Territory
-20.793356,134.14181,2019.0,Northern Territory
-19.63333,135.66667,1980.0,Northern Territory
-12.92962,132.59586,2015.0,Northern Territory
-12.64713,132.359371,2015.0,Northern Territory
-25.2,131.4,2017.0,Northern Territory
-21.90972,129.39068,1997.0,Northern Territory
-24.075942,133.596163,2001.0,Northern Territory
-14.20637,134.1292,2017.0,Northern Territory
-12.4,130.8,2025.0,Northern Territory
-18.8,134.0333,1968.0,Northern Territory
-23.801068,133.905204,2019.0,Northern Territory
-18.8,136.5,2016.0,Northern Territory
-22.79089,129.82815,,Northern Territory
-17.84666,133.66882,2021.0,Northern Territory
-23.7,133.9,2025.0,Northern Territory
-12.4,130.8,2025.0,Northern Territory
-18.34858,131.351245,1982.0,Northern Territory
-21.208831,134.125009,2019.0,Northern Territory
-15.78109,129.13082,1999.0,Northern Territory
-12.4,130.9,2019.0,Northern Territory
-17.6304,133.95615,2021.0,Northern Territory
-12.4,130.9,2025.0,Northern Territory
-21.041643,133.816208,2019.0,Northern Territory
-12.4,130.9,2025.0,Northern Territory
-12.416111,130.91888,,Northern Territory
-12.531129,134.102024,2017.0,Northern Territory
-14.207715,134.47382,2018.0,Northern Territory
-22.765542,135.16757,2006.0,Northern Territory
-22.695267,133.698975,2005.0,Northern Territory
-12.886095,132.503555,2023.0,Northern Territory
-14.87232,133.11101,2021.0,Northern Territory
-16.22015,130.41267,2015.0,Northern Territory
-12.38844,131.19897,2018.0,Northern Territory
-21.631933,129.70128,1985.0,Northern Territory
-12.41257,131.18492,2018.0,Northern Territory
-23.643563,133.893206,1986.0,Northern Territory
-14.2094,131.03091,2015.0,Northern Territory
-20.365246,131.917925,1991.0,Northern Territory
-12.41265,131.0645,2018.0,Northern Territory
-12.52689,130.88701,2019.0,Northern Territory
-17.6304,133.95615,2021.0,Northern Territory
-15.357822,132.864719,2022.0,Northern Territory
-13.075256,131.107882,1990.0,Northern Territory
-17.84621,133.66893,2021.0,Northern Territory
-12.64713,132.359371,2015.0,Northern Territory
-12.326157,136.921484,2007.0,Northern Territory
-13.365181,133.136068,2021.0,Northern Territory
-17.415251,131.267909,1986.0,Northern Territory
-24.365212,136.601244,1985.0,Northern Territory
-21.148576,132.05126,1983.0,Northern Territory
-12.39803,130.96505,2014.0,Northern Territory
-12.56286,130.98433,2019.0,Northern Territory
-17.597479,133.487506,2017.0,Northern Territory
-21.431894,133.684578,1986.0,Northern Territory
-20.973176,134.601647,2019.0,Northern Territory
-12.29318,131.07738,2018.0,Northern Territory
-12.685238,132.415229,2015.0,Northern Territory
-14.654043,129.902454,2014.0,Northern Territory
-19.148588,130.151261,1981.0,Northern Territory
-13.53874,132.26323,2019.0,Northern Territory
-13.43062,132.41949,2015.0,Northern Territory
-12.628778,132.339528,2014.0,Northern Territory
-15.88121,130.38242,2017.0,Northern Territory
-14.26538,134.51259,2017.0,Northern Territory
-25.4,132.5833,1970.0,Northern Territory
-17.638214,134.643479,2013.0,Northern Territory
-14.216434,134.478042,2016.0,Northern Territory
-17.97461,133.61842,2021.0,Northern Territory
-14.201085,136.544874,2017.0,Northern Territory
-12.4,130.9,2019.0,Northern Territory
-16.4,131.2,2025.0,Northern Territory
-12.25687,131.08641,2018.0,Northern Territory
-12.55289,130.86653,2019.0,Northern Territory
-13.1559,134.8499,1999.0,Northern Territory
-14.06591,134.59714,2014.0,Northern Territory
-12.973177,132.587511,2017.0,Northern Territory
-20.65757,129.58808,1997.0,Northern Territory
-12.710855,131.419184,2025.0,Northern Territory
-22.298586,130.851281,1986.0,Northern Territory
-12.56718,131.27087,2018.0,Northern Territory
-14.03203,132.30591,2018.0,Northern Territory
-16.96708,133.31961,2021.0,Northern Territory
-14.2519,134.11264,2017.0,Northern Territory
-12.41257,131.18492,2018.0,Northern Territory
-12.71402,130.99461,2007.0,Northern Territory
-12.39894,131.10081,2018.0,Northern Territory
-12.15808,131.03542,2018.0,Northern Territory
-12.4,130.9,2025.0,Northern Territory
-20.548597,129.15128,1983.0,Northern Territory
-12.646624,132.441668,2015.0,Northern Territory
-12.99359,131.117881,1990.0,Northern Territory
-14.365277,129.423425,2018.0,Northern Territory
-14.51107,132.102327,2020.0,Northern Territory
-12.603712,131.100687,2018.0,Northern Territory
-20.365246,131.917925,1992.0,Northern Territory
-15.53755,133.68422,2021.0,Northern Territory
-23.80291,133.17242,2013.0,Northern Territory
-21.079906,134.613315,2019.0,Northern Territory
-25.307222,132.351111,2012.0,Northern Territory
-12.39643,131.2459,2018.0,Northern Territory
-23.731893,133.884596,1987.0,Northern Territory
-24.309584,131.523294,1991.0,Northern Territory
-12.28771,132.85982,2019.0,Northern Territory
-12.627575,134.3164,2014.0,Northern Territory
-20.931916,130.601271,1983.0,Northern Territory
-20.996719,134.527413,2019.0,Northern Territory
-23.7,133.9,2025.0,Northern Territory
-24.346484,133.657695,1998.0,Northern Territory
-20.79889,130.40242,1996.0,Northern Territory
-24.191446,131.635654,2002.0,Northern Territory
-16.06444,137.26085,2013.0,Northern Territory
-15.38059,131.26788,2015.0,Northern Territory
-19.4,134.6,2016.0,Northern Territory
-24.288552,135.321257,1985.0,Northern Territory
-14.12574,134.344966,2020.0,Northern Territory
-12.4,130.9,2019.0,Northern Territory
-14.213972,134.47656,2018.0,Northern Territory
-24.252746,131.659608,2002.0,Northern Territory
-14.51107,132.102327,2020.0,Northern Territory
-15.17044,131.85695,2015.0,Northern Territory
-22.784543,133.093794,2015.0,Northern Territory
-12.33256,131.23965,2018.0,Northern Territory
-12.4,130.9,2019.0,Northern Territory
-22.80534,129.67526,1996.0,Northern Territory
-23.95152,136.78894,1996.0,Northern Territory
-16.92232,134.64682,2021.0,Northern Territory
-12.65008,132.37309,2019.0,Northern Territory
-15.53697,133.68385,2021.0,Northern Territory
-19.578591,129.751267,1981.0,Northern Territory
-23.79607,133.884604,2019.0,Northern Territory
-15.35859,130.40931,1999.0,Northern Territory
-12.61951,132.34377,2017.0,Northern Territory
-12.583591,131.151212,1991.0,Northern Territory
-14.099641,136.471296,2016.0,Northern Territory
-14.12896,132.48053,2015.0,Northern Territory
-12.4,132.9917,1974.0,Northern Territory
-20.20469,131.74716,1997.0,Northern Territory
-21.431894,133.684578,1986.0,Northern Territory
-13.84177,136.64113,2016.0,Northern Territory
-20.918588,130.421273,1982.0,Northern Territory
-19.29584,135.27701,1995.0,Northern Territory
-23.811097,133.910463,2019.0,Northern Territory
-12.615722,132.343918,2014.0,Northern Territory
-17.1,130.6,2023.0,Northern Territory
-12.638362,132.440672,2015.0,Northern Territory
-19.98577,129.52573,,Northern Territory
-12.2,136.8,2017.0,Northern Territory
-15.06581,131.9424,2021.0,Northern Territory
-20.8439,134.01309,2019.0,Northern Territory
-12.989376,131.02616,2014.0,Northern Territory
-13.48962,132.26067,2015.0,Northern Territory
-12.5,130.8,2025.0,Northern Territory
-14.355603,129.414341,2018.0,Northern Territory
-12.61955,134.04926,2014.0,Northern Territory
-19.435664,135.401339,2011.0,Northern Territory
-14.355485,129.405305,2018.0,Northern Territory
-14.120555,134.369553,2018.0,Northern Territory
-12.4,130.9,2019.0,Northern Territory
-12.632588,132.434382,2015.0,Northern Territory
-12.685238,132.415229,2015.0,Northern Territory
-19.7,134.2,2016.0,Northern Territory
-20.88492,134.233273,2019.0,Northern Territory
-12.4,130.9,2025.0,Northern Territory
-17.451,134.577,2012.0,Northern Territory
-25.225033,131.209153,2025.0,Northern Territory
-20.15532,129.87428,1997.0,Northern Territory
-16.363583,137.423902,2013.0,Northern Territory
-12.4,130.9,2019.0,Northern Territory
-12.377011,133.676692,2017.0,Northern Territory
-21.631924,129.701285,1984.0,Northern Territory
-19.418581,131.251253,1983.0,Northern Territory
-14.24826,134.1149,2017.0,Northern Territory
-20.36948,129.89499,1997.0,Northern Territory
-12.4,130.9,2025.0,Northern Territory
-12.648736,132.37658,2015.0,Northern Territory
-14.248237,134.120913,2018.0,Northern Territory
-12.648449,132.359826,2013.0,Northern Territory
-20.54138,130.06858,1997.0,Northern Territory
-12.683231,132.471998,,Northern Territory
-22.200199,131.552903,2004.0,Northern Territory
-12.631924,131.074546,1991.0,Northern Territory
-14.26108,132.56134,2015.0,Northern Territory
-12.3586,130.87228,2014.0,Northern Territory
-15.588,129.637,2019.0,Northern Territory
-12.7,131.3,2025.0,Northern Territory
-12.551409,134.052915,2014.0,Northern Territory
-18.8,134.0333,1968.0,Northern Territory
-23.031884,134.967919,1994.0,Northern Territory
-12.37215,130.97502,2014.0,Northern Territory
-12.73983,133.98369,2014.0,Northern Territory
-15.99939,130.25084,2015.0,Northern Territory
-14.531894,135.367854,1986.0,Northern Territory
-12.91649,132.5535,2019.0,Northern Territory
-12.615139,132.344407,2017.0,Northern Territory
-23.108541,136.591233,1985.0,Northern Territory
-12.884228,133.138156,2021.0,Northern Territory
-23.065224,134.967919,1994.0,Northern Territory
-16.05093,130.39954,2015.0,Northern Territory
-12.551583,134.05307,2014.0,Northern Territory
-16.00073,130.24155,2015.0,Northern Territory
-12.4,130.9,2025.0,Northern Territory
-24.065206,137.234564,1985.0,Northern Territory
-12.78823,132.17513,2019.0,Northern Territory
-24.168572,132.871281,1991.0,Northern Territory
-12.33423,131.21621,2017.0,Northern Territory
-12.566054,131.306833,2019.0,Northern Territory
-11.820046,130.797404,2017.0,Northern Territory
-13.25638,131.70538,1998.0,Northern Territory
-12.56353,131.27957,2018.0,Northern Territory
-19.67911,129.25851,1996.0,Northern Territory
-21.130288,134.229279,2019.0,Northern Territory
-15.90567,130.48108,2015.0,Northern Territory
-12.6,131.1,2015.0,Northern Territory
-22.34855,135.467908,1987.0,Northern Territory
-23.63237,132.72835,2013.0,Northern Territory
-18.3,129.3,2023.0,Northern Territory
-23.63341,132.72877,2013.0,Northern Territory
-20.858252,134.31728,2019.0,Northern Territory
-12.632157,134.339487,2014.0,Northern Territory
-14.391418,132.423178,2020.0,Northern Territory
-12.4,130.9,2025.0,Northern Territory
-23.331888,134.501257,1987.0,Northern Territory
-20.87131,133.99048,2019.0,Northern Territory
-15.8005,132.59897,2022.0,Northern Territory
-16.05082,130.39874,2017.0,Northern Territory
-20.348576,131.901255,1990.0,Northern Territory
-19.3,134.6,2016.0,Northern Territory
-12.3385,131.20719,2017.0,Northern Territory
-14.183653,134.466836,2018.0,Northern Territory
-12.62319,132.333919,2015.0,Northern Territory
-12.622754,134.32887,2014.0,Northern Territory
-16.2198,130.4131,2015.0,Northern Territory
-12.40357,131.23747,2018.0,Northern Territory
-12.55443,130.9864,2019.0,Northern Territory
-23.948552,136.451241,1985.0,Northern Territory
-22.83422,129.60832,,Northern Territory
-13.031923,130.50122,1985.0,Northern Territory
-12.62903,132.341209,2015.0,Northern Territory
-12.973177,132.587511,2016.0,Northern Territory
-23.7,133.9,2012.0,Northern Territory
-12.4,130.9,2026.0,Northern Territory
-12.41153,130.91946,2013.0,Northern Territory
-12.45267,132.56648,2019.0,Northern Territory
-14.07,136.54,2014.0,Northern Territory
-14.240332,136.543417,2017.0,Northern Territory
-13.59879,132.27995,2015.0,Northern Territory
-14.118154,134.375198,2019.0,Northern Territory
-12.4,130.9,2025.0,Northern Territory
-25.33618,131.042331,2024.0,Northern Territory
-12.61656,134.03844,2014.0,Northern Territory
-12.4,130.9,2025.0,Northern Territory
-12.715256,131.434544,1990.0,Northern Territory
-11.802951,130.80803,2017.0,Northern Territory
-14.120993,134.373596,2018.0,Northern Territory
-25.1279,135.3993,2009.0,Northern Territory
-12.616096,132.343184,2014.0,Northern Territory
-23.508551,135.411249,1985.0,Northern Territory
-12.61514,132.34441,2015.0,Northern Territory
-18.918582,131.081251,1982.0,Northern Territory
-14.73087,134.43228,2001.0,Northern Territory
-12.35811,130.87477,2020.0,Northern Territory
-13.35973,133.087688,2021.0,Northern Territory
-12.70059,132.413407,1988.0,Northern Territory
-16.16237,130.27585,2015.0,Northern Territory
-16.04841,130.38046,2017.0,Northern Territory
-11.820046,130.797404,2017.0,Northern Territory
-12.61514,132.34441,2015.0,Northern Territory
-23.79522,133.099,2013.0,Northern Territory
-12.4,130.9,2019.0,Northern Territory
-12.4,130.9,2025.0,Northern Territory
-14.224585,134.483587,2018.0,Northern Territory
-20.715251,131.284593,1986.0,Northern Territory
-12.645157,132.4458,2015.0,Northern Territory
-12.986639,131.00302,2014.0,Northern Territory
-17.62992,133.95572,2021.0,Northern Territory
-20.498567,133.267914,1985.0,Northern Territory
-20.911391,134.202472,2019.0,Northern Territory
-24.120992,133.305527,2008.0,Northern Territory
-25.609167,134.36194,,Northern Territory
-17.467327,134.314745,2021.0,Northern Territory
-15.79979,132.59961,2022.0,Northern Territory
-14.213972,134.47656,2018.0,Northern Territory
-21.96528,137.58917,1996.0,Northern Territory
-12.61637,132.34468,2015.0,Northern Territory
-16.22015,130.41267,2015.0,Northern Territory
-12.4,130.9,2019.0,Northern Territory
-20.51655,130.63383,1996.0,Northern Territory
-23.68173,132.72033,2013.0,Northern Territory
-12.583333,130.516667,1997.0,Northern Territory
-23.9,133.8,2016.0,Northern Territory
-23.797091,133.907367,2019.0,Northern Territory
-12.622009,132.328946,2015.0,Northern Territory
-13.36234,132.80258,2019.0,Northern Territory
-21.398561,134.051244,1986.0,Northern Territory
-20.418579,131.581258,1982.0,Northern Territory
-21.92616,129.64363,1997.0,Northern Territory
-16.4638,130.51314,2017.0,Northern Territory
-24.198541,136.617913,1985.0,Northern Territory
-23.8,133.9,2016.0,Northern Territory
-23.81828,136.71209,1996.0,Northern Territory
-25.2,131.0,2021.0,Northern Territory
-20.418577,131.751257,1983.0,Northern Territory
-14.120555,134.369553,2018.0,Northern Territory
-12.4,130.9,2025.0,Northern Territory
-21.074337,134.207978,2019.0,Northern Territory
-20.078588,130.251267,1981.0,Northern Territory
-17.54857,133.051224,1982.0,Northern Territory
-14.347521,129.442149,2018.0,Northern Territory
-12.69428,134.05711,2014.0,Northern Territory
-12.6,131.4,2017.0,Northern Territory
-13.60494,132.30997,2015.0,Northern Territory
-20.79338,134.10939,2019.0,Northern Territory
-12.4,130.9,2025.0,Northern Territory
-12.4,130.9,2025.0,Northern Territory
-14.210492,136.341625,2017.0,Northern Territory
-16.00073,130.24155,2015.0,Northern Territory
-16.06444,137.26085,2013.0,Northern Territory
-23.8,133.9,2019.0,Northern Territory
-12.61572,132.34392,2015.0,Northern Territory
-20.918579,131.581263,1983.0,Northern Territory
-14.266867,134.445614,2021.0,Northern Territory
-12.862768,132.956342,2017.0,Northern Territory
-12.4,130.9,2026.0,Northern Territory
-13.952675,132.568453,2017.0,Northern Territory
-12.687525,134.25414,2014.0,Northern Territory
-15.53812,133.68359,2021.0,Northern Territory
-12.54164,130.92686,2019.0,Northern Territory
-15.39769,130.14582,1998.0,Northern Territory
-19.76075,129.40311,1996.0,Northern Territory
-12.989842,130.98924,2014.0,Northern Territory
-13.71858,132.63118,1990.0,Northern Territory
-16.00142,130.24069,2015.0,Northern Territory
-24.065211,137.234568,1985.0,Northern Territory
-16.148586,130.634566,1986.0,Northern Territory
-14.24558,134.127,2017.0,Northern Territory
-12.4,130.9,2019.0,Northern Territory
-12.33809,131.18892,2017.0,Northern Territory
-12.21245,131.10693,2018.0,Northern Territory
-14.434846,132.320383,2020.0,Northern Territory
-14.2519,134.11264,2017.0,Northern Territory
-25.486667,136.781111,2007.0,Northern Territory
-12.628778,132.339528,2014.0,Northern Territory
-13.53813,132.26341,2019.0,Northern Territory
-12.699672,134.275161,2014.0,Northern Territory
-17.70361,133.9601,2021.0,Northern Territory
-12.986639,131.00302,2014.0,Northern Territory
-12.4,130.9,2025.0,Northern Territory
-17.84621,133.66893,2021.0,Northern Territory
-13.653548,131.090136,2007.0,Northern Territory
-14.24027,134.110578,2018.0,Northern Territory
-23.25991,129.35677,1997.0,Northern Territory
-16.00144,130.24146,2015.0,Northern Territory
-12.6,131.1,2015.0,Northern Territory
-23.825851,133.885194,2019.0,Northern Territory
-12.4,130.9,2025.0,Northern Territory
-24.051067,132.714137,2001.0,Northern Territory
-16.331913,131.117903,1987.0,Northern Territory
-14.1646,131.08794,2014.0,Northern Territory
-20.87519,130.59105,1997.0,Northern Territory
-13.57852,132.30786,2015.0,Northern Territory
-14.35294,129.454172,2018.0,Northern Territory
-14.736363,131.612049,1996.0,Northern Territory
-12.416111,130.91888,,Northern Territory
-14.120555,134.369553,2018.0,Northern Territory
-15.99939,130.25084,2015.0,Northern Territory
-18.798556,135.067883,1993.0,Northern Territory
-14.11107,132.56715,2015.0,Northern Territory
-19.339637,130.07494,2013.0,Northern Territory
-13.61318,132.32114,2015.0,Northern Territory
-16.363583,137.423902,2013.0,Northern Territory
-24.44702,132.901314,2013.0,Northern Territory
-20.823956,134.402389,2019.0,Northern Territory
-23.68176,132.72034,2013.0,Northern Territory
-21.31092,130.86447,1997.0,Northern Territory
-16.29857,133.467882,1991.0,Northern Territory
-23.68174,132.72031,2013.0,Northern Territory
-18.2,129.7,2023.0,Northern Territory
-15.7,130.8,2019.0,Northern Territory
-20.0,133.7,2016.0,Northern Territory
-12.615104,132.343223,2018.0,Northern Territory
-21.784495,133.670425,2006.0,Northern Territory
-20.42794,131.99788,1997.0,Northern Territory
-22.496354,133.421921,2006.0,Northern Territory
-15.63017,132.68425,2021.0,Northern Territory
-14.097599,134.416415,2016.0,Northern Territory
-14.172048,134.463886,2018.0,Northern Territory
-12.28771,132.85982,2019.0,Northern Territory
-12.33423,131.21621,2017.0,Northern Territory
-23.7,133.9,2025.0,Northern Territory
-12.631824,134.339032,2014.0,Northern Territory
-13.59162,132.33275,2015.0,Northern Territory
-13.57912,132.30789,2015.0,Northern Territory
-20.888414,134.715078,2019.0,Northern Territory
-12.3667,132.9667,1972.0,Northern Territory
-22.82195,129.79127,1996.0,Northern Territory
-20.55084,137.45769,1999.0,Northern Territory
-12.39885,131.1004,2018.0,Northern Territory
-13.869153,136.803017,2016.0,Northern Territory
-13.60052,132.3262,2015.0,Northern Territory
-16.92232,134.64682,2021.0,Northern Territory
-12.5,130.8,2025.0,Northern Territory
-12.434255,132.969788,2025.0,Northern Territory
-20.798535,137.667871,1992.0,Northern Territory
-12.4,130.9,2019.0,Northern Territory
-15.405771,129.67707,2019.0,Northern Territory
-20.848588,130.401272,1988.0,Northern Territory
-17.081913,131.084568,1987.0,Northern Territory
-14.23845,134.1093,2017.0,Northern Territory
-19.01528,133.9042,1998.0,Northern Territory
-16.92225,134.64771,2021.0,Northern Territory
-17.98333,135.53333,1978.0,Northern Territory
-20.741092,134.250497,2019.0,Northern Territory
-20.715251,131.284593,1986.0,Northern Territory
-25.8167,134.5667,1970.0,Northern Territory
-12.631824,134.339032,2014.0,Northern Territory
-23.80291,133.17242,2013.0,Northern Territory
-23.660505,133.704328,1991.0,Northern Territory
-12.4,130.9,2025.0,Northern Territory
-13.31202,132.53029,2019.0,Northern Territory
-24.263347,132.751908,1996.0,Northern Territory
-20.848588,130.384602,1985.0,Northern Territory
-14.036042,136.436338,2026.0,Northern Territory
-12.35,132.9833,1972.0,Northern Territory
-12.4,130.9,2025.0,Northern Territory
-17.95039,133.53362,2021.0,Northern Territory
-12.420787,133.689067,2021.0,Northern Territory
-12.56286,130.98433,2019.0,Northern Territory
-20.52491,130.15097,,Northern Territory
-23.76851,137.13631,1996.0,Northern Territory
-16.16237,130.27585,2015.0,Northern Territory
-13.048367,132.163988,2019.0,Northern Territory
-12.654363,134.2246,2014.0,Northern Territory
-19.591171,135.660018,2004.0,Northern Territory
-13.60494,132.30997,2015.0,Northern Territory
-12.4,130.9,2025.0,Northern Territory
-18.8667,134.5,1968.0,Northern Territory
-20.846313,134.242841,2019.0,Northern Territory
-24.018568,133.391274,1990.0,Northern Territory
-12.680337,132.816803,2026.0,Northern Territory
-12.40471,130.89338,2019.0,Northern Territory
-12.68641,132.41467,2015.0,Northern Territory
-12.41166,130.91878,2013.0,Northern Territory
-14.73086,134.322704,2018.0,Northern Territory
-20.853588,130.413272,1993.0,Northern Territory
-14.2519,134.11264,2017.0,Northern Territory
-12.2126,131.10593,2018.0,Northern Territory
-12.615052,132.428008,2015.0,Northern Territory
-12.3475,131.18442,2017.0,Northern Territory
-24.29855,135.617924,1985.0,Northern Territory
-12.47598,131.12334,2018.0,Northern Territory
-12.4,130.9,2025.0,Northern Territory
-20.53546,129.92772,,Northern Territory
-12.39803,130.96505,2014.0,Northern Territory
-12.623441,132.429418,2015.0,Northern Territory
-16.96872,133.30006,2021.0,Northern Territory
-22.54768,134.813482,2005.0,Northern Territory
-15.717,136.026,2002.0,Northern Territory
-14.85662,133.09055,2021.0,Northern Territory
-16.9674,133.26733,2021.0,Northern Territory
-12.94359,131.126214,1990.0,Northern Territory
-12.5,130.8,2025.0,Northern Territory
-12.4,130.9,2019.0,Northern Territory
-12.4,130.9,2026.0,Northern Territory
-14.214817,134.477176,2021.0,Northern Territory
-16.271591,136.088035,2008.0,Northern Territory
-19.27529,129.58623,,Northern Territory
-14.22458,134.48358,2017.0,Northern Territory
-12.465662,133.986926,2021.0,Northern Territory
-13.265259,131.101216,1985.0,Northern Territory
-12.34932,130.89711,2020.0,Northern Territory
-14.03235,132.30582,2015.0,Northern Territory
-12.635463,132.345049,2015.0,Northern Territory
-17.617734,133.478561,2017.0,Northern Territory
-20.72233,134.17259,2019.0,Northern Territory
-12.61556,132.33994,2017.0,Northern Territory
-12.41168,130.82178,2014.0,Northern Territory
-16.21962,130.41222,2015.0,Northern Territory
-25.431905,132.851294,1987.0,Northern Territory
-12.33408,131.21182,2017.0,Northern Territory
-12.57461,131.30399,2018.0,Northern Territory
-22.73264,133.143474,2015.0,Northern Territory
-20.548588,130.35127,1981.0,Northern Territory
-12.41009,131.11841,2018.0,Northern Territory
-12.60859,131.251212,1991.0,Northern Territory
-12.416111,130.91888,,Northern Territory
-19.19699,132.48292,1998.0,Northern Territory
-12.44195,131.16838,2018.0,Northern Territory
-22.88549,129.81079,1997.0,Northern Territory
-14.26268,132.5584,2015.0,Northern Territory
-14.363406,129.471061,2018.0,Northern Territory
-15.357814,132.863914,2022.0,Northern Territory
-24.264414,131.529074,1985.0,Northern Territory
-12.78831,132.17477,2019.0,Northern Territory
-12.4,130.9,2025.0,Northern Territory
-12.36727,131.19627,2018.0,Northern Territory
-14.402034,129.924641,2014.0,Northern Territory
-21.53541,130.69047,1997.0,Northern Territory
-20.3,130.1,2014.0,Northern Territory
-16.43965,137.4213,2017.0,Northern Territory
-16.04793,130.3806,2017.0,Northern Territory
-12.4,130.9,2025.0,Northern Territory
-19.17171,132.2489,1998.0,Northern Territory
-23.825768,133.941321,2019.0,Northern Territory
-14.247831,134.125666,2018.0,Northern Territory
-25.003067,132.108113,2010.0,Northern Territory
-12.73983,133.98369,2014.0,Northern Territory
-20.928287,134.573328,2019.0,Northern Territory
-12.987485,131.018852,2014.0,Northern Territory
-20.51141,129.92823,,Northern Territory
-21.284387,134.222715,2019.0,Northern Territory
-23.63373,132.72862,2013.0,Northern Territory
-12.41257,131.18492,2018.0,Northern Territory
-12.656327,134.224962,2014.0,Northern Territory
-20.365246,131.901255,1991.0,Northern Territory
-12.6,131.3,2024.0,Northern Territory
-12.39563,131.24605,2018.0,Northern Territory
-24.62435,132.649523,2013.0,Northern Territory
-22.448549,135.617907,1987.0,Northern Territory
-12.60221,131.116858,2018.0,Northern Territory
-24.198541,136.617913,1985.0,Northern Territory
-13.43062,132.41949,2015.0,Northern Territory
-25.270592,130.92831,1994.0,Northern Territory
-14.1646,131.08794,2014.0,Northern Territory
-14.407536,132.414492,2020.0,Northern Territory
-23.813887,133.740462,2002.0,Northern Territory
-12.3586,130.87228,2014.0,Northern Territory
-12.637465,132.321127,2016.0,Northern Territory
-24.049181,132.719617,1999.0,Northern Territory
-21.248574,132.251259,1983.0,Northern Territory
-14.120555,134.369553,2018.0,Northern Territory
-13.53874,132.26323,2019.0,Northern Territory
-12.63286,134.338571,2014.0,Northern Territory
-20.931916,130.601271,1986.0,Northern Territory
-20.365246,131.917925,1991.0,Northern Territory
-12.631407,134.339267,2014.0,Northern Territory
-12.70301,134.306546,2014.0,Northern Territory
-24.27917,132.70611,1997.0,Northern Territory
-12.566054,131.306833,2019.0,Northern Territory
-22.660439,133.267835,2015.0,Northern Territory
-12.718545,134.095644,2021.0,Northern Territory
-12.657792,134.227447,2014.0,Northern Territory
-20.793356,134.14181,2019.0,Northern Territory
-23.823258,133.596446,2019.0,Northern Territory
-12.583591,131.151212,1991.0,Northern Territory
-16.96784,133.26778,2021.0,Northern Territory
-19.348587,130.35126,1982.0,Northern Territory
-12.631924,131.074546,1991.0,Northern Territory
-12.650367,132.452299,2015.0,Northern Territory
-11.278748,132.118099,2005.0,Northern Territory
-12.607417,131.09875,2018.0,Northern Territory
-24.731879,135.767927,1985.0,Northern Territory
-12.604281,131.302474,2020.0,Northern Territory
-14.798581,131.967887,1987.0,Northern Territory
-20.60961,129.49975,1997.0,Northern Territory
-12.65063,132.37366,2019.0,Northern Territory
-20.71596,134.1628,2019.0,Northern Territory
-13.481179,132.240491,2016.0,Northern Territory
-15.90567,130.48108,2015.0,Northern Territory
-14.113573,136.476251,2016.0,Northern Territory
-16.05093,130.39954,2015.0,Northern Territory
-12.39946,130.96545,2014.0,Northern Territory
-23.98393,136.77063,1996.0,Northern Territory
-12.4,130.9,2025.0,Northern Territory
-20.928464,134.573588,2019.0,Northern Territory
-13.22362,132.85081,2019.0,Northern Territory
-12.45267,132.56648,2019.0,Northern Territory
-23.825851,133.885194,2019.0,Northern Territory
-12.37215,130.97502,2014.0,Northern Territory
-24.135296,133.30645,2008.0,Northern Territory
-12.515262,130.934544,1990.0,Northern Territory
-24.038537,137.141235,1985.0,Northern Territory
-17.70273,133.96005,2021.0,Northern Territory
-13.76624,132.39898,2019.0,Northern Territory
-12.4,130.9,2025.0,Northern Territory
-12.566054,131.306833,2020.0,Northern Territory
-12.735591,131.082214,1985.0,Northern Territory
-13.53874,132.26323,2019.0,Northern Territory
-12.548454,134.06109,2014.0,Northern Territory
-12.64495,132.363118,2015.0,Northern Territory
-24.14453,136.67191,1996.0,Northern Territory
-12.621502,132.364787,2015.0,Northern Territory
-14.015644,136.43152,2026.0,Northern Territory
-12.48108,131.72867,1999.0,Northern Territory
-14.26156,132.56054,2015.0,Northern Territory
-19.448594,129.351269,1983.0,Northern Territory
-12.4,130.9,2026.0,Northern Territory
-20.797347,134.065828,2019.0,Northern Territory
-18.418575,132.081239,1982.0,Northern Territory
-23.9,133.9,2015.0,Northern Territory
-19.335117,130.078317,2018.0,Northern Territory
-12.3667,132.9667,1972.0,Northern Territory
-14.364961,129.427853,2018.0,Northern Territory
-12.628778,132.339528,2014.0,Northern Territory
-12.28806,132.85959,2019.0,Northern Territory
-12.58412,132.24786,2019.0,Northern Territory
-19.718647,135.837844,1996.0,Northern Territory
-20.88492,134.233273,2019.0,Northern Territory
-23.811097,133.910463,2019.0,Northern Territory
-18.737013,131.348507,2010.0,Northern Territory
-23.915207,137.267891,1985.0,Northern Territory
-19.078592,129.581265,1983.0,Northern Territory
-13.58686,132.32431,2015.0,Northern Territory
-12.18219,131.07503,2018.0,Northern Territory
-23.787728,133.937517,2019.0,Northern Territory
-12.41257,131.18492,2018.0,Northern Territory
-12.4,130.9,2025.0,Northern Territory
-12.989842,130.98924,2014.0,Northern Territory
-12.45,130.83333,1992.0,Northern Territory
-14.0614,132.33878,2015.0,Northern Territory
-12.972183,132.587222,2017.0,Northern Territory
-12.878327,133.154611,2021.0,Northern Territory
-12.691012,132.39948,2013.0,Northern Territory
-12.3586,130.87228,2014.0,Northern Territory
-24.52499,135.87598,1996.0,Northern Territory
-16.22015,130.41267,2015.0,Northern Territory
-18.5,129.4,2023.0,Northern Territory
-21.049811,134.179891,2019.0,Northern Territory
-19.048594,129.351266,1983.0,Northern Territory
-12.52447,134.05673,2014.0,Northern Territory
-12.4,130.9,2025.0,Northern Territory
-14.045325,134.264744,2021.0,Northern Territory
-14.722723,134.29596,2018.0,Northern Territory
-22.01268,129.97938,1997.0,Northern Territory
-14.11097,132.56781,2015.0,Northern Territory
-17.635828,133.541939,2017.0,Northern Territory
-22.734174,133.142196,2015.0,Northern Territory
-14.24891,134.49408,2017.0,Northern Territory
-12.5,130.8,2020.0,Northern Territory
-16.70047,133.54134,2021.0,Northern Territory
-20.60777,130.39004,1997.0,Northern Territory
-18.3,129.6,2023.0,Northern Territory
-12.74778,133.96249,2015.0,Northern Territory
-12.64223,132.350981,2015.0,Northern Territory
-12.394619,130.953066,1993.0,Northern Territory
-24.076757,132.706809,2002.0,Northern Territory
-23.7,133.9,2025.0,Northern Territory
-18.488593,129.411262,1994.0,Northern Territory
-22.80447,129.77857,1996.0,Northern Territory
-21.148579,131.551265,1983.0,Northern Territory
-14.26254,132.5589,2015.0,Northern Territory
-12.5655,131.30995,2018.0,Northern Territory
-16.9674,133.26733,2021.0,Northern Territory
-12.491368,133.108027,2021.0,Northern Territory
-12.3667,132.9667,1972.0,Northern Territory
-12.631793,132.33761,2015.0,Northern Territory
-16.04795,130.38104,2017.0,Northern Territory
-28.1,153.1,2016.0,Queensland
-17.46938,145.679766,2023.0,Queensland
-19.13594,146.83444,,Queensland
-27.02339,153.4594,1992.0,Queensland
-19.1,146.9,2020.0,Queensland
-27.57903,151.96997,2021.0,Queensland
-19.9,138.3,2016.0,Queensland
-22.25665,150.14529,1990.0,Queensland
-27.2,153.4,2022.0,Queensland
-24.32418,140.64387,,Queensland
-26.90674,150.74277,1992.0,Queensland
-17.388803,145.747186,2023.0,Queensland
-26.9688,150.90278,,Queensland
-27.600948,152.951801,2020.0,Queensland
-27.5444,151.16812,,Queensland
-20.9,144.6,2023.0,Queensland
-22.3,143.0,2025.0,Queensland
-27.1,153.4,2016.0,Queensland
-27.42975,151.69524,2021.0,Queensland
-22.2,145.1,2024.0,Queensland
-27.1,153.4,2020.0,Queensland
-27.1,153.4,2017.0,Queensland
-26.85673,152.89274,1992.0,Queensland
-22.3651,146.70113,1998.0,Queensland
-17.286048,145.574326,2023.0,Queensland
-27.06508,148.92612,1984.0,Queensland
-22.55997,142.96098,2015.0,Queensland
-16.9,145.8,2016.0,Queensland
-17.52869,145.56379,,Queensland
-17.43672,145.55802,2012.0,Queensland
-13.01978,142.87901,2014.0,Queensland
-21.8,143.3,2025.0,Queensland
-27.7,152.9,2022.0,Queensland
-24.46508,148.48445,2001.0,Queensland
-24.21372,140.45578,,Queensland
-14.68731,142.28097,1993.0,Queensland
-27.15672,153.42606,1992.0,Queensland
-23.3333,140.58747,2009.0,Queensland
-27.31579,151.47805,,Queensland
-13.6082,142.70683,2014.0,Queensland
-17.475912,145.680977,2023.0,Queensland
-16.8055,145.63608,2012.0,Queensland
-28.20411,152.4504,,Queensland
-24.09879,138.20428,2009.0,Queensland
-24.14333,140.44799,,Queensland
-19.40538,146.67611,1998.0,Queensland
-28.59334,151.94455,2020.0,Queensland
-22.869167,138.623889,1994.0,Queensland
-21.4,143.7,2025.0,Queensland
-27.60673,152.53441,1992.0,Queensland
-21.4,143.6,2024.0,Queensland
-22.0,148.2,2018.0,Queensland
-26.24006,152.89273,,Queensland
-21.6,142.2,2024.0,Queensland
-25.46656,153.0488,1998.0,Queensland
-28.3632,149.8793,2014.0,Queensland
-24.05208,140.88136,2009.0,Queensland
-22.8,145.1,2025.0,Queensland
-13.60478,142.73459,2014.0,Queensland
-28.1,153.4,2015.0,Queensland
-27.90054,153.38306,,Queensland
-17.368015,145.711147,2023.0,Queensland
-17.337848,145.733218,2023.0,Queensland
-27.30673,152.75941,,Queensland
-24.53571,151.2662,2021.0,Queensland
-23.53036,149.20527,1998.0,Queensland
-16.5973,145.25209,,Queensland
-22.6,145.7,2024.0,Queensland
-23.65,147.033333,1973.0,Queensland
-17.368015,145.711147,2023.0,Queensland
-26.4,152.9,2021.0,Queensland
-27.4,152.0,2022.0,Queensland
-27.17339,153.42606,1992.0,Queensland
-16.509356,145.27193,2022.0,Queensland
-24.62664,151.56743,1997.0,Queensland
-21.32575,148.5527,2011.0,Queensland
-28.308736,152.854949,2022.0,Queensland
-27.2,153.4,2019.0,Queensland
-27.95235,152.36376,2020.0,Queensland
-24.39968,150.92643,2018.0,Queensland
-26.3,152.6,2021.0,Queensland
-22.92788,146.90085,1998.0,Queensland
-23.83804,140.92567,2019.0,Queensland
-26.583896,152.609528,2020.0,Queensland
-21.1853,148.52463,,Queensland
-16.6618,145.26267,2007.0,Queensland
-13.60519,142.77875,2014.0,Queensland
-27.09006,153.17607,1993.0,Queensland
-13.60474,142.73386,2009.0,Queensland
-27.86922,153.07608,1992.0,Queensland
-28.81685,151.98031,2020.0,Queensland
-22.52413,143.01647,2017.0,Queensland
-24.14873,140.57961,2015.0,Queensland
-13.66456,142.83611,,Queensland
-27.1,153.4,2020.0,Queensland
-24.37291,151.03135,2015.0,Queensland
-19.443909,146.723704,2025.0,Queensland
-27.62693,151.91417,,Queensland
-26.20984,150.01762,,Queensland
-28.2,153.2,2023.0,Queensland
-24.99009,148.68861,,Queensland
-21.5,142.0,2024.0,Queensland
-26.26137,152.8227,,Queensland
-24.92643,148.00735,2014.0,Queensland
-19.323516,146.753091,2018.0,Queensland
-28.3,152.1,2025.0,Queensland
-27.47531,149.79552,1995.0,Queensland
-24.39424,151.00108,1994.0,Queensland
-27.2,153.0,2015.0,Queensland
-27.69839,152.87608,1992.0,Queensland
-27.4,152.5,2021.0,Queensland
-27.1,153.4,2020.0,Queensland
-21.51059,148.64145,2011.0,Queensland
-17.266443,145.56528,2021.0,Queensland
-20.9,142.1,2023.0,Queensland
-24.3614,151.005,,Queensland
-18.132234,144.641606,,Queensland
-28.180706,153.274262,2026.0,Queensland
-22.9761,150.75667,1974.0,Queensland
-28.75701,144.4171,2012.0,Queensland
-21.4,143.6,2024.0,Queensland
-17.5,140.8,2016.0,Queensland
-25.92475,151.12001,2001.0,Queensland
-25.5109,153.12605,1975.0,Queensland
-22.4,141.4,2023.0,Queensland
-17.276712,145.632852,2022.0,Queensland
-27.2,153.4,2019.0,Queensland
-23.75082,141.02374,,Queensland
-23.14409,148.43501,2017.0,Queensland
-24.36193,140.64459,,Queensland
-27.2,153.4,2024.0,Queensland
-24.24497,140.53398,,Queensland
-27.1,153.0,2021.0,Queensland
-24.46782,148.6174,,Queensland
-13.39282,142.50685,2014.0,Queensland
-23.5,144.7,2024.0,Queensland
-27.147919,149.059108,2024.0,Queensland
-14.91702,143.29646,2009.0,Queensland
-23.40994,146.33141,2010.0,Queensland
-17.5,145.5,2022.0,Queensland
-23.5,144.8,2024.0,Queensland
-24.11021,143.26659,,Queensland
-12.54015,141.87613,1981.0,Queensland
-21.5,145.1,2023.0,Queensland
-25.9,152.6,2021.0,Queensland
-21.3,143.8,2025.0,Queensland
-16.59103,145.21742,2010.0,Queensland
-28.83476,151.93979,2018.0,Queensland
-21.09545,148.53721,2012.0,Queensland
-27.31831,152.74433,2018.0,Queensland
-12.72682,142.37346,1985.0,Queensland
-28.3,152.0,2015.0,Queensland
-21.51239,148.6322,2011.0,Queensland
-27.1,153.5,2019.0,Queensland
-27.0,153.5,2020.0,Queensland
-17.368015,145.711147,2023.0,Queensland
-25.08729,152.48967,1996.0,Queensland
-17.13999,144.46779,,Queensland
-18.28929,145.50193,1999.0,Queensland
-26.5,153.1,2018.0,Queensland
-27.50672,153.07607,1993.0,Queensland
-23.5,144.7,2025.0,Queensland
-27.98643,152.367,2024.0,Queensland
-21.1,149.2,2022.0,Queensland
-28.0,145.6,2021.0,Queensland
-19.2,146.7,2015.0,Queensland
-28.1,145.7,2018.0,Queensland
-12.73265,141.89096,1980.0,Queensland
-25.33846,142.20694,2011.0,Queensland
-26.96496,152.95108,1994.0,Queensland
-27.8,150.1,2019.0,Queensland
-14.9963,143.62479,1994.0,Queensland
-22.12345,145.20113,1992.0,Queensland
-13.61103,142.76475,2011.0,Queensland
-21.6,143.5,2025.0,Queensland
-23.84174,151.11384,1997.0,Queensland
-20.91999,148.96778,1993.0,Queensland
-24.12231,140.52809,,Queensland
-23.78739,151.33991,2017.0,Queensland
-28.19077,151.61906,2012.0,Queensland
-27.53165,153.04001,1982.0,Queensland
-27.49847,141.93457,1976.0,Queensland
-13.39191,142.61426,2013.0,Queensland
-28.02778,145.57577,2014.0,Queensland
-27.7,153.2,2016.0,Queensland
-23.50397,149.17194,1995.0,Queensland
-21.63678,146.8966,,Queensland
-27.3,153.0,2017.0,Queensland
-21.33003,148.56042,2011.0,Queensland
-23.651905,149.336236,2024.0,Queensland
-17.367438,145.753085,2023.0,Queensland
-19.09566,146.11106,2007.0,Queensland
-23.7974,141.15976,,Queensland
-23.08218,141.16003,,Queensland
-23.6,146.1,2021.0,Queensland
-15.40997,142.93114,1993.0,Queensland
-28.28088,152.44442,,Queensland
-21.33477,148.54481,2011.0,Queensland
-20.9,142.2,2023.0,Queensland
-15.17285,144.34584,2017.0,Queensland
-28.89162,151.9898,2020.0,Queensland
-20.38999,148.42251,1994.0,Queensland
-23.4485,138.60122,1995.0,Queensland
-14.90669,144.42018,2018.0,Queensland
-27.1,153.5,2019.0,Queensland
-17.289039,145.619018,2022.0,Queensland
-17.388803,145.747186,2023.0,Queensland
-24.91507,151.43301,1996.0,Queensland
-24.21981,140.6707,,Queensland
-27.1,153.4,2020.0,Queensland
-23.35161,146.51397,2010.0,Queensland
-20.9,145.0,2023.0,Queensland
-16.9,145.8,2016.0,Queensland
-24.84569,147.19583,1999.0,Queensland
-10.72987,142.3943,,Queensland
-27.2,153.4,2019.0,Queensland
-12.75218,142.31037,,Queensland
-15.84393,144.87683,2000.0,Queensland
-19.2,146.6,2017.0,Queensland
-25.49366,152.9943,1995.0,Queensland
-13.60658,142.78181,,Queensland
-28.19909,152.42373,2020.0,Queensland
-21.25658,148.50434,2011.0,Queensland
-25.65,140.233333,,Queensland
-27.550142,152.509139,2015.0,Queensland
-27.2,153.4,2016.0,Queensland
-27.98925,145.609389,2014.0,Queensland
-21.5,143.6,2025.0,Queensland
-17.368015,145.711147,2023.0,Queensland
-24.37265,151.02987,2015.0,Queensland
-23.6722,140.98607,,Queensland
-22.45665,150.22223,1991.0,Queensland
-27.5,153.1,2016.0,Queensland
-12.45682,141.7928,1981.0,Queensland
-27.97764,145.59259,2014.0,Queensland
-22.74276,150.78667,1991.0,Queensland
-28.18449,153.04011,1998.0,Queensland
-27.60673,152.99274,1992.0,Queensland
-27.2,153.4,2019.0,Queensland
-23.9,140.7,2023.0,Queensland
-18.14663,144.38518,2011.0,Queensland
-19.224,146.05362,2016.0,Queensland
-17.374117,145.756844,2023.0,Queensland
-19.1,146.9,2020.0,Queensland
-25.5,142.9,2025.0,Queensland
-22.1,143.1,2024.0,Queensland
-19.2,146.8,2020.0,Queensland
-28.1325,153.109444,1975.0,Queensland
-26.72339,153.02607,1992.0,Queensland
-28.17015,153.15637,2021.0,Queensland
-27.97193,153.39195,,Queensland
-22.433333,143.033333,1973.0,Queensland
-24.37291,151.03135,2016.0,Queensland
-13.61614,142.74896,1993.0,Queensland
-24.23711,140.51361,,Queensland
-23.4,150.5,2023.0,Queensland
-27.6,152.4,2025.0,Queensland
-25.15363,143.31639,,Queensland
-24.37297,140.63898,,Queensland
-28.30033,152.54651,2021.0,Queensland
-27.0,153.4,2020.0,Queensland
-22.5,141.4,2023.0,Queensland
-24.47457,148.46911,2012.0,Queensland
-16.594536,145.284856,2022.0,Queensland
-23.5,145.1,2024.0,Queensland
-27.333338,152.763063,2018.0,Queensland
-13.19924,142.85171,2002.0,Queensland
-27.2,153.4,2016.0,Queensland
-25.6865,140.61654,1996.0,Queensland
-26.256118,152.826697,2023.0,Queensland
-28.62345,144.37622,1977.0,Queensland
-27.310756,152.266137,2022.0,Queensland
-28.0,153.4,2017.0,Queensland
-16.45932,145.17644,1988.0,Queensland
-27.3,153.4,2020.0,Queensland
-19.57179,144.05113,2019.0,Queensland
-26.3,153.0,2015.0,Queensland
-27.583333,153.45,,Queensland
-26.5,147.7,2016.0,Queensland
-27.367598,153.088478,2020.0,Queensland
-28.07899,152.83791,2005.0,Queensland
-17.367438,145.753085,2023.0,Queensland
-28.77996,144.46821,2017.0,Queensland
-27.5234,152.12609,1991.0,Queensland
-28.75262,144.29704,1991.0,Queensland
-26.83171,149.81782,1995.0,Queensland
-26.4,146.3,2019.0,Queensland
-21.58165,143.86778,1996.0,Queensland
-27.2,153.4,2020.0,Queensland
-28.83768,151.92814,2020.0,Queensland
-27.2,153.4,2019.0,Queensland
-26.764274,153.017483,2024.0,Queensland
-27.498897,153.002193,2024.0,Queensland
-27.3,153.4,2020.0,Queensland
-28.75701,144.4171,2012.0,Queensland
-27.07339,153.02607,,Queensland
-28.3106,150.50247,2003.0,Queensland
-27.6,152.8,2015.0,Queensland
-27.0,153.4,2021.0,Queensland
-13.09779,142.81832,2016.0,Queensland
-13.11879,142.90861,1972.0,Queensland
-19.73529,146.46531,1985.0,Queensland
-17.367438,145.753085,2023.0,Queensland
-27.6,152.8,2023.0,Queensland
-24.46706,150.92595,1997.0,Queensland
-21.33583,148.56233,2011.0,Queensland
-26.71923,153.07606,1990.0,Queensland
-17.37362,145.719302,2022.0,Queensland
-21.5,142.0,2024.0,Queensland
-26.79006,153.14273,1992.0,Queensland
-24.3986,140.54228,,Queensland
-24.25042,140.56961,2014.0,Queensland
-27.2,153.4,2020.0,Queensland
-17.285503,145.573775,2020.0,Queensland
-12.95682,141.62614,1981.0,Queensland
-17.367438,145.753085,2023.0,Queensland
-28.0,153.3,2022.0,Queensland
-27.07347,141.90956,1976.0,Queensland
-27.15672,153.42606,1992.0,Queensland
-17.368015,145.711147,2023.0,Queensland
-20.7,139.6,2025.0,Queensland
-28.70681,141.39292,1975.0,Queensland
-26.60673,153.07606,1992.0,Queensland
-27.554092,152.179597,2023.0,Queensland
-27.6,153.3,2018.0,Queensland
-27.5,151.9,2020.0,Queensland
-27.2,153.4,2016.0,Queensland
-17.367438,145.753085,2023.0,Queensland
-24.54473,151.29448,2021.0,Queensland
-24.37265,151.02987,2016.0,Queensland
-28.8,151.6,2015.0,Queensland
-19.19285,146.05624,2016.0,Queensland
-26.0,150.1,2016.0,Queensland
-26.39978,151.95504,1997.0,Queensland
-26.3,152.9,2025.0,Queensland
-22.79832,146.25112,1991.0,Queensland
-27.2,153.4,2019.0,Queensland
-27.0,153.5,2020.0,Queensland
-25.16888,143.3181,,Queensland
-17.88024,141.21734,,Queensland
-17.126281,145.604623,2022.0,Queensland
-27.2,153.4,2020.0,Queensland
-21.7,143.4,2024.0,Queensland
-11.22783,142.38346,2002.0,Queensland
-27.68096,152.08376,,Queensland
-21.7,142.4,2023.0,Queensland
-26.40699,149.88465,,Queensland
-26.72339,153.04273,1992.0,Queensland
-28.8,152.0,2025.0,Queensland
-27.57347,141.68457,1975.0,Queensland
-25.56441,152.79028,2006.0,Queensland
-20.79827,148.54376,1994.0,Queensland
-26.3,146.1,2016.0,Queensland
-24.31361,140.62068,,Queensland
-26.89325,151.28857,2023.0,Queensland
-17.355148,145.725362,2022.0,Queensland
-27.30673,152.75941,1993.0,Queensland
-23.70429,148.78121,2017.0,Queensland
-29.0,151.3,2018.0,Queensland
-27.6,152.8,2016.0,Queensland
-19.1,146.9,2015.0,Queensland
-21.1,145.0,2024.0,Queensland
-15.86469,144.82838,,Queensland
-27.3,151.5,2016.0,Queensland
-25.35915,142.04074,2011.0,Queensland
-12.9514,142.90121,2012.0,Queensland
-18.01897,142.01033,,Queensland
-28.5,149.4,2024.0,Queensland
-22.6486,150.7264,1991.0,Queensland
-16.66819,145.22768,2014.0,Queensland
-24.30202,140.63566,,Queensland
-27.2,153.4,2020.0,Queensland
-21.6,143.5,2025.0,Queensland
-22.4,148.3,2019.0,Queensland
-27.4,153.0,2024.0,Queensland
-24.85451,147.41097,1999.0,Queensland
-21.25827,148.50386,2011.0,Queensland
-21.2,145.0,2024.0,Queensland
-27.906834,148.648052,2023.0,Queensland
-28.23103,152.4376,,Queensland
-17.7,139.6,2025.0,Queensland
-27.7,151.9,2017.0,Queensland
-27.07339,153.17607,1992.0,Queensland
-27.1,153.4,2020.0,Queensland
-28.180293,153.273725,2026.0,Queensland
-26.96496,152.95108,1994.0,Queensland
-27.1,153.4,2020.0,Queensland
-24.24076,140.53881,,Queensland
-17.360838,145.75286,2023.0,Queensland
-27.278384,152.662174,2026.0,Queensland
-17.374117,145.756844,2023.0,Queensland
-27.3,152.7,2022.0,Queensland
-27.53171,149.75113,1995.0,Queensland
-28.227228,152.368239,2025.0,Queensland
-27.89915,153.37417,,Queensland
-22.3,143.1,2025.0,Queensland
-22.72341,150.78441,1989.0,Queensland
-24.36172,150.96867,2015.0,Queensland
-22.51139,143.04709,2015.0,Queensland
-13.97846,143.18351,,Queensland
-17.368015,145.711147,2023.0,Queensland
-24.82748,147.42602,1999.0,Queensland
-28.93451,151.45695,,Queensland
-14.71581,142.30331,1993.0,Queensland
-26.8959,151.28327,,Queensland
-27.2,153.4,2021.0,Queensland
-23.90818,141.14042,,Queensland
-23.83935,141.12673,,Queensland
-13.1468,142.76711,2015.0,Queensland
-21.0767,148.549239,2023.0,Queensland
-17.374117,145.756844,2022.0,Queensland
-27.49847,141.93457,1976.0,Queensland
-12.64315,141.87596,1981.0,Queensland
-26.86395,151.57098,,Queensland
-23.9094,141.2694,,Queensland
-22.52246,143.04934,2016.0,Queensland
-27.0,153.5,2017.0,Queensland
-23.70582,141.12167,,Queensland
-19.2,146.8,2021.0,Queensland
-13.33472,142.61547,2016.0,Queensland
-23.48314,149.20944,1998.0,Queensland
-21.02887,141.81945,1999.0,Queensland
-27.98578,145.52631,2012.0,Queensland
-25.714806,152.558845,2024.0,Queensland
-17.5277,145.56458,,Queensland
-23.0,145.2,2024.0,Queensland
-23.60626,149.19933,,Queensland
-28.27849,152.60223,,Queensland
-20.8,142.1,2023.0,Queensland
-23.52758,149.22194,1991.0,Queensland
-25.01217,147.95956,2014.0,Queensland
-27.6,152.8,2015.0,Queensland
-23.110278,145.284722,1998.0,Queensland
-24.18174,151.82606,1992.0,Queensland
-26.4,152.9,2023.0,Queensland
-24.39404,150.99682,2016.0,Queensland
-26.93589,153.00107,1994.0,Queensland
-24.1,151.3,2024.0,Queensland
-27.4609,152.05526,1994.0,Queensland
-22.3776,146.7053,1997.0,Queensland
-23.83183,138.45122,1995.0,Queensland
-27.6,153.1,2020.0,Queensland
-27.2,153.4,2020.0,Queensland
-20.5,145.5,2023.0,Queensland
-27.244532,153.026605,2024.0,Queensland
-26.70672,153.12606,1992.0,Queensland
-27.56665,141.66667,1996.0,Queensland
-15.66947,143.55646,1993.0,Queensland
-17.355148,145.725362,2023.0,Queensland
-27.56955,151.23953,,Queensland
-24.10454,143.2919,,Queensland
-27.049641,153.134319,2025.0,Queensland
-28.70678,144.37622,1976.0,Queensland
-26.82756,153.0594,1994.0,Queensland
-14.84688,144.16395,2008.0,Queensland
-28.22755,153.26774,,Queensland
-14.84779,144.16792,2008.0,Queensland
-27.1,147.6,2016.0,Queensland
-25.12893,143.1485,,Queensland
-27.2,153.4,2017.0,Queensland
-17.470009,145.674568,2023.0,Queensland
-24.2144,140.85746,2015.0,Queensland
-17.368015,145.711147,2023.0,Queensland
-24.96507,152.48439,,Queensland
-20.1,146.1,2022.0,Queensland
-13.3,141.7,2019.0,Queensland
-27.311415,152.95797,2024.0,Queensland
-28.0,152.7,2025.0,Queensland
-28.6,151.8,2016.0,Queensland
-20.833333,142.266667,1996.0,Queensland
-12.76721,143.28668,2006.0,Queensland
-21.8,143.3,2024.0,Queensland
-27.4,152.8,2016.0,Queensland
-17.368015,145.711147,2023.0,Queensland
-24.11018,143.28609,1999.0,Queensland
-27.5,153.3,2023.0,Queensland
-13.60405,142.72145,2010.0,Queensland
-20.1,146.3,2015.0,Queensland
-19.93999,146.28445,1994.0,Queensland
-24.2237,140.47011,,Queensland
-17.351555,145.75251,2023.0,Queensland
-22.79138,150.30195,1992.0,Queensland
-28.2224,151.64291,2020.0,Queensland
-28.0,153.2,2022.0,Queensland
-27.50257,151.97192,1978.0,Queensland
-16.49204,145.07795,2014.0,Queensland
-21.2,143.9,2025.0,Queensland
-27.31831,152.74433,2018.0,Queensland
-21.0,144.0,2025.0,Queensland
-17.368015,145.711147,2023.0,Queensland
-28.30522,152.54887,,Queensland
-22.7,144.7,2019.0,Queensland
-21.7,143.4,2024.0,Queensland
-19.20388,146.06665,2016.0,Queensland
-26.764382,153.017542,2021.0,Queensland
-14.06581,143.31713,1979.0,Queensland
-28.06706,150.9927,1998.0,Queensland
-23.5,150.5,2019.0,Queensland
-16.5974,145.2067,2013.0,Queensland
-17.00349,145.56742,1988.0,Queensland
-21.6,143.4,2024.0,Queensland
-13.6082,142.70683,2014.0,Queensland
-20.8961,148.83445,1993.0,Queensland
-23.5,144.7,2024.0,Queensland
-26.037,153.13078,,Queensland
-27.443353,152.168534,2025.0,Queensland
-27.1,153.4,2019.0,Queensland
-28.08178,144.36788,1976.0,Queensland
-28.8,151.7,2015.0,Queensland
-27.4,151.1,2019.0,Queensland
-28.0,144.8,2015.0,Queensland
-27.0,153.4,2021.0,Queensland
-14.87418,144.43205,2018.0,Queensland
-23.2,145.2,2023.0,Queensland
-23.94433,141.19755,,Queensland
-28.30923,152.56345,2020.0,Queensland
-28.599905,148.20844,2023.0,Queensland
-28.8,151.8,2015.0,Queensland
-23.46803,144.21545,2024.0,Queensland
-21.2555,148.5061,2011.0,Queensland
-21.62364,146.84342,,Queensland
-15.88563,143.47947,1993.0,Queensland
-15.59035,145.25604,2010.0,Queensland
-22.74388,150.17279,1991.0,Queensland
-17.374197,145.728205,2022.0,Queensland
-16.95142,145.77275,2015.0,Queensland
-21.51417,148.64596,2011.0,Queensland
-26.6,152.7,2017.0,Queensland
-27.3,153.4,2020.0,Queensland
-29.0,151.3,2018.0,Queensland
-24.10338,143.35381,,Queensland
-28.11056,152.33924,2007.0,Queensland
-17.5,145.5,2022.0,Queensland
-27.3,153.4,2016.0,Queensland
-14.84989,144.16511,2009.0,Queensland
-22.0,148.1,2020.0,Queensland
-17.367438,145.753085,2023.0,Queensland
-25.5,152.1,2015.0,Queensland
-28.62345,144.37622,1977.0,Queensland
-17.42427,145.82707,2018.0,Queensland
-17.281205,145.575337,2023.0,Queensland
-27.2,153.0,2023.0,Queensland
-17.374117,145.756844,2023.0,Queensland
-21.2,143.9,2025.0,Queensland
-27.2,153.4,2017.0,Queensland
-17.368015,145.711147,2023.0,Queensland
-20.9,144.3,2021.0,Queensland
-27.65672,153.22607,,Queensland
-24.13471,140.45104,,Queensland
-27.562284,153.089171,2017.0,Queensland
-27.93806,152.26059,2000.0,Queensland
-23.9,151.2,2020.0,Queensland
-27.8,153.2,2016.0,Queensland
-26.85673,152.89274,1992.0,Queensland
-28.84006,151.9636,,Queensland
-27.6,152.3,2022.0,Queensland
-28.05256,152.37609,1972.0,Queensland
-27.23174,151.10943,1995.0,Queensland
-23.7,140.9,2018.0,Queensland
-20.7,142.0,2024.0,Queensland
-27.0,153.4,2019.0,Queensland
-27.4,153.0,2017.0,Queensland
-27.2,153.4,2020.0,Queensland
-21.29915,149.27751,2000.0,Queensland
-27.17735,150.90093,2012.0,Queensland
-21.5,143.5,2024.0,Queensland
-25.570318,153.074251,2024.0,Queensland
-21.9161,148.62528,,Queensland
-27.42339,152.49275,1992.0,Queensland
-17.596753,145.755603,2023.0,Queensland
-27.2,153.4,2021.0,Queensland
-26.90574,150.30655,2012.0,Queensland
-19.3,146.8,2020.0,Queensland
-27.5,153.1,2015.0,Queensland
-16.9,145.6,2015.0,Queensland
-16.537036,145.288155,2022.0,Queensland
-21.32575,148.5527,2011.0,Queensland
-24.3,139.5,2025.0,Queensland
-28.7,151.9,2024.0,Queensland
-17.359242,145.326452,2021.0,Queensland
-25.85671,140.87148,1996.0,Queensland
-17.367438,145.753085,2023.0,Queensland
-23.60626,149.19933,,Queensland
-27.02347,141.17624,1975.0,Queensland
-20.5,139.5,2021.0,Queensland
-26.3,152.9,2025.0,Queensland
-25.98173,153.13439,1974.0,Queensland
-16.8055,145.63608,2011.0,Queensland
-24.37315,150.98334,,Queensland
-27.2609,152.11775,1974.0,Queensland
-17.42387,145.83192,2018.0,Queensland
-15.59907,143.52628,2003.0,Queensland
-24.36884,151.02409,2016.0,Queensland
-20.89847,142.15116,1996.0,Queensland
-25.314167,138.48473,,Queensland
-28.1,151.3,2023.0,Queensland
-27.02339,153.14273,1992.0,Queensland
-27.36506,152.18859,1975.0,Queensland
-17.374117,145.756844,2023.0,Queensland
-24.39691,151.01686,2017.0,Queensland
-26.3,149.4,2020.0,Queensland
-27.0444,152.85795,2002.0,Queensland
-24.16577,143.35959,,Queensland
-25.64832,139.31778,1990.0,Queensland
-26.692352,152.895327,2025.0,Queensland
-27.98709,145.608,2012.0,Queensland
-13.39478,142.82472,2011.0,Queensland
-22.87277,147.90667,2001.0,Queensland
-23.4,141.1,2015.0,Queensland
-25.1,150.9,2022.0,Queensland
-24.8,139.6,2025.0,Queensland
-17.374117,145.756844,2022.0,Queensland
-22.39012,144.45947,1992.0,Queensland
-27.4,152.8,2024.0,Queensland
-28.8,151.6,2016.0,Queensland
-28.02215,145.60936,2014.0,Queensland
-17.355148,145.725362,2022.0,Queensland
-22.72369,149.85026,1997.0,Queensland
-25.1,146.5,2016.0,Queensland
-27.2,153.4,2020.0,Queensland
-16.926075,145.778853,2024.0,Queensland
-21.5,143.6,2025.0,Queensland
-22.73888,150.23751,1991.0,Queensland
-17.368015,145.711147,2023.0,Queensland
-26.8,148.9,2016.0,Queensland
-27.2,153.4,2020.0,Queensland
-26.95023,152.01884,1997.0,Queensland
-28.0,153.2,2021.0,Queensland
-12.37176,142.61481,,Queensland
-23.50397,149.2261,1994.0,Queensland
-24.36554,140.63345,,Queensland
-27.8734,151.26777,1996.0,Queensland
-22.80665,150.61223,1991.0,Queensland
-24.88001,150.06593,2000.0,Queensland
-17.541,145.31271,2008.0,Queensland
-22.13419,147.93061,2017.0,Queensland
-19.3,146.7,2015.0,Queensland
-18.24685,142.29512,,Queensland
-26.7,146.1,2015.0,Queensland
-21.09718,148.52537,2012.0,Queensland
-27.1,153.4,2021.0,Queensland
-27.1,153.5,2020.0,Queensland
-24.116667,143.183333,1995.0,Queensland
-17.596753,145.755603,2023.0,Queensland
-35.8,137.6,2020.0,South Australia
-35.7246,136.87861,2018.0,South Australia
-36.0,136.9,2017.0,South Australia
-35.87138,137.98801,2020.0,South Australia
-30.30449,139.22846,2016.0,South Australia
-35.88889,136.82821,2023.0,South Australia
-35.89106,136.54992,2020.0,South Australia
-30.52812,132.69731,2009.0,South Australia
-35.14893,137.15781,2015.0,South Australia
-28.99298,130.38163,2008.0,South Australia
-31.42477,138.6138,2009.0,South Australia
-33.0,138.0,2024.0,South Australia
-35.8,137.6,2015.0,South Australia
-28.86411,138.08716,2013.0,South Australia
-34.5,135.2,2020.0,South Australia
-31.98898,140.07293,2021.0,South Australia
-33.7,140.1,2025.0,South Australia
-35.9,137.5,2016.0,South Australia
-31.466607,138.646371,2019.0,South Australia
-35.7,137.5,2015.0,South Australia
-35.64759,137.37175,2018.0,South Australia
-35.85776,136.58129,2021.0,South Australia
-31.16686,138.63181,2020.0,South Australia
-35.9528,137.27439,2025.0,South Australia
-35.8,137.7,2005.0,South Australia
-36.01141,137.01418,2020.0,South Australia
-31.98898,140.07293,2019.0,South Australia
-35.75885,136.65554,2024.0,South Australia
-35.74195,136.75739,2022.0,South Australia
-35.82135,137.88498,2019.0,South Australia
-35.21831,136.90963,2014.0,South Australia
-31.45487,138.63093,2012.0,South Australia
-29.8563,131.2435,2009.0,South Australia
-35.8,137.7,2017.0,South Australia
-26.12332,132.45612,1994.0,South Australia
-32.5,139.6,2016.0,South Australia
-31.27987,138.78087,2016.0,South Australia
-32.26049,139.89231,2019.0,South Australia
-31.48578,138.65229,2012.0,South Australia
-31.98898,140.07293,2021.0,South Australia
-31.47506,138.6424,2007.0,South Australia
-35.75091,136.83052,2020.0,South Australia
-30.58079,139.11291,2016.0,South Australia
-31.97043,140.07294,2019.0,South Australia
-35.2,137.2,2023.0,South Australia
-35.91264,136.59814,2022.0,South Australia
-35.64759,137.37175,2018.0,South Australia
-35.87671,137.97126,2020.0,South Australia
-35.64759,137.37175,2019.0,South Australia
-28.56459,130.6361,2011.0,South Australia
-35.83772,138.1144,2016.0,South Australia
-35.8,137.7,2003.0,South Australia
-35.72228,136.97314,2020.0,South Australia
-31.521439,138.629244,2026.0,South Australia
-31.25665,138.61794,2020.0,South Australia
-34.9152,137.04682,2014.0,South Australia
-32.875,135.51252,2013.0,South Australia
-35.64524,137.3734,2023.0,South Australia
-33.5,136.2,2024.0,South Australia
-35.64759,137.37175,2018.0,South Australia
-32.01766,140.10333,2023.0,South Australia
-31.21269,138.64617,2022.0,South Australia
-35.8091,136.62859,2021.0,South Australia
-32.64828,136.3316,1985.0,South Australia
-35.1,137.3,2024.0,South Australia
-35.6,137.6,2015.0,South Australia
-35.64695,137.38142,2021.0,South Australia
-31.97513,140.22166,2022.0,South Australia
-35.18717,136.9602,2022.0,South Australia
-34.7,138.9,2019.0,South Australia
-35.2,137.2,2024.0,South Australia
-35.0,137.4,2025.0,South Australia
-35.1,137.4,2024.0,South Australia
-34.99572,137.05096,2014.0,South Australia
-32.15064,140.26781,2023.0,South Australia
-31.4243,138.61361,2009.0,South Australia
-33.7,134.9,2021.0,South Australia
-32.6,134.3,2016.0,South Australia
-35.9624,136.78219,2022.0,South Australia
-35.2,137.2,2024.0,South Australia
-33.6,137.9,2022.0,South Australia
-31.27987,138.78087,2017.0,South Australia
-36.00621,136.73761,2022.0,South Australia
-31.26648,138.67525,2016.0,South Australia
-35.91308,137.05588,2022.0,South Australia
-30.31736,133.2176,1987.0,South Australia
-35.95312,136.65932,2024.0,South Australia
-35.79917,136.80603,2025.0,South Australia
-31.40911,138.60443,2011.0,South Australia
-35.81315,137.93174,2016.0,South Australia
-35.8,137.6,2016.0,South Australia
-30.38333,139.25126,2016.0,South Australia
-36.39087,139.76422,1998.0,South Australia
-35.7,137.1,2021.0,South Australia
-35.2,136.9,2023.0,South Australia
-35.86233,137.9875,2020.0,South Australia
-33.2,136.4,2024.0,South Australia
-35.85484,137.9763,2020.0,South Australia
-35.8,136.9,2016.0,South Australia
-31.42911,138.72748,2021.0,South Australia
-31.46918,138.62621,2019.0,South Australia
-35.6487,137.35405,2005.0,South Australia
-35.8091,136.62859,2020.0,South Australia
-28.9,135.7,2019.0,South Australia
-35.72179,136.97247,2019.0,South Australia
-28.89365,130.45356,2011.0,South Australia
-31.31736,138.68615,2001.0,South Australia
-36.6,140.9,2019.0,South Australia
-35.8,137.7,2024.0,South Australia
-35.7,137.9,2018.0,South Australia
-29.11458,138.402086,2006.0,South Australia
-35.8,137.2,2016.0,South Australia
-29.2416,137.89633,2006.0,South Australia
-35.74802,136.88019,2021.0,South Australia
-35.85156,136.75995,2024.0,South Australia
-35.8,137.6,2004.0,South Australia
-34.6,135.9,2020.0,South Australia
-33.70193,139.35469,1992.0,South Australia
-35.85724,138.00893,2020.0,South Australia
-31.42277,138.71693,2022.0,South Australia
-35.9082,136.90717,2017.0,South Australia
-35.77924,136.89204,2025.0,South Australia
-35.74839,136.86311,2018.0,South Australia
-35.8,137.2,2015.0,South Australia
-35.81219,136.88157,2007.0,South Australia
-35.8925,136.58121,2024.0,South Australia
-31.33484,138.60528,2019.0,South Australia
-31.42372,138.69047,2016.0,South Australia
-35.76607,137.93583,2019.0,South Australia
-31.41382,138.55945,2011.0,South Australia
-35.6,137.6,2019.0,South Australia
-35.85086,140.69532,2022.0,South Australia
-31.32823,138.70418,2022.0,South Australia
-35.88862,136.56076,2023.0,South Australia
-35.1,137.0,2023.0,South Australia
-35.8,137.7,2023.0,South Australia
-35.95312,136.65932,2023.0,South Australia
-30.56249,139.17428,2017.0,South Australia
-31.25665,138.61794,2019.0,South Australia
-35.79917,136.80603,2025.0,South Australia
-31.92353,140.07315,2022.0,South Australia
-36.0,137.1,2016.0,South Australia
-26.7,133.6,2026.0,South Australia
-35.6,139.0,2024.0,South Australia
-30.29634,140.69005,1977.0,South Australia
-34.91854,137.14937,2016.0,South Australia
-29.4269,132.945,2005.0,South Australia
-31.54437,138.63096,2008.0,South Australia
-35.87729,137.9981,2020.0,South Australia
-35.8,137.3,2015.0,South Australia
-35.37875,140.59399,1991.0,South Australia
-33.8,140.1,2015.0,South Australia
-35.7,137.6,2017.0,South Australia
-35.74437,136.84629,2020.0,South Australia
-35.9,137.6,2017.0,South Australia
-34.92482,140.28662,1974.0,South Australia
-31.9,138.4,2023.0,South Australia
-31.46918,138.62621,2019.0,South Australia
-30.13011,135.47,2001.0,South Australia
-26.00708,137.96534,1998.0,South Australia
-35.76471,136.85309,2020.0,South Australia
-35.76681,136.85978,2020.0,South Australia
-35.85343,138.06361,2020.0,South Australia
-27.66614,140.40307,2019.0,South Australia
-34.0,139.6,2016.0,South Australia
-31.10191,138.8227,2021.0,South Australia
-35.83686,137.72751,2016.0,South Australia
-35.88106,137.99213,2020.0,South Australia
-31.42633,138.61757,2007.0,South Australia
-36.0,136.9,2018.0,South Australia
-34.9,137.2,2023.0,South Australia
-31.330866,138.65531,2025.0,South Australia
-27.83,139.62,1991.0,South Australia
-35.6,137.6,2015.0,South Australia
-27.36898,140.20284,2019.0,South Australia
-35.3,138.5,2020.0,South Australia
-35.75984,138.05561,2016.0,South Australia
-36.99854,140.15138,1975.0,South Australia
-35.0,138.7,2019.0,South Australia
-35.64759,137.37175,2019.0,South Australia
-29.28653,129.53714,2007.0,South Australia
-36.0,136.7,2016.0,South Australia
-35.9,137.42,2000.0,South Australia
-35.77953,137.07182,2023.0,South Australia
-35.3,138.9,2017.0,South Australia
-35.85248,137.98752,2020.0,South Australia
-32.8,134.3,2024.0,South Australia
-35.88215,138.00317,2020.0,South Australia
-35.89091,138.02905,2020.0,South Australia
-35.85014,138.02012,2016.0,South Australia
-35.64524,137.3734,2023.0,South Australia
-31.53015,138.63162,2007.0,South Australia
-35.2,137.3,2024.0,South Australia
-32.01894,140.05876,2022.0,South Australia
-37.91024,140.4062,1997.0,South Australia
-35.6,137.6,2015.0,South Australia
-31.94242,140.14959,2022.0,South Australia
-30.04641,136.92207,2013.0,South Australia
-35.8,137.8,2015.0,South Australia
-31.42575,138.5771,2019.0,South Australia
-30.54558,139.37279,2023.0,South Australia
-35.80174,137.95867,2020.0,South Australia
-35.1,137.5,2025.0,South Australia
-35.6,138.9,2025.0,South Australia
-35.9,137.6,2015.0,South Australia
-35.64759,137.37175,2018.0,South Australia
-30.37351,139.25568,2020.0,South Australia
-36.01686,136.86088,1990.0,South Australia
-35.9,136.8,2017.0,South Australia
-34.9,137.3,2023.0,South Australia
-34.9,135.9,2023.0,South Australia
-36.0,136.9,2016.0,South Australia
-35.97646,136.89664,2005.0,South Australia
-35.80672,138.06934,2016.0,South Australia
-26.034,137.64403,1999.0,South Australia
-28.54737,130.29127,2011.0,South Australia
-35.6,138.2,2023.0,South Australia
-35.73468,136.97957,2020.0,South Australia
-35.81587,136.88133,2007.0,South Australia
-35.89394,136.91946,2016.0,South Australia
-35.81315,137.93174,2016.0,South Australia
-32.17673,140.04821,2019.0,South Australia
-35.12017,137.0885,2016.0,South Australia
-31.55867,138.64103,2019.0,South Australia
-34.8,140.2,2016.0,South Australia
-35.85014,138.02012,2016.0,South Australia
-34.6,135.3,2020.0,South Australia
-35.70698,136.89536,2025.0,South Australia
-35.78035,137.96013,2016.0,South Australia
-35.79898,136.95071,2023.0,South Australia
-34.910993,138.555552,2026.0,South Australia
-35.80672,138.06934,2016.0,South Australia
-35.75006,136.614,2024.0,South Australia
-31.4426,133.2541,2013.0,South Australia
-34.00515,140.85035,2003.0,South Australia
-30.9,139.2,2023.0,South Australia
-33.2,137.4,2025.0,South Australia
-36.00621,136.73761,2021.0,South Australia
-35.8,137.1,2021.0,South Australia
-31.29987,138.80077,2015.0,South Australia
-36.05058,136.70849,2022.0,South Australia
-32.8,137.5,2025.0,South Australia
-31.31553,138.71753,2018.0,South Australia
-35.74549,137.03606,2024.0,South Australia
-31.45169,138.63831,2007.0,South Australia
-35.93314,136.61636,2020.0,South Australia
-30.56713,139.15176,2023.0,South Australia
-32.15813,135.78438,2020.0,South Australia
-30.45882,136.87275,2024.0,South Australia
-35.82334,137.94093,2019.0,South Australia
-35.7,137.3,2022.0,South Australia
-35.87439,138.00016,2019.0,South Australia
-35.86044,136.96603,2022.0,South Australia
-27.89776,140.69948,2019.0,South Australia
-32.04416,140.15145,2022.0,South Australia
-35.8,137.7,2016.0,South Australia
-26.65552,138.25416,1998.0,South Australia
-33.1,138.1,2025.0,South Australia
-36.00621,136.73761,2021.0,South Australia
-35.8087,136.61528,2024.0,South Australia
-33.0,133.0,,South Australia
-35.82486,138.02396,2016.0,South Australia
-31.41269,138.55965,2011.0,South Australia
-32.15813,135.78438,2021.0,South Australia
-35.15581,136.91071,2016.0,South Australia
-32.17673,140.04821,2022.0,South Australia
-35.86846,138.07077,1990.0,South Australia
-35.72179,136.97247,2019.0,South Australia
-34.3,140.5,2017.0,South Australia
-35.88745,136.9928,2023.0,South Australia
-34.0,139.1,2023.0,South Australia
-35.86984,138.06822,2020.0,South Australia
-30.23893,139.14126,2022.0,South Australia
-35.8045,137.98272,2020.0,South Australia
-34.7,135.7,2019.0,South Australia
-35.87746,137.99314,2020.0,South Australia
-26.64196,132.21141,2021.0,South Australia
-31.27974,138.79143,2016.0,South Australia
-35.74865,136.83266,2023.0,South Australia
-31.25797,138.66919,2022.0,South Australia
-32.64871,135.64187,2001.0,South Australia
-35.75006,136.614,2024.0,South Australia
-35.79898,136.95071,2025.0,South Australia
-31.6,138.5,2023.0,South Australia
-31.12293,138.83601,2022.0,South Australia
-35.83,137.80236,2020.0,South Australia
-31.18784,138.80104,2022.0,South Australia
-35.53434,138.39075,2016.0,South Australia
-35.9,137.5,2016.0,South Australia
-35.2,136.9,2023.0,South Australia
-35.8,137.6,2016.0,South Australia
-35.87262,137.99556,2020.0,South Australia
-35.87239,138.00754,2020.0,South Australia
-35.8,137.6,2004.0,South Australia
-30.7753,139.0015,2009.0,South Australia
-35.17827,137.20959,2016.0,South Australia
-35.6,138.9,2025.0,South Australia
-34.9,137.0,2023.0,South Australia
-35.9528,137.27439,2022.0,South Australia
-35.8,137.8,2020.0,South Australia
-35.9082,136.90717,2016.0,South Australia
-32.17673,140.04821,2021.0,South Australia
-35.85746,137.98196,2020.0,South Australia
-31.45876,138.63965,2012.0,South Australia
-35.79391,136.78566,2022.0,South Australia
-36.0,137.2,2017.0,South Australia
-35.5802,140.78244,2022.0,South Australia
-31.95822,140.24853,2022.0,South Australia
-35.79917,136.80603,2021.0,South Australia
-26.7528,134.7609,2005.0,South Australia
-35.87651,136.86716,2021.0,South Australia
-35.8,137.7,2022.0,South Australia
-35.25902,136.9602,2015.0,South Australia
-35.07381,138.54917,2018.0,South Australia
-30.58842,139.10866,2018.0,South Australia
-35.9479,136.78122,2016.0,South Australia
-30.61951,139.32306,2020.0,South Australia
-32.5,133.9,2024.0,South Australia
-35.8,137.2,2020.0,South Australia
-35.2,136.8,2024.0,South Australia
-35.3,136.8,2025.0,South Australia
-35.83604,136.75497,2021.0,South Australia
-34.90981,139.61993,2009.0,South Australia
-31.49583,138.64159,2019.0,South Australia
-35.6,137.5,2020.0,South Australia
-35.1,137.1,2024.0,South Australia
-31.63184,133.26602,2001.0,South Australia
-31.67974,133.55708,1980.0,South Australia
-31.32823,138.70418,2022.0,South Australia
-33.71488,134.5119,2006.0,South Australia
-30.48835,132.45797,2007.0,South Australia
-36.0,136.7,2018.0,South Australia
-35.86056,137.01319,2023.0,South Australia
-26.762,135.11899,1999.0,South Australia
-31.93913,140.07646,2023.0,South Australia
-28.51146,129.55067,2007.0,South Australia
-34.1,140.8,2024.0,South Australia
-35.64524,137.3734,2022.0,South Australia
-34.7,135.7,2024.0,South Australia
-31.3358,138.65282,2009.0,South Australia
-33.8,138.8,2025.0,South Australia
-34.5,135.2,2020.0,South Australia
-35.8091,136.62859,2020.0,South Australia
-35.6,138.9,2025.0,South Australia
-35.85343,138.06361,2020.0,South Australia
-32.8,134.2,2017.0,South Australia
-31.48224,138.64849,2011.0,South Australia
-35.87416,138.06375,2020.0,South Australia
-30.56713,139.15176,2023.0,South Australia
-31.45515,138.63165,2012.0,South Australia
-31.25,138.83,1997.0,South Australia
-35.89106,136.54992,2023.0,South Australia
-27.36898,140.20284,2019.0,South Australia
-36.0,137.1,2017.0,South Australia
-29.44925,129.56572,2005.0,South Australia
-30.0,137.9,2024.0,South Australia
-31.94242,140.14959,2022.0,South Australia
-31.95551,140.27603,2023.0,South Australia
-35.75885,136.65554,2023.0,South Australia
-31.18081,138.85181,2020.0,South Australia
-35.85951,138.06855,2020.0,South Australia
-31.93913,140.07646,2023.0,South Australia
-31.27987,138.78087,2019.0,South Australia
-35.64695,137.38142,2023.0,South Australia
-35.74555,136.87168,2022.0,South Australia
-35.7,137.7,2017.0,South Australia
-35.8,137.1,2021.0,South Australia
-36.0,137.2,2017.0,South Australia
-29.49172,130.16554,1987.0,South Australia
-31.33666,138.60151,2008.0,South Australia
-35.8,137.3,2017.0,South Australia
-32.5,134.2,2016.0,South Australia
-32.11362,138.03601,1975.0,South Australia
-27.77252,136.60835,1996.0,South Australia
-35.80515,137.91504,2020.0,South Australia
-31.94242,140.14959,2022.0,South Australia
-35.82486,138.02396,2016.0,South Australia
-35.73633,136.84738,2020.0,South Australia
-35.6,137.2,2015.0,South Australia
-35.7,137.6,2024.0,South Australia
-32.12865,140.00869,2022.0,South Australia
-34.6,135.3,2020.0,South Australia
-35.80464,137.0113,2024.0,South Australia
-35.8,137.2,2021.0,South Australia
-35.1,137.7,2024.0,South Australia
-35.93314,136.61636,2025.0,South Australia
-35.7,137.6,2017.0,South Australia
-35.8,137.1,2016.0,South Australia
-31.33794,138.63045,2019.0,South Australia
-35.1,137.0,2023.0,South Australia
-31.7,138.5,2023.0,South Australia
-35.83686,137.72751,2016.0,South Australia
-35.94551,136.9317,1990.0,South Australia
-35.6,137.4,2022.0,South Australia
-35.8,137.6,2015.0,South Australia
-28.22235,133.32473,1993.0,South Australia
-35.8,137.0,2006.0,South Australia
-35.3,136.9,2023.0,South Australia
-30.86206,132.17325,2012.0,South Australia
-31.37805,138.75491,2016.0,South Australia
-27.77999,140.64275,2019.0,South Australia
-35.2,137.2,2024.0,South Australia
-30.26451,133.13288,1987.0,South Australia
-34.0,140.9,2024.0,South Australia
-36.01539,136.73898,2020.0,South Australia
-30.49996,132.55531,2009.0,South Australia
-30.27414,138.80801,1998.0,South Australia
-33.8,139.0,2020.0,South Australia
-33.7,139.1,2015.0,South Australia
-35.92531,136.9634,2021.0,South Australia
-35.7,137.6,2018.0,South Australia
-31.465,130.28445,2012.0,South Australia
-30.39353,139.24595,2016.0,South Australia
-35.85014,138.02012,2016.0,South Australia
-35.9,137.33,1996.0,South Australia
-26.4,136.4,2015.0,South Australia
-30.53058,135.55579,2020.0,South Australia
-35.6,138.6,2025.0,South Australia
-35.0,137.7,2024.0,South Australia
-26.08858,132.46656,1997.0,South Australia
-31.10191,138.8227,2021.0,South Australia
-35.8,137.7,2023.0,South Australia
-35.94831,136.78133,2015.0,South Australia
-33.67322,136.91763,2024.0,South Australia
-35.8,137.1,2016.0,South Australia
-35.1,136.9,2024.0,South Australia
-35.81315,137.93174,2016.0,South Australia
-36.8152,140.40137,1992.0,South Australia
-35.1,137.6,2024.0,South Australia
-35.53434,138.39075,2016.0,South Australia
-35.9624,136.78219,2023.0,South Australia
-35.87746,137.99314,2020.0,South Australia
-35.90918,136.81042,2020.0,South Australia
-35.87746,137.99314,2020.0,South Australia
-35.7,137.6,2021.0,South Australia
-35.76231,136.86082,2022.0,South Australia
-32.43539,135.32482,2023.0,South Australia
-30.5742,132.84194,2009.0,South Australia
-32.4,138.0,2017.0,South Australia
-35.8,137.9,2021.0,South Australia
-35.85248,137.98752,2020.0,South Australia
-31.33794,138.63045,2019.0,South Australia
-35.87703,138.00339,2020.0,South Australia
-35.98329,136.99253,2022.0,South Australia
-35.8,137.7,2018.0,South Australia
-35.87138,137.98801,2020.0,South Australia
-35.1,137.0,2023.0,South Australia
-35.91751,136.79662,2025.0,South Australia
-31.34816,138.70317,2007.0,South Australia
-36.00621,136.73761,2020.0,South Australia
-31.4357,138.65013,2011.0,South Australia
-33.73932,140.60728,1992.0,South Australia
-31.48845,138.63377,2019.0,South Australia
-35.9,137.4,2016.0,South Australia
-30.62817,139.28099,2021.0,South Australia
-35.64759,137.37175,2018.0,South Australia
-32.15294,140.29065,2021.0,South Australia
-31.45883,138.64056,2010.0,South Australia
-35.75006,136.614,2024.0,South Australia
-35.91308,137.05588,2023.0,South Australia
-35.93314,136.61636,2020.0,South Australia
-31.39789,138.59701,2009.0,South Australia
-32.67733,135.64294,2022.0,South Australia
-35.87729,137.9981,2020.0,South Australia
-29.72242,131.08109,2011.0,South Australia
-35.74864,136.82685,2020.0,South Australia
-36.01538,136.73339,2025.0,South Australia
-33.63888,139.08233,2003.0,South Australia
-35.15581,136.91071,2014.0,South Australia
-35.8091,136.62859,2020.0,South Australia
-33.9,141.0,2026.0,South Australia
-32.8,134.2,2026.0,South Australia
-31.33205,138.6276,2007.0,South Australia
-35.8,137.0,2019.0,South Australia
-35.87671,137.97126,2020.0,South Australia
-32.7,134.1,2025.0,South Australia
-30.63087,139.25743,2020.0,South Australia
-30.30184,139.40057,2011.0,South Australia
-35.6,137.6,2017.0,South Australia
-35.93761,136.96135,2023.0,South Australia
-35.9,136.8,2015.0,South Australia
-31.30057,138.63594,2015.0,South Australia
-36.02675,136.78918,2025.0,South Australia
-35.8536,138.05939,2020.0,South Australia
-36.00621,136.73761,2021.0,South Australia
-31.33415,138.59295,2008.0,South Australia
-35.71685,137.50204,1990.0,South Australia
-35.2,137.2,2025.0,South Australia
-35.8,137.8,2016.0,South Australia
-31.93913,140.07646,2022.0,South Australia
-27.73026,138.23589,1975.0,South Australia
-35.75006,136.614,2024.0,South Australia
-30.18226,139.73217,2012.0,South Australia
-35.8631,140.28559,2019.0,South Australia
-30.03226,131.41706,2011.0,South Australia
-35.8,137.7,2024.0,South Australia
-35.84701,137.87047,2020.0,South Australia
-35.80672,138.06934,2016.0,South Australia
-36.0,136.8,2016.0,South Australia
-35.87671,137.97126,2020.0,South Australia
-35.8,137.3,2017.0,South Australia
-26.1869,136.59216,1996.0,South Australia
-35.2,137.0,2023.0,South Australia
-32.8,134.2,2016.0,South Australia
-35.76797,136.66418,2021.0,South Australia
-35.8091,136.62859,2020.0,South Australia
-31.31465,138.81146,2017.0,South Australia
-30.58079,139.11291,2016.0,South Australia
-35.8,138.0,2015.0,South Australia
-31.44576,138.64016,2007.0,South Australia
-30.16349,139.62094,2013.0,South Australia
-31.3424,138.82226,2023.0,South Australia
-35.79939,138.06736,2022.0,South Australia
-35.9,137.2,2024.0,South Australia
-33.9,135.3,2025.0,South Australia
-28.3667,140.4167,1983.0,South Australia
-34.8,138.5,2021.0,South Australia
-27.66614,140.40307,2019.0,South Australia
-35.3,138.5,2020.0,South Australia
-26.02288,135.53597,1992.0,South Australia
-31.27987,138.78087,2015.0,South Australia
-35.75006,136.614,2020.0,South Australia
-31.45813,138.63686,2011.0,South Australia
-36.00621,136.73761,2022.0,South Australia
-32.0,140.5,2017.0,South Australia
-31.26462,138.62397,2016.0,South Australia
-30.625,136.33453,2015.0,South Australia
-26.587126,139.147294,2018.0,South Australia
-35.6,137.6,2017.0,South Australia
-35.93761,136.96135,2024.0,South Australia
-32.66712,135.55277,2022.0,South Australia
-35.64759,137.37175,2018.0,South Australia
-29.9204,131.20579,2011.0,South Australia
-35.84701,137.87047,2020.0,South Australia
-31.98898,140.07293,2021.0,South Australia
-35.76607,137.93583,2020.0,South Australia
-31.18081,138.85181,2022.0,South Australia
-31.12293,138.83601,2020.0,South Australia
-31.33956,138.53229,2010.0,South Australia
-31.45955,138.64035,2012.0,South Australia
-35.83604,136.75497,2022.0,South Australia
-29.90264,131.24481,2007.0,South Australia
-35.2,137.2,2023.0,South Australia
-32.14232,140.30733,2023.0,South Australia
-34.4,138.3,2024.0,South Australia
-35.82334,137.94093,2020.0,South Australia
-35.91627,136.70219,2021.0,South Australia
-26.83847,140.6982,2008.0,South Australia
-31.42372,138.69047,2020.0,South Australia
-35.95114,136.73832,2006.0,South Australia
-31.96441,140.24526,2019.0,South Australia
-31.33728,138.61983,2007.0,South Australia
-31.46918,138.62621,2019.0,South Australia
-35.79898,136.95071,2024.0,South Australia
-27.66614,140.40307,2019.0,South Australia
-32.9,137.7,2025.0,South Australia
-27.11005,140.65668,2019.0,South Australia
-32.82,138.17,1995.0,South Australia
-35.76471,136.85309,2020.0,South Australia
-31.5,138.6,2023.0,South Australia
-35.78035,137.96013,2016.0,South Australia
-34.0,140.8,2024.0,South Australia
-35.7858,136.83735,2020.0,South Australia
-35.3,136.9,2023.0,South Australia
-31.30834,138.79906,2018.0,South Australia
-30.53106,140.9182,2015.0,South Australia
-35.9479,136.78122,2016.0,South Australia
-35.25915,136.92724,2014.0,South Australia
-36.01502,137.0122,2021.0,South Australia
-35.2,136.9,2023.0,South Australia
-35.98329,136.99253,2024.0,South Australia
-35.88862,136.56076,2022.0,South Australia
-28.57072,130.83759,2011.0,South Australia
-30.57388,129.37591,1984.0,South Australia
-31.32878,138.59185,2008.0,South Australia
-35.78665,137.19083,2005.0,South Australia
-30.94678,139.20753,1999.0,South Australia
-34.5,135.5,2024.0,South Australia
-35.8,137.2,2016.0,South Australia
-28.44708,138.57314,2013.0,South Australia
-35.9568,136.65922,1990.0,South Australia
-35.6,137.6,2016.0,South Australia
-35.85014,138.02012,2016.0,South Australia
-27.64953,140.37812,2019.0,South Australia
-35.8,137.0,2015.0,South Australia
-35.99452,137.31525,2007.0,South Australia
-28.86621,132.62295,2007.0,South Australia
-35.73662,136.86723,2020.0,South Australia
-35.3,138.5,2023.0,South Australia
-35.1,137.3,2025.0,South Australia
-33.7,136.9,2024.0,South Australia
-35.8,137.8,2021.0,South Australia
-35.77579,137.29008,2005.0,South Australia
-31.33676,138.64841,2010.0,South Australia
-35.93761,136.96135,2021.0,South Australia
-35.73421,136.86044,2018.0,South Australia
-35.85014,138.02012,2016.0,South Australia
-35.72179,136.97247,2019.0,South Australia
-34.92482,140.28662,1974.0,South Australia
-31.33916,138.60503,2008.0,South Australia
-31.44966,138.64061,2011.0,South Australia
-31.7,138.5,2023.0,South Australia
-34.8,138.8,2024.0,South Australia
-35.72,137.93,1996.0,South Australia
-35.64759,137.37175,2018.0,South Australia
-26.89382,136.05396,1999.0,South Australia
-32.55835,135.30147,2016.0,South Australia
-27.77999,140.64275,2019.0,South Australia
-35.64524,137.3734,2022.0,South Australia
-35.81315,137.93174,2016.0,South Australia
-32.4,138.0,2022.0,South Australia
-31.46837,138.623661,2019.0,South Australia
-31.41054,138.60753,2009.0,South Australia
-33.84023,136.12082,1968.0,South Australia
-35.6,137.6,2015.0,South Australia
-35.8,137.6,2015.0,South Australia
-35.90561,136.9006,2020.0,South Australia
-29.37507,130.02939,2005.0,South Australia
-31.44378,138.72864,2008.0,South Australia
-35.78035,137.96013,2016.0,South Australia
-35.93314,136.61636,2024.0,South Australia
-35.7,137.6,2015.0,South Australia
-31.33477,138.65908,2008.0,South Australia
-35.89422,138.00946,2020.0,South Australia
-35.87138,137.98801,2020.0,South Australia
-35.87138,137.98801,2020.0,South Australia
-32.00324,140.0755,2023.0,South Australia
-35.77506,137.89061,2020.0,South Australia
-29.90791,139.59759,1979.0,South Australia
-28.91633,132.84297,2003.0,South Australia
-30.046413,136.922067,2006.0,South Australia
-33.7,138.9,2020.0,South Australia
-32.58136,135.29405,2021.0,South Australia
-31.3213,138.61987,2010.0,South Australia
-35.8925,136.58121,2024.0,South Australia
-28.55767,130.58785,2007.0,South Australia
-35.76681,136.85978,2020.0,South Australia
-31.25665,138.61794,2019.0,South Australia
-35.74549,137.03606,2023.0,South Australia
-35.88889,136.82821,2025.0,South Australia
-33.25661,136.92552,2019.0,South Australia
-26.81549,134.93157,1992.0,South Australia
-34.9,138.6,2024.0,South Australia
-28.50761,129.14632,2007.0,South Australia
-35.94558,136.73293,2005.0,South Australia
-35.2449,136.89547,2025.0,South Australia
-33.9246,135.88071,2003.0,South Australia
-35.7,137.6,2024.0,South Australia
-35.88519,137.99083,2020.0,South Australia
-27.66614,140.40307,2019.0,South Australia
-32.01766,140.10333,2022.0,South Australia
-35.91308,137.05588,2024.0,South Australia
-27.55297,134.39863,1994.0,South Australia
-35.8,137.3,2021.0,South Australia
-32.17673,140.04821,2022.0,South Australia
-35.9,137.4,2016.0,South Australia
-32.82852,136.11229,2019.0,South Australia
-27.38791,139.96964,1983.0,South Australia
-27.36898,140.20284,2018.0,South Australia
-31.12293,138.83601,2022.0,South Australia
-35.85014,138.02012,2016.0,South Australia
-32.1462,140.02252,2021.0,South Australia
-26.94306,140.9164,2008.0,South Australia
-36.55637,139.98538,1999.0,South Australia
-35.79433,137.8572,2005.0,South Australia
-35.0388,137.21412,2022.0,South Australia
-27.6128,134.5997,1994.0,South Australia
-35.1,137.4,2025.0,South Australia
-33.1,136.4,2025.0,South Australia
-35.6,137.6,2015.0,South Australia
-29.85202,130.10361,2012.0,South Australia
-33.88012,138.26999,2006.0,South Australia
-35.73887,136.75624,2022.0,South Australia
-32.00192,140.19357,2023.0,South Australia
-31.92353,140.07315,2023.0,South Australia
-35.82585,136.6111,2021.0,South Australia
-34.53,136.28,,South Australia
-35.9,137.3,2019.0,South Australia
-35.2,137.2,2025.0,South Australia
-35.82486,138.02396,2016.0,South Australia
-35.7,137.5,2021.0,South Australia
-31.43419,138.63197,2010.0,South Australia
-35.2,137.2,2024.0,South Australia
-35.1,138.9,2021.0,South Australia
-36.2,140.7,2024.0,South Australia
-35.92419,136.71584,2005.0,South Australia
-35.6,139.0,2022.0,South Australia
-31.0924,138.79146,2022.0,South Australia
-32.14232,140.30733,2023.0,South Australia
-29.19634,130.22255,2011.0,South Australia
-35.1,137.1,2024.0,South Australia
-35.0,137.0,2023.0,South Australia
-35.87671,137.97126,2020.0,South Australia
-31.82945,140.58042,2022.0,South Australia
-33.7,139.0,2025.0,South Australia
-33.465906,138.443803,2022.0,South Australia
-31.48583,138.65224,2012.0,South Australia
-35.2,136.9,2023.0,South Australia
-35.8,137.7,2016.0,South Australia
-35.75885,136.65554,2021.0,South Australia
-35.1,137.4,2024.0,South Australia
-35.91264,136.59814,2024.0,South Australia
-31.97043,140.07294,2021.0,South Australia
-31.46132,138.64097,2011.0,South Australia
-32.11602,139.92868,2022.0,South Australia
-35.273697,136.891048,2024.0,South Australia
-35.7339,137.96067,2016.0,South Australia
-32.14232,140.30733,2023.0,South Australia
-31.34459,138.556879,2017.0,South Australia
-35.91939,136.61339,2024.0,South Australia
-35.83437,136.9183,2017.0,South Australia
-31.36909,139.7313,2012.0,South Australia
-31.48101,138.64952,2009.0,South Australia
-35.87671,137.97126,2020.0,South Australia
-30.95084,132.30706,2012.0,South Australia
-34.18664,136.28964,2011.0,South Australia
-35.9,136.8,2021.0,South Australia
-31.25797,138.66919,2020.0,South Australia
-35.1037,137.24928,2016.0,South Australia
-35.01155,138.65729,1978.0,South Australia
-35.87138,137.98801,2020.0,South Australia
-35.6,138.9,2024.0,South Australia
-31.31553,138.71753,2018.0,South Australia
-35.96719,137.17696,2005.0,South Australia
-35.75091,136.83052,2023.0,South Australia
-35.1,138.5,2015.0,South Australia
-31.46218,138.64307,2012.0,South Australia
-36.03799,136.75972,2025.0,South Australia
-35.72179,136.97247,2018.0,South Australia
-34.48373,138.7836,2013.0,South Australia
-35.6,137.6,2015.0,South Australia
-35.9,137.6,2016.0,South Australia
-35.89842,136.88985,2019.0,South Australia
-35.64524,137.3734,2022.0,South Australia
-35.93761,136.96135,2021.0,South Australia
-35.93314,136.61636,2022.0,South Australia
-35.7,138.0,2017.0,South Australia
-35.89076,138.00115,2020.0,South Australia
-31.33204,137.34016,2023.0,South Australia
-32.01766,140.10333,2023.0,South Australia
-35.7751,140.25524,2022.0,South Australia
-35.7858,136.83735,2022.0,South Australia
-35.76354,136.68895,2023.0,South Australia
-35.7,137.4,2017.0,South Australia
-31.36477,138.76404,2015.0,South Australia
-28.80784,132.44114,2009.0,South Australia
-32.16779,140.04031,2022.0,South Australia
-31.92353,140.07315,2023.0,South Australia
-35.1,137.3,2025.0,South Australia
-31.42277,138.71693,2018.0,South Australia
-32.50044,135.53513,2022.0,South Australia
-35.83686,137.72751,2016.0,South Australia
-31.7,138.5,2023.0,South Australia
-35.74946,138.04305,2020.0,South Australia
-35.8,137.8,2021.0,South Australia
-30.57771,139.02168,2022.0,South Australia
-35.83772,138.1144,2016.0,South Australia
-35.6,137.5,2023.0,South Australia
-30.79849,136.9485,2016.0,South Australia
-35.8,137.8,2019.0,South Australia
-35.8,137.6,2013.0,South Australia
-33.1,137.5,2025.0,South Australia
-35.95312,136.65932,2022.0,South Australia
-35.8091,136.62859,2022.0,South Australia
-32.09007,140.58154,2011.0,South Australia
-35.87671,137.97126,2020.0,South Australia
-31.432,138.61378,2010.0,South Australia
-31.31553,138.71747,2023.0,South Australia
-35.82585,136.6111,2021.0,South Australia
-37.3,139.8,2017.0,South Australia
-30.63853,139.41151,2022.0,South Australia
-34.91063,137.18024,2014.0,South Australia
-35.7,137.1,2020.0,South Australia
-31.30459,138.68547,2012.0,South Australia
-35.7862,136.84828,2020.0,South Australia
-35.81015,136.80637,2024.0,South Australia
-33.1,136.4,2024.0,South Australia
-31.95127,132.37659,2005.0,South Australia
-35.15581,136.91071,2016.0,South Australia
-35.87262,137.99556,2020.0,South Australia
-35.64759,137.37175,2018.0,South Australia
-26.191,138.0882,1998.0,South Australia
-32.17673,140.04821,2022.0,South Australia
-35.82135,137.88498,2020.0,South Australia
-32.02252,140.23427,2021.0,South Australia
-35.91308,137.05588,2024.0,South Australia
-35.90229,136.91071,2017.0,South Australia
-35.8,137.6,2019.0,South Australia
-32.20633,139.88752,2021.0,South Australia
-34.8,135.9,2025.0,South Australia
-26.15165,136.78102,1996.0,South Australia
-27.05519,137.57878,1998.0,South Australia
-31.37805,138.75491,2018.0,South Australia
-35.15005,137.33925,2016.0,South Australia
-35.19571,136.86395,2014.0,South Australia
-35.92531,136.9634,2021.0,South Australia
-34.67121,138.636542,2022.0,South Australia
-32.02848,139.95754,2021.0,South Australia
-35.64524,137.3734,2022.0,South Australia
-31.39112,138.60229,2009.0,South Australia
-30.44619,139.29817,2016.0,South Australia
-35.8091,136.62859,2021.0,South Australia
-26.01855,137.82043,1998.0,South Australia
-35.91308,137.05588,2024.0,South Australia
-31.48724,138.64986,2011.0,South Australia
-35.89319,138.05043,2020.0,South Australia
-30.53058,135.55579,2020.0,South Australia
-31.29738,138.58495,2019.0,South Australia
-31.30592,138.81767,2018.0,South Australia
-35.8,137.9,2015.0,South Australia
-35.11456,137.00582,2015.0,South Australia
-35.87986,137.97809,2020.0,South Australia
-35.78444,136.72437,2024.0,South Australia
-35.95312,136.65932,2022.0,South Australia
-35.0,139.3,2022.0,South Australia
-35.87729,137.9981,2020.0,South Australia
-35.75984,138.05561,2016.0,South Australia
-35.82242,136.87151,2017.0,South Australia
-31.43861,138.6412,2019.0,South Australia
-28.53162,131.48131,2007.0,South Australia
-29.39567,129.92031,2009.0,South Australia
-31.30971,138.63641,2017.0,South Australia
-35.2,137.0,2024.0,South Australia
-32.13803,140.01077,2021.0,South Australia
-35.81315,137.93174,2016.0,South Australia
-35.3789,140.5833,1991.0,South Australia
-35.8,137.7,2021.0,South Australia
-35.53442,139.34219,2014.0,South Australia
-35.82334,137.94093,2020.0,South Australia
-32.01381,140.20794,2020.0,South Australia
-35.6,137.5,2015.0,South Australia
-32.11402,139.340365,2025.0,South Australia
-35.8,137.6,2005.0,South Australia
-26.586859,139.147379,2018.0,South Australia
-31.3027,138.58569,2010.0,South Australia
-31.31553,138.71753,2016.0,South Australia
-29.50492,129.30344,2005.0,South Australia
-35.87671,137.97126,2020.0,South Australia
-35.70836,136.92258,2023.0,South Australia
-35.85776,136.58129,2022.0,South Australia
-27.75407,140.72012,2019.0,South Australia
-34.6,135.3,2020.0,South Australia
-34.91948,137.13684,2015.0,South Australia
-35.94397,136.66983,2017.0,South Australia
-29.41114,129.53504,2007.0,South Australia
-35.9,139.4,2025.0,South Australia
-35.9082,136.90717,2017.0,South Australia
-31.32175,138.6826,2019.0,South Australia
-29.54708,134.73842,2023.0,South Australia
-35.82334,137.94093,2020.0,South Australia
-31.42,138.67,1997.0,South Australia
-35.8,137.7,2021.0,South Australia
-30.56713,139.15176,2016.0,South Australia
-35.74764,136.86065,2020.0,South Australia
-35.85776,136.58129,2025.0,South Australia
-31.249,138.66629,2022.0,South Australia
-34.5,138.3,2024.0,South Australia
-35.6,137.6,2022.0,South Australia
-31.45791,138.64051,2011.0,South Australia
-35.0,137.1,2025.0,South Australia
-32.51992,140.65431,2023.0,South Australia
-28.1,140.2,2023.0,South Australia
-28.56428,130.78768,2011.0,South Australia
-32.15501,135.08083,2013.0,South Australia
-35.7,137.2,2015.0,South Australia
-35.83954,138.004,2020.0,South Australia
-31.2512,138.86706,2019.0,South Australia
-31.30971,138.63641,2023.0,South Australia
-35.8,137.1,2019.0,South Australia
-35.72179,136.97247,2019.0,South Australia
-31.45467,138.64026,2011.0,South Australia
-28.14534,136.02797,1996.0,South Australia
-31.48805,138.65163,2011.0,South Australia
-35.81315,137.93174,2016.0,South Australia
-29.5333,133.7167,1988.0,South Australia
-32.19341,139.88593,2022.0,South Australia
-33.0261,138.1019,1999.0,South Australia
-34.5,135.2,2020.0,South Australia
-31.8,138.4,2017.0,South Australia
-35.9432,136.86247,2021.0,South Australia
-35.2,139.6,2017.0,South Australia
-31.23338,138.65908,2012.0,South Australia
-31.7,138.5,2023.0,South Australia
-26.48587,134.04289,1999.0,South Australia
-35.7,137.7,2017.0,South Australia
-34.998303,138.638077,2021.0,South Australia
-31.18081,138.85181,2021.0,South Australia
-35.78035,137.96013,2016.0,South Australia
-29.57467,130.13854,2009.0,South Australia
-35.8,137.4,2021.0,South Australia
-35.89106,136.54992,2021.0,South Australia
-30.151,137.932,2024.0,South Australia
-35.83772,138.1144,2016.0,South Australia
-35.76681,136.85978,2020.0,South Australia
-35.75006,136.614,2024.0,South Australia
-31.43462,138.57354,2019.0,South Australia
-35.80464,137.0113,2025.0,South Australia
-35.91264,136.59814,2022.0,South Australia
-35.7,137.7,2017.0,South Australia
-31.32823,138.70418,2021.0,South Australia
-30.63065,139.20097,2022.0,South Australia
-35.83954,138.004,2020.0,South Australia
-35.96719,137.17696,2005.0,South Australia
-35.88745,136.9928,2025.0,South Australia
-32.0884,140.94136,1996.0,South Australia
-31.94242,140.14959,2022.0,South Australia
-35.9432,136.86247,2024.0,South Australia
-35.8,137.7,2023.0,South Australia
-28.5304,129.73839,2009.0,South Australia
-35.95312,136.65932,2024.0,South Australia
-35.17912,137.20996,2004.0,South Australia
-32.67158,135.50774,2023.0,South Australia
-35.9,137.6,2017.0,South Australia
-35.80515,137.91504,2020.0,South Australia
-35.6,137.5,2015.0,South Australia
-36.05058,136.70849,2025.0,South Australia
-32.67889,135.79029,2022.0,South Australia
-35.1,137.3,2024.0,South Australia
-31.94242,140.14959,2022.0,South Australia
-27.45951,140.07633,2018.0,South Australia
-35.8483,138.05283,2020.0,South Australia
-35.78035,137.96013,2016.0,South Australia
-33.1183,139.2867,1992.0,South Australia
-31.7,138.5,2023.0,South Australia
-35.8,137.3,2017.0,South Australia
-35.7,137.4,2022.0,South Australia
-36.0636,136.70481,2005.0,South Australia
-34.47992,137.35017,2015.0,South Australia
-33.4,136.2,2024.0,South Australia
-35.75885,136.65554,2022.0,South Australia
-31.50787,138.6446,2011.0,South Australia
-35.6,137.6,2019.0,South Australia
-35.7,137.5,2022.0,South Australia
-36.0,136.7,2015.0,South Australia
-35.0,138.8,2025.0,South Australia
-31.45785,138.63552,2011.0,South Australia
-35.91522,137.30518,2005.0,South Australia
-33.0467,135.7687,1979.0,South Australia
-29.9198,137.63956,1995.0,South Australia
-36.01502,137.0122,2022.0,South Australia
-27.01137,138.38422,2019.0,South Australia
-29.23086,137.03223,2006.0,South Australia
-33.68309,134.51839,2006.0,South Australia
-36.05058,136.70849,2022.0,South Australia
-32.15294,140.29065,2022.0,South Australia
-26.53394,132.93413,1998.0,South Australia
-35.7,137.1,2015.0,South Australia
-32.01766,140.10333,2022.0,South Australia
-35.73633,136.84738,2020.0,South Australia
-35.91939,136.61339,2024.0,South Australia
-35.72,137.93,1996.0,South Australia
-32.00192,140.19357,2022.0,South Australia
-32.59521,135.51535,2006.0,South Australia
-35.8,137.6,2017.0,South Australia
-35.1,137.2,2024.0,South Australia
-33.3,136.2,2025.0,South Australia
-35.8091,136.62859,2022.0,South Australia
-35.9,137.0,2015.0,South Australia
-26.495,130.4628,1994.0,South Australia
-35.6,137.5,2017.0,South Australia
-35.6,137.5,2016.0,South Australia
-35.9,137.4,2016.0,South Australia
-35.88207,137.99794,2020.0,South Australia
-35.6,137.6,2017.0,South Australia
-30.7333,139.35,1985.0,South Australia
-35.8,137.8,2015.0,South Australia
-31.11052,138.83013,2020.0,South Australia
-35.78499,136.72554,2020.0,South Australia
-35.17827,137.20959,2016.0,South Australia
-35.83772,138.1144,2016.0,South Australia
-32.11636,139.9174,2022.0,South Australia
-34.91948,137.13684,2016.0,South Australia
-29.24237,137.89637,2011.0,South Australia
-29.63011,137.91001,1982.0,South Australia
-35.8465,136.74844,2025.0,South Australia
-33.88105,138.29972,2004.0,South Australia
-36.04464,136.70985,2022.0,South Australia
-35.88931,138.00767,2020.0,South Australia
-30.56713,139.15176,2023.0,South Australia
-36.0,136.9,2004.0,South Australia
-37.2,139.9,2022.0,South Australia
-31.26462,138.62397,2021.0,South Australia
-35.87138,137.98801,2020.0,South Australia
-31.28848,138.79781,2015.0,South Australia
-27.45951,140.07633,2019.0,South Australia
-35.9,136.8,2016.0,South Australia
-29.72242,131.08109,2011.0,South Australia
-30.97787,137.22703,2022.0,South Australia
-31.41289,138.60827,2012.0,South Australia
-35.15581,136.91071,2016.0,South Australia
-35.89248,136.58142,2022.0,South Australia
-32.13803,140.01077,2022.0,South Australia
-35.6,137.6,2022.0,South Australia
-31.33548,138.60302,2011.0,South Australia
-35.1,137.4,2024.0,South Australia
-33.1,138.8,2019.0,South Australia
-34.9,138.7,2026.0,South Australia
-30.49622,132.50598,2011.0,South Australia
-34.91854,137.14937,2014.0,South Australia
-31.47612,138.64205,2011.0,South Australia
-35.74549,137.03606,2024.0,South Australia
-35.87671,137.97126,2020.0,South Australia
-34.28872,139.3305,2010.0,South Australia
-35.8,137.0,2015.0,South Australia
-35.82334,137.94093,2020.0,South Australia
-32.8,138.0,2024.0,South Australia
-31.32985,138.66985,2011.0,South Australia
-34.8,138.7,2024.0,South Australia
-29.8563,131.2435,2011.0,South Australia
-35.64759,137.37175,2018.0,South Australia
-26.74599,135.14069,1999.0,South Australia
-27.77999,140.64275,2019.0,South Australia
-31.3266,138.62907,2011.0,South Australia
-35.8,137.5,2016.0,South Australia
-35.7,137.5,2021.0,South Australia
-32.14232,140.30733,2021.0,South Australia
-35.9,137.0,2022.0,South Australia
-35.75885,136.65554,2021.0,South Australia
-35.78035,137.96013,2016.0,South Australia
-34.6,135.3,2020.0,South Australia
-35.7,137.6,2002.0,South Australia
-35.88889,136.82821,2025.0,South Australia
-31.36477,138.76404,2017.0,South Australia
-35.55735,138.17476,2016.0,South Australia
-29.94653,138.15756,2016.0,South Australia
-35.15581,136.91071,2014.0,South Australia
-26.75371,134.76714,2005.0,South Australia
-31.12781,138.56368,1999.0,South Australia
-30.18172,139.60188,2012.0,South Australia
-29.92536,130.06829,2012.0,South Australia
-35.88215,138.00317,2020.0,South Australia
-35.9,137.5,2022.0,South Australia
-35.85014,138.02012,2016.0,South Australia
-34.8,140.2,2016.0,South Australia
-30.72891,137.21108,2016.0,South Australia
-33.99901,138.0797,2004.0,South Australia
-35.1,137.1,2023.0,South Australia
-31.27987,138.78087,2016.0,South Australia
-28.98363,133.7169,2007.0,South Australia
-35.25786,136.89446,2014.0,South Australia
-35.7244,136.82363,2021.0,South Australia
-31.21269,138.64617,2022.0,South Australia
-34.6,138.8,2022.0,South Australia
-31.9513,140.23902,2021.0,South Australia
-35.4,140.8,2016.0,South Australia
-35.0,137.4,2024.0,South Australia
-35.7,139.8,2017.0,South Australia
-31.98898,140.07293,2020.0,South Australia
-32.3,133.9,2016.0,South Australia
-36.0,137.0,2016.0,South Australia
-30.4806,138.75077,2019.0,South Australia
-35.8,137.7,2016.0,South Australia
-35.2,137.2,2023.0,South Australia
-32.00528,140.17018,1996.0,South Australia
-26.07138,132.42058,1997.0,South Australia
-35.85776,136.58129,2023.0,South Australia
-35.7,137.5,2015.0,South Australia
-35.78727,137.93357,2020.0,South Australia
-35.2,137.1,2024.0,South Australia
-33.6,138.4,2020.0,South Australia
-26.46259,134.94583,1995.0,South Australia
-35.8,137.1,2016.0,South Australia
-35.85419,138.06884,2020.0,South Australia
-31.52023,138.63949,2012.0,South Australia
-35.6,137.6,2015.0,South Australia
-34.3,138.4,2018.0,South Australia
-35.8,137.8,2021.0,South Australia
-35.24838,139.146268,2023.0,South Australia
-34.6,135.7,2020.0,South Australia
-33.888757,141.001314,1993.0,South Australia
-28.52106,136.79076,2013.0,South Australia
-35.0,137.3,2023.0,South Australia
-32.416827,137.721114,2023.0,South Australia
-35.2,137.2,2023.0,South Australia
-35.88215,138.00317,2020.0,South Australia
-31.18791,140.81018,2012.0,South Australia
-32.8,134.3,2017.0,South Australia
-35.78457,137.97892,2020.0,South Australia
-32.3,138.3,2024.0,South Australia
-35.89106,136.54992,2023.0,South Australia
-35.72179,136.97247,2018.0,South Australia
-34.7,135.9,2024.0,South Australia
-35.8,137.3,2017.0,South Australia
-31.25797,138.66919,2022.0,South Australia
-35.94747,136.76866,2022.0,South Australia
-32.12865,140.00869,2019.0,South Australia
-31.52007,138.62617,2012.0,South Australia
-34.9,138.5,2022.0,South Australia
-36.00621,136.73761,2020.0,South Australia
-31.45747,138.59519,2019.0,South Australia
-32.59043,135.69724,2023.0,South Australia
-31.46203,138.64214,2012.0,South Australia
-35.78035,137.96013,2016.0,South Australia
-34.5,135.2,2020.0,South Australia
-36.01913,136.74753,2007.0,South Australia
-35.88519,137.99083,2020.0,South Australia
-35.0,139.3,2015.0,South Australia
-32.5,137.7,2024.0,South Australia
-31.42296,138.61502,2011.0,South Australia
-35.0,138.7,2025.0,South Australia
-35.83604,136.75497,2024.0,South Australia
-35.8,137.9,2017.0,South Australia
-34.9,137.3,2018.0,South Australia
-35.9,137.6,2023.0,South Australia
-35.93175,136.81385,2023.0,South Australia
-35.6,138.9,2024.0,South Australia
-35.99294,137.13391,2005.0,South Australia
-36.0,136.7,2015.0,South Australia
-35.92375,137.55144,2006.0,South Australia
-35.2,136.8,2024.0,South Australia
-31.45836,138.63717,2011.0,South Australia
-35.81315,137.93174,2016.0,South Australia
-35.80626,137.85919,2019.0,South Australia
-35.28197,136.92807,2014.0,South Australia
-35.7,137.7,2016.0,South Australia
-31.42372,138.69047,2017.0,South Australia
-35.9479,136.78122,2016.0,South Australia
-35.95312,136.65932,2022.0,South Australia
-31.12778,138.62336,2020.0,South Australia
-35.8,137.3,2024.0,South Australia
-31.94242,140.14959,2022.0,South Australia
-34.9,138.5,2022.0,South Australia
-35.64695,137.38142,2022.0,South Australia
-31.33808,138.62194,2009.0,South Australia
-35.9082,136.90717,2016.0,South Australia
-31.32296,138.68082,2007.0,South Australia
-31.55867,138.64103,2019.0,South Australia
-35.92392,136.79555,2007.0,South Australia
-35.89248,136.58142,2024.0,South Australia
-35.64759,137.37175,2018.0,South Australia
-35.8,137.0,2015.0,South Australia
-35.7,137.6,2021.0,South Australia
-35.9082,136.90717,2016.0,South Australia
-35.87671,137.97126,2020.0,South Australia
-30.38542,138.11379,2011.0,South Australia
-35.8,137.6,2023.0,South Australia
-35.9624,136.78219,2023.0,South Australia
-35.64524,137.3734,2022.0,South Australia
-35.75091,136.83052,2020.0,South Australia
-31.96045,139.90686,2022.0,South Australia
-28.50761,129.14632,2009.0,South Australia
-33.98661,136.0878,2003.0,South Australia
-35.75091,136.83052,2020.0,South Australia
-27.66614,140.40307,2019.0,South Australia
-27.11284,131.19544,1995.0,South Australia
-35.7,137.1,2022.0,South Australia
-26.34295,136.8155,1996.0,South Australia
-29.64719,137.73877,1995.0,South Australia
-35.8,137.2,2004.0,South Australia
-36.04464,136.70985,2021.0,South Australia
-35.8,137.8,2016.0,South Australia
-35.90571,136.90037,2018.0,South Australia
-35.74915,137.99935,2020.0,South Australia
-32.17673,140.04821,2021.0,South Australia
-35.64524,137.3734,2023.0,South Australia
-35.1,139.3,2019.0,South Australia
-31.33479,138.58721,2016.0,South Australia
-35.8,137.2,2021.0,South Australia
-35.83772,138.1144,2016.0,South Australia
-35.8,137.1,2016.0,South Australia
-35.89213,138.00592,2020.0,South Australia
-35.7,137.5,2023.0,South Australia
-35.87671,137.97126,2020.0,South Australia
-33.60908,138.98147,2022.0,South Australia
-31.33117,138.59346,2019.0,South Australia
-31.92278,140.13646,2022.0,South Australia
-35.8,137.3,2015.0,South Australia
-32.12865,140.00869,2022.0,South Australia
-29.89528,131.58944,2010.0,South Australia
-35.1,137.0,2023.0,South Australia
-35.6,137.5,2024.0,South Australia
-35.88889,136.82821,2020.0,South Australia
-31.45831,138.63828,2011.0,South Australia
-28.53794,130.13259,2007.0,South Australia
-37.9,140.5,2025.0,South Australia
-35.71266,136.85229,2020.0,South Australia
-34.2,140.7,2015.0,South Australia
-32.01766,140.10333,2021.0,South Australia
-34.7,138.7,2024.0,South Australia
-35.83772,138.1144,2016.0,South Australia
-30.0,137.9,2025.0,South Australia
-35.97329,136.83945,2007.0,South Australia
-35.85014,138.02012,2016.0,South Australia
-32.2,138.1,2025.0,South Australia
-33.1,134.4,2024.0,South Australia
-35.7,137.7,2020.0,South Australia
-35.1,137.2,2024.0,South Australia
-35.87713,137.98178,2020.0,South Australia
-26.05015,135.51529,2011.0,South Australia
-35.78035,137.96013,2016.0,South Australia
-35.79917,136.80603,2021.0,South Australia
-35.75957,136.96144,2006.0,South Australia
-35.8,137.7,2017.0,South Australia
-31.37916,138.60927,2007.0,South Australia
-32.148,139.98404,2021.0,South Australia
-35.8091,136.62859,2024.0,South Australia
-32.44436,135.32642,2016.0,South Australia
-31.58002,132.86655,1995.0,South Australia
-32.5807,135.72118,2017.0,South Australia
-35.84701,137.87047,2020.0,South Australia
-35.64524,137.3734,2022.0,South Australia
-35.6,137.5,2017.0,South Australia
-31.46918,138.62621,2019.0,South Australia
-32.8,134.2,2024.0,South Australia
-28.21071,131.35009,2007.0,South Australia
-35.2,137.2,2024.0,South Australia
-34.89153,135.8549,2001.0,South Australia
-28.50081,129.04776,2007.0,South Australia
-27.10905,140.15347,2018.0,South Australia
-32.12947,134.66336,1987.0,South Australia
-33.1,136.4,2024.0,South Australia
-35.93544,137.262,2024.0,South Australia
-35.2,137.2,2024.0,South Australia
-35.829839,137.446732,2021.0,South Australia
-31.31553,138.71753,2018.0,South Australia
-35.2,137.3,2024.0,South Australia
-33.1,136.4,2025.0,South Australia
-35.9,137.6,2016.0,South Australia
-35.7,137.4,2024.0,South Australia
-30.45591,139.28145,2016.0,South Australia
-30.51296,138.87574,2019.0,South Australia
-35.0,137.1,2024.0,South Australia
-30.8,136.9,2015.0,South Australia
-35.80464,137.0113,2022.0,South Australia
-35.8,137.6,2003.0,South Australia
-35.6,138.9,2025.0,South Australia
-31.35724,138.7855,2021.0,South Australia
-31.47456,138.64253,2009.0,South Australia
-33.7,138.7,2017.0,South Australia
-35.6,138.9,2025.0,South Australia
-35.88638,136.94389,2025.0,South Australia
-31.92353,140.07315,2022.0,South Australia
-35.8,137.9,2021.0,South Australia
-35.9082,136.90717,2016.0,South Australia
-35.64524,137.3734,2021.0,South Australia
-29.65341,135.768,1995.0,South Australia
-29.06895,136.70985,2013.0,South Australia
-35.83772,138.1144,2016.0,South Australia
-30.06928,131.44536,2011.0,South Australia
-32.1128,140.30289,2019.0,South Australia
-35.79896,138.0667,1990.0,South Australia
-35.85014,138.02012,2016.0,South Australia
-31.46918,138.62621,2019.0,South Australia
-27.20463,134.99445,1999.0,South Australia
-30.42975,138.38373,2021.0,South Australia
-35.79056,136.82612,2022.0,South Australia
-35.92531,136.9634,2022.0,South Australia
-28.51601,131.71299,2007.0,South Australia
-35.8,137.3,2016.0,South Australia
-34.8,140.2,2016.0,South Australia
-31.6,138.6,2023.0,South Australia
-35.7,137.6,2015.0,South Australia
-35.7858,136.83735,2025.0,South Australia
-35.92531,136.9634,2021.0,South Australia
-35.72179,136.97247,2019.0,South Australia
-35.81315,137.93174,2016.0,South Australia
-31.30834,138.79906,2019.0,South Australia
-35.88745,136.9928,2023.0,South Australia
-28.99579,130.3608,2011.0,South Australia
-35.75006,136.614,2024.0,South Australia
-31.8,138.5,2025.0,South Australia
-35.8,138.1,2021.0,South Australia
-35.8,137.7,2017.0,South Australia
-35.70698,136.89536,2025.0,South Australia
-31.32056,138.708,2016.0,South Australia
-35.6,137.5,2023.0,South Australia
-31.16479,138.84889,2020.0,South Australia
-35.8,137.4,2017.0,South Australia
-35.87671,137.97126,2020.0,South Australia
-31.93913,140.07646,2023.0,South Australia
-35.6,138.9,2022.0,South Australia
-35.7,137.7,2016.0,South Australia
-31.51,138.644,2012.0,South Australia
-35.87262,137.99556,2020.0,South Australia
-35.8,137.5,2020.0,South Australia
-35.8,137.0,2015.0,South Australia
-31.94242,140.14959,2022.0,South Australia
-35.74549,137.03606,2025.0,South Australia
-28.55715,130.43765,2011.0,South Australia
-35.73662,136.86723,2020.0,South Australia
-36.00621,136.73761,2020.0,South Australia
-31.44881,138.6384,2011.0,South Australia
-34.95323,138.50474,2006.0,South Australia
-32.01894,140.05876,2023.0,South Australia
-35.6,137.5,2025.0,South Australia
-35.2,136.8,2023.0,South Australia
-32.8,134.2,2016.0,South Australia
-35.85061,136.84678,2018.0,South Australia
-35.80174,137.95867,2020.0,South Australia
-29.43325,130.77711,2007.0,South Australia
-35.6,137.6,2004.0,South Australia
-35.7,137.6,2020.0,South Australia
-35.15581,136.91071,2014.0,South Australia
-30.54281,132.74329,2007.0,South Australia
-35.98101,137.12443,1990.0,South Australia
-35.64759,137.37175,2018.0,South Australia
-32.7,138.6,2017.0,South Australia
-37.2,140.2,2016.0,South Australia
-35.2,136.9,2023.0,South Australia
-36.0324,136.72001,2021.0,South Australia
-34.6,137.6,2019.0,South Australia
-35.80426,137.93421,2019.0,South Australia
-31.249,138.66629,2015.0,South Australia
-35.7,137.6,2016.0,South Australia
-33.1,136.4,2024.0,South Australia
-36.02675,136.78918,2023.0,South Australia
-35.85248,137.98752,2020.0,South Australia
-31.2,136.4,2024.0,South Australia
-35.2,137.1,2023.0,South Australia
-30.71068,139.44586,2021.0,South Australia
-29.77932,131.11333,2007.0,South Australia
-34.1833,138.15,1957.0,South Australia
-35.2,137.1,2023.0,South Australia
-35.78035,137.96013,2016.0,South Australia
-35.8,137.3,2021.0,South Australia
-35.75006,136.614,2020.0,South Australia
-28.82549,138.4673,2006.0,South Australia
-30.57068,139.17858,2022.0,South Australia
-31.42277,138.71693,2016.0,South Australia
-27.10905,140.15347,2019.0,South Australia
-35.2,136.9,2023.0,South Australia
-32.9,134.4,2016.0,South Australia
-35.2,137.0,2024.0,South Australia
-35.93314,136.61636,2022.0,South Australia
-35.93314,136.61636,2022.0,South Australia
-35.83772,138.1144,2016.0,South Australia
-35.8,137.5,2020.0,South Australia
-26.62639,139.09053,1993.0,South Australia
-35.64695,137.38142,2022.0,South Australia
-37.2,139.8,2023.0,South Australia
-36.0,137.0,2017.0,South Australia
-35.7,137.6,2004.0,South Australia
-31.42372,138.69047,2018.0,South Australia
-36.0,137.2,2015.0,South Australia
-31.97043,140.07294,2023.0,South Australia
-27.66614,140.40307,2018.0,South Australia
-35.88889,136.82821,2025.0,South Australia
-35.8091,136.62859,2020.0,South Australia
-29.92431,137.63968,1995.0,South Australia
-35.93761,136.96135,2023.0,South Australia
-35.725458,136.989873,2025.0,South Australia
-30.5,137.2,2025.0,South Australia
-35.90447,136.90941,2018.0,South Australia
-35.91622,136.91022,2018.0,South Australia
-31.41725,138.70356,2008.0,South Australia
-35.7,137.5,2017.0,South Australia
-35.88889,136.82821,2025.0,South Australia
-35.8,137.8,2016.0,South Australia
-31.27576,138.67841,2020.0,South Australia
-35.81315,137.93174,2016.0,South Australia
-31.56876,130.38524,1984.0,South Australia
-34.1,140.8,2024.0,South Australia
-35.0,139.2,2019.0,South Australia
-31.42277,138.71693,2018.0,South Australia
-35.7,137.7,2023.0,South Australia
-34.32015,139.502,1988.0,South Australia
-35.87452,138.02821,2020.0,South Australia
-36.05781,136.70153,2005.0,South Australia
-30.56249,139.17428,2017.0,South Australia
-35.93761,136.96135,2023.0,South Australia
-35.6,137.5,2025.0,South Australia
-35.95332,136.6311,2005.0,South Australia
-31.33204,137.34016,2019.0,South Australia
-35.06467,136.97661,2015.0,South Australia
-31.52479,138.6329,2011.0,South Australia
-36.0,136.9,2016.0,South Australia
-35.8,137.7,2018.0,South Australia
-35.76681,136.85978,2020.0,South Australia
-34.65015,138.44695,2014.0,South Australia
-35.86733,137.98694,2020.0,South Australia
-31.42575,138.5771,2019.0,South Australia
-35.2,137.2,2024.0,South Australia
-35.7,137.5,2015.0,South Australia
-35.73421,136.86044,2018.0,South Australia
-33.0,133.0,,South Australia
-28.92895,135.97168,2013.0,South Australia
-29.1227,136.29853,1995.0,South Australia
-34.55509,139.24174,2011.0,South Australia
-31.14556,138.84542,2021.0,South Australia
-35.7,137.6,2017.0,South Australia
-31.29085,138.63354,2015.0,South Australia
-35.98401,136.85464,2023.0,South Australia
-29.45687,130.8108,2009.0,South Australia
-36.3193,140.86935,1995.0,South Australia
-35.2,137.2,2024.0,South Australia
-30.95241,137.04084,2024.0,South Australia
-35.64759,137.37175,2019.0,South Australia
-35.0,137.3,2023.0,South Australia
-34.63815,140.51853,1991.0,South Australia
-35.99992,137.06265,2020.0,South Australia
-26.732023,139.56042,2019.0,South Australia
-31.28512,138.63559,2009.0,South Australia
-35.83772,138.1144,2016.0,South Australia
-32.17673,140.04821,2022.0,South Australia
-35.8465,136.74844,2024.0,South Australia
-28.8408,138.3201,2013.0,South Australia
-35.7339,137.96067,2016.0,South Australia
-27.98379,136.39158,2005.0,South Australia
-35.93314,136.61636,2020.0,South Australia
-35.87671,137.97126,2020.0,South Australia
-35.7,137.4,2016.0,South Australia
-31.34594,138.55612,2009.0,South Australia
-35.73319,136.96783,2019.0,South Australia
-35.25902,136.9602,2016.0,South Australia
-31.9513,140.23902,2022.0,South Australia
-31.89132,140.10697,2023.0,South Australia
-29.5347,134.63518,2023.0,South Australia
-31.32741,138.62961,2021.0,South Australia
-30.4,138.4,2018.0,South Australia
-32.11602,139.92868,2022.0,South Australia
-35.82393,137.90521,2019.0,South Australia
-36.02675,136.78918,2023.0,South Australia
-29.63993,140.6324,2015.0,South Australia
-26.586859,139.147379,2018.0,South Australia
-35.8,137.6,2024.0,South Australia
-31.47114,138.64336,2011.0,South Australia
-35.2,137.0,2023.0,South Australia
-35.8091,136.62859,2021.0,South Australia
-31.249,138.66629,2022.0,South Australia
-36.01497,136.73361,2024.0,South Australia
-32.3583,140.0967,1996.0,South Australia
-30.32206,131.59973,2011.0,South Australia
-35.94747,136.76866,2024.0,South Australia
-28.95999,130.4027,2011.0,South Australia
-35.88749,137.9969,2020.0,South Australia
-35.8091,136.62859,2020.0,South Australia
-35.9,137.6,2019.0,South Australia
-31.40913,138.60467,2009.0,South Australia
-35.72179,136.97247,2019.0,South Australia
-36.05058,136.70849,2021.0,South Australia
-33.83992,139.02754,2003.0,South Australia
-35.21507,137.04415,2016.0,South Australia
-31.5,138.6,2023.0,South Australia
-35.7,137.4,2022.0,South Australia
-30.57164,139.1326,2023.0,South Australia
-36.0,137.2,2021.0,South Australia
-35.74227,136.94082,2005.0,South Australia
-35.87262,137.99556,2020.0,South Australia
-34.61089,139.49929,1981.0,South Australia
-34.8,140.2,2016.0,South Australia
-34.8,135.8,2018.0,South Australia
-31.37907,138.61134,2007.0,South Australia
-32.02855,140.11382,2022.0,South Australia
-28.5578,130.38762,2011.0,South Australia
-35.70836,136.92258,2025.0,South Australia
-35.7,137.6,2016.0,South Australia
-30.30184,139.40057,2011.0,South Australia
-34.8,138.7,2025.0,South Australia
-35.78727,137.93357,2020.0,South Australia
-35.64759,137.37175,2019.0,South Australia
-33.67455,139.10476,2001.0,South Australia
-35.87262,137.99556,2020.0,South Australia
-32.00192,140.19357,2023.0,South Australia
-31.44576,138.64016,2007.0,South Australia
-34.91063,137.18024,2014.0,South Australia
-31.48751,138.64875,2011.0,South Australia
-35.8,137.1,2015.0,South Australia
-38.047844,140.944533,2025.0,South Australia
-30.50135,132.15462,2009.0,South Australia
-28.81486,136.45213,2006.0,South Australia
-31.30592,138.81767,2016.0,South Australia
-35.4,140.3,2017.0,South Australia
-37.69901,140.78813,2012.0,South Australia
-34.53,136.28,1988.0,South Australia
-28.5304,129.73839,2007.0,South Australia
-31.28491,138.68186,2017.0,South Australia
-26.52469,138.20754,1998.0,South Australia
-29.32888,129.53692,2007.0,South Australia
-35.8,137.4,2016.0,South Australia
-31.32056,138.708,2015.0,South Australia
-35.0,137.4,2024.0,South Australia
-35.86792,137.95358,1990.0,South Australia
-27.86126,138.1752,2000.0,South Australia
-35.76681,136.85978,2020.0,South Australia
-35.83686,137.72751,2016.0,South Australia
-32.16779,140.04031,2022.0,South Australia
-34.7,135.7,2015.0,South Australia
-35.7862,136.84828,2023.0,South Australia
-35.2,136.9,2023.0,South Australia
-31.43076,138.62579,2019.0,South Australia
-35.77052,140.03743,1991.0,South Australia
-32.12865,140.00869,2022.0,South Australia
-34.6,138.7,2025.0,South Australia
-35.7,136.8,2019.0,South Australia
-28.41575,136.44648,1996.0,South Australia
-35.83772,138.1144,2016.0,South Australia
-35.25915,136.92724,2014.0,South Australia
-30.40261,138.3824,2021.0,South Australia
-30.73952,137.3152,2016.0,South Australia
-35.2,138.5,2026.0,South Australia
-36.0,137.0,2017.0,South Australia
-35.87729,137.9981,2020.0,South Australia
-35.89106,136.54992,2022.0,South Australia
-35.6,137.6,2016.0,South Australia
-35.7,137.6,2015.0,South Australia
-38.04021,140.95971,1969.0,South Australia
-35.87865,136.72359,2025.0,South Australia
-35.83772,138.1144,2016.0,South Australia
-26.69519,135.56442,1995.0,South Australia
-35.85156,136.75995,2024.0,South Australia
-35.7,137.6,2017.0,South Australia
-32.17673,140.04821,2022.0,South Australia
-35.21507,137.04415,2015.0,South Australia
-35.86717,137.98189,2020.0,South Australia
-34.99573,137.25095,2015.0,South Australia
-35.8,137.0,2016.0,South Australia
-36.00621,136.73761,2021.0,South Australia
-35.58165,138.98879,2002.0,South Australia
-35.7,137.5,2016.0,South Australia
-35.53434,138.39075,2016.0,South Australia
-34.5,135.2,2019.0,South Australia
-35.87671,137.97126,2020.0,South Australia
-35.74946,138.04305,2020.0,South Australia
-34.9,137.0,2018.0,South Australia
-35.8,137.3,2016.0,South Australia
-35.85484,137.9763,2020.0,South Australia
-35.99992,137.06265,2020.0,South Australia
-35.7,137.6,2017.0,South Australia
-34.6,135.7,2020.0,South Australia
-34.3,140.6,2024.0,South Australia
-35.2,137.0,2023.0,South Australia
-32.01894,140.05876,2023.0,South Australia
-31.55867,138.64103,2019.0,South Australia
-35.18717,136.9602,2022.0,South Australia
-30.23214,139.62751,1996.0,South Australia
-35.7,137.6,2017.0,South Australia
-35.98944,136.81757,2020.0,South Australia
-35.2,136.9,2023.0,South Australia
-35.87729,137.9981,2020.0,South Australia
-34.6,135.4,2020.0,South Australia
-32.5,137.8,2017.0,South Australia
-26.27555,134.9198,2005.0,South Australia
-35.2,137.0,2023.0,South Australia
-35.09226,137.05577,2014.0,South Australia
-35.82393,137.90521,2019.0,South Australia
-34.3,135.7,2024.0,South Australia
-32.00324,140.0755,2022.0,South Australia
-35.15581,136.91071,2014.0,South Australia
-35.89106,136.54992,2021.0,South Australia
-30.43988,139.24189,2023.0,South Australia
-36.0,136.7,2015.0,South Australia
-35.93314,136.61636,2021.0,South Australia
-31.90665,140.31037,2022.0,South Australia
-35.8,137.6,2015.0,South Australia
-31.33484,138.60528,2019.0,South Australia
-31.97043,140.07294,2019.0,South Australia
-37.583,140.21952,1997.0,South Australia
-35.7,137.6,2021.0,South Australia
-32.16531,135.73148,2022.0,South Australia
-34.8,135.7,2016.0,South Australia
-31.49207,129.16607,2012.0,South Australia
-36.01497,136.73361,2024.0,South Australia
-35.6,138.9,2023.0,South Australia
-28.55071,130.32928,2007.0,South Australia
-35.87439,138.00016,2020.0,South Australia
-35.9,137.6,2023.0,South Australia
-35.73619,137.08465,2005.0,South Australia
-35.77871,137.21827,2022.0,South Australia
-35.91622,136.91022,2018.0,South Australia
-32.17293,135.80111,2022.0,South Australia
-35.1,137.3,2025.0,South Australia
-35.94747,136.76866,2024.0,South Australia
-35.91264,136.59814,2025.0,South Australia
-35.77924,136.89204,2023.0,South Australia
-34.53129,137.88508,2012.0,South Australia
-35.4,140.1,2016.0,South Australia
-32.17673,140.04821,2022.0,South Australia
-35.84223,140.95977,2022.0,South Australia
-36.01502,137.0122,2021.0,South Australia
-28.17965,135.81327,2006.0,South Australia
-35.53434,138.39075,2016.0,South Australia
-35.8,137.7,2016.0,South Australia
-35.74839,136.86311,2018.0,South Australia
-35.84244,137.80997,2019.0,South Australia
-33.8,138.8,2023.0,South Australia
-31.31465,138.81146,2017.0,South Australia
-34.9,138.7,2025.0,South Australia
-34.64675,139.47949,2024.0,South Australia
-29.88592,131.28278,2007.0,South Australia
-31.92353,140.07315,2022.0,South Australia
-35.05366,137.03651,2015.0,South Australia
-30.46299,139.27401,2020.0,South Australia
-35.84049,137.91958,2020.0,South Australia
-27.0301,134.55999,2003.0,South Australia
-31.25665,138.61794,2019.0,South Australia
-35.21507,137.04415,2015.0,South Australia
-34.9,138.5,2025.0,South Australia
-35.87729,137.9981,2020.0,South Australia
-35.81015,136.80637,2020.0,South Australia
-35.75885,136.65554,2021.0,South Australia
-30.54558,139.37279,2023.0,South Australia
-35.1,137.1,2024.0,South Australia
-35.74555,136.87168,2020.0,South Australia
-36.00621,136.73761,2021.0,South Australia
-35.6,138.9,2025.0,South Australia
-35.25902,136.9602,2016.0,South Australia
-31.51509,138.63566,2007.0,South Australia
-35.82849,136.86601,2024.0,South Australia
-31.47456,138.64253,2009.0,South Australia
-35.7,137.6,2004.0,South Australia
-36.0,136.7,2015.0,South Australia
-33.1,136.4,2024.0,South Australia
-30.4182,139.22798,2016.0,South Australia
-35.9,137.4,2015.0,South Australia
-34.8,135.8,2023.0,South Australia
-35.9082,136.90717,2017.0,South Australia
-31.46237,138.6435,2011.0,South Australia
-30.2382,139.17837,2021.0,South Australia
-31.30592,138.81767,2017.0,South Australia
-31.45173,138.64047,2011.0,South Australia
-34.1,140.8,2024.0,South Australia
-35.2,136.8,2024.0,South Australia
-31.27987,138.78087,2015.0,South Australia
-35.8,137.8,2018.0,South Australia
-34.6,135.9,2022.0,South Australia
-35.83772,138.1144,2016.0,South Australia
-35.9,137.3,2016.0,South Australia
-34.0,140.9,2024.0,South Australia
-32.56119,135.29099,2018.0,South Australia
-27.40809,138.13016,2006.0,South Australia
-31.23338,138.65908,2012.0,South Australia
-35.76786,136.97463,2006.0,South Australia
-35.90655,136.89883,2018.0,South Australia
-35.88638,136.94389,2020.0,South Australia
-35.8868,137.99411,2020.0,South Australia
-34.64677,139.4795,2024.0,South Australia
-35.7,137.1,2022.0,South Australia
-29.87249,132.21252,2007.0,South Australia
-35.0,137.1,2024.0,South Australia
-31.2,136.7,2024.0,South Australia
-35.88431,137.98432,2020.0,South Australia
-35.79898,136.95071,2023.0,South Australia
-32.5,137.7,2022.0,South Australia
-35.8,137.5,2020.0,South Australia
-35.85248,137.98752,2020.0,South Australia
-33.3,136.2,2024.0,South Australia
-31.9,133.4,2024.0,South Australia
-35.75885,136.65554,2021.0,South Australia
-33.9,138.7,2023.0,South Australia
-31.53467,138.62932,2009.0,South Australia
-31.32175,138.6826,2019.0,South Australia
-35.8,136.8,2015.0,South Australia
-35.8,137.9,2015.0,South Australia
-35.85014,138.02012,2016.0,South Australia
-31.27987,138.78087,2022.0,South Australia
-31.33186,138.63004,2007.0,South Australia
-31.25,138.92,1997.0,South Australia
-31.94242,140.14959,2022.0,South Australia
-36.99854,140.15138,1984.0,South Australia
-35.8,137.7,2016.0,South Australia
-35.76227,136.86087,2020.0,South Australia
-31.37796,138.77268,2015.0,South Australia
-35.87671,137.97126,2020.0,South Australia
-35.74512,138.03672,2020.0,South Australia
-36.0,136.8,2019.0,South Australia
-36.0,137.2,2017.0,South Australia
-29.75776,135.55111,2012.0,South Australia
-35.87986,137.97809,2020.0,South Australia
-35.7,137.6,2015.0,South Australia
-34.8,138.6,2016.0,South Australia
-26.530751,139.194154,2018.0,South Australia
-28.60084,132.15473,2007.0,South Australia
-35.8,137.8,2021.0,South Australia
-32.148,139.98404,2021.0,South Australia
-31.37805,138.75491,2015.0,South Australia
-35.85343,138.06361,2020.0,South Australia
-35.09226,137.05577,2014.0,South Australia
-32.17673,140.04821,2021.0,South Australia
-27.59377,132.88708,1996.0,South Australia
-35.74946,138.04305,2019.0,South Australia
-35.8,137.8,2016.0,South Australia
-26.83653,136.06873,1999.0,South Australia
-35.6,137.5,2020.0,South Australia
-36.0,136.8,2016.0,South Australia
-37.3,139.8,2024.0,South Australia
-31.98898,140.07293,2021.0,South Australia
-31.29477,138.68145,2010.0,South Australia
-31.3622,138.62126,2019.0,South Australia
-31.9554,139.8217,2017.0,South Australia
-34.9,138.6,2025.0,South Australia
-31.89739,140.30736,2022.0,South Australia
-35.8,137.3,2016.0,South Australia
-35.81762,136.8792,2022.0,South Australia
-35.85014,138.02012,2016.0,South Australia
-31.41785,138.70157,2012.0,South Australia
-35.8091,136.62859,2021.0,South Australia
-33.1183,139.2867,1992.0,South Australia
-34.3,140.6,2015.0,South Australia
-28.96226,132.07497,2007.0,South Australia
-35.87729,137.9981,2020.0,South Australia
-33.183333,138.3,2018.0,South Australia
-35.2,137.1,2023.0,South Australia
-33.955955,140.876442,2025.0,South Australia
-35.7,137.4,2021.0,South Australia
-35.7,137.4,2015.0,South Australia
-31.3322,138.59006,2007.0,South Australia
-35.78536,136.84141,2018.0,South Australia
-32.5,139.7,2024.0,South Australia
-32.17673,140.04821,2022.0,South Australia
-35.93314,136.61636,2020.0,South Australia
-35.10679,137.03931,2014.0,South Australia
-35.8091,136.62859,2021.0,South Australia
-35.95312,136.65932,2023.0,South Australia
-35.6,137.6,2021.0,South Australia
-35.78536,136.84141,2018.0,South Australia
-35.8,137.8,2018.0,South Australia
-35.2,137.0,2024.0,South Australia
-28.85191,138.21061,2013.0,South Australia
-34.6,135.7,2020.0,South Australia
-35.6,138.9,2024.0,South Australia
-37.844788,140.765763,2023.0,South Australia
-35.93761,136.93793,2005.0,South Australia
-31.41236,138.60853,2009.0,South Australia
-26.05899,132.44087,1997.0,South Australia
-36.01497,136.73361,2023.0,South Australia
-35.7675,136.85542,2020.0,South Australia
-35.6,137.6,2022.0,South Australia
-27.70963,139.9932,2014.0,South Australia
-31.6,138.4,2022.0,South Australia
-31.95932,140.21708,2022.0,South Australia
-35.64695,137.38142,2022.0,South Australia
-31.3,138.6,2023.0,South Australia
-35.90655,136.89883,2018.0,South Australia
-35.8,137.3,2016.0,South Australia
-31.42277,138.71693,2022.0,South Australia
-34.4,139.6,2020.0,South Australia
-35.85746,137.98196,2020.0,South Australia
-30.8481,137.4731,2002.0,South Australia
-34.919275,138.579175,2024.0,South Australia
-35.80174,137.95867,2020.0,South Australia
-35.81315,137.93174,2016.0,South Australia
-34.9,138.7,2024.0,South Australia
-35.9432,136.86247,2023.0,South Australia
-35.9,137.1,2021.0,South Australia
-36.0,136.9,2015.0,South Australia
-31.33435,138.59026,2008.0,South Australia
-33.7,140.2,2025.0,South Australia
-35.7,137.5,2021.0,South Australia
-35.8,137.8,2020.0,South Australia
-27.0421,137.52687,1998.0,South Australia
-30.13275,139.61955,2011.0,South Australia
-35.64524,137.3734,2023.0,South Australia
-32.14232,140.30733,2021.0,South Australia
-35.76471,136.85309,2020.0,South Australia
-35.87651,136.86716,2021.0,South Australia
-35.94747,136.76866,2025.0,South Australia
-35.8,137.3,2017.0,South Australia
-34.8,138.6,2024.0,South Australia
-28.36115,138.63535,2007.0,South Australia
-32.17673,140.04821,2022.0,South Australia
-35.87262,137.99556,2020.0,South Australia
-32.9,134.2,2017.0,South Australia
-32.00192,140.19357,2023.0,South Australia
-32.50044,135.53513,2022.0,South Australia
-35.8,137.2,2015.0,South Australia
-35.76354,136.68895,2023.0,South Australia
-31.47485,138.54997,2019.0,South Australia
-36.0,136.9,2015.0,South Australia
-27.42218,133.23497,1996.0,South Australia
-35.79219,136.71382,2023.0,South Australia
-32.02424,140.42206,2023.0,South Australia
-31.33725,138.58531,2009.0,South Australia
-35.2,136.9,2025.0,South Australia
-36.01502,137.0122,2021.0,South Australia
-35.73662,136.86723,2020.0,South Australia
-29.71248,135.59495,2011.0,South Australia
-31.34566,138.80836,2022.0,South Australia
-30.53058,135.55579,2020.0,South Australia
-32.58567,135.28307,2021.0,South Australia
-31.32741,138.62961,2016.0,South Australia
-30.5,137.2,2025.0,South Australia
-32.15064,140.26781,2023.0,South Australia
-31.70701,133.45398,1995.0,South Australia
-35.0,138.63,1995.0,South Australia
-35.1,137.0,2023.0,South Australia
-35.1,137.1,2023.0,South Australia
-36.0,136.7,2015.0,South Australia
-35.5,138.9,2016.0,South Australia
-35.62163,138.31515,2017.0,South Australia
-35.77569,136.70627,2024.0,South Australia
-35.27215,138.69026,1969.0,South Australia
-35.83772,138.1144,2016.0,South Australia
-31.24341,138.65478,2011.0,South Australia
-32.12865,140.00869,2021.0,South Australia
-35.7339,137.96067,2016.0,South Australia
-35.59987,137.53737,2022.0,South Australia
-34.84854,138.79302,1976.0,South Australia
-35.81298,136.6226,2020.0,South Australia
-30.2,137.0,2022.0,South Australia
-35.13984,139.628,2009.0,South Australia
-32.0366,140.11358,2022.0,South Australia
-31.49893,138.64525,2012.0,South Australia
-35.64695,137.38142,2023.0,South Australia
-31.32823,138.70418,2021.0,South Australia
-31.26648,138.67525,2020.0,South Australia
-31.93712,140.13697,2023.0,South Australia
-35.8,137.6,2015.0,South Australia
-31.33867,138.63017,2009.0,South Australia
-34.840821,138.649798,2021.0,South Australia
-35.83,137.80236,2019.0,South Australia
-35.7,137.6,2017.0,South Australia
-35.7,137.5,2016.0,South Australia
-36.01497,136.73361,2024.0,South Australia
-31.33737,138.6029,2007.0,South Australia
-35.7277,136.78403,2022.0,South Australia
-35.8087,136.61528,2023.0,South Australia
-30.11851,139.81489,2011.0,South Australia
-35.94931,136.7355,2005.0,South Australia
-35.7,137.6,2017.0,South Australia
-35.87138,137.98801,2020.0,South Australia
-35.83772,138.1144,2016.0,South Australia
-35.1,137.3,2023.0,South Australia
-35.90655,136.89883,2019.0,South Australia
-35.95,136.73333,1928.0,South Australia
-28.55796,132.19328,2007.0,South Australia
-31.33623,138.56609,2008.0,South Australia
-31.52451,138.63988,2011.0,South Australia
-39.9,143.9,2015.0,Tasmania
-43.0,147.5,2023.0,Tasmania
-41.6,146.3,2020.0,Tasmania
-43.0,147.4,2024.0,Tasmania
-42.876472,147.825648,2006.0,Tasmania
-41.285433,146.496154,1992.0,Tasmania
-40.965156,148.017975,1963.0,Tasmania
-39.9,144.0,2025.0,Tasmania
-42.1,145.5,2016.0,Tasmania
-41.24929,147.118937,2016.0,Tasmania
-43.0,147.5,2025.0,Tasmania
-41.1,144.7,2026.0,Tasmania
-42.9,147.2,2026.0,Tasmania
-42.1,145.7,2025.0,Tasmania
-42.815182,146.384715,1979.0,Tasmania
-41.5,147.1,2025.0,Tasmania
-42.4,146.7,2023.0,Tasmania
-41.8,147.4,2016.0,Tasmania
-42.2,146.0,2024.0,Tasmania
-42.788423,147.605972,1993.0,Tasmania
-41.541689,146.180094,1988.0,Tasmania
-41.6,148.3,2017.0,Tasmania
-42.765187,146.051386,1980.0,Tasmania
-39.7,143.9,2025.0,Tasmania
-43.0,147.4,2025.0,Tasmania
-42.4,145.7,2021.0,Tasmania
-42.658612,147.734666,1984.0,Tasmania
-43.5,147.1,2025.0,Tasmania
-41.3,146.9,2019.0,Tasmania
-42.726691,147.236036,1993.0,Tasmania
-42.848498,147.301365,1981.0,Tasmania
-41.6,145.9,2021.0,Tasmania
-43.0,147.5,2025.0,Tasmania
-43.0,147.5,2025.0,Tasmania
-41.2,146.2,2020.0,Tasmania
-43.0,147.5,2023.0,Tasmania
-42.87208,147.653939,1998.0,Tasmania
-41.42481,147.024677,1982.0,Tasmania
-40.0,144.0,2015.0,Tasmania
-41.3,146.9,2019.0,Tasmania
-43.3,147.3,2023.0,Tasmania
-42.1,145.3,2025.0,Tasmania
-42.662254,148.014853,,Tasmania
-40.0,143.9,2022.0,Tasmania
-41.2,147.9,2025.0,Tasmania
-41.25,147.15,2017.0,Tasmania
-43.148496,147.85135,1982.0,Tasmania
-41.155866,146.266752,1986.0,Tasmania
-43.0,147.5,2025.0,Tasmania
-42.9,147.2,2015.0,Tasmania
-40.2,148.2,2022.0,Tasmania
-41.8,146.2,2023.0,Tasmania
-39.9,144.0,2025.0,Tasmania
-43.0,147.5,2021.0,Tasmania
-43.1386163,147.6710382,,Tasmania
-41.4,147.1,2018.0,Tasmania
-43.0,147.2,2025.0,Tasmania
-42.841726,147.423692,1992.0,Tasmania
-42.013382,147.3371,1991.0,Tasmania
-41.75,146.19999,1989.0,Tasmania
-43.1,147.2,2025.0,Tasmania
-43.087825,147.068766,2011.0,Tasmania
-43.3,147.1,2025.0,Tasmania
-41.6,145.9,2018.0,Tasmania
-41.6,147.1,2017.0,Tasmania
-43.3,147.3,2025.0,Tasmania
-42.882556,147.950324,2010.0,Tasmania
-42.7,146.9,2024.0,Tasmania
-42.9,147.4,2025.0,Tasmania
-42.2,145.6,2024.0,Tasmania
-41.5,146.3,2020.0,Tasmania
-41.6,148.3,2025.0,Tasmania
-41.7,146.2,2016.0,Tasmania
-42.0,145.5,2021.0,Tasmania
-41.3,147.0,2025.0,Tasmania
-41.2,146.2,2015.0,Tasmania
-41.8,147.8,2016.0,Tasmania
-43.3,147.3,2024.0,Tasmania
-42.714081,147.514268,1992.0,Tasmania
-41.4,146.2,2021.0,Tasmania
-42.2,145.5,2016.0,Tasmania
-40.1,148.0,2020.0,Tasmania
-42.3,146.4,2019.0,Tasmania
-40.1,148.2,2024.0,Tasmania
-43.38868,147.253097,2026.0,Tasmania
-43.4,147.3,2024.0,Tasmania
-41.192716,146.36675,1986.0,Tasmania
-42.860493,147.826218,2006.0,Tasmania
-41.168458,146.176039,1992.0,Tasmania
-42.887372,147.777592,2006.0,Tasmania
-43.0,147.5,2025.0,Tasmania
-43.018049,147.924725,1985.0,Tasmania
-40.1,148.0,2023.0,Tasmania
-41.095363,144.68897,1994.0,Tasmania
-41.3,147.0,2021.0,Tasmania
-41.934346,145.564623,2009.0,Tasmania
-43.1,147.4,2022.0,Tasmania
-42.88963,147.290026,2025.0,Tasmania
-43.3,147.2,2021.0,Tasmania
-42.865741,146.367086,2003.0,Tasmania
-40.1,148.0,2019.0,Tasmania
-42.7,147.3,2025.0,Tasmania
-39.9,148.0,2018.0,Tasmania
-40.2,148.2,2023.0,Tasmania
-43.0,147.5,2024.0,Tasmania
-40.2,148.0,2019.0,Tasmania
-43.0,147.5,2025.0,Tasmania
-42.2,148.1,2016.0,Tasmania
-41.381575,147.012103,1993.0,Tasmania
-41.974212,147.649501,1990.0,Tasmania
-43.5,147.1,2025.0,Tasmania
-43.0,147.4,2025.0,Tasmania
-42.0,145.5,2017.0,Tasmania
-43.0,147.3,2024.0,Tasmania
-41.2,146.1,2015.0,Tasmania
-43.085468,147.013969,1991.0,Tasmania
-42.117036,146.174993,2001.0,Tasmania
-42.660352,147.246559,1991.0,Tasmania
-43.3,147.2,2025.0,Tasmania
-43.4,147.3,2023.0,Tasmania
-40.0,147.9,2019.0,Tasmania
-41.4,146.4,2021.0,Tasmania
-41.410254,145.962706,2025.0,Tasmania
-42.819433,146.691871,2024.0,Tasmania
-39.7,144.0,2015.0,Tasmania
-40.950302,144.817853,1991.0,Tasmania
-43.3,147.3,2025.0,Tasmania
-41.3,146.9,2017.0,Tasmania
-41.018062,145.718476,2011.0,Tasmania
-43.1,147.0,2017.0,Tasmania
-41.6,148.3,2016.0,Tasmania
-42.771805,147.138688,1993.0,Tasmania
-42.765185,146.001386,1981.0,Tasmania
-41.413425,145.976709,2024.0,Tasmania
-43.0,147.1,2019.0,Tasmania
-41.1,146.8,2025.0,Tasmania
-41.5,146.2,2024.0,Tasmania
-42.2,146.5,2025.0,Tasmania
-41.53915,147.469497,1981.0,Tasmania
-42.9,147.3,2022.0,Tasmania
-43.3,147.3,2025.0,Tasmania
-41.2,146.4,2017.0,Tasmania
-43.1,147.7,2017.0,Tasmania
-41.4,147.1,2019.0,Tasmania
-41.2,146.2,2018.0,Tasmania
-39.8,144.0,2024.0,Tasmania
-41.362587,146.817717,1992.0,Tasmania
-43.0,147.3,2022.0,Tasmania
-43.0,147.5,2025.0,Tasmania
-42.1,145.6,2025.0,Tasmania
-42.1,145.7,2016.0,Tasmania
-42.9,147.5,2024.0,Tasmania
-41.3,146.9,2019.0,Tasmania
-42.510074,147.188794,1987.0,Tasmania
-42.896309,147.300734,2022.0,Tasmania
-41.2,147.9,2025.0,Tasmania
-41.3,146.2,2016.0,Tasmania
-41.4,146.2,2015.0,Tasmania
-41.391182,145.908479,2023.0,Tasmania
-43.0,147.4,2024.0,Tasmania
-40.0,148.1,2019.0,Tasmania
-43.2,147.4,2021.0,Tasmania
-43.1,147.2,2024.0,Tasmania
-42.9,147.0,2026.0,Tasmania
-41.2,148.3,2016.0,Tasmania
-43.326466,147.313436,1998.0,Tasmania
-39.8,148.0,2025.0,Tasmania
-41.3,146.9,2019.0,Tasmania
-41.7,146.9,2022.0,Tasmania
-43.1,147.2,2022.0,Tasmania
-40.2,148.3,2019.0,Tasmania
-41.2,147.6,2019.0,Tasmania
-40.7,145.3,2019.0,Tasmania
-42.1,145.7,2025.0,Tasmania
-41.2,145.8,2024.0,Tasmania
-41.2,147.9,2025.0,Tasmania
-42.782502,147.593102,1992.0,Tasmania
-43.0,147.4,2024.0,Tasmania
-40.0,144.0,2024.0,Tasmania
-41.2,146.2,2022.0,Tasmania
-41.236171,147.214664,1992.0,Tasmania
-43.4,147.2,2024.0,Tasmania
-41.3,147.0,2021.0,Tasmania
-43.0,147.4,2023.0,Tasmania
-43.0,147.5,2024.0,Tasmania
-42.609649,148.076456,,Tasmania
-43.3,147.2,2025.0,Tasmania
-43.01789,147.925471,1998.0,Tasmania
-42.736296,147.767345,1990.0,Tasmania
-41.6,146.7,2023.0,Tasmania
-43.2,147.4,2015.0,Tasmania
-40.2,148.0,2021.0,Tasmania
-42.7,147.1,2025.0,Tasmania
-43.0,147.5,2025.0,Tasmania
-41.2,147.9,2024.0,Tasmania
-42.889521,147.289895,2025.0,Tasmania
-42.8,147.2,2019.0,Tasmania
-43.2,147.3,2021.0,Tasmania
-40.1,144.1,2018.0,Tasmania
-42.795077,147.609498,1992.0,Tasmania
-43.4,147.3,2023.0,Tasmania
-41.449228,146.002247,2025.0,Tasmania
-41.0,145.7,2026.0,Tasmania
-41.9393,145.18433,2002.0,Tasmania
-43.0,147.4,2024.0,Tasmania
-41.3,146.9,2017.0,Tasmania
-42.565159,148.068004,1976.0,Tasmania
-43.1386163,147.6710382,,Tasmania
-41.2,146.9,2023.0,Tasmania
-42.620158,146.892292,1992.0,Tasmania
-39.9,143.9,2025.0,Tasmania
-41.2,146.2,2022.0,Tasmania
-43.136726,147.671507,1997.0,Tasmania
-41.211822,145.756593,1985.0,Tasmania
-42.1,145.7,2016.0,Tasmania
-41.24929,147.118937,2016.0,Tasmania
-41.2,146.2,2017.0,Tasmania
-42.2,148.0,2016.0,Tasmania
-43.2,147.3,2022.0,Tasmania
-43.1,147.3,2016.0,Tasmania
-41.37228,146.04068,2025.0,Tasmania
-40.1,148.0,2018.0,Tasmania
-43.0,147.4,2025.0,Tasmania
-42.8,147.8,2016.0,Tasmania
-41.5,147.1,2016.0,Tasmania
-39.8,144.0,2023.0,Tasmania
-41.5,145.9,2019.0,Tasmania
-43.214749,146.906579,1983.0,Tasmania
-42.765187,146.051386,1980.0,Tasmania
-41.4,146.4,2022.0,Tasmania
-41.8,145.4,2025.0,Tasmania
-43.5,147.1,2025.0,Tasmania
-41.4,147.1,2019.0,Tasmania
-42.660393,148.129029,2011.0,Tasmania
-41.2135,145.0367,2019.0,Tasmania
-41.287778,148.339722,2020.0,Tasmania
-40.539618,148.176266,1998.0,Tasmania
-41.1,146.8,2025.0,Tasmania
-43.3,147.3,2024.0,Tasmania
-42.6,147.9,2025.0,Tasmania
-43.0,147.5,2025.0,Tasmania
-42.75821,147.327666,1993.0,Tasmania
-42.1,145.6,2024.0,Tasmania
-42.1,145.5,2023.0,Tasmania
-42.034106,147.855489,1993.0,Tasmania
-43.0,147.9,2022.0,Tasmania
-40.8,145.0,2016.0,Tasmania
-40.0,148.1,2021.0,Tasmania
-43.0,147.4,2023.0,Tasmania
-41.6,146.3,2023.0,Tasmania
-41.4,146.3,2021.0,Tasmania
-41.667773,146.765902,1988.0,Tasmania
-39.943357,148.32986,1998.0,Tasmania
-43.5,147.1,2025.0,Tasmania
-43.4,147.3,2023.0,Tasmania
-41.19746,146.384522,1992.0,Tasmania
-41.152496,146.932783,1992.0,Tasmania
-41.204315,146.403243,1987.0,Tasmania
-41.2,146.0,2017.0,Tasmania
-41.3,146.9,2019.0,Tasmania
-40.0,147.9,2020.0,Tasmania
-42.765185,146.001386,1981.0,Tasmania
-39.9,143.9,2024.0,Tasmania
-41.226752,146.719756,1986.0,Tasmania
-43.0,147.5,2026.0,Tasmania
-43.1386163,147.6710382,,Tasmania
-43.2,147.2,2023.0,Tasmania
-41.8,145.6,2018.0,Tasmania
-43.0,147.5,2021.0,Tasmania
-40.2,148.0,2021.0,Tasmania
-39.9,148.0,2020.0,Tasmania
-43.3,147.3,2023.0,Tasmania
-42.691924,147.296419,1992.0,Tasmania
-39.9,143.9,2026.0,Tasmania
-41.4,146.1,2017.0,Tasmania
-41.898507,146.668013,1982.0,Tasmania
-43.4,147.2,2025.0,Tasmania
-42.798941,147.614562,1987.0,Tasmania
-41.165501,146.721209,1987.0,Tasmania
-43.5,147.2,2024.0,Tasmania
-42.781847,146.051376,1980.0,Tasmania
-40.0,144.0,2025.0,Tasmania
-39.9,147.9,2018.0,Tasmania
-40.1,148.2,2025.0,Tasmania
-42.966705,147.898475,1993.0,Tasmania
-42.659578,147.245922,1992.0,Tasmania
-41.6,145.9,2021.0,Tasmania
-40.0,148.1,2019.0,Tasmania
-41.806622,147.406667,1992.0,Tasmania
-42.7,147.3,2026.0,Tasmania
-43.413267,146.87169,1998.0,Tasmania
-41.261296,147.217946,1992.0,Tasmania
-43.2,147.4,2025.0,Tasmania
-41.8,148.0,2016.0,Tasmania
-42.2,145.6,2016.0,Tasmania
-41.2,146.9,2023.0,Tasmania
-43.0,147.5,2020.0,Tasmania
-42.74734,146.986779,1991.0,Tasmania
-40.0,147.9,2025.0,Tasmania
-43.152404,147.239365,2000.0,Tasmania
-40.8,145.0,2017.0,Tasmania
-42.2,145.3,2025.0,Tasmania
-42.7,146.7,2022.0,Tasmania
-42.3,145.6,2019.0,Tasmania
-43.5,147.1,2024.0,Tasmania
-39.9,143.9,2022.0,Tasmania
-42.415167,147.251346,1981.0,Tasmania
-41.076879,145.990874,1987.0,Tasmania
-41.221402,146.84407,1992.0,Tasmania
-43.0,147.4,2025.0,Tasmania
-43.0,147.4,2025.0,Tasmania
-42.946855,146.351693,1993.0,Tasmania
-43.4,147.3,2023.0,Tasmania
-41.5,146.4,2021.0,Tasmania
-40.0,147.9,2018.0,Tasmania
-42.2,146.1,2018.0,Tasmania
-41.4,147.1,2019.0,Tasmania
-43.0,147.4,2023.0,Tasmania
-40.2,148.2,2025.0,Tasmania
-43.0,147.5,2024.0,Tasmania
-42.9,147.5,2019.0,Tasmania
-41.2,145.9,2024.0,Tasmania
-43.4,147.3,2025.0,Tasmania
-43.1,147.2,2023.0,Tasmania
-43.091826,147.738951,1987.0,Tasmania
-42.773989,147.127203,1992.0,Tasmania
-42.759975,147.339896,1993.0,Tasmania
-42.9,147.3,2019.0,Tasmania
-43.0,147.5,2025.0,Tasmania
-41.6,148.3,2017.0,Tasmania
-43.3,147.3,2025.0,Tasmania
-43.039891,147.865475,1992.0,Tasmania
-43.3,147.3,2025.0,Tasmania
-41.3,146.9,2016.0,Tasmania
-43.1,147.2,2024.0,Tasmania
-41.8,145.4,2025.0,Tasmania
-42.731836,147.234688,1981.0,Tasmania
-42.9,147.3,2025.0,Tasmania
-39.9,147.8,2025.0,Tasmania
-43.5,147.1,2024.0,Tasmania
-41.008526,145.765882,1992.0,Tasmania
-43.3,147.2,2021.0,Tasmania
-39.9,143.9,2025.0,Tasmania
-42.6,147.9,2016.0,Tasmania
-43.1,147.9,2021.0,Tasmania
-41.4,147.1,2025.0,Tasmania
-41.0,145.6,2023.0,Tasmania
-43.132153,147.812911,2012.0,Tasmania
-43.4,147.3,2023.0,Tasmania
-43.11516,147.851355,1981.0,Tasmania
-41.2,146.2,2022.0,Tasmania
-42.541542,147.660221,1991.0,Tasmania
-39.7,143.9,2015.0,Tasmania
-42.117198,146.176346,1994.0,Tasmania
-43.0,147.5,2026.0,Tasmania
-41.2,146.2,2015.0,Tasmania
-41.201691,146.033707,2024.0,Tasmania
-41.2,145.8,2025.0,Tasmania
-39.9,144.0,2025.0,Tasmania
-39.9,144.1,2025.0,Tasmania
-40.2,148.2,2021.0,Tasmania
-40.0,144.0,2025.0,Tasmania
-42.682732,147.265921,1988.0,Tasmania
-42.7,147.3,2025.0,Tasmania
-39.8,143.9,2023.0,Tasmania
-43.0,147.5,2025.0,Tasmania
-43.0,147.3,2022.0,Tasmania
-41.390426,145.906948,2021.0,Tasmania
-41.398076,145.935806,2022.0,Tasmania
-41.472626,146.570948,1985.0,Tasmania
-41.8,147.7,2016.0,Tasmania
-41.044363,145.366527,1981.0,Tasmania
-43.1,147.8,2022.0,Tasmania
-43.0,147.5,2024.0,Tasmania
-42.3,145.6,2017.0,Tasmania
-41.3,146.9,2019.0,Tasmania
-43.1,147.2,2017.0,Tasmania
-42.456705,147.254333,1993.0,Tasmania
-42.765187,146.051386,1981.0,Tasmania
-43.1,147.2,2016.0,Tasmania
-41.3,146.9,2017.0,Tasmania
-40.2,148.0,2022.0,Tasmania
-42.576076,148.079278,,Tasmania
-42.765187,146.051386,1979.0,Tasmania
-40.859285,145.501594,1995.0,Tasmania
-40.0,147.9,2020.0,Tasmania
-40.0,148.0,2019.0,Tasmania
-43.001344,146.81853,2008.0,Tasmania
-43.051529,147.864939,1992.0,Tasmania
-43.5,147.3,2021.0,Tasmania
-42.675159,147.528165,1985.0,Tasmania
-40.0,148.1,2019.0,Tasmania
-41.3,146.9,2019.0,Tasmania
-43.215902,146.767453,1984.0,Tasmania
-41.1,146.8,2025.0,Tasmania
-42.2,145.6,2025.0,Tasmania
-43.1,147.2,2024.0,Tasmania
-43.0,147.4,2024.0,Tasmania
-42.9,147.3,2026.0,Tasmania
-42.611555,148.081549,2011.0,Tasmania
-43.0,147.4,2024.0,Tasmania
-42.1,146.5,2022.0,Tasmania
-41.4,147.2,2015.0,Tasmania
-41.1,146.5,2025.0,Tasmania
-41.300669,148.2108,1991.0,Tasmania
-42.127607,145.524444,2007.0,Tasmania
-41.2,146.0,2022.0,Tasmania
-40.1,148.2,2019.0,Tasmania
-43.0,147.4,2024.0,Tasmania
-43.0,147.4,2025.0,Tasmania
-40.8,145.3,2025.0,Tasmania
-43.3,147.1,2025.0,Tasmania
-40.946403,145.728155,2010.0,Tasmania
-41.879558,148.29693,1998.0,Tasmania
-41.2,145.8,2023.0,Tasmania
-43.0,147.5,2025.0,Tasmania
-42.58094,147.698414,1993.0,Tasmania
-42.753909,147.688133,1990.0,Tasmania
-39.9,148.0,2018.0,Tasmania
-41.3,146.2,2017.0,Tasmania
-41.4,146.2,2020.0,Tasmania
-41.3,146.9,2017.0,Tasmania
-42.233008,146.495833,2024.0,Tasmania
-41.388601,147.498913,1992.0,Tasmania
-41.4,146.3,2020.0,Tasmania
-41.408711,145.950828,2024.0,Tasmania
-40.0,147.9,2021.0,Tasmania
-43.0,147.4,2025.0,Tasmania
-42.782065,147.583489,1993.0,Tasmania
-41.2,146.2,2018.0,Tasmania
-42.5,146.7,2023.0,Tasmania
-42.710061,148.076334,2010.0,Tasmania
-42.8,147.2,2023.0,Tasmania
-43.3,147.3,2024.0,Tasmania
-42.59089,148.114172,2011.0,Tasmania
-41.12316,146.719602,1982.0,Tasmania
-42.727638,147.523443,1987.0,Tasmania
-41.067725,145.933621,1986.0,Tasmania
-41.82979,146.043936,2000.0,Tasmania
-43.1,147.2,2025.0,Tasmania
-42.782502,147.593102,1992.0,Tasmania
-39.9,143.9,2016.0,Tasmania
-43.3,147.3,2025.0,Tasmania
-42.610175,148.078014,2010.0,Tasmania
-41.5,147.2,2018.0,Tasmania
-39.9,144.0,2023.0,Tasmania
-43.2,147.1,2022.0,Tasmania
-40.8,145.3,2021.0,Tasmania
-41.2,146.1,2018.0,Tasmania
-41.292309,147.047343,1988.0,Tasmania
-42.8,146.4,2024.0,Tasmania
-41.276299,148.356555,1998.0,Tasmania
-40.1,148.3,2023.0,Tasmania
-43.1,146.8,2016.0,Tasmania
-40.2,148.2,2023.0,Tasmania
-40.2,148.1,2022.0,Tasmania
-42.1,145.9,2021.0,Tasmania
-42.815594,147.511512,1992.0,Tasmania
-42.734834,146.686188,1991.0,Tasmania
-40.0,144.0,2023.0,Tasmania
-43.3,147.3,2022.0,Tasmania
-41.232303,146.788343,1983.0,Tasmania
-43.0,147.4,2024.0,Tasmania
-41.16,146.302612,2022.0,Tasmania
-41.3,147.4,2017.0,Tasmania
-43.0,147.4,2025.0,Tasmania
-43.0,147.4,2025.0,Tasmania
-42.612515,146.886136,1991.0,Tasmania
-41.3,146.9,2025.0,Tasmania
-42.745051,147.182663,1986.0,Tasmania
-41.3,146.9,2019.0,Tasmania
-40.0,148.2,2019.0,Tasmania
-42.883047,147.314016,2022.0,Tasmania
-42.950189,147.693993,1997.0,Tasmania
-40.0,144.0,2025.0,Tasmania
-39.9,144.1,2024.0,Tasmania
-41.1,146.8,2025.0,Tasmania
-42.457081,147.195798,1986.0,Tasmania
-41.2,147.9,2024.0,Tasmania
-42.985161,147.916039,1993.0,Tasmania
-41.3,146.9,2019.0,Tasmania
-42.108185,145.772489,1997.0,Tasmania
-42.355274,147.336833,1992.0,Tasmania
-42.357565,147.70322,1988.0,Tasmania
-43.0,147.4,2025.0,Tasmania
-41.3,147.5,2024.0,Tasmania
-41.780049,146.02304,1990.0,Tasmania
-39.9,148.0,2018.0,Tasmania
-43.0,147.4,2025.0,Tasmania
-43.4,147.3,2023.0,Tasmania
-42.950802,147.335258,2024.0,Tasmania
-43.0,147.3,2023.0,Tasmania
-42.8667,147.0333,1993.0,Tasmania
-40.8,145.0,2015.0,Tasmania
-40.2,148.2,2022.0,Tasmania
-42.581829,148.068008,1981.0,Tasmania
-41.3,146.9,2018.0,Tasmania
-41.4,146.2,2016.0,Tasmania
-42.887372,147.777592,2006.0,Tasmania
-42.5,147.9,2016.0,Tasmania
-42.2,148.0,2017.0,Tasmania
-41.2,146.0,2018.0,Tasmania
-42.977756,147.138966,1987.0,Tasmania
-43.1,147.9,2025.0,Tasmania
-42.42308,147.785673,2006.0,Tasmania
-41.1,146.8,2025.0,Tasmania
-40.9,145.3,2018.0,Tasmania
-40.1,148.1,2022.0,Tasmania
-40.1,148.3,2025.0,Tasmania
-43.3,147.2,2022.0,Tasmania
-39.8,144.0,2025.0,Tasmania
-39.9,143.9,2024.0,Tasmania
-41.572767,146.641103,1995.0,Tasmania
-43.0,147.4,2024.0,Tasmania
-41.4,147.1,2019.0,Tasmania
-43.4,147.2,2023.0,Tasmania
-42.388459,146.525125,1990.0,Tasmania
-42.909604,147.847589,2008.0,Tasmania
-41.3,146.9,2017.0,Tasmania
-43.0,147.5,2023.0,Tasmania
-41.2,144.7,2025.0,Tasmania
-41.2,146.2,2022.0,Tasmania
-41.631853,145.618031,1983.0,Tasmania
-43.23878,148.003174,2005.0,Tasmania
-40.1,148.0,2018.0,Tasmania
-43.3,147.3,2026.0,Tasmania
-41.2,146.0,2025.0,Tasmania
-43.19063,147.92833,2025.0,Tasmania
-41.3,147.0,2021.0,Tasmania
-40.2,148.2,2021.0,Tasmania
-43.0,147.3,2025.0,Tasmania
-43.0,147.0,2025.0,Tasmania
-42.765187,146.051386,1980.0,Tasmania
-41.3,146.2,2016.0,Tasmania
-40.1,148.0,2018.0,Tasmania
-40.938864,145.327554,1991.0,Tasmania
-41.2,146.9,2023.0,Tasmania
-41.1,146.8,2025.0,Tasmania
-42.2,145.5,2021.0,Tasmania
-41.2,145.9,2024.0,Tasmania
-41.5,146.9,2023.0,Tasmania
-41.2,145.8,2024.0,Tasmania
-43.4,147.3,2024.0,Tasmania
-41.5,148.2,2016.0,Tasmania
-42.8,147.2,2019.0,Tasmania
-37.2164,147.451,2024.0,Victoria
-38.37948,145.34636,2021.0,Victoria
-37.40783,149.54855,1991.0,Victoria
-38.34498,145.30366,2021.0,Victoria
-36.92316,148.39843,2017.0,Victoria
-38.00416,141.59492,2019.0,Victoria
-38.02691,141.01002,2016.0,Victoria
-38.7,143.5,2024.0,Victoria
-37.665037,145.544337,2024.0,Victoria
-38.3926,144.9254,2002.0,Victoria
-37.33561,147.51525,2017.0,Victoria
-38.60694,143.90518,2018.0,Victoria
-38.51695,143.8779,2018.0,Victoria
-36.83643,146.7192,2022.0,Victoria
-35.40684,142.34298,1987.0,Victoria
-38.33298,145.29401,2021.0,Victoria
-38.184,141.6865,2013.0,Victoria
-36.85402,146.25943,2021.0,Victoria
-36.99335,147.1708,2020.0,Victoria
-37.3,147.9,2018.0,Victoria
-37.27984,142.62253,2020.0,Victoria
-37.8,144.95,1981.0,Victoria
-35.17,141.13,1981.0,Victoria
-37.8735,144.293,1979.0,Victoria
-37.63456,146.0927,2019.0,Victoria
-36.8354,146.1,2024.0,Victoria
-38.388,141.60048,2017.0,Victoria
-38.7,143.8,2025.0,Victoria
-37.79016,145.37631,1975.0,Victoria
-37.7939,146.07405,2015.0,Victoria
-36.93196,148.47999,2022.0,Victoria
-37.67537,149.28643,2017.0,Victoria
-36.97048,148.39023,2017.0,Victoria
-38.17966,141.52465,2019.0,Victoria
-37.9862,141.53354,2013.0,Victoria
-37.0,144.1,2025.0,Victoria
-37.20608,147.90093,2019.0,Victoria
-37.22537,142.55058,2020.0,Victoria
-38.430032,146.571099,2017.0,Victoria
-37.34762,148.31548,2016.0,Victoria
-35.8364,145.25962,2015.0,Victoria
-37.0,147.2,2025.0,Victoria
-37.38316,145.91665,2019.0,Victoria
-37.59544,145.98299,2023.0,Victoria
-37.28579,147.5318,2017.0,Victoria
-37.66656,148.51948,2023.0,Victoria
-37.6343,146.368,2022.0,Victoria
-38.07167,147.51816,2021.0,Victoria
-36.69049,147.38261,2023.0,Victoria
-37.42299,142.4763,2022.0,Victoria
-38.1924,141.6891,2013.0,Victoria
-37.50945,149.37563,2023.0,Victoria
-38.30785,145.32671,2021.0,Victoria
-37.12347,146.87628,1978.0,Victoria
-37.56703,149.48172,2017.0,Victoria
-37.856,144.58647,2010.0,Victoria
-37.8229,145.16933,2008.0,Victoria
-38.34778,145.46957,2021.0,Victoria
-37.2963,148.29366,2012.0,Victoria
-37.25101,148.55756,2016.0,Victoria
-38.21839,145.41473,2012.0,Victoria
-37.68333,148.54114,2022.0,Victoria
-36.86528,147.28605,2020.0,Victoria
-37.5,145.9,2022.0,Victoria
-37.29451,146.75369,2023.0,Victoria
-37.77725,148.78549,2017.0,Victoria
-38.64634,143.64785,2023.0,Victoria
-37.11812,142.42753,2020.0,Victoria
-38.38071,145.35702,2021.0,Victoria
-37.9377,145.28274,2013.0,Victoria
-38.27795,145.09831,1988.0,Victoria
-36.4,141.8,2019.0,Victoria
-38.5049,143.9853,2013.0,Victoria
-37.5,145.9,2018.0,Victoria
-38.05037,141.11478,2014.0,Victoria
-37.54101,146.15585,2021.0,Victoria
-38.21887,145.34499,2010.0,Victoria
-38.37083,145.00083,2010.0,Victoria
-38.65139,143.29168,2018.0,Victoria
-38.38262,145.27362,2021.0,Victoria
-38.03565,146.51568,2016.0,Victoria
-37.31401,148.34067,2021.0,Victoria
-37.0534,148.3107,2006.0,Victoria
-37.23338,144.76007,2018.0,Victoria
-34.2,142.1,2022.0,Victoria
-37.75686,142.04303,1982.0,Victoria
-37.81281,144.98195,2003.0,Victoria
-37.2784,142.19749,2011.0,Victoria
-38.3778,145.31377,2021.0,Victoria
-38.20686,142.4597,1982.0,Victoria
-38.35916,145.48745,2008.0,Victoria
-38.4186,143.21889,2010.0,Victoria
-38.37741,144.90683,2001.0,Victoria
-38.06064,141.18621,2015.0,Victoria
-38.0231,141.08647,2016.0,Victoria
-37.25694,147.37727,2017.0,Victoria
-37.94684,145.65884,2003.0,Victoria
-36.99454,147.17397,2020.0,Victoria
-36.89016,144.29298,1980.0,Victoria
-37.32275,142.45905,2003.0,Victoria
-37.41445,149.53409,1991.0,Victoria
-36.97406,148.26674,2017.0,Victoria
-37.8,147.99185,2012.0,Victoria
-37.54395,145.58943,2021.0,Victoria
-38.07403,147.49746,2021.0,Victoria
-36.99265,147.17613,2020.0,Victoria
-38.6946,143.47647,2018.0,Victoria
-37.2908,148.84842,2016.0,Victoria
-37.8,145.0,2024.0,Victoria
-38.2,146.4,2015.0,Victoria
-37.4,144.4,2016.0,Victoria
-37.98465,141.52483,2013.0,Victoria
-37.5583,145.60092,2015.0,Victoria
-36.99454,147.17397,2020.0,Victoria
-37.40904,147.59136,2017.0,Victoria
-37.36416,145.15663,1989.0,Victoria
-38.93012,146.29236,2019.0,Victoria
-37.67692,145.49105,2015.0,Victoria
-37.3475,145.991,2023.0,Victoria
-37.42977,148.79666,1992.0,Victoria
-38.8,143.5,2024.0,Victoria
-38.0124,145.4175,2014.0,Victoria
-38.2,146.2,2015.0,Victoria
-37.6275,147.5671,2008.0,Victoria
-39.1,146.4,2025.0,Victoria
-38.4958,146.3031,1972.0,Victoria
-37.48994,149.36718,2020.0,Victoria
-37.92485,144.48115,2018.0,Victoria
-34.68209,142.36617,2016.0,Victoria
-37.9058,146.22396,2018.0,Victoria
-37.689331,144.015171,2021.0,Victoria
-37.43438,145.96509,2020.0,Victoria
-37.1,144.3,2025.0,Victoria
-38.34618,145.31417,2021.0,Victoria
-37.75,142.03,1984.0,Victoria
-37.7,144.7,2024.0,Victoria
-37.4749,148.9244,2016.0,Victoria
-37.665054,145.544312,2024.0,Victoria
-37.0012,147.17829,2020.0,Victoria
-38.4789,143.9445,2011.0,Victoria
-37.09273,148.38407,2021.0,Victoria
-37.92395,141.51707,2013.0,Victoria
-38.52349,146.02632,1977.0,Victoria
-37.43932,147.42413,2017.0,Victoria
-37.5,145.4,2018.0,Victoria
-37.03168,148.74324,2016.0,Victoria
-37.21463,144.65206,1974.0,Victoria
-37.40993,147.54381,2020.0,Victoria
-37.2,146.5,2025.0,Victoria
-37.54016,145.32631,1986.0,Victoria
-36.64901,145.95115,2003.0,Victoria
-38.36883,144.17442,2018.0,Victoria
-37.845331,144.684246,2019.0,Victoria
-38.2,145.3,2016.0,Victoria
-38.3,144.3,2018.0,Victoria
-38.7,143.2,2024.0,Victoria
-37.40849,148.75078,2021.0,Victoria
-37.4614,148.0201,2015.0,Victoria
-37.64012,148.22627,1979.0,Victoria
-37.48615,148.76295,1991.0,Victoria
-38.38282,144.88345,2013.0,Victoria
-37.7,145.2,2025.0,Victoria
-37.5921,144.6028,2018.0,Victoria
-38.30967,145.42579,2021.0,Victoria
-38.449085,146.538442,2012.0,Victoria
-37.7399,148.71196,2011.0,Victoria
-38.5148,143.90408,2018.0,Victoria
-37.16484,145.53426,1990.0,Victoria
-37.22037,148.95071,2016.0,Victoria
-36.12461,147.45187,2005.0,Victoria
-36.523314,145.721818,2015.0,Victoria
-36.55283,141.19621,2019.0,Victoria
-37.7,144.7,2021.0,Victoria
-37.79639,145.26889,2008.0,Victoria
-37.1,144.3,2025.0,Victoria
-37.79016,145.29298,1968.0,Victoria
-37.30437,148.32924,2011.0,Victoria
-36.83116,147.21713,1987.0,Victoria
-37.42257,145.93749,2019.0,Victoria
-37.33105,149.24873,2016.0,Victoria
-38.36242,145.3182,2018.0,Victoria
-38.29588,145.30304,2021.0,Victoria
-37.70669,149.02607,2016.0,Victoria
-36.75,143.67,1969.0,Victoria
-37.53581,146.15744,2021.0,Victoria
-38.29,145.3035,2021.0,Victoria
-38.05202,141.20454,2014.0,Victoria
-38.17121,141.52421,2019.0,Victoria
-37.64678,144.50025,1988.0,Victoria
-37.63369,148.41675,2023.0,Victoria
-37.3,147.7,2017.0,Victoria
-37.30417,145.66681,2003.0,Victoria
-37.757,148.96119,1990.0,Victoria
-38.33819,145.29935,2021.0,Victoria
-37.7109,148.8671,2023.0,Victoria
-37.37332,147.74364,2017.0,Victoria
-38.4716,143.498,2022.0,Victoria
-36.977,144.0247,2019.0,Victoria
-37.34492,147.70194,2017.0,Victoria
-38.14086,141.41552,2017.0,Victoria
-38.0,141.0,2020.0,Victoria
-37.66525,148.94385,2020.0,Victoria
-37.95795,145.59794,2020.0,Victoria
-38.61098,143.18648,2000.0,Victoria
-37.7,145.3,2024.0,Victoria
-37.6169,145.999,2024.0,Victoria
-36.45991,141.67577,2019.0,Victoria
-37.5,145.9,2021.0,Victoria
-38.36189,145.30602,2021.0,Victoria
-37.34018,149.21012,2016.0,Victoria
-38.17673,145.15914,2012.0,Victoria
-37.14405,148.798,2021.0,Victoria
-35.64017,142.99298,1987.0,Victoria
-38.36661,145.43758,2021.0,Victoria
-38.69018,143.35969,1986.0,Victoria
-37.75064,144.75723,2021.0,Victoria
-37.36352,142.33182,2022.0,Victoria
-38.3051,144.3183,2015.0,Victoria
-37.515,148.66302,2019.0,Victoria
-38.65682,146.34298,1977.0,Victoria
-37.40495,148.75312,2021.0,Victoria
-38.05202,141.20454,2014.0,Victoria
-36.4,144.1,2020.0,Victoria
-37.8,145.1,2015.0,Victoria
-38.2135,145.29833,2011.0,Victoria
-38.29015,145.30392,2021.0,Victoria
-38.426885,146.56795,2014.0,Victoria
-37.2,144.7,2017.0,Victoria
-35.9,143.9,2019.0,Victoria
-37.28579,147.5318,2017.0,Victoria
-38.32774,145.28653,2021.0,Victoria
-38.3968,144.7993,2012.0,Victoria
-38.7,143.4,2024.0,Victoria
-36.4635,143.191,2017.0,Victoria
-37.4207,144.6754,2017.0,Victoria
-38.0,144.5,2016.0,Victoria
-36.72773,146.80344,2021.0,Victoria
-38.39692,145.2954,2021.0,Victoria
-37.82091,145.32596,1995.0,Victoria
-37.55681,146.0763,1979.0,Victoria
-37.752262,145.117343,2017.0,Victoria
-37.78028,148.91525,1990.0,Victoria
-38.32825,145.35623,2021.0,Victoria
-38.35325,145.4628,2021.0,Victoria
-37.2,147.6,2018.0,Victoria
-37.59611,148.45929,2017.0,Victoria
-37.46381,148.92411,1979.0,Victoria
-37.45319,149.10899,2019.0,Victoria
-37.35899,147.72893,2017.0,Victoria
-38.58563,142.84728,2014.0,Victoria
-37.2,147.4,2015.0,Victoria
-38.02463,141.07653,2013.0,Victoria
-37.57169,145.68154,2020.0,Victoria
-37.35146,142.6243,2020.0,Victoria
-38.1,143.6,2018.0,Victoria
-38.54589,143.76675,2018.0,Victoria
-37.37249,142.51761,1991.0,Victoria
-37.2,147.4,2016.0,Victoria
-37.15723,146.95655,2022.0,Victoria
-37.30275,148.29171,2013.0,Victoria
-37.64749,145.46398,2019.0,Victoria
-37.56735,144.10103,1993.0,Victoria
-38.22338,145.40595,2011.0,Victoria
-36.52175,145.720163,2019.0,Victoria
-37.27984,142.62253,2020.0,Victoria
-37.0,145.4,2019.0,Victoria
-38.31758,145.37306,2021.0,Victoria
-37.30332,148.26947,2020.0,Victoria
-37.60546,148.74539,2022.0,Victoria
-37.74784,145.34176,2018.0,Victoria
-34.68797,142.35267,2019.0,Victoria
-38.8,143.5,2024.0,Victoria
-37.93298,146.17587,2018.0,Victoria
-37.8698,145.20019,2013.0,Victoria
-38.02463,141.07653,2013.0,Victoria
-37.55537,145.88892,1987.0,Victoria
-37.34828,148.25911,2013.0,Victoria
-37.278703,144.40625,2025.0,Victoria
-37.32918,148.63762,2020.0,Victoria
-37.2,147.4,2022.0,Victoria
-38.0543,146.505,2023.0,Victoria
-34.893,143.312,2019.0,Victoria
-37.39632,145.94677,2019.0,Victoria
-38.37047,144.99917,2009.0,Victoria
-37.58962,145.97029,2023.0,Victoria
-38.1801,141.51042,2013.0,Victoria
-37.3113,147.6594,2017.0,Victoria
-37.0962,148.37299,2016.0,Victoria
-36.47829,141.84091,2019.0,Victoria
-37.6325,145.34873,2013.0,Victoria
-38.10018,141.44407,2017.0,Victoria
-38.04014,147.12629,1977.0,Victoria
-38.3476,145.355,2021.0,Victoria
-37.7,147.3,2018.0,Victoria
-35.7,144.1,2020.0,Victoria
-37.42838,145.94638,2018.0,Victoria
-38.0161,141.13981,2018.0,Victoria
-38.04619,141.14926,2016.0,Victoria
-37.32034,148.32622,2022.0,Victoria
-37.28558,147.55997,2017.0,Victoria
-38.38925,145.12668,2013.0,Victoria
-37.78306,148.79482,2021.0,Victoria
-37.5,145.3,2024.0,Victoria
-36.148465,147.736711,2022.0,Victoria
-38.008,145.66161,2013.0,Victoria
-37.37141,147.46898,2017.0,Victoria
-34.76193,142.34372,2019.0,Victoria
-37.73676,147.17141,2011.0,Victoria
-36.045073,147.762334,2022.0,Victoria
-37.5,145.3,2017.0,Victoria
-37.81281,144.98195,2003.0,Victoria
-37.19014,146.34295,1975.0,Victoria
-36.81358,147.23084,2019.0,Victoria
-36.99546,147.17358,2021.0,Victoria
-37.9593,146.25742,2018.0,Victoria
-37.7556,148.399,2023.0,Victoria
-37.62334,145.05173,2010.0,Victoria
-34.70684,142.3763,1968.0,Victoria
-37.4241,142.46917,2011.0,Victoria
-38.39108,145.12564,2013.0,Victoria
-37.65953,148.63883,2016.0,Victoria
-34.28,142.08,1961.0,Victoria
-37.36109,142.30638,2020.0,Victoria
-37.35179,147.42261,2017.0,Victoria
-38.40046,145.32863,2021.0,Victoria
-37.6364,147.5701,2008.0,Victoria
-35.1,141.0,2025.0,Victoria
-37.3843,148.05054,2011.0,Victoria
-38.93634,146.24712,2022.0,Victoria
-37.2,147.8,2018.0,Victoria
-38.4,144.1,2015.0,Victoria
-38.37067,145.37519,2021.0,Victoria
-37.668,147.5955,2008.0,Victoria
-37.22537,142.55058,2020.0,Victoria
-38.23,145.308,1979.0,Victoria
-37.37985,147.57701,2017.0,Victoria
-38.4,145.2,2023.0,Victoria
-36.1065,145.85746,1989.0,Victoria
-37.2866,148.96887,2006.0,Victoria
-37.48861,149.04815,2017.0,Victoria
-36.3,145.0,2025.0,Victoria
-38.5,142.7,2023.0,Victoria
-36.45697,145.72372,2013.0,Victoria
-38.4777,143.9518,2013.0,Victoria
-37.31054,145.58221,1987.0,Victoria
-37.51795,148.65259,2019.0,Victoria
-37.8,147.6,2021.0,Victoria
-37.8,145.3,2015.0,Victoria
-38.0231,141.08647,2015.0,Victoria
-37.54978,148.65376,2019.0,Victoria
-37.11755,146.8622,2020.0,Victoria
-38.38942,145.38602,2021.0,Victoria
-38.29021,141.37638,1979.0,Victoria
-37.30275,148.29171,2020.0,Victoria
-36.97784,148.29653,2022.0,Victoria
-37.53551,149.38117,2021.0,Victoria
-35.9946,145.0284,2019.0,Victoria
-37.6925,145.1218,2005.0,Victoria
-37.68317,148.55225,2022.0,Victoria
-37.5989,145.54652,2013.0,Victoria
-37.2862,147.534,2024.0,Victoria
-37.2729,142.44304,2011.0,Victoria
-38.21327,141.7423,2014.0,Victoria
-36.95686,141.45969,1980.0,Victoria
-36.523512,145.726372,2019.0,Victoria
-37.59421,146.20903,2018.0,Victoria
-38.175389,145.13227,2023.0,Victoria
-37.7582,145.22862,1991.0,Victoria
-36.20389,146.95397,1997.0,Victoria
-37.1535,147.9,2023.0,Victoria
-37.9568,147.37629,1978.0,Victoria
-38.92053,146.39884,2021.0,Victoria
-37.88149,145.70486,2018.0,Victoria
-36.99356,148.5677,2016.0,Victoria
-37.27984,142.62253,2020.0,Victoria
-36.99279,147.15937,2021.0,Victoria
-37.2188,147.4101,2017.0,Victoria
-38.35855,145.44167,2021.0,Victoria
-36.81267,148.03444,2021.0,Victoria
-38.345159,142.767077,2026.0,Victoria
-37.4159,148.94027,2018.0,Victoria
-38.453,143.392,2022.0,Victoria
-37.77439,148.84423,2021.0,Victoria
-35.7,144.2,2022.0,Victoria
-38.4,143.4,2025.0,Victoria
-38.3254,145.28661,2021.0,Victoria
-37.1588,147.901,2023.0,Victoria
-38.39019,145.12973,1994.0,Victoria
-38.38456,144.17495,2007.0,Victoria
-37.6231,147.58385,2011.0,Victoria
-34.95684,142.6263,1985.0,Victoria
-37.35936,147.65407,2017.0,Victoria
-37.1,143.5,2016.0,Victoria
-37.7606,145.855,2024.0,Victoria
-38.33877,145.44374,2021.0,Victoria
-38.19313,145.13775,2011.0,Victoria
-37.96331,145.597,2020.0,Victoria
-37.74019,142.00969,1985.0,Victoria
-37.68964,145.52264,2020.0,Victoria
-34.73554,142.3496,2017.0,Victoria
-37.08112,146.09426,2021.0,Victoria
-37.5583,145.60092,2014.0,Victoria
-37.3475,142.29111,2011.0,Victoria
-37.59218,146.16171,2022.0,Victoria
-37.78423,149.29915,1979.0,Victoria
-38.20272,141.70009,2018.0,Victoria
-38.4308,144.8431,2006.0,Victoria
-37.87415,141.46859,2014.0,Victoria
-38.4392,143.8353,2020.0,Victoria
-37.7,145.0,2022.0,Victoria
-38.40534,145.38588,2021.0,Victoria
-38.03162,141.17033,2015.0,Victoria
-37.0,145.7,2016.0,Victoria
-36.8,141.8,2023.0,Victoria
-37.71282,144.993103,2025.0,Victoria
-36.8382,146.495,2023.0,Victoria
-38.176125,145.132689,2025.0,Victoria
-38.4754,143.9479,2013.0,Victoria
-38.01404,141.06623,2016.0,Victoria
-38.79015,146.12632,1977.0,Victoria
-38.02825,141.18677,2013.0,Victoria
-38.40752,144.84152,2012.0,Victoria
-37.83,144.98,1981.0,Victoria
-36.2044,146.95456,2011.0,Victoria
-37.1,144.3,2024.0,Victoria
-37.24802,147.92663,2021.0,Victoria
-38.11905,145.16755,2007.0,Victoria
-38.4,141.5,2023.0,Victoria
-37.741299,144.966611,2025.0,Victoria
-38.31168,145.4233,2021.0,Victoria
-34.68836,142.37254,2019.0,Victoria
-37.0915,148.026,2023.0,Victoria
-37.67222,144.98444,2009.0,Victoria
-38.05031,141.17777,2022.0,Victoria
-37.51369,149.26253,1991.0,Victoria
-37.43271,146.39194,2019.0,Victoria
-37.33191,148.32905,2016.0,Victoria
-36.948,148.27125,2022.0,Victoria
-38.00656,141.01312,2014.0,Victoria
-37.58611,148.66745,2019.0,Victoria
-38.3871,142.22486,2000.0,Victoria
-37.54635,145.59494,2020.0,Victoria
-37.1,144.3,2025.0,Victoria
-38.00656,141.01312,2014.0,Victoria
-37.22537,142.55058,2020.0,Victoria
-37.43932,147.42413,2017.0,Victoria
-37.58222,149.22466,2017.0,Victoria
-36.99454,147.17397,2020.0,Victoria
-37.79813,148.74133,2006.0,Victoria
-37.0,145.7,2020.0,Victoria
-38.2902,141.54304,1979.0,Victoria
-37.06341,146.45711,2022.0,Victoria
-38.32601,145.41315,2019.0,Victoria
-36.80637,146.92088,2021.0,Victoria
-38.25229,145.23739,2010.0,Victoria
-38.23205,145.49121,2011.0,Victoria
-37.82307,146.07852,2021.0,Victoria
-37.75,142.03,1984.0,Victoria
-37.9872,141.54091,2013.0,Victoria
-38.32683,145.41867,2021.0,Victoria
-38.1804,141.69274,2013.0,Victoria
-38.0273,141.0663,2019.0,Victoria
-37.54434,145.58963,2020.0,Victoria
-37.9,146.1,2015.0,Victoria
-38.19782,145.47377,2015.0,Victoria
-36.99062,148.40172,2017.0,Victoria
-36.85521,141.59424,2004.0,Victoria
-38.8,143.6,2024.0,Victoria
-36.8441,146.098,2024.0,Victoria
-38.34251,145.40866,2018.0,Victoria
-37.45614,142.41553,2020.0,Victoria
-37.87299,141.45799,2014.0,Victoria
-38.37348,146.45964,1978.0,Victoria
-36.79014,146.52628,1981.0,Victoria
-35.09017,143.14297,1986.0,Victoria
-37.62832,148.26251,2017.0,Victoria
-37.27765,148.30718,2022.0,Victoria
-38.01336,146.55768,2011.0,Victoria
-38.37176,145.34511,2021.0,Victoria
-36.9,147.3,2025.0,Victoria
-38.136198,146.498887,2025.0,Victoria
-37.9,144.7,2024.0,Victoria
-38.433007,146.553776,2013.0,Victoria
-37.8698,145.20019,2013.0,Victoria
-38.64641,143.79547,2018.0,Victoria
-38.40534,145.38588,2021.0,Victoria
-38.91854,146.40725,2021.0,Victoria
-37.42754,147.65457,2020.0,Victoria
-36.61668,141.79847,2019.0,Victoria
-37.08,148.48,1979.0,Victoria
-37.58034,148.18348,2017.0,Victoria
-36.92103,148.39321,2023.0,Victoria
-37.3069,145.31906,2011.0,Victoria
-37.72055,145.61997,2023.0,Victoria
-38.70683,145.62633,1991.0,Victoria
-37.7294,147.13243,2014.0,Victoria
-38.00684,144.40966,1976.0,Victoria
-38.61258,143.23736,2011.0,Victoria
-34.73793,142.35526,2017.0,Victoria
-37.35179,147.42261,2017.0,Victoria
-38.7,143.4,2025.0,Victoria
-38.6,143.7,2020.0,Victoria
-38.13063,145.67287,2018.0,Victoria
-37.697714,144.906463,2014.0,Victoria
-37.4513,145.39163,2014.0,Victoria
-37.30839,148.28958,2022.0,Victoria
-37.4,147.6,2015.0,Victoria
-38.29603,145.00522,2011.0,Victoria
-38.37741,144.90683,2008.0,Victoria
-38.2841,145.08901,1988.0,Victoria
-37.75,142.03,1984.0,Victoria
-38.26117,145.2359,1980.0,Victoria
-37.64839,148.3203,2017.0,Victoria
-34.72685,142.35351,2019.0,Victoria
-38.33798,145.4834,2019.0,Victoria
-36.34532,146.32091,1995.0,Victoria
-38.65519,143.41871,2023.0,Victoria
-35.38213,141.51434,2019.0,Victoria
-37.4579,148.49019,2017.0,Victoria
-38.38874,145.34953,2021.0,Victoria
-37.6818,146.35172,2012.0,Victoria
-36.9817,148.39601,2017.0,Victoria
-37.90709,141.46967,2015.0,Victoria
-36.70681,145.79295,1976.0,Victoria
-37.28917,148.32301,2011.0,Victoria
-36.97347,146.94294,1979.0,Victoria
-38.2165,145.32605,2011.0,Victoria
-38.8,143.5,2024.0,Victoria
-37.49302,148.97374,2019.0,Victoria
-37.1723,147.188,2022.0,Victoria
-38.41488,145.34667,2021.0,Victoria
-37.67111,144.86444,2009.0,Victoria
-37.7132,148.95582,2020.0,Victoria
-37.35146,142.6243,2020.0,Victoria
-38.31301,145.29438,2021.0,Victoria
-38.8,143.4,2025.0,Victoria
-37.5614,142.40879,2011.0,Victoria
-36.86807,145.89284,2017.0,Victoria
-37.33392,148.30345,2020.0,Victoria
-38.02737,141.11412,2013.0,Victoria
-38.37006,145.37019,2019.0,Victoria
-37.22656,148.74846,2021.0,Victoria
-37.9,142.0,2022.0,Victoria
-37.19618,148.97802,2016.0,Victoria
-37.389062,144.26715,2019.0,Victoria
-37.54013,147.20961,1978.0,Victoria
-37.9072,145.56418,2013.0,Victoria
-37.75202,147.92279,2018.0,Victoria
-38.54016,145.37633,1981.0,Victoria
-38.19751,142.0755,2002.0,Victoria
-38.41617,144.0674,1999.0,Victoria
-36.9534,148.31146,2009.0,Victoria
-37.88345,145.76634,2020.0,Victoria
-37.44256,148.10317,2021.0,Victoria
-38.03494,141.18975,2022.0,Victoria
-38.34935,145.36847,2019.0,Victoria
-37.2964,148.29348,2020.0,Victoria
-37.8,145.1,2015.0,Victoria
-37.58,148.17,1979.0,Victoria
-38.2,145.3,2021.0,Victoria
-36.40598,141.53497,2013.0,Victoria
-38.4,145.4,2021.0,Victoria
-36.52175,145.72019,2019.0,Victoria
-38.62351,143.85968,1974.0,Victoria
-37.61358,146.1479,2011.0,Victoria
-36.83183,144.48667,2003.0,Victoria
-35.5622,142.04,2022.0,Victoria
-38.42743,146.50277,2015.0,Victoria
-37.17667,148.76077,2019.0,Victoria
-37.9,145.2,2020.0,Victoria
-38.37846,145.27956,2021.0,Victoria
-35.9,144.3,2021.0,Victoria
-37.58765,145.09903,2003.0,Victoria
-37.46243,149.62574,2023.0,Victoria
-37.9,144.7,2018.0,Victoria
-38.355879,142.529038,2025.0,Victoria
-38.0,141.0,2024.0,Victoria
-37.28304,147.45418,2017.0,Victoria
-37.30317,148.26938,2012.0,Victoria
-36.0,144.1,2025.0,Victoria
-37.6322,146.01276,2022.0,Victoria
-37.7,141.5,2024.0,Victoria
-38.34461,143.39927,1996.0,Victoria
-37.39872,146.75135,2008.0,Victoria
-38.37383,145.34492,2021.0,Victoria
-37.3,145.8,2016.0,Victoria
-38.33877,145.44374,2021.0,Victoria
-37.82,145.37,1975.0,Victoria
-37.09291,148.31882,2023.0,Victoria
-38.6,145.3,2023.0,Victoria
-38.58776,143.43216,2018.0,Victoria
-37.203044,144.001744,2021.0,Victoria
-37.51994,142.41544,2020.0,Victoria
-38.4,144.9,2019.0,Victoria
-37.48172,149.33055,1991.0,Victoria
-36.0754,143.8034,2010.0,Victoria
-38.38639,145.32,2021.0,Victoria
-38.40529,145.38525,2021.0,Victoria
-38.00656,141.01312,2009.0,Victoria
-38.6,143.5,2021.0,Victoria
-36.92349,144.70964,1989.0,Victoria
-36.93324,148.40217,2021.0,Victoria
-37.59841,148.74594,2021.0,Victoria
-37.27984,142.62253,2020.0,Victoria
-37.89433,146.22278,2019.0,Victoria
-37.9,144.8,2024.0,Victoria
-36.090842,147.396645,2022.0,Victoria
-38.3254,145.28661,2021.0,Victoria
-38.75007,143.58363,2007.0,Victoria
-37.04543,148.32123,2020.0,Victoria
-37.9,145.4,2020.0,Victoria
-38.03162,141.17033,2015.0,Victoria
-38.92053,146.39884,2021.0,Victoria
-38.672221,143.498969,2016.0,Victoria
-38.3568,144.89773,2006.0,Victoria
-38.39215,145.12494,2013.0,Victoria
-38.02983,141.1444,2015.0,Victoria
-38.0168,141.10968,2016.0,Victoria
-37.11779,142.42323,2020.0,Victoria
-37.8,144.8,2020.0,Victoria
-37.2603,148.72764,2011.0,Victoria
-38.39557,144.22904,2018.0,Victoria
-38.03674,141.15684,2013.0,Victoria
-37.37141,147.46898,2017.0,Victoria
-37.37463,145.84259,2021.0,Victoria
-37.6793,146.22161,2013.0,Victoria
-37.35507,146.76324,2023.0,Victoria
-38.3741,144.23301,2017.0,Victoria
-36.70355,147.07875,2019.0,Victoria
-38.41903,146.48845,2015.0,Victoria
-37.48302,149.32418,2022.0,Victoria
-37.1424,143.704,2022.0,Victoria
-37.47709,148.66639,2017.0,Victoria
-35.33661,141.54623,2019.0,Victoria
-37.78,144.97,1982.0,Victoria
-38.081411,145.132611,2025.0,Victoria
-35.576856,142.052293,2021.0,Victoria
-36.6435,145.018,2022.0,Victoria
-35.48,141.93,1981.0,Victoria
-36.1,146.9,2026.0,Victoria
-38.04361,141.16181,2016.0,Victoria
-37.87347,147.54295,1977.0,Victoria
-38.4999,143.9815,2012.0,Victoria
-37.02279,146.63083,1996.0,Victoria
-37.88265,145.76703,2020.0,Victoria
-37.635,145.868,2024.0,Victoria
-37.29801,148.31393,2013.0,Victoria
-37.09273,148.38407,2021.0,Victoria
-34.305109,142.195005,2022.0,Victoria
-37.1,144.1,2020.0,Victoria
-37.4087,147.55075,2017.0,Victoria
-38.60944,143.38323,2011.0,Victoria
-37.40789,142.44712,2020.0,Victoria
-38.32774,145.2865,2021.0,Victoria
-38.39211,144.92244,2001.0,Victoria
-38.66106,143.4049,2023.0,Victoria
-37.36558,142.47861,2020.0,Victoria
-37.25694,147.37727,2017.0,Victoria
-37.4,144.1,2023.0,Victoria
-37.22481,142.58375,2020.0,Victoria
-36.4,141.8,2019.0,Victoria
-38.7,146.1,2021.0,Victoria
-36.97408,148.26122,2021.0,Victoria
-37.6592,147.5773,2008.0,Victoria
-37.81839,145.87135,1991.0,Victoria
-37.98666,141.53835,2019.0,Victoria
-36.94422,148.39101,2021.0,Victoria
-37.41891,149.3524,2019.0,Victoria
-36.130371,147.00267,2014.0,Victoria
-38.8,143.5,2015.0,Victoria
-37.788843,144.939705,2021.0,Victoria
-38.05029,141.18984,2019.0,Victoria
-36.8383,146.199,2024.0,Victoria
-38.03685,141.03402,2013.0,Victoria
-37.2,147.4,2017.0,Victoria
-36.57544,141.78996,2019.0,Victoria
-38.192253,145.353517,2025.0,Victoria
-37.389062,144.26715,2025.0,Victoria
-37.10099,148.76081,2020.0,Victoria
-37.90484,141.41937,2014.0,Victoria
-38.93926,146.26884,2022.0,Victoria
-37.58371,146.24191,2023.0,Victoria
-37.74429,145.67953,1994.0,Victoria
-37.12817,148.85491,2016.0,Victoria
-37.79865,145.55022,1993.0,Victoria
-37.8,144.8,2017.0,Victoria
-36.79017,143.67632,1983.0,Victoria
-38.0,144.4,2023.0,Victoria
-37.3116,142.233,2023.0,Victoria
-38.1,141.2,2025.0,Victoria
-37.12345,148.87625,1978.0,Victoria
-36.7,146.8,2021.0,Victoria
-37.991,145.8107,2014.0,Victoria
-38.0,141.2,2025.0,Victoria
-37.66803,145.88837,2001.0,Victoria
-37.8,145.0,2015.0,Victoria
-37.44603,147.67189,2020.0,Victoria
-37.31186,148.99738,2021.0,Victoria
-37.1178,148.28942,2017.0,Victoria
-37.6,142.6,2018.0,Victoria
-37.59001,146.20342,2018.0,Victoria
-34.3,142.2,2022.0,Victoria
-35.5,143.8,2025.0,Victoria
-38.07639,147.50839,2021.0,Victoria
-34.73546,142.38741,2019.0,Victoria
-37.2,147.6,2017.0,Victoria
-37.7,145.0,2025.0,Victoria
-37.34492,147.70194,2017.0,Victoria
-37.80322,147.13254,2011.0,Victoria
-36.49568,141.69343,2019.0,Victoria
-38.3463,144.1534,2014.0,Victoria
-38.5,144.1,2024.0,Victoria
-34.70399,142.32678,2017.0,Victoria
-38.05727,141.26153,2016.0,Victoria
-36.65627,145.94113,1993.0,Victoria
-37.68132,149.14448,2017.0,Victoria
-36.5,141.3,2022.0,Victoria
-38.6,143.5,2025.0,Victoria
-37.96804,146.41106,2022.0,Victoria
-37.87299,141.45799,2015.0,Victoria
-37.1,144.3,2024.0,Victoria
-37.665037,145.544337,2024.0,Victoria
-37.98443,141.55467,2019.0,Victoria
-37.30614,147.54699,2017.0,Victoria
-36.79114,146.54961,2021.0,Victoria
-37.04012,148.47625,1979.0,Victoria
-38.62351,143.79302,1982.0,Victoria
-36.88694,147.32917,2006.0,Victoria
-37.30812,147.4459,2017.0,Victoria
-37.51692,148.65276,2019.0,Victoria
-38.93417,146.24891,2019.0,Victoria
-36.88694,148.12961,2016.0,Victoria
-38.424782,146.601526,2015.0,Victoria
-34.155317,142.074142,2025.0,Victoria
-38.86789,146.27567,1994.0,Victoria
-37.51773,145.93356,2018.0,Victoria
-34.13663,141.84024,2020.0,Victoria
-37.2,147.7,2019.0,Victoria
-37.419,145.6128,2015.0,Victoria
-38.3164,145.37818,2018.0,Victoria
-37.0,142.5,2022.0,Victoria
-38.6,143.0,2025.0,Victoria
-37.27815,148.28898,2013.0,Victoria
-38.141,145.86609,2010.0,Victoria
-35.17,141.13,1981.0,Victoria
-38.7,143.7,2025.0,Victoria
-36.76,146.45,2023.0,Victoria
-36.97101,148.23741,2020.0,Victoria
-37.28008,148.2915,2022.0,Victoria
-37.1,142.3,2025.0,Victoria
-37.49981,148.65487,2018.0,Victoria
-37.1,144.3,2025.0,Victoria
-37.28304,147.45418,2017.0,Victoria
-37.87484,141.44188,2017.0,Victoria
-38.4,145.4,2021.0,Victoria
-37.2999,145.3192,2014.0,Victoria
-37.70704,149.4243,2017.0,Victoria
-37.2286,142.3823,2011.0,Victoria
-38.05263,145.36598,2019.0,Victoria
-37.48382,149.12567,2022.0,Victoria
-37.9568,147.12629,1977.0,Victoria
-38.37382,145.34485,2021.0,Victoria
-36.93331,147.27966,2021.0,Victoria
-37.10267,142.30762,2020.0,Victoria
-38.86215,146.24154,2017.0,Victoria
-37.665054,145.544312,2024.0,Victoria
-37.36234,142.46922,2022.0,Victoria
-38.2,144.7,2017.0,Victoria
-38.0,145.4,2017.0,Victoria
-37.476,145.53362,2013.0,Victoria
-38.7,143.1,2024.0,Victoria
-38.02448,141.12987,2016.0,Victoria
-38.44904,146.76349,1994.0,Victoria
-38.37382,145.34485,2021.0,Victoria
-37.8,144.6,2018.0,Victoria
-37.50997,145.53691,2022.0,Victoria
-37.2402,141.64302,1993.0,Victoria
-37.55457,146.1634,2019.0,Victoria
-38.01003,141.08239,2013.0,Victoria
-37.26927,147.52973,2017.0,Victoria
-38.059,146.502,2023.0,Victoria
-37.2305,148.94414,2018.0,Victoria
-37.5282,149.23857,2011.0,Victoria
-37.5,145.9,2020.0,Victoria
-37.26177,147.35755,2017.0,Victoria
-38.6,145.8,2024.0,Victoria
-38.6679,143.49392,1997.0,Victoria
-38.41977,145.3499,2021.0,Victoria
-34.3976,141.26843,1991.0,Victoria
-37.2,147.4,2017.0,Victoria
-36.67951,141.34442,1998.0,Victoria
-38.8,143.6,2024.0,Victoria
-38.90424,146.22631,2019.0,Victoria
-37.74758,141.99517,1984.0,Victoria
-38.6,143.7,2025.0,Victoria
-37.45614,142.41553,2020.0,Victoria
-37.7,143.9,2017.0,Victoria
-37.6367,146.3254,2013.0,Victoria
-38.38456,144.17495,2007.0,Victoria
-36.84278,145.97222,2020.0,Victoria
-34.68797,142.35267,2019.0,Victoria
-37.9,144.8,2021.0,Victoria
-37.32465,147.53943,2017.0,Victoria
-38.27009,145.99014,1981.0,Victoria
-37.54011,149.87624,1978.0,Victoria
-38.12353,141.62637,1980.0,Victoria
-37.5869,147.462,2023.0,Victoria
-35.17,141.13,1981.0,Victoria
-38.78647,143.56445,2007.0,Victoria
-38.4,145.4,2021.0,Victoria
-38.19747,141.72438,2022.0,Victoria
-37.35655,148.86993,2019.0,Victoria
-36.8,141.8,2021.0,Victoria
-37.29361,148.31403,2016.0,Victoria
-37.27257,147.45905,2017.0,Victoria
-36.29014,146.19294,1982.0,Victoria
-36.69922,147.33152,2020.0,Victoria
-36.98735,147.145,2020.0,Victoria
-37.96821,145.60433,2019.0,Victoria
-37.7,144.7,2015.0,Victoria
-38.08646,141.43191,2013.0,Victoria
-37.11597,148.82194,2016.0,Victoria
-37.5324,145.5695,2012.0,Victoria
-34.71161,142.33794,2019.0,Victoria
-38.31701,145.29266,2021.0,Victoria
-38.0,145.2,2023.0,Victoria
-37.66783,148.50657,2022.0,Victoria
-38.4196,146.91888,2023.0,Victoria
-37.51625,148.64019,2019.0,Victoria
-38.15728,141.49807,2019.0,Victoria
-36.043703,147.761945,2021.0,Victoria
-37.34492,147.70194,2017.0,Victoria
-38.39357,145.3925,2021.0,Victoria
-37.56647,145.6555,1988.0,Victoria
-37.5,145.9,2021.0,Victoria
-37.3753,147.55869,2017.0,Victoria
-38.19936,145.47112,2015.0,Victoria
-37.62859,148.81957,1999.0,Victoria
-37.91479,145.71884,2023.0,Victoria
-37.12068,148.37108,2016.0,Victoria
-38.6,145.4,2023.0,Victoria
-37.59362,145.98712,2023.0,Victoria
-37.3291,144.271,2024.0,Victoria
-37.35056,148.28377,2012.0,Victoria
-38.7487,143.27038,2010.0,Victoria
-38.05789,145.37175,2019.0,Victoria
-37.85523,146.22582,2018.0,Victoria
-37.35899,147.72893,2017.0,Victoria
-35.4,142.1,2019.0,Victoria
-36.61097,147.32051,1984.0,Victoria
-37.4151,145.529,2023.0,Victoria
-37.35146,142.6243,2020.0,Victoria
-37.6743,146.31933,2012.0,Victoria
-37.93137,145.34352,2017.0,Victoria
-37.35072,147.61991,2017.0,Victoria
-36.9896,147.14781,2020.0,Victoria
-37.90709,141.46967,2015.0,Victoria
-37.58086,148.46261,2018.0,Victoria
-38.37916,144.17429,2007.0,Victoria
-36.2044,146.95456,2013.0,Victoria
-37.8,146.2,2015.0,Victoria
-37.81281,144.98195,2003.0,Victoria
-37.29602,142.43675,2020.0,Victoria
-38.3321,145.28952,2021.0,Victoria
-37.56114,149.27869,1991.0,Victoria
-36.45501,147.70482,2020.0,Victoria
-36.8,141.8,2024.0,Victoria
-38.8,143.5,2025.0,Victoria
-37.39927,148.24364,2022.0,Victoria
-37.68331,145.86221,2023.0,Victoria
-37.70682,145.62631,1979.0,Victoria
-37.54011,149.87624,1978.0,Victoria
-38.34205,144.13644,2018.0,Victoria
-37.04451,146.89075,2020.0,Victoria
-37.49238,148.97707,2019.0,Victoria
-37.90816,141.97638,1979.0,Victoria
-37.71483,148.94977,2019.0,Victoria
-37.34492,147.70194,2017.0,Victoria
-37.32207,147.58726,2017.0,Victoria
-37.41148,148.63474,2017.0,Victoria
-37.3,145.2,2017.0,Victoria
-38.37348,146.20964,1978.0,Victoria
-37.30649,147.48753,2017.0,Victoria
-38.0,141.1,2025.0,Victoria
-37.70681,146.62629,1978.0,Victoria
-37.37985,147.57701,2017.0,Victoria
-38.5001,143.86474,2018.0,Victoria
-38.40026,145.27456,2019.0,Victoria
-37.14578,148.29235,2021.0,Victoria
-37.13722,142.51965,2004.0,Victoria
-38.6,143.6,2024.0,Victoria
-37.5229,148.62102,2019.0,Victoria
-38.92053,146.39884,2021.0,Victoria
-36.98531,147.15226,2020.0,Victoria
-37.39614,146.75423,2008.0,Victoria
-37.56585,145.08827,2016.0,Victoria
-37.43314,148.92218,2023.0,Victoria
-37.35146,142.6243,2020.0,Victoria
-38.172202,145.131836,2023.0,Victoria
-38.02568,145.40915,2017.0,Victoria
-37.35146,142.6243,2020.0,Victoria
-38.554065,145.34982,2021.0,Victoria
-37.42786,148.05975,2003.0,Victoria
-38.36925,145.44633,2021.0,Victoria
-37.88182,145.31798,1980.0,Victoria
-38.91716,146.41652,2021.0,Victoria
-37.0742,148.47159,2008.0,Victoria
-37.716932,143.834183,2020.0,Victoria
-37.6147,144.74148,1990.0,Victoria
-37.6618,147.63939,2011.0,Victoria
-38.57351,143.65969,1980.0,Victoria
-37.61414,148.77085,2018.0,Victoria
-38.33603,144.1246,2018.0,Victoria
-37.22378,147.93134,2021.0,Victoria
-37.6122,144.7433,2018.0,Victoria
-38.37846,145.27956,2021.0,Victoria
-37.41731,145.92444,2019.0,Victoria
-36.82653,145.69181,2018.0,Victoria
-36.93819,148.16883,2022.0,Victoria
-37.6,145.5,2015.0,Victoria
-37.5,145.8,2020.0,Victoria
-37.83,144.98,1981.0,Victoria
-37.1614,147.897,2023.0,Victoria
-34.71583,142.38518,2019.0,Victoria
-37.68891,149.17084,2017.0,Victoria
-37.7,143.9,2025.0,Victoria
-37.27984,142.62253,2020.0,Victoria
-38.39533,145.16967,1995.0,Victoria
-37.3532,148.26805,2015.0,Victoria
-38.6,143.2,2025.0,Victoria
-37.60587,148.63377,2017.0,Victoria
-37.85694,145.35944,2009.0,Victoria
-36.8,141.3,2024.0,Victoria
-38.38201,145.36823,2021.0,Victoria
-36.91798,148.40396,2022.0,Victoria
-37.2,142.6,2023.0,Victoria
-37.38761,148.26774,2021.0,Victoria
-37.80692,145.17294,1999.0,Victoria
-38.158778,145.157133,2024.0,Victoria
-38.63144,143.59603,1995.0,Victoria
-37.26177,147.35755,2017.0,Victoria
-37.68,144.43,1980.0,Victoria
-38.38389,145.35027,2021.0,Victoria
-34.74479,142.36497,2019.0,Victoria
-37.5807,147.5738,2008.0,Victoria
-38.39692,145.2954,2021.0,Victoria
-38.1,145.2,2015.0,Victoria
-36.6412,146.89,2023.0,Victoria
-38.33,142.35,1984.0,Victoria
-37.67237,148.78549,1993.0,Victoria
-36.975,147.979,2023.0,Victoria
-37.5659,145.34301,2014.0,Victoria
-37.5735,144.59299,1970.0,Victoria
-37.45614,142.41553,2020.0,Victoria
-37.8747,145.931,2024.0,Victoria
-38.15681,146.3763,1982.0,Victoria
-38.21327,145.04101,2014.0,Victoria
-37.29602,142.43675,2020.0,Victoria
-37.74019,141.99303,1983.0,Victoria
-37.58893,148.80709,2017.0,Victoria
-38.90307,146.2615,2019.0,Victoria
-38.056069,142.983732,2026.0,Victoria
-34.78648,142.5605,1987.0,Victoria
-37.27018,147.51485,2017.0,Victoria
-37.8067,145.19907,2017.0,Victoria
-37.42628,148.53468,2019.0,Victoria
-37.60655,148.78731,1992.0,Victoria
-37.9853,146.38123,1996.0,Victoria
-38.36661,145.43758,2021.0,Victoria
-37.9,144.8,2021.0,Victoria
-34.7,142.28,1981.0,Victoria
-37.35187,147.59905,2017.0,Victoria
-37.5614,142.40879,2011.0,Victoria
-37.09166,148.40885,2022.0,Victoria
-38.37061,145.37563,2021.0,Victoria
-37.3311,145.9632,2011.0,Victoria
-37.6276,145.3437,2019.0,Victoria
-38.98,146.27,1981.0,Victoria
-37.81909,145.97938,2020.0,Victoria
-37.1,144.3,2024.0,Victoria
-37.8,145.0,2015.0,Victoria
-38.4716,143.498,2022.0,Victoria
-37.8426,145.837,2024.0,Victoria
-37.45614,142.41553,2020.0,Victoria
-37.9,145.8,2020.0,Victoria
-37.2164,147.451,2024.0,Victoria
-36.97101,148.23741,2016.0,Victoria
-36.99692,146.72985,1995.0,Victoria
-37.74827,145.71514,2019.0,Victoria
-38.6,143.3,2025.0,Victoria
-37.37353,141.2097,1979.0,Victoria
-38.11011,141.42611,2017.0,Victoria
-38.05007,141.17744,2016.0,Victoria
-38.0967,146.39016,2010.0,Victoria
-37.6802,149.13904,2011.0,Victoria
-38.23105,145.4849,2011.0,Victoria
-36.9383,148.219,2023.0,Victoria
-38.39511,145.37629,2021.0,Victoria
-38.1256,145.43,1996.0,Victoria
-37.539,142.43756,2011.0,Victoria
-37.6,147.9,2017.0,Victoria
-38.19866,145.47303,2015.0,Victoria
-37.1454,142.25771,2020.0,Victoria
-37.1,142.5,2025.0,Victoria
-38.03685,145.131333,2023.0,Victoria
-38.40128,145.34691,2019.0,Victoria
-38.179132,145.134038,2024.0,Victoria
-37.6742,144.86702,2008.0,Victoria
-37.35179,147.42261,2017.0,Victoria
-38.02435,141.13823,2015.0,Victoria
-38.31121,145.4533,2021.0,Victoria
-38.02229,141.2458,2014.0,Victoria
-37.48105,145.38447,1983.0,Victoria
-37.7,145.12,1981.0,Victoria
-37.0509,142.486,2024.0,Victoria
-37.8,141.6,2024.0,Victoria
-37.32291,147.43278,2017.0,Victoria
-37.90325,141.43262,2008.0,Victoria
-38.15138,141.43938,2013.0,Victoria
-36.521797,145.720943,2018.0,Victoria
-37.40904,147.59136,2017.0,Victoria
-37.2751,142.43233,2020.0,Victoria
-34.52501,141.09777,1986.0,Victoria
-37.93467,145.34553,2016.0,Victoria
-38.31689,145.36093,2018.0,Victoria
-37.33949,148.45754,2016.0,Victoria
-36.86606,146.6523,2021.0,Victoria
-38.37846,145.27956,2021.0,Victoria
-37.62347,147.29295,1978.0,Victoria
-37.59421,146.20903,2018.0,Victoria
-34.717114,143.145599,2017.0,Victoria
-38.423805,146.587871,2020.0,Victoria
-37.9,147.9,2023.0,Victoria
-38.26551,145.05406,1988.0,Victoria
-38.5,143.8,2018.0,Victoria
-38.41972,145.34922,2015.0,Victoria
-37.4099,147.44742,2017.0,Victoria
-36.95109,148.29994,2017.0,Victoria
-38.5,143.9,2025.0,Victoria
-39.07375,146.4186,2021.0,Victoria
-37.55254,146.18193,2018.0,Victoria
-37.33476,148.29274,2011.0,Victoria
-37.95683,145.25965,1978.0,Victoria
-37.75,142.03,1984.0,Victoria
-37.71458,147.58156,2000.0,Victoria
-37.27018,147.51485,2017.0,Victoria
-38.36534,145.46014,2019.0,Victoria
-37.38794,145.94269,2021.0,Victoria
-37.20631,147.89546,2021.0,Victoria
-37.4491,149.34285,2021.0,Victoria
-37.37332,147.74364,2017.0,Victoria
-38.62622,143.62647,2018.0,Victoria
-37.22537,142.55058,2020.0,Victoria
-37.6,141.5,2017.0,Victoria
-35.8556,145.44287,2015.0,Victoria
-38.39636,145.2905,2021.0,Victoria
-37.7235,144.82632,1988.0,Victoria
-38.138226,146.495302,2023.0,Victoria
-36.72668,146.84167,1989.0,Victoria
-37.35078,148.25039,2020.0,Victoria
-37.08437,148.39384,2016.0,Victoria
-38.00088,141.55798,2013.0,Victoria
-37.76602,145.99896,2021.0,Victoria
-37.46998,145.98908,2021.0,Victoria
-37.24845,148.91792,1988.0,Victoria
-37.59716,143.42035,1993.0,Victoria
-38.50596,143.91257,1997.0,Victoria
-36.8,146.7,2023.0,Victoria
-35.05,141.73,1981.0,Victoria
-38.15916,141.44907,2019.0,Victoria
-37.09176,148.31637,2023.0,Victoria
-37.9,145.5,2025.0,Victoria
-37.15993,143.38381,1989.0,Victoria
-36.97588,148.22937,2022.0,Victoria
-38.1339,145.6587,2018.0,Victoria
-37.26177,147.35755,2017.0,Victoria
-37.50683,144.99298,1993.0,Victoria
-38.0611,145.4005,2011.0,Victoria
-36.12059,143.72969,2006.0,Victoria
-38.39017,144.19301,1981.0,Victoria
-38.0206,141.10992,2014.0,Victoria
-37.37526,142.28388,1976.0,Victoria
-38.2189,145.31885,2011.0,Victoria
-37.64252,148.73264,1998.0,Victoria
-37.22537,142.55058,2020.0,Victoria
-37.72657,148.72744,2017.0,Victoria
-37.38959,148.88075,2019.0,Victoria
-37.6322,147.6361,2008.0,Victoria
-37.5402,141.54303,1979.0,Victoria
-35.19512,142.13881,1998.0,Victoria
-37.80538,146.31877,2021.0,Victoria
-37.41444,148.90278,2017.0,Victoria
-38.34245,145.40869,2021.0,Victoria
-37.4539,144.3679,2016.0,Victoria
-38.1,145.3,2016.0,Victoria
-38.37846,145.27956,2021.0,Victoria
-36.522367,145.729977,2017.0,Victoria
-36.44621,146.77529,1998.0,Victoria
-36.96398,148.41167,2017.0,Victoria
-36.88369,148.0014,2022.0,Victoria
-38.345093,142.766194,2024.0,Victoria
-36.8,141.8,2023.0,Victoria
-36.49046,147.93123,2020.0,Victoria
-37.43458,145.9736,2022.0,Victoria
-38.06064,141.18621,2015.0,Victoria
-37.664655,145.544222,2025.0,Victoria
-37.8,147.6,2021.0,Victoria
-38.08322,147.46747,2021.0,Victoria
-37.9376,145.27591,2014.0,Victoria
-38.2969,145.31231,2021.0,Victoria
-37.6364,147.5701,2008.0,Victoria
-37.49212,149.08459,2019.0,Victoria
-38.7,143.5,2022.0,Victoria
-37.878,145.411,2020.0,Victoria
-37.77967,148.18228,2021.0,Victoria
-38.41488,145.3466,2021.0,Victoria
-38.37875,145.3137,2021.0,Victoria
-38.58714,146.93756,1991.0,Victoria
-37.469,149.42152,2012.0,Victoria
-36.97681,147.12241,2021.0,Victoria
-38.88674,146.26405,2019.0,Victoria
-37.58246,149.56648,2021.0,Victoria
-37.3032,147.53117,2017.0,Victoria
-38.02983,141.1444,2017.0,Victoria
-37.66073,146.49053,2020.0,Victoria
-38.19746,145.47131,2015.0,Victoria
-37.37502,147.67852,2017.0,Victoria
-38.4568,143.641,2022.0,Victoria
-37.91885,145.24411,1970.0,Victoria
-38.43265,144.92242,1987.0,Victoria
-37.35692,148.2814,2020.0,Victoria
-38.34245,145.40869,2021.0,Victoria
-38.33614,145.45449,2019.0,Victoria
-37.45614,142.41553,2020.0,Victoria
-37.6946,148.7234,2019.0,Victoria
-38.38199,145.3319,2019.0,Victoria
-37.42662,145.11524,2022.0,Victoria
-37.7129,147.90687,2012.0,Victoria
-37.4239,142.47683,2022.0,Victoria
-37.664688,145.544182,2025.0,Victoria
-37.44148,149.01092,2016.0,Victoria
-37.2,147.9,2013.0,Victoria
-38.40534,145.38588,2021.0,Victoria
-38.3973,144.92057,2003.0,Victoria
-37.79016,145.37631,1970.0,Victoria
-36.8229,146.058,2023.0,Victoria
-37.81281,144.98195,2003.0,Victoria
-38.31706,145.29261,2021.0,Victoria
-37.08728,148.41396,2021.0,Victoria
-37.9259,145.5565,2014.0,Victoria
-36.986658,142.430611,2025.0,Victoria
-37.53225,149.0879,2019.0,Victoria
-37.29655,148.26726,2016.0,Victoria
-37.6592,147.5773,2008.0,Victoria
-37.3316,142.657,2023.0,Victoria
-38.34281,145.48733,2021.0,Victoria
-38.34016,145.27632,1988.0,Victoria
-37.0635,148.3388,2021.0,Victoria
-38.2,144.7,2017.0,Victoria
-38.7,143.3,2025.0,Victoria
-37.70687,141.2097,1979.0,Victoria
-37.3976,145.31085,2013.0,Victoria
-38.00938,141.12905,2008.0,Victoria
-37.0872,148.35564,2006.0,Victoria
-37.49832,149.32448,2020.0,Victoria
-38.39352,145.30942,2018.0,Victoria
-37.6202,147.611,2008.0,Victoria
-37.58202,145.97296,2023.0,Victoria
-36.88127,148.33025,2017.0,Victoria
-37.88595,141.49107,2017.0,Victoria
-38.2283,144.0487,1991.0,Victoria
-37.9,146.2,2015.0,Victoria
-37.53806,149.06908,2017.0,Victoria
-37.40906,149.52266,2021.0,Victoria
-36.953,144.4871,1999.0,Victoria
-37.6753,145.76019,2013.0,Victoria
-36.86712,147.53475,1983.0,Victoria
-36.78354,146.5387,2021.0,Victoria
-37.3,145.2,2017.0,Victoria
-36.95021,148.39838,2017.0,Victoria
-36.45421,147.70415,2020.0,Victoria
-37.49794,148.33792,2017.0,Victoria
-37.71108,148.95081,2020.0,Victoria
-37.538,147.29693,2015.0,Victoria
-38.10554,145.15784,2010.0,Victoria
-37.38501,148.27475,2021.0,Victoria
-36.56106,141.97188,2019.0,Victoria
-37.31395,148.31764,2016.0,Victoria
-37.7,144.8,2025.0,Victoria
-37.1,146.0,2016.0,Victoria
-37.1,147.9,2016.0,Victoria
-38.20681,146.45964,1978.0,Victoria
-37.21733,147.90341,2021.0,Victoria
-38.4053,145.3852,2021.0,Victoria
-37.30614,147.54699,2017.0,Victoria
-37.8,145.6,2025.0,Victoria
-38.4,145.4,2024.0,Victoria
-38.06304,141.15093,2014.0,Victoria
-36.2331,145.678,2018.0,Victoria
-37.19101,146.3427,1969.0,Victoria
-38.4,146.4,2026.0,Victoria
-34.7,142.28,1981.0,Victoria
-37.3479,147.555,2024.0,Victoria
-37.761856,145.187878,2024.0,Victoria
-37.0,144.1,2021.0,Victoria
-37.9942,141.02713,2009.0,Victoria
-37.55924,148.62547,2017.0,Victoria
-37.64016,144.84298,1986.0,Victoria
-37.49108,149.26638,1993.0,Victoria
-38.02177,141.63781,2022.0,Victoria
-37.40313,149.47552,2021.0,Victoria
-37.27958,142.37395,2020.0,Victoria
-37.79016,145.37631,1978.0,Victoria
-38.53014,143.74284,2018.0,Victoria
-37.05674,148.42638,2016.0,Victoria
-37.87346,148.02627,1987.0,Victoria
-37.21896,147.42673,2017.0,Victoria
-37.8,147.6,2019.0,Victoria
-37.688766,143.996858,2023.0,Victoria
-37.73251,145.1986,1985.0,Victoria
-38.0231,141.08647,2017.0,Victoria
-38.10683,145.12632,1994.0,Victoria
-37.32393,147.57105,2017.0,Victoria
-38.163839,145.126344,2021.0,Victoria
-37.57786,148.99527,2022.0,Victoria
-38.2,145.2,2021.0,Victoria
-37.87699,142.03649,1980.0,Victoria
-37.461,144.353,2017.0,Victoria
-38.07176,147.50446,2021.0,Victoria
-38.74373,143.56873,2007.0,Victoria
-37.878,145.411,2020.0,Victoria
-38.42833,144.16722,2017.0,Victoria
-38.38433,145.35026,2021.0,Victoria
-34.76185,142.46122,2017.0,Victoria
-38.2819,144.5932,2019.0,Victoria
-38.39692,145.29546,2021.0,Victoria
-37.13467,146.54675,2022.0,Victoria
-38.3047,145.30267,2021.0,Victoria
-38.15959,143.62371,1997.0,Victoria
-37.409,145.87371,2013.0,Victoria
-38.2,142.7,2025.0,Victoria
-37.668,147.5955,2008.0,Victoria
-38.3937,145.31093,2021.0,Victoria
-38.36599,145.43247,2021.0,Victoria
-35.40058,141.49096,2019.0,Victoria
-38.0206,141.10992,2014.0,Victoria
-38.32227,144.32281,2001.0,Victoria
-37.4754,149.54968,2016.0,Victoria
-37.22481,142.58375,2020.0,Victoria
-37.37141,147.46898,2017.0,Victoria
-37.32238,142.34625,2020.0,Victoria
-38.20409,145.33008,2011.0,Victoria
-37.50169,145.83654,1992.0,Victoria
-37.64712,148.41298,2023.0,Victoria
-34.1126,141.17663,2013.0,Victoria
-37.59241,148.27497,2019.0,Victoria
-38.346433,142.765499,2023.0,Victoria
-37.6455,145.70085,2016.0,Victoria
-37.09895,146.49562,2021.0,Victoria
-38.9,143.5,2025.0,Victoria
-39.04015,146.29299,1977.0,Victoria
-37.35146,142.6243,2020.0,Victoria
-38.29015,145.3039,2021.0,Victoria
-38.2,144.6,2016.0,Victoria
-37.3904,142.26494,2020.0,Victoria
-38.90422,146.22601,2020.0,Victoria
-38.06821,147.5253,2021.0,Victoria
-37.948612,146.376323,2026.0,Victoria
-37.9,144.7,2017.0,Victoria
-36.12657,147.77416,1988.0,Victoria
-38.74364,143.58022,2007.0,Victoria
-38.2,143.1,2025.0,Victoria
-38.5455,145.5875,1973.0,Victoria
-37.96232,145.14063,1990.0,Victoria
-37.8778,145.39832,2020.0,Victoria
-38.88775,146.27196,2018.0,Victoria
-37.38794,145.94269,2021.0,Victoria
-36.160589,147.699229,2022.0,Victoria
-37.7,146.7,2016.0,Victoria
-38.32309,145.38736,2018.0,Victoria
-38.08846,141.411,2019.0,Victoria
-36.99335,147.1708,2020.0,Victoria
-36.12982,144.36483,1992.0,Victoria
-37.86714,145.91622,2021.0,Victoria
-38.39622,145.2919,2018.0,Victoria
-37.0,145.7,2020.0,Victoria
-37.49217,148.69764,2022.0,Victoria
-37.6887,146.30734,2012.0,Victoria
-37.1,146.4,2022.0,Victoria
-39.0,146.3,2016.0,Victoria
-37.2,144.4,2022.0,Victoria
-37.8194,145.98236,2012.0,Victoria
-37.7263,146.37211,2012.0,Victoria
-35.9,144.2,2025.0,Victoria
-37.27958,142.37395,2020.0,Victoria
-35.17,141.13,1981.0,Victoria
-36.88461,148.0858,2022.0,Victoria
-38.3162,145.44216,2018.0,Victoria
-37.28304,147.45418,2017.0,Victoria
-38.21327,141.7423,2017.0,Victoria
-37.70832,148.8244,2019.0,Victoria
-37.10267,142.30762,2020.0,Victoria
-37.56448,148.85869,2019.0,Victoria
-38.37061,145.37563,2021.0,Victoria
-37.12353,141.29303,1980.0,Victoria
-38.8,143.4,2025.0,Victoria
-37.4,145.8,2017.0,Victoria
-36.9321,148.166,2023.0,Victoria
-38.4016,143.00381,1995.0,Victoria
-36.39679,145.68374,1993.0,Victoria
-38.21135,145.04865,2003.0,Victoria
-37.1106,142.118,2023.0,Victoria
-37.6,145.7,2025.0,Victoria
-37.1,143.3,2016.0,Victoria
-37.62345,148.79292,1986.0,Victoria
-38.51896,143.86034,2001.0,Victoria
-34.75765,142.33794,2019.0,Victoria
-37.8172,144.55999,2014.0,Victoria
-37.45101,145.95768,2020.0,Victoria
-38.418,144.8692,2015.0,Victoria
-37.74019,141.99303,1983.0,Victoria
-38.05263,145.36598,2019.0,Victoria
-36.48163,141.65344,2019.0,Victoria
-38.37067,145.37519,2021.0,Victoria
-36.9757,147.979,2023.0,Victoria
-37.18392,148.06975,2021.0,Victoria
-38.5196,143.609,2022.0,Victoria
-38.138226,146.495302,2023.0,Victoria
-37.67501,144.88365,1999.0,Victoria
-37.92243,145.35717,2017.0,Victoria
-37.07091,146.76559,1997.0,Victoria
-38.3051,144.3183,2000.0,Victoria
-34.6,142.7,2024.0,Victoria
-37.19591,142.31239,2020.0,Victoria
-37.33799,147.94236,2022.0,Victoria
-38.17737,145.130792,2022.0,Victoria
-37.7348,146.14792,2012.0,Victoria
-37.32972,146.76628,2023.0,Victoria
-38.1,145.7,2026.0,Victoria
-37.7,144.6,2024.0,Victoria
-38.90424,146.22631,2019.0,Victoria
-38.0749,146.511,2023.0,Victoria
-38.64416,143.67117,1984.0,Victoria
-38.38525,145.35013,2021.0,Victoria
-37.78748,148.3272,2000.0,Victoria
-37.4567,145.19612,2015.0,Victoria
-37.4886,148.7042,2023.0,Victoria
-37.56415,148.52022,2019.0,Victoria
-34.69463,142.34858,2015.0,Victoria
-38.4,145.3,2023.0,Victoria
-37.4183,144.6736,2017.0,Victoria
-38.47445,143.88178,2018.0,Victoria
-37.5965,149.72537,2011.0,Victoria
-37.5,145.9,2021.0,Victoria
-37.90706,141.45614,2018.0,Victoria
-34.75544,142.34899,2015.0,Victoria
-37.6818,146.35172,2013.0,Victoria
-38.517161,145.11985,2024.0,Victoria
-36.07757,144.2067,1992.0,Victoria
-37.80514,146.30801,2021.0,Victoria
-37.3356,149.25165,2006.0,Victoria
-38.5,144.0,2024.0,Victoria
-36.4,143.6,2021.0,Victoria
-37.13208,148.83504,2018.0,Victoria
-37.4235,144.54299,1993.0,Victoria
-37.1429,146.53156,2022.0,Victoria
-38.80541,143.53039,2007.0,Victoria
-38.89305,146.24692,2019.0,Victoria
-37.2,144.4,2019.0,Victoria
-37.3565,148.86981,2019.0,Victoria
-36.94757,148.2327,2017.0,Victoria
-37.47562,145.41942,2015.0,Victoria
-36.68658,147.05439,2019.0,Victoria
-37.6443,145.89,2024.0,Victoria
-38.27417,145.56778,2008.0,Victoria
-37.26177,147.35755,2017.0,Victoria
-36.92895,146.78838,2020.0,Victoria
-37.32039,148.3266,2021.0,Victoria
-37.54445,148.65637,2019.0,Victoria
-37.82412,148.04292,2021.0,Victoria
-37.43904,148.59004,1991.0,Victoria
-38.32303,145.38738,2021.0,Victoria
-35.8737,145.15663,2015.0,Victoria
-37.78222,145.65145,2019.0,Victoria
-37.72059,144.89526,2006.0,Victoria
-37.38194,146.07123,2011.0,Victoria
-37.40727,145.52726,2018.0,Victoria
-38.40046,145.32863,2021.0,Victoria
-37.83111,144.71254,2010.0,Victoria
-37.55408,145.56933,2019.0,Victoria
-38.1,141.1,2025.0,Victoria
-37.7,145.7,2022.0,Victoria
-38.8011,143.5737,2021.0,Victoria
-38.24293,142.920386,2026.0,Victoria
-38.0,144.5,2020.0,Victoria
-38.134686,146.49668,2023.0,Victoria
-37.9,144.8,2023.0,Victoria
-37.53989,148.87164,2016.0,Victoria
-37.4453,148.58727,2011.0,Victoria
-38.7,143.1,2025.0,Victoria
-37.49228,148.97703,2019.0,Victoria
-37.3479,147.555,2024.0,Victoria
-37.27984,142.62253,2020.0,Victoria
-37.5158,145.24245,2020.0,Victoria
-37.27984,142.62253,2020.0,Victoria
-37.0012,147.17829,2020.0,Victoria
-37.7088,148.01117,2012.0,Victoria
-38.31168,145.42338,2021.0,Victoria
-38.02983,141.1444,2013.0,Victoria
-38.37004,145.0009,2005.0,Victoria
-37.92863,145.42592,1984.0,Victoria
-37.2561,142.459,2023.0,Victoria
-38.0,144.6,2025.0,Victoria
-35.7233,143.3731,2020.0,Victoria
-35.19017,143.10963,1986.0,Victoria
-36.59774,141.6528,2019.0,Victoria
-37.06481,146.463,2022.0,Victoria
-38.2,145.2,2016.0,Victoria
-37.8,145.0,2016.0,Victoria
-38.07585,146.4139,2021.0,Victoria
-36.7,146.9,2017.0,Victoria
-38.39176,145.37573,2018.0,Victoria
-38.18161,141.6622,2019.0,Victoria
-37.66538,148.51808,2023.0,Victoria
-37.5,145.9,2021.0,Victoria
-38.38038,145.3795,2021.0,Victoria
-38.16335,141.51948,2016.0,Victoria
-38.02983,141.1444,2016.0,Victoria
-36.521469,145.724673,2018.0,Victoria
-37.8002,145.794,2024.0,Victoria
-37.6019,147.531,2023.0,Victoria
-38.35944,145.4869,2021.0,Victoria
-37.56015,148.26064,2017.0,Victoria
-37.89952,145.86801,2020.0,Victoria
-37.6378,149.16269,2017.0,Victoria
-36.94494,146.48826,2021.0,Victoria
-37.405,145.503,2023.0,Victoria
-38.38738,141.6072,2017.0,Victoria
-39.1,146.4,2025.0,Victoria
-37.6729,146.35166,2012.0,Victoria
-37.3658,145.88298,2021.0,Victoria
-37.96804,146.41106,2022.0,Victoria
-38.37348,146.54297,1978.0,Victoria
-37.76614,145.96285,2019.0,Victoria
-37.314,142.30712,2011.0,Victoria
-37.36419,147.62834,2017.0,Victoria
-36.99335,147.1708,2021.0,Victoria
-38.38182,145.29413,2019.0,Victoria
-38.29,145.3035,2021.0,Victoria
-37.32033,148.32622,2016.0,Victoria
-37.18733,148.92013,2021.0,Victoria
-36.98082,148.47957,2020.0,Victoria
-34.42211,141.43911,2018.0,Victoria
-38.0092,145.80594,2014.0,Victoria
-37.2,147.8,2016.0,Victoria
-38.0168,141.10968,2015.0,Victoria
-38.89305,146.24692,2019.0,Victoria
-38.31701,145.2926,2021.0,Victoria
-38.34087,145.47907,2021.0,Victoria
-38.345387,145.278612,2025.0,Victoria
-38.00938,141.12905,2016.0,Victoria
-36.99335,147.1708,2020.0,Victoria
-35.33621,141.49074,2019.0,Victoria
-37.27958,142.37395,2020.0,Victoria
-38.17024,141.53983,2018.0,Victoria
-38.34618,145.3141,2021.0,Victoria
-37.75032,145.12666,1988.0,Victoria
-36.523351,145.726606,2019.0,Victoria
-38.345128,142.76605,2024.0,Victoria
-37.98414,145.87923,2019.0,Victoria
-38.6049,142.95416,2018.0,Victoria
-38.30483,145.30286,2021.0,Victoria
-38.173737,145.134785,2022.0,Victoria
-38.37383,145.34492,2021.0,Victoria
-36.96668,148.30467,2022.0,Victoria
-38.44014,146.94297,1977.0,Victoria
-37.2586,149.01578,2006.0,Victoria
-37.66958,149.52914,1991.0,Victoria
-38.5,143.3,2024.0,Victoria
-37.3,147.3,2015.0,Victoria
-37.9,145.2,2017.0,Victoria
-37.89015,145.80964,1973.0,Victoria
-38.21178,145.43608,2010.0,Victoria
-37.1551,142.7932,2020.0,Victoria
-36.8439,146.096,2024.0,Victoria
-38.06526,147.50855,2021.0,Victoria
-37.48366,149.36171,2022.0,Victoria
-37.29896,148.40657,1994.0,Victoria
-37.40549,146.74827,2008.0,Victoria
-38.35018,145.42256,2018.0,Victoria
-37.44761,149.57975,2021.0,Victoria
-37.28577,147.57882,2017.0,Victoria
-38.176292,145.133654,2025.0,Victoria
-38.41977,145.3499,2021.0,Victoria
-37.74019,142.02636,1984.0,Victoria
-38.57351,143.74302,1974.0,Victoria
-36.96187,148.44939,2020.0,Victoria
-38.20935,145.32853,2011.0,Victoria
-38.7,143.8,2025.0,Victoria
-37.7,143.6,2021.0,Victoria
-38.34498,145.30366,2021.0,Victoria
-37.7839,145.824,2024.0,Victoria
-38.0967,147.45655,2017.0,Victoria
-36.62896,146.66627,1972.0,Victoria
-38.21327,141.7423,2014.0,Victoria
-38.41954,145.3498,2021.0,Victoria
-37.35146,142.6243,2020.0,Victoria
-37.72121,145.61927,2023.0,Victoria
-38.76974,143.5375,2007.0,Victoria
-38.2836,145.01041,2011.0,Victoria
-38.32763,145.35896,2021.0,Victoria
-37.2,147.4,2015.0,Victoria
-38.60796,143.51596,1984.0,Victoria
-37.22537,142.55058,2020.0,Victoria
-37.2419,142.36272,2020.0,Victoria
-34.73978,142.39329,2019.0,Victoria
-38.138,147.44619,2021.0,Victoria
-37.9978,144.56694,2001.0,Victoria
-37.49487,148.60761,2023.0,Victoria
-37.8,145.0,2016.0,Victoria
-37.32033,148.32622,2013.0,Victoria
-38.02785,141.18714,2022.0,Victoria
-37.26889,141.30556,2009.0,Victoria
-38.423805,146.587871,2016.0,Victoria
-37.56699,144.69764,2003.0,Victoria
-37.33149,148.32256,2022.0,Victoria
-37.4016,146.75384,2023.0,Victoria
-37.53986,149.00089,2018.0,Victoria
-36.4693,140.99756,2019.0,Victoria
-37.35296,148.8305,2019.0,Victoria
-38.59452,143.7141,1997.0,Victoria
-38.10133,145.15536,1988.0,Victoria
-37.66592,144.51082,2021.0,Victoria
-37.665037,145.544337,2024.0,Victoria
-36.79657,146.68612,2022.0,Victoria
-38.34004,142.06044,2006.0,Victoria
-37.51443,148.66249,2019.0,Victoria
-37.31984,147.49021,2017.0,Victoria
-37.41144,147.42735,2017.0,Victoria
-36.2,147.7,2015.0,Victoria
-38.038047,145.340789,2023.0,Victoria
-36.63735,148.01436,2020.0,Victoria
-37.3,142.7,2023.0,Victoria
-37.86427,145.8642,2020.0,Victoria
-38.33952,145.48564,2021.0,Victoria
-37.33887,148.31669,2022.0,Victoria
-38.4,145.4,2022.0,Victoria
-38.3,144.4,2018.0,Victoria
-37.818054,144.9761,,Victoria
-37.5,147.3,2015.0,Victoria
-36.87185,145.13126,2019.0,Victoria
-37.8511,145.94413,2021.0,Victoria
-37.71369,144.04881,2006.0,Victoria
-37.2,144.4,2020.0,Victoria
-37.05158,147.09094,2023.0,Victoria
-36.92271,146.81043,2020.0,Victoria
-37.79012,148.54293,1979.0,Victoria
-37.22537,142.55058,2020.0,Victoria
-37.49849,145.94173,2020.0,Victoria
-38.30785,145.32671,2021.0,Victoria
-38.3,143.3,2025.0,Victoria
-37.2382,148.63865,2016.0,Victoria
-37.0933,142.96611,2013.0,Victoria
-37.41155,147.47004,2017.0,Victoria
-37.30261,148.30411,2011.0,Victoria
-37.36109,142.30638,2020.0,Victoria
-37.07732,148.45427,2016.0,Victoria
-37.33776,145.63711,2022.0,Victoria
-36.8,144.5,2024.0,Victoria
-37.79255,148.24598,2017.0,Victoria
-37.652901,143.888948,2025.0,Victoria
-38.38038,145.37959,2021.0,Victoria
-37.61017,148.98347,2017.0,Victoria
-37.22537,142.55058,2020.0,Victoria
-38.68511,143.45457,2023.0,Victoria
-38.42096,143.964,2018.0,Victoria
-36.67572,147.39124,2022.0,Victoria
-37.75764,147.71365,1999.0,Victoria
-37.30987,147.98784,2020.0,Victoria
-36.90435,147.07478,1998.0,Victoria
-38.85779,146.24696,1994.0,Victoria
-37.81651,145.86343,1991.0,Victoria
-36.4064,146.2077,2018.0,Victoria
-36.84017,143.24299,1975.0,Victoria
-37.283,143.374,2019.0,Victoria
-37.2,147.4,2017.0,Victoria
-38.86203,146.2349,2017.0,Victoria
-37.9418,145.693,2024.0,Victoria
-37.22481,142.58375,2020.0,Victoria
-37.4701,146.116,2019.0,Victoria
-38.37962,145.27883,2021.0,Victoria
-37.25694,147.37727,2017.0,Victoria
-38.17809,141.65277,2000.0,Victoria
-38.0,145.1,2025.0,Victoria
-38.430963,146.567679,2016.0,Victoria
-36.92309,148.38895,2023.0,Victoria
-38.37948,145.3463,2021.0,Victoria
-37.86546,146.22573,2019.0,Victoria
-37.81281,144.98195,2003.0,Victoria
-37.88453,147.28498,2022.0,Victoria
-38.20897,141.34852,2018.0,Victoria
-37.2492,149.04405,2021.0,Victoria
-37.19379,145.33766,1996.0,Victoria
-37.70865,148.32312,2017.0,Victoria
-37.28579,147.5318,2017.0,Victoria
-38.06304,141.15093,2014.0,Victoria
-37.71974,149.54332,1991.0,Victoria
-38.3434,143.40011,2013.0,Victoria
-37.8,145.9,2022.0,Victoria
-37.27194,142.91778,2005.0,Victoria
-37.2622,147.542,2024.0,Victoria
-38.04591,141.20495,2013.0,Victoria
-37.98,143.05,1980.0,Victoria
-37.67,148.005,2023.0,Victoria
-36.1858,146.7192,2019.0,Victoria
-38.28803,145.01022,2009.0,Victoria
-38.635214,145.792054,2026.0,Victoria
-37.26177,147.35755,2017.0,Victoria
-37.3464,142.495,2024.0,Victoria
-38.4,142.8,1974.0,Victoria
-38.3778,145.31377,2021.0,Victoria
-37.85105,144.75475,1990.0,Victoria
-38.242936,142.920299,2026.0,Victoria
-37.23567,149.06765,2018.0,Victoria
-37.71228,149.17759,2017.0,Victoria
-38.35604,145.27577,2021.0,Victoria
-37.6572,147.223,2014.0,Victoria
-37.1,144.3,2025.0,Victoria
-37.5662,145.557,1993.0,Victoria
-37.688766,143.996858,2023.0,Victoria
-38.4,144.1,2024.0,Victoria
-37.3325,144.8278,2005.0,Victoria
-37.59218,146.16171,2022.0,Victoria
-37.23972,142.90413,2014.0,Victoria
-38.21327,141.7423,2017.0,Victoria
-37.76574,145.96156,2019.0,Victoria
-36.171,146.67378,1995.0,Victoria
-37.28929,148.67564,2018.0,Victoria
-37.6,143.8,2015.0,Victoria
-38.21816,145.45415,2011.0,Victoria
-37.20497,147.88664,2019.0,Victoria
-38.69057,143.45236,2023.0,Victoria
-34.2,142.2,2016.0,Victoria
-37.6,149.2,2019.0,Victoria
-36.3075,143.207353,2022.0,Victoria
-37.74022,149.14799,1991.0,Victoria
-37.34515,147.08086,1997.0,Victoria
-38.37352,142.79303,1974.0,Victoria
-38.238877,142.911435,2025.0,Victoria
-37.30693,148.64476,2021.0,Victoria
-37.6139,149.54967,2018.0,Victoria
-37.25642,148.54669,2016.0,Victoria
-37.3531,147.601,2024.0,Victoria
-37.9321,140.21795,2021.0,Victoria
-37.40904,147.59136,2017.0,Victoria
-36.79992,147.44579,2022.0,Victoria
-37.42583,145.235,2005.0,Victoria
-37.3638,142.33096,2022.0,Victoria
-37.4,146.4,2017.0,Victoria
-36.99265,147.17613,2020.0,Victoria
-38.31039,145.30188,2021.0,Victoria
-38.61811,142.996338,2025.0,Victoria
-37.7,149.5,2019.0,Victoria
-37.88212,145.73637,2019.0,Victoria
-38.3579,144.1714,2018.0,Victoria
-37.79002,145.65411,2019.0,Victoria
-37.49716,146.37217,2020.0,Victoria
-37.2076,147.91748,2021.0,Victoria
-37.3775,142.543,2023.0,Victoria
-37.02001,147.27671,2021.0,Victoria
-37.28008,148.2915,2022.0,Victoria
-37.28579,147.5318,2017.0,Victoria
-37.4513,145.39163,2015.0,Victoria
-37.29074,148.9852,2016.0,Victoria
-37.2643,145.6306,2019.0,Victoria
-38.29588,145.30304,2021.0,Victoria
-37.08228,148.31311,2021.0,Victoria
-37.2,147.4,2016.0,Victoria
-37.635,145.35228,2013.0,Victoria
-38.7,143.7,2022.0,Victoria
-38.9,146.3,2023.0,Victoria
-37.28579,147.5318,2017.0,Victoria
-37.4998,145.40962,2013.0,Victoria
-37.8,144.9,2026.0,Victoria
-37.688766,143.996858,2025.0,Victoria
-37.90577,144.64959,1987.0,Victoria
-37.27958,142.37395,2020.0,Victoria
-36.9951,147.988,2023.0,Victoria
-37.8,145.1,2015.0,Victoria
-37.5,145.2,2017.0,Victoria
-37.51404,148.65342,2019.0,Victoria
-37.60817,148.79241,2022.0,Victoria
-38.36599,145.43247,2021.0,Victoria
-37.31395,148.3119,2012.0,Victoria
-38.33939,144.94797,2000.0,Victoria
-37.5,145.9,2022.0,Victoria
-37.6608,146.04925,2016.0,Victoria
-37.89392,145.28116,2020.0,Victoria
-38.34245,145.40869,2021.0,Victoria
-37.87,145.38,2025.0,Victoria
-37.5982,148.6271,2019.0,Victoria
-37.6,143.8,2017.0,Victoria
-36.48781,141.73235,2019.0,Victoria
-38.0231,141.08647,2013.0,Victoria
-37.32215,142.45722,2020.0,Victoria
-37.72486,148.65768,2017.0,Victoria
-38.39969,145.38062,2021.0,Victoria
-37.79191,148.16373,2000.0,Victoria
-37.79937,148.66686,2019.0,Victoria
-38.379,144.8711,2005.0,Victoria
-37.84031,144.71189,2004.0,Victoria
-38.08414,147.45825,2021.0,Victoria
-37.02807,148.4488,2020.0,Victoria
-36.93606,148.23801,2017.0,Victoria
-38.4,145.4,2021.0,Victoria
-38.32763,145.35896,2021.0,Victoria
-37.397,147.423,2024.0,Victoria
-36.142037,147.733613,2022.0,Victoria
-37.59331,146.20236,2018.0,Victoria
-38.4307,144.84095,2012.0,Victoria
-37.30833,148.28934,2021.0,Victoria
-38.41483,145.34665,2021.0,Victoria
-38.24333,145.24776,1979.0,Victoria
-37.53918,145.79974,1993.0,Victoria
-37.79956,148.14638,2017.0,Victoria
-37.66174,149.26968,2017.0,Victoria
-37.27984,142.62253,2020.0,Victoria
-37.58086,148.46261,2018.0,Victoria
-37.96648,141.53067,2018.0,Victoria
-37.0894,148.042,2023.0,Victoria
-37.36109,142.30638,2020.0,Victoria
-38.78195,143.57319,2007.0,Victoria
-37.87918,144.07735,2010.0,Victoria
-38.69784,143.45502,2023.0,Victoria
-37.7611,145.856,2024.0,Victoria
-37.95687,141.7097,1980.0,Victoria
-37.67644,149.13708,1992.0,Victoria
-37.79011,149.29292,1979.0,Victoria
-37.50283,148.53709,2002.0,Victoria
-36.50321,146.34298,1996.0,Victoria
-38.36354,145.43563,2021.0,Victoria
-36.9896,147.14781,2020.0,Victoria
-38.38367,145.35046,2018.0,Victoria
-37.55254,146.18193,2018.0,Victoria
-37.09536,148.30253,2021.0,Victoria
-37.64157,145.242751,2024.0,Victoria
-37.25679,148.45959,1979.0,Victoria
-37.45736,149.10616,2016.0,Victoria
-38.00069,141.0464,2013.0,Victoria
-37.96648,141.53067,2019.0,Victoria
-37.57813,145.36539,1980.0,Victoria
-37.22492,148.94246,2018.0,Victoria
-38.41483,145.34665,2021.0,Victoria
-37.2131,147.843,2024.0,Victoria
-37.75683,144.84299,1988.0,Victoria
-36.84459,147.26456,2020.0,Victoria
-38.5192,143.608,2022.0,Victoria
-37.93506,143.59067,2000.0,Victoria
-35.48,141.93,1967.0,Victoria
-36.12306,147.60806,2005.0,Victoria
-36.7832,143.261,2022.0,Victoria
-37.49515,148.16937,2021.0,Victoria
-38.09056,145.14169,2011.0,Victoria
-37.7,145.0,2022.0,Victoria
-37.87133,145.08608,1988.0,Victoria
-37.7,144.7,2025.0,Victoria
-38.09303,147.45774,2021.0,Victoria
-36.87236,145.90508,2017.0,Victoria
-38.00656,141.01312,2009.0,Victoria
-38.3969,145.2954,2021.0,Victoria
-37.79555,148.40798,1993.0,Victoria
-37.35146,142.6243,2020.0,Victoria
-37.8,144.8,2025.0,Victoria
-37.7,144.9,2017.0,Victoria
-37.85601,144.1732,2016.0,Victoria
-38.40529,145.38525,2021.0,Victoria
-36.9,147.9,2017.0,Victoria
-37.05835,146.50741,2022.0,Victoria
-37.41479,148.75212,2021.0,Victoria
-38.6,143.9,2022.0,Victoria
-35.2,142.1,2023.0,Victoria
-37.5824,145.72046,2014.0,Victoria
-36.93668,147.18244,2019.0,Victoria
-38.09056,145.14169,2011.0,Victoria
-36.3,146.6,2025.0,Victoria
-37.3,145.5,2020.0,Victoria
-38.0902,141.9597,1984.0,Victoria
-37.177,148.75796,2019.0,Victoria
-35.8921,145.3585,2011.0,Victoria
-38.8,143.5,2023.0,Victoria
-36.94634,148.38284,2021.0,Victoria
-37.365,145.83966,2021.0,Victoria
-38.35355,145.44446,2021.0,Victoria
-37.33237,149.01258,2016.0,Victoria
-38.1,141.0,2015.0,Victoria
-38.40033,145.34713,2021.0,Victoria
-37.3884,142.552,2023.0,Victoria
-37.02807,148.4488,2021.0,Victoria
-35.9,144.3,2023.0,Victoria
-38.0393,141.19349,2022.0,Victoria
-37.69452,144.9507,2017.0,Victoria
-36.8616,146.09668,2013.0,Victoria
-37.35936,147.65407,2017.0,Victoria
-37.3989,145.59899,2012.0,Victoria
-37.96648,141.53067,2022.0,Victoria
-37.9245,144.62637,2023.0,Victoria
-38.33819,145.2993,2021.0,Victoria
-37.10267,142.30762,2020.0,Victoria
-38.10284,146.31722,2011.0,Victoria
-37.35146,142.6243,2020.0,Victoria
-37.665043,145.544292,2024.0,Victoria
-37.34762,148.31548,2016.0,Victoria
-38.3939,145.31475,2021.0,Victoria
-37.7,145.12,1981.0,Victoria
-38.7,143.3,2025.0,Victoria
-37.59626,143.42032,1993.0,Victoria
-37.27984,142.62253,2020.0,Victoria
-38.37948,145.34636,2021.0,Victoria
-38.19959,145.19296,2012.0,Victoria
-37.9,144.7,2024.0,Victoria
-38.32988,145.30369,2021.0,Victoria
-38.6,143.6,2023.0,Victoria
-37.1623,147.897,2023.0,Victoria
-35.25684,142.42631,1981.0,Victoria
-22.9,122.0,2016.0,Western Australia
-31.308333,118.133333,,Western Australia
-21.8,114.0,2016.0,Western Australia
-32.6,119.7,2011.0,Western Australia
-29.25,114.933333,,Western Australia
-22.8,113.8,2016.0,Western Australia
-33.8,116.4,2024.0,Western Australia
-32.7,115.8,2022.0,Western Australia
-34.8008,116.8943,2023.0,Western Australia
-28.9,114.7,2024.0,Western Australia
-32.8,116.8,2025.0,Western Australia
-21.8,114.0,2014.0,Western Australia
-22.4,113.8,2016.0,Western Australia
-30.0,117.0,2023.0,Western Australia
-24.7,113.6,2023.0,Western Australia
-33.7,120.6,2025.0,Western Australia
-31.695555,116.135,2018.0,Western Australia
-35.0,116.8,2016.0,Western Australia
-32.2,118.0,2024.0,Western Australia
-32.086533,115.789354,2023.0,Western Australia
-35.0,117.4,2018.0,Western Australia
-32.5,116.9,2015.0,Western Australia
-22.2,118.8,2016.0,Western Australia
-20.348989,119.738647,2021.0,Western Australia
-16.4,122.9,2017.0,Western Australia
-32.5,119.7,2015.0,Western Australia
-22.7,113.7,2014.0,Western Australia
-17.3,128.1,2024.0,Western Australia
-34.772839,116.87159,2023.0,Western Australia
-25.0,115.9,2016.0,Western Australia
-31.6,117.5,2025.0,Western Australia
-22.0,113.9,2013.0,Western Australia
-21.9,114.1,2016.0,Western Australia
-22.8,127.5,2016.0,Western Australia
-22.7,127.3,2015.0,Western Australia
-25.3,119.3,2016.0,Western Australia
-31.1,115.8,2025.0,Western Australia
-31.5,116.1,2025.0,Western Australia
-22.4,113.8,2017.0,Western Australia
-30.4,118.3,2019.0,Western Australia
-31.7,119.6,2025.0,Western Australia
-24.9,113.7,2023.0,Western Australia
-21.8,114.0,2015.0,Western Australia
-31.7,119.4,2019.0,Western Australia
-32.6,115.9,2017.0,Western Australia
-21.8,114.0,2013.0,Western Australia
-33.9,117.4,2020.0,Western Australia
-31.7,117.2,2023.0,Western Australia
-15.6,128.8,2019.0,Western Australia
-31.663889,116.15833,2018.0,Western Australia
-18.3,125.6,2021.0,Western Australia
-28.6,114.6,2025.0,Western Australia
-21.8,114.0,2015.0,Western Australia
-29.8,117.0,2024.0,Western Australia
-22.4,113.8,2016.0,Western Australia
-32.1,119.2,2025.0,Western Australia
-22.4,113.8,2016.0,Western Australia
-32.0,115.5,,Western Australia
-21.8,114.0,2014.0,Western Australia
-31.65,127.433333,,Western Australia
-31.681035,128.816093,2025.0,Western Australia
-31.2,115.4,2021.0,Western Australia
-22.4,113.8,2016.0,Western Australia
-32.0,116.1,2017.0,Western Australia
-32.8,117.1,2020.0,Western Australia
-23.1,113.8,2016.0,Western Australia
-32.061638,115.97708,2016.0,Western Australia
-21.568351,117.068316,2024.0,Western Australia
-31.9,119.8,2020.0,Western Australia
-33.829312,121.292227,2018.0,Western Australia
-31.5,116.4,2025.0,Western Australia
-33.9,115.1,2021.0,Western Australia
-22.4,113.8,2015.0,Western Australia
-34.621799,118.536136,2024.0,Western Australia
-33.3,117.3,2022.0,Western Australia
-20.8,120.4,2023.0,Western Australia
-22.8,113.8,2015.0,Western Australia
-31.9,115.833333,,Western Australia
-21.8,114.0,2016.0,Western Australia
-21.8,114.0,2018.0,Western Australia
-21.8,114.2,2014.0,Western Australia
-27.5,114.7,2018.0,Western Australia
-26.2,121.2,2017.0,Western Australia
-31.695833,116.12028,2018.0,Western Australia
-22.1,113.9,2013.0,Western Australia
-27.9,120.7,2018.0,Western Australia
-29.9,117.4,2024.0,Western Australia
-17.292951,123.608389,2023.0,Western Australia
-34.3,117.5,2020.0,Western Australia
-22.8,113.8,2017.0,Western Australia
-28.2,121.0,2023.0,Western Australia
-22.4,113.8,2017.0,Western Australia
-23.1,113.8,2017.0,Western Australia
-31.8,116.0,2025.0,Western Australia
-30.0,117.9,2020.0,Western Australia
-32.7,115.8,2021.0,Western Australia
-32.5,115.8,2017.0,Western Australia
-28.1,114.3,2018.0,Western Australia
-31.3,119.6,2025.0,Western Australia
-25.5,114.6,2016.0,Western Australia
-22.4,113.8,2015.0,Western Australia
-30.3,115.2,2017.0,Western Australia
-21.8,114.0,2014.0,Western Australia
-31.7,115.7,2023.0,Western Australia
-31.8,115.9,2023.0,Western Australia
-32.1,118.3,2025.0,Western Australia
-31.6,116.4,2024.0,Western Australia
-22.4,113.8,2015.0,Western Australia
-22.7,113.7,2016.0,Western Australia
-32.8,116.8,2025.0,Western Australia
-31.5,116.1,2025.0,Western Australia
-32.0,116.1,2025.0,Western Australia
-21.8,114.0,2015.0,Western Australia
-28.8,114.6,2024.0,Western Australia
-17.3,123.6,2016.0,Western Australia
-32.0,117.4,2017.0,Western Australia
-34.753271,116.615554,2024.0,Western Australia
-32.8,117.0,2021.0,Western Australia
-16.7,125.9,2019.0,Western Australia
-21.8,114.2,2013.0,Western Australia
-32.0,115.9,2016.0,Western Australia
-31.8,116.0,2023.0,Western Australia
-29.5,115.2,2019.0,Western Australia
-31.663889,116.15833,2018.0,Western Australia
-31.938889,115.852778,,Western Australia
-32.6,119.7,2013.0,Western Australia
-31.8,115.8,2017.0,Western Australia
-28.7,117.1,2022.0,Western Australia
-35.0,117.4,2017.0,Western Australia
-21.9,114.0,2016.0,Western Australia
-25.3,119.4,2019.0,Western Australia
-29.2678,127.1311,2004.0,Western Australia
-32.2,119.2,2024.0,Western Australia
-31.4,116.0,2016.0,Western Australia
-22.7,127.5,2016.0,Western Australia
-35.0,117.4,2017.0,Western Australia
-31.984394,127.041147,2022.0,Western Australia
-21.8,114.0,2015.0,Western Australia
-33.533333,118.316667,,Western Australia
-28.1,114.2,2018.0,Western Australia
-32.096531,115.772637,2024.0,Western Australia
-30.6,115.5,2024.0,Western Australia
-22.3,113.8,2017.0,Western Australia
-32.6,119.7,2016.0,Western Australia
-31.1,117.5,2024.0,Western Australia
-31.9,116.1,2025.0,Western Australia
-22.4,113.8,2016.0,Western Australia
-34.3,117.5,2020.0,Western Australia
-23.1,113.8,2016.0,Western Australia
-32.6,115.9,2017.0,Western Australia
-31.3,115.4,2023.0,Western Australia
-29.6,116.8,2024.0,Western Australia
-33.7,116.9,2024.0,Western Australia
-31.272778,116.16,,Western Australia
-34.2,117.1,2019.0,Western Australia
-28.6,114.6,2022.0,Western Australia
-22.4,113.8,2016.0,Western Australia
-30.8333,125.4167,1967.0,Western Australia
-33.7,119.0,2025.0,Western Australia
-32.2,116.8,2024.0,Western Australia
-22.7,113.7,2016.0,Western Australia
-20.447391,116.8222097,,Western Australia
-31.933333,115.866667,,Western Australia
-32.6,115.9,2017.0,Western Australia
-31.7,117.2,2023.0,Western Australia
-28.1,114.7,2022.0,Western Australia
-32.085861,115.818655,2024.0,Western Australia
-24.5,113.4,2017.0,Western Australia
-24.5,113.4,2017.0,Western Australia
-31.6,116.0,2016.0,Western Australia
-23.1,113.8,2017.0,Western Australia
-32.0,115.8,2015.0,Western Australia
-33.9,116.0,2016.0,Western Australia
-21.8,114.0,2017.0,Western Australia
-21.6,121.1,2023.0,Western Australia
-22.7,127.5,2016.0,Western Australia
-34.4,116.2,2015.0,Western Australia
-33.4,116.2,2015.0,Western Australia
-21.558333,118.948611,,Western Australia
-21.8,114.0,2016.0,Western Australia
-32.0,115.5,,Western Australia
-30.1,115.0,2023.0,Western Australia
-21.8,114.0,2016.0,Western Australia
-34.0,115.0,2017.0,Western Australia
-31.9,116.2,2025.0,Western Australia
-32.148078,121.746461,2022.0,Western Australia
-34.5,117.7,2019.0,Western Australia
-34.4,117.3,2019.0,Western Australia
-35.0,117.4,2020.0,Western Australia
-33.7,115.1,2017.0,Western Australia
-30.5,115.1,2023.0,Western Australia
-31.3,118.2,2015.0,Western Australia
-21.8,114.0,2017.0,Western Australia
-32.0,117.4,2016.0,Western Australia
-32.6,119.7,2016.0,Western Australia
-28.124647,124.081725,2022.0,Western Australia
-25.8,116.0,2015.0,Western Australia
-35.0,117.5,2017.0,Western Australia
-22.4,113.8,2016.0,Western Australia
-24.8468906,113.140017,,Western Australia
-31.272778,116.16,,Western Australia
-24.8,113.7,2017.0,Western Australia
-32.5,116.9,2015.0,Western Australia
-33.7,120.4,2017.0,Western Australia
-34.75097,116.632976,2024.0,Western Australia
-31.272778,116.16,,Western Australia
-31.8,115.9,2015.0,Western Australia
-34.8,117.7,2018.0,Western Australia
-33.833333,116.666667,,Western Australia
-32.8,119.7,2016.0,Western Australia
-32.6,119.7,2015.0,Western Australia
-26.2,121.3,2017.0,Western Australia
-22.6,114.0,2015.0,Western Australia
-21.8,114.0,2017.0,Western Australia
-34.2,117.4,2020.0,Western Australia
-32.6,119.7,2016.0,Western Australia
-29.0,114.9,2024.0,Western Australia
-27.8,117.3,2022.0,Western Australia
-22.8,127.8,2015.0,Western Australia
-34.0,117.2,2019.0,Western Australia
-20.5,119.5,2018.0,Western Australia
-23.1,113.8,2017.0,Western Australia
-22.5,115.2,2019.0,Western Australia
-31.459727,116.215432,2023.0,Western Australia
-22.4,113.8,2017.0,Western Australia
-32.2,119.8,2024.0,Western Australia
-35.0,117.4,2017.0,Western Australia
-33.1,118.5,2017.0,Western Australia
-22.3,113.8,2016.0,Western Australia
-34.987835,116.639555,2025.0,Western Australia
-14.898903,126.249008,2025.0,Western Australia
-29.05,128.433333,,Western Australia
-32.7,115.8,2020.0,Western Australia
-31.9,120.1,2019.0,Western Australia
-31.8,116.0,2024.0,Western Australia
-34.631833,118.524175,2024.0,Western Australia
-35.0,117.4,2019.0,Western Australia
-18.3,125.6,2016.0,Western Australia
-32.1,119.2,2023.0,Western Australia
-33.6,121.8,2025.0,Western Australia
-27.9,118.0,2021.0,Western Australia
-32.1,118.4,2025.0,Western Australia
-32.1,115.8,2024.0,Western Australia
-30.0,116.9,2025.0,Western Australia
-32.5,118.2,2024.0,Western Australia
-29.3,116.4,2023.0,Western Australia
-31.4,119.8,2020.0,Western Australia
-30.3,115.0,,Western Australia
-29.9,116.8,2024.0,Western Australia
-32.8,116.7,2021.0,Western Australia
-31.9,115.8,2025.0,Western Australia
-28.872222,114.633333,,Western Australia
-30.5,117.9,2017.0,Western Australia
-20.7,120.4,2025.0,Western Australia
-21.6049094,114.6819399,,Western Australia
-33.9,115.0,2024.0,Western Australia
-32.2,119.8,2023.0,Western Australia
-34.2,117.4,2019.0,Western Australia
-34.2,115.0,2024.0,Western Australia
-31.9,119.6,2024.0,Western Australia
-21.8,114.0,2017.0,Western Australia
-22.5,113.7,2016.0,Western Australia
-30.6,118.5,2019.0,Western Australia
-32.9,115.7,2025.0,Western Australia
-22.5,128.1,2014.0,Western Australia
-22.9,128.0,2015.0,Western Australia
-21.8,114.2,2015.0,Western Australia
-22.571505,117.305636,2025.0,Western Australia
-22.9,127.9,2016.0,Western Australia
-33.1,118.5,2017.0,Western Australia
-33.65,115.333333,,Western Australia
-31.8,116.0,2025.0,Western Australia
-33.0,120.0,2024.0,Western Australia
-26.2,121.2,2017.0,Western Australia
-27.9,120.7,2018.0,Western Australia
-26.8,114.6,2016.0,Western Australia
-28.9,118.3,2025.0,Western Australia
-17.4,124.9,2018.0,Western Australia
-21.8,114.1,2016.0,Western Australia
-31.8,116.0,2023.0,Western Australia
-22.1,113.9,2015.0,Western Australia
-21.8,114.1,2017.0,Western Australia
-34.8,118.2,2025.0,Western Australia
-23.209289,117.646186,2025.0,Western Australia
-31.433333,123.55,,Western Australia
-22.3,113.8,2015.0,Western Australia
-28.9,114.7,2020.0,Western Australia
-30.0,115.3,2016.0,Western Australia
-31.5,119.5,2024.0,Western Australia
-34.993496,116.650338,2025.0,Western Australia
-32.6,119.7,2013.0,Western Australia
-26.6,118.7,2018.0,Western Australia
-21.8,114.2,2016.0,Western Australia
-32.5,115.7,2019.0,Western Australia
-21.8,114.0,2017.0,Western Australia
-28.7,114.7,2024.0,Western Australia
-32.02808,115.900677,2023.0,Western Australia
-32.1,116.0,2024.0,Western Australia
-22.4,113.8,2015.0,Western Australia
-22.4,113.8,2016.0,Western Australia
-21.8,114.1,2017.0,Western Australia
-26.0,117.8,2023.0,Western Australia
-32.7,121.0,2024.0,Western Australia
-30.9,116.4,2017.0,Western Australia
-19.6,121.3,2019.0,Western Australia
-33.3,121.7,2024.0,Western Australia
-35.0,117.4,2017.0,Western Australia
-34.0,116.1,2024.0,Western Australia
-28.4,114.9,2023.0,Western Australia
-32.2,116.0,2025.0,Western Australia
-31.272778,116.16,,Western Australia
-30.1,115.0,2024.0,Western Australia
-31.1,119.2,2025.0,Western Australia
-29.6,115.5,2019.0,Western Australia
-21.8,114.0,2015.0,Western Australia
-32.0,118.1,2017.0,Western Australia
-30.6347,125.4661,2008.0,Western Australia
-31.6,116.0,2016.0,Western Australia
-29.2,116.4,2024.0,Western Australia
-31.8,115.9,2021.0,Western Australia
-34.9,117.9,2026.0,Western Australia
-18.0,125.2,2017.0,Western Australia
-21.8,114.2,2013.0,Western Australia
-32.0,115.8,2015.0,Western Australia
-32.0,116.1,2015.0,Western Australia
-33.9,122.8,2015.0,Western Australia
-33.6,115.5,2015.0,Western Australia
-31.1,117.8,2017.0,Western Australia
-22.4,113.8,2017.0,Western Australia
-21.8,114.1,2017.0,Western Australia
-33.1,115.9,2021.0,Western Australia
-25.893244,113.554754,2014.0,Western Australia
-21.0,120.7,2025.0,Western Australia
-22.4,127.9,2016.0,Western Australia
-31.6,118.0,2025.0,Western Australia
-22.4,113.8,2015.0,Western Australia
-17.9,122.3,2017.0,Western Australia
-18.3,125.6,2016.0,Western Australia
-31.4,115.9,2025.0,Western Australia
-28.8,114.6,2018.0,Western Australia
-33.1,115.8,2021.0,Western Australia
-31.9,116.0,2016.0,Western Australia
-33.8,116.4,2017.0,Western Australia
-32.2,115.8,2016.0,Western Australia
-31.95,115.85,,Western Australia
-22.7,127.5,2015.0,Western Australia
-21.8,114.2,2015.0,Western Australia
-30.738662,115.18418,2025.0,Western Australia
-32.0,117.4,2017.0,Western Australia
-30.3,117.7,2019.0,Western Australia
-33.4,116.1,2016.0,Western Australia
-31.629746,115.723637,2024.0,Western Australia
-34.214748,118.658961,2024.0,Western Australia
-18.2,125.6,2016.0,Western Australia
-29.4,117.7,2020.0,Western Australia
-20.5,118.6,2017.0,Western Australia
-23.1,113.8,2017.0,Western Australia
-32.7,115.8,2023.0,Western Australia
-30.2,117.9,2025.0,Western Australia
-30.1,115.6,2019.0,Western Australia
-25.14159,113.77592,2016.0,Western Australia
-22.8,127.5,2016.0,Western Australia
-32.9,119.9,2024.0,Western Australia
-22.4,113.8,2016.0,Western Australia
-28.766667,114.616667,,Western Australia
-24.5,113.4,2023.0,Western Australia
-32.6,119.7,2014.0,Western Australia
-33.5,117.4,2022.0,Western Australia
-25.833333,113.083333,,Western Australia
-32.2,115.8,2017.0,Western Australia
-32.6,119.7,2013.0,Western Australia
-22.7,117.8,2016.0,Western Australia
-32.8,115.7,2025.0,Western Australia
-24.6,113.5,2023.0,Western Australia
-31.8,119.5,2023.0,Western Australia
-31.9988913,115.501192,,Western Australia
-22.4,113.8,2017.0,Western Australia
-32.7,115.8,2020.0,Western Australia
-30.6,115.1,2020.0,Western Australia
-32.0565,115.79017,2024.0,Western Australia
-21.8,114.0,2006.0,Western Australia
-24.8,113.7,2024.0,Western Australia
-28.8,114.6,2016.0,Western Australia
-32.7,115.7,2026.0,Western Australia
-35.0,117.4,2020.0,Western Australia
-28.4,114.8,2018.0,Western Australia
-24.7,113.7,2023.0,Western Australia
-32.2,115.8,2016.0,Western Australia
-22.2,113.9,2015.0,Western Australia
-32.6,118.6,2017.0,Western Australia
-30.3,117.3,2024.0,Western Australia
-35.0,116.8,2022.0,Western Australia
-31.7,116.3,2017.0,Western Australia
-18.3,125.6,2016.0,Western Australia
-29.5333,115.7667,1980.0,Western Australia
-31.6,116.4,2024.0,Western Australia
-34.7,118.0,2024.0,Western Australia
-33.5,117.4,2022.0,Western Australia
-26.3,119.7,2023.0,Western Australia
-22.4,113.8,2016.0,Western Australia
-25.8,114.3,2023.0,Western Australia
-31.6,119.8,2023.0,Western Australia
-32.2,115.8,2017.0,Western Australia
-17.251165,125.307486,2015.0,Western Australia
-33.6,116.2,2024.0,Western Australia
-34.227654,115.890134,2016.0,Western Australia
-31.4,119.7,2025.0,Western Australia
-30.3,117.4,2024.0,Western Australia
-34.620915,118.526068,2024.0,Western Australia
-32.2,116.4,2017.0,Western Australia
-22.4,113.8,2017.0,Western Australia
-23.2,117.6,2016.0,Western Australia
-32.4,119.7,2018.0,Western Australia
-29.2,116.0,2023.0,Western Australia
-32.6,115.8,2017.0,Western Australia
-32.362684,115.987127,2025.0,Western Australia
-32.2,119.8,2023.0,Western Australia
-34.2,117.2,2020.0,Western Australia
-28.6,114.6,2023.0,Western Australia
-22.4,113.8,2016.0,Western Australia
-33.5,115.5,2025.0,Western Australia
-22.4,113.8,2016.0,Western Australia
-31.695833,116.12028,2018.0,Western Australia
