decimalLatitude,decimalLongitude,year,stateProvince
-35.262253,149.160325,2022.0,Australian Capital Territory
-35.297298,149.026958,2025.0,Australian Capital Territory
-35.3504,149.195,1992.0,Australian Capital Territory
-35.388113,149.122981,1993.0,Australian Capital Territory
-35.32735,149.019,1993.0,Australian Capital Territory
-35.256766,149.034832,1990.0,Australian Capital Territory
-35.128144,149.133792,2025.0,Australian Capital Territory
-35.453414,149.098388,2024.0,Australian Capital Territory
-35.270197,149.157958,2022.0,Australian Capital Territory
-35.6139,149.028,1992.0,Australian Capital Territory
-35.2558,149.041,1985.0,Australian Capital Territory
-35.312539,149.107382,2011.0,Australian Capital Territory
-35.234894,149.085159,2015.0,Australian Capital Territory
-35.208589,148.984878,2023.0,Australian Capital Territory
-35.2445,149.169,1992.0,Australian Capital Territory
-35.313805,149.156303,2020.0,Australian Capital Territory
-35.3552,149.026,1993.0,Australian Capital Territory
-35.416734,149.06724,,Australian Capital Territory
-35.358684,149.030074,2023.0,Australian Capital Territory
-35.457185,149.016082,,Australian Capital Territory
-35.239,149.126,1993.0,Australian Capital Territory
-35.155178,149.145471,2016.0,Australian Capital Territory
-35.3569,149.029,1994.0,Australian Capital Territory
-35.320059,149.206781,2018.0,Australian Capital Territory
-35.266526,149.042852,2023.0,Australian Capital Territory
-35.27812,149.109531,2022.0,Australian Capital Territory
-35.504612,149.06672,2020.0,Australian Capital Territory
-35.172762,149.06488,2019.0,Australian Capital Territory
-35.472275,149.13941,,Australian Capital Territory
-35.6,149.048,1991.0,Australian Capital Territory
-35.422824,149.126632,2025.0,Australian Capital Territory
-35.260167,149.028854,2011.0,Australian Capital Territory
-35.324902,149.097596,2020.0,Australian Capital Territory
-35.405961,149.122456,2019.0,Australian Capital Territory
-35.259459,149.156679,2015.0,Australian Capital Territory
-35.200118,149.011618,2025.0,Australian Capital Territory
-35.230614,149.190196,1993.0,Australian Capital Territory
-35.304231,149.156989,1992.0,Australian Capital Territory
-35.69778,149.007244,2022.0,Australian Capital Territory
-35.388087,149.132537,2019.0,Australian Capital Territory
-35.2287,149.145,1993.0,Australian Capital Territory
-35.4395,148.939,1993.0,Australian Capital Territory
-35.556905,149.090932,1993.0,Australian Capital Territory
-35.2874,149.089,1991.0,Australian Capital Territory
-35.4614,149.034,1992.0,Australian Capital Territory
-35.640805,148.798828,2019.0,Australian Capital Territory
-35.314142,149.096921,2016.0,Australian Capital Territory
-35.463325,148.917712,1992.0,Australian Capital Territory
-35.727057,148.990853,2015.0,Australian Capital Territory
-35.736103,148.996101,1998.0,Australian Capital Territory
-35.2159,149.055,1993.0,Australian Capital Territory
-35.3729,149.047,1993.0,Australian Capital Territory
-35.284208,149.119927,2020.0,Australian Capital Territory
-35.315912,149.161754,2019.0,Australian Capital Territory
-35.340772,149.231286,2015.0,Australian Capital Territory
-35.269186,149.179184,2022.0,Australian Capital Territory
-35.320658,149.196739,2015.0,Australian Capital Territory
-35.185679,149.022297,2012.0,Australian Capital Territory
-35.397682,149.061254,2022.0,Australian Capital Territory
-35.453259,149.109707,2011.0,Australian Capital Territory
-35.30647,149.169048,2021.0,Australian Capital Territory
-35.314576,149.162252,2025.0,Australian Capital Territory
-35.314688,149.161444,2017.0,Australian Capital Territory
-35.3274,149.019,1993.0,Australian Capital Territory
-30.563616,150.110443,2016.0,New South Wales
-28.784528,153.265136,,New South Wales
-34.191368,142.567815,2017.0,New South Wales
-30.345831,151.987187,2004.0,New South Wales
-33.401287,142.489965,2012.0,New South Wales
-34.038843,151.16133,2008.0,New South Wales
-31.774225,151.034182,2017.0,New South Wales
-36.55988,148.26448,2014.0,New South Wales
-30.642325,152.470206,2014.0,New South Wales
-36.092788,144.819583,2024.0,New South Wales
-30.36985,152.30007,2013.0,New South Wales
-34.760781,146.539031,,New South Wales
-32.802328,151.53873,,New South Wales
-35.114854,150.664391,,New South Wales
-35.87163,148.15979,2014.0,New South Wales
-31.44018,151.47775,2013.0,New South Wales
-33.77204,151.255206,2022.0,New South Wales
-30.519293,149.384731,2017.0,New South Wales
-33.340121,151.415871,2024.0,New South Wales
-35.931601,147.737496,2022.0,New South Wales
-35.18121,148.25099,2014.0,New South Wales
-29.00587,151.20944,2013.0,New South Wales
-33.810737,144.731495,2016.0,New South Wales
-33.854839,150.873055,2003.0,New South Wales
-31.61171,152.41547,2014.0,New South Wales
-33.42677,149.393042,2025.0,New South Wales
-34.496963,150.709001,2014.0,New South Wales
-36.55984,148.27007,2012.0,New South Wales
-33.645072,151.171373,2015.0,New South Wales
-29.82473,151.13337,2012.0,New South Wales
-36.55984,148.27007,2012.0,New South Wales
-33.694246,151.30346,2022.0,New South Wales
-33.828598,151.104487,2024.0,New South Wales
-36.24347,148.37086,2014.0,New South Wales
-30.406334,150.24991,2023.0,New South Wales
-35.588411,149.447515,2011.0,New South Wales
-33.52579,150.48712,2014.0,New South Wales
-34.319627,150.881374,2015.0,New South Wales
-34.10208,150.727837,2019.0,New South Wales
-36.55988,148.26448,2013.0,New South Wales
-34.126725,150.737527,,New South Wales
-34.618753,150.542781,2017.0,New South Wales
-33.931123,150.637882,2015.0,New South Wales
-34.499306,150.583175,2016.0,New South Wales
-33.778902,150.994275,2023.0,New South Wales
-30.407946,150.479889,2023.0,New South Wales
-36.389437,149.3984,,New South Wales
-33.951151,147.357391,,New South Wales
-34.686673,145.251712,2002.0,New South Wales
-34.003945,150.562275,,New South Wales
-33.805306,151.215824,2001.0,New South Wales
-35.475139,150.341742,2021.0,New South Wales
-33.7319,150.3039,2018.0,New South Wales
-35.37069,149.641888,2014.0,New South Wales
-33.812243,151.160889,2017.0,New South Wales
-29.95866,150.7615,2012.0,New South Wales
-33.777402,150.084423,2002.0,New South Wales
-34.245818,142.591901,2016.0,New South Wales
-33.805515,149.319198,2025.0,New South Wales
-29.319733,151.095602,,New South Wales
-34.209472,142.638321,2018.0,New South Wales
-37.133568,149.368797,1986.0,New South Wales
-33.49668,149.7617,2013.0,New South Wales
-35.607389,150.308611,2020.0,New South Wales
-35.293259,149.480354,2021.0,New South Wales
-33.803442,151.031505,2025.0,New South Wales
-34.031145,151.059448,2016.0,New South Wales
-34.230237,142.538185,2017.0,New South Wales
-34.430671,150.612885,2023.0,New South Wales
-33.644769,151.182054,2015.0,New South Wales
-31.965061,152.440959,2024.0,New South Wales
-36.507535,149.751992,,New South Wales
-33.80803,151.171242,2023.0,New South Wales
-36.504365,149.904294,1991.0,New South Wales
-33.48304,150.10683,2013.0,New South Wales
-34.078658,151.063931,2010.0,New South Wales
-30.899099,152.992175,2010.0,New South Wales
-31.07331,151.42688,2014.0,New South Wales
-34.08317,148.44504,2012.0,New South Wales
-36.55988,148.26448,2013.0,New South Wales
-33.370707,142.871911,2002.0,New South Wales
-31.701856,152.656595,,New South Wales
-33.54062,150.751309,2025.0,New South Wales
-33.83625,149.99867,2013.0,New South Wales
-30.546438,150.147806,2023.0,New South Wales
-32.191871,151.961494,2023.0,New South Wales
-33.617848,151.085117,2020.0,New South Wales
-30.658593,149.149674,2020.0,New South Wales
-34.52847,149.92708,2014.0,New South Wales
-36.354959,148.777241,2016.0,New South Wales
-30.653588,152.990649,1983.0,New South Wales
-33.739989,150.376778,2025.0,New South Wales
-36.55984,148.27007,2015.0,New South Wales
-32.333807,151.793628,,New South Wales
-33.292934,151.20485,2010.0,New South Wales
-33.751172,151.22649,2023.0,New South Wales
-37.019723,149.833906,1991.0,New South Wales
-33.354783,149.464376,,New South Wales
-34.18774,150.299306,2023.0,New South Wales
-34.429892,150.529709,2014.0,New South Wales
-33.330807,151.419337,2025.0,New South Wales
-34.618753,150.542781,2021.0,New South Wales
-33.642963,151.316515,2021.0,New South Wales
-30.86601,150.698667,2019.0,New South Wales
-33.168142,151.380362,2005.0,New South Wales
-34.61624,150.673405,2017.0,New South Wales
-33.367506,151.38288,2024.0,New South Wales
-31.43583,151.47704,2013.0,New South Wales
-34.277097,142.786439,2022.0,New South Wales
-32.614943,151.731702,,New South Wales
-31.82544,150.18992,2018.0,New South Wales
-30.491182,149.308234,2017.0,New South Wales
-30.616441,151.468623,,New South Wales
-34.08774,148.44507,2013.0,New South Wales
-36.55984,148.27007,2014.0,New South Wales
-29.69876,150.60348,2014.0,New South Wales
-33.068863,149.070763,,New South Wales
-34.235014,149.058788,,New South Wales
-34.742622,146.55536,2018.0,New South Wales
-33.83625,149.99867,2013.0,New South Wales
-33.6969,150.3943,2017.0,New South Wales
-35.68866,147.48336,2023.0,New South Wales
-36.663375,148.256737,1999.0,New South Wales
-33.842,149.2252,2014.0,New South Wales
-35.39961,148.43913,2014.0,New South Wales
-33.829418,151.193759,2026.0,New South Wales
-33.768746,151.011092,2021.0,New South Wales
-29.586228,153.051577,,New South Wales
-30.464899,152.844826,,New South Wales
-34.785416,150.547877,2017.0,New South Wales
-34.661026,150.570304,2017.0,New South Wales
-31.700627,149.707283,,New South Wales
-33.715192,151.075627,2016.0,New South Wales
-31.24076,152.817958,2018.0,New South Wales
-34.019026,151.071859,2022.0,New South Wales
-32.296466,151.985871,2024.0,New South Wales
-36.24347,148.37086,2014.0,New South Wales
-33.904401,151.25696,2021.0,New South Wales
-34.992725,150.618262,,New South Wales
-30.63508,149.232401,2020.0,New South Wales
-30.2791,150.838518,2024.0,New South Wales
-30.316786,150.279901,2022.0,New South Wales
-34.291337,150.23958,2023.0,New South Wales
-34.1082,148.5703,2025.0,New South Wales
-31.44018,151.47775,2013.0,New South Wales
-32.926077,147.661224,,New South Wales
-35.87163,148.15979,2013.0,New South Wales
-30.589038,149.230399,2017.0,New South Wales
-33.654053,150.809796,2025.0,New South Wales
-35.005172,143.365506,,New South Wales
-34.330112,150.776115,2017.0,New South Wales
-30.09675,151.25979,2012.0,New South Wales
-35.60776,148.375802,1982.0,New South Wales
-34.010755,151.078278,2016.0,New South Wales
-34.49638,150.566578,2014.0,New South Wales
-33.406362,151.433595,,New South Wales
-33.905921,150.801368,2004.0,New South Wales
-34.80854,150.02093,2013.0,New South Wales
-36.081715,149.855014,2008.0,New South Wales
-30.57343,151.00588,2012.0,New South Wales
-34.13959,148.63587,2012.0,New South Wales
-33.668121,151.156229,2015.0,New South Wales
-33.489169,151.442158,,New South Wales
-33.49243,149.7604,2013.0,New South Wales
-33.645072,151.171373,2015.0,New South Wales
-35.88295,147.88309,2014.0,New South Wales
-32.77465,152.115712,2011.0,New South Wales
-30.567364,149.229624,2017.0,New South Wales
-33.623245,150.182801,,New South Wales
-32.292871,151.963105,2017.0,New South Wales
-35.370435,149.636695,2013.0,New South Wales
-34.656766,150.695326,2023.0,New South Wales
-34.383957,150.354244,2023.0,New South Wales
-34.661026,150.570304,2020.0,New South Wales
-33.326374,151.457454,,New South Wales
-33.720802,150.496891,,New South Wales
-34.11442,151.12576,2013.0,New South Wales
-36.55988,148.26448,2013.0,New South Wales
-35.76714,150.206568,2011.0,New South Wales
-32.156858,149.70751,2015.0,New South Wales
-34.237822,150.917102,2016.0,New South Wales
-33.663806,150.809932,,New South Wales
-33.974896,151.245404,2008.0,New South Wales
-33.00441,151.72251,2013.0,New South Wales
-34.671832,150.656171,2018.0,New South Wales
-33.8435,149.22904,2014.0,New South Wales
-31.165173,152.365492,2022.0,New South Wales
-35.156234,149.851993,2014.0,New South Wales
-30.782051,152.94142,,New South Wales
-33.400405,151.385693,2025.0,New South Wales
-32.412879,152.501273,1976.0,New South Wales
-31.855416,150.014147,2020.0,New South Wales
-30.063881,153.199427,,New South Wales
-33.645072,151.171373,2015.0,New South Wales
-33.339921,151.415764,2024.0,New South Wales
-33.49228,149.76563,2014.0,New South Wales
-30.522533,149.377301,2022.0,New South Wales
-35.019734,146.927805,2015.0,New South Wales
-36.55988,148.26448,2013.0,New South Wales
-34.426062,150.812326,,New South Wales
-33.49243,149.7604,2013.0,New South Wales
-33.913552,151.225231,2020.0,New South Wales
-34.46865,150.464677,,New South Wales
-31.91372,152.606749,,New South Wales
-35.67099,146.80178,2013.0,New South Wales
-31.94519,150.78709,2012.0,New South Wales
-33.517981,150.830596,2017.0,New South Wales
-30.02914,151.8871,2021.0,New South Wales
-36.55988,148.26448,2014.0,New South Wales
-33.483551,150.176789,2025.0,New South Wales
-30.33645,151.57825,2012.0,New South Wales
-34.08969,149.259911,2017.0,New South Wales
-34.496963,150.709001,2014.0,New South Wales
-33.367345,151.382735,2024.0,New South Wales
-33.91465,150.84276,2017.0,New South Wales
-34.175023,142.477417,2016.0,New South Wales
-36.24347,148.37086,2014.0,New South Wales
-36.910195,149.891566,1991.0,New South Wales
-28.649583,153.46211,,New South Wales
-30.406334,150.24991,2023.0,New South Wales
-33.615427,151.301171,1981.0,New South Wales
-30.739956,150.262371,2022.0,New South Wales
-31.43583,151.47704,2013.0,New South Wales
-34.656766,150.695326,2021.0,New South Wales
-33.34013,151.416183,2025.0,New South Wales
-36.405745,148.412762,,New South Wales
-33.668121,151.156229,2015.0,New South Wales
-30.509723,149.408227,2017.0,New South Wales
-32.293119,151.946173,2018.0,New South Wales
-30.74278,150.249433,2023.0,New South Wales
-35.244712,150.426641,,New South Wales
-31.44018,151.47775,2013.0,New South Wales
-30.33602,151.58358,2012.0,New South Wales
-33.661205,151.293357,2025.0,New South Wales
-36.55988,148.26448,2013.0,New South Wales
-32.5,145.6,1983.0,New South Wales
-29.17946,151.01701,2014.0,New South Wales
-33.361778,150.149483,2016.0,New South Wales
-31.19545,151.093034,,New South Wales
-34.183081,150.278216,2002.0,New South Wales
-34.068048,150.823513,2018.0,New South Wales
-34.51154,148.02838,2012.0,New South Wales
-34.59405,150.844239,,New South Wales
-34.9902,148.38917,2023.0,New South Wales
-33.778893,151.206894,2018.0,New South Wales
-34.015509,150.729866,2022.0,New South Wales
-33.748955,150.864129,2019.0,New South Wales
-30.80173,151.5524,,New South Wales
-34.505163,150.706414,2014.0,New South Wales
-30.41265,153.029195,2007.0,New South Wales
-35.169819,147.973595,2013.0,New South Wales
-33.53374,149.92874,2013.0,New South Wales
-36.20244,149.12725,,New South Wales
-34.549791,150.637949,2014.0,New South Wales
-33.67863,150.75956,2013.0,New South Wales
-33.668121,151.156229,2015.0,New South Wales
-33.734643,150.783994,2024.0,New South Wales
-33.963018,150.865655,,New South Wales
-30.406334,150.24991,2023.0,New South Wales
-35.73825,147.97008,2012.0,New South Wales
-32.62522,149.56793,2012.0,New South Wales
-32.222501,148.564364,2025.0,New South Wales
-34.942652,149.388083,,New South Wales
-34.635319,150.269292,,New South Wales
-31.410149,150.65608,2024.0,New South Wales
-30.984868,150.270935,,New South Wales
-33.955792,150.987003,2015.0,New South Wales
-36.841233,149.760029,,New South Wales
-36.701021,149.898884,,New South Wales
-34.409835,150.534693,2014.0,New South Wales
-33.927596,151.259512,2025.0,New South Wales
-35.92407,149.61795,2014.0,New South Wales
-34.593218,150.592279,,New South Wales
-33.744874,151.005927,2022.0,New South Wales
-34.196234,150.278199,2017.0,New South Wales
-30.456503,151.399791,2017.0,New South Wales
-34.172009,142.445383,2022.0,New South Wales
-33.907777,151.215767,2018.0,New South Wales
-32.291953,151.980032,2024.0,New South Wales
-30.36985,152.30007,2013.0,New South Wales
-36.55988,148.26448,2013.0,New South Wales
-33.645072,151.171373,2015.0,New South Wales
-35.99148,150.148837,2025.0,New South Wales
-30.57343,151.00588,2012.0,New South Wales
-34.201946,142.55971,2017.0,New South Wales
-33.446606,149.80435,,New South Wales
-33.508106,150.942732,2006.0,New South Wales
-36.55988,148.26448,2013.0,New South Wales
-32.44697,148.881578,2025.0,New South Wales
-33.340109,151.415912,2025.0,New South Wales
-32.930851,151.39545,,New South Wales
-36.864301,149.925722,,New South Wales
-34.307065,150.524628,2014.0,New South Wales
-29.65009,151.3282,2014.0,New South Wales
-30.498506,151.626051,,New South Wales
-30.506098,149.228691,2021.0,New South Wales
-35.66034,149.21745,2014.0,New South Wales
-33.75286,151.161522,2019.0,New South Wales
-28.532068,153.182926,,New South Wales
-35.87633,148.15427,2014.0,New South Wales
-33.769367,151.257543,2019.0,New South Wales
-31.012233,151.390466,,New South Wales
-34.67203,149.9635,2015.0,New South Wales
-33.242062,151.508294,2020.0,New South Wales
-34.36744,150.5078,2013.0,New South Wales
-30.57872,151.01205,2019.0,New South Wales
-33.433621,151.346663,2020.0,New South Wales
-32.46471,150.875875,2025.0,New South Wales
-34.681226,150.574221,2020.0,New South Wales
-32.667226,149.012853,,New South Wales
-33.8435,149.22904,2014.0,New South Wales
-30.558508,150.199349,2016.0,New South Wales
-34.003151,151.070101,2022.0,New South Wales
-34.225213,142.697633,2016.0,New South Wales
-32.654207,151.72314,,New South Wales
-34.761291,150.619737,2022.0,New South Wales
-30.160137,144.006832,1996.0,New South Wales
-34.751479,150.730574,2019.0,New South Wales
-32.31692,152.203791,,New South Wales
-33.430165,150.260458,2020.0,New South Wales
-28.648578,153.455078,,New South Wales
-30.541795,149.229834,2018.0,New South Wales
-33.947048,151.108914,2018.0,New South Wales
-31.985341,152.319787,,New South Wales
-36.498597,148.265991,2020.0,New South Wales
-35.58418,148.096208,,New South Wales
-33.35789,149.370624,,New South Wales
-35.132694,147.352484,1996.0,New South Wales
-32.910809,149.531889,2018.0,New South Wales
-34.997108,149.919366,2022.0,New South Wales
-32.25506,152.53388,2013.0,New South Wales
-31.276947,150.703995,,New South Wales
-36.24347,148.37086,2014.0,New South Wales
-36.55984,148.27007,2012.0,New South Wales
-35.720892,148.49051,1982.0,New South Wales
-34.191368,142.567815,2017.0,New South Wales
-35.87105,148.15631,2013.0,New South Wales
-33.105353,151.16671,,New South Wales
-35.261464,145.210966,,New South Wales
-34.579873,142.734849,2002.0,New South Wales
-32.882041,149.978168,,New South Wales
-31.08355,152.985356,,New South Wales
-30.57343,151.00588,2012.0,New South Wales
-35.92857,149.61812,2015.0,New South Wales
-31.981142,150.244948,2018.0,New South Wales
-35.748726,150.134532,2015.0,New South Wales
-34.246899,150.806899,2005.0,New South Wales
-35.3897,147.35526,2013.0,New South Wales
-33.502395,148.271264,,New South Wales
-36.425081,149.211488,2024.0,New South Wales
-29.95866,150.7615,2012.0,New South Wales
-32.891678,151.488296,,New South Wales
-30.56558,152.26761,2013.0,New South Wales
-37.145227,149.861099,,New South Wales
-33.832352,150.806835,2014.0,New South Wales
-34.201959,142.596441,2022.0,New South Wales
-34.456896,150.438707,2025.0,New South Wales
-34.618753,150.542781,2018.0,New South Wales
-35.591985,150.273864,2021.0,New South Wales
-36.35869,148.56188,2013.0,New South Wales
-31.44018,151.47775,2013.0,New South Wales
-30.33602,151.58358,2013.0,New South Wales
-32.62522,149.56793,2012.0,New South Wales
-32.62522,149.56793,2012.0,New South Wales
-32.639774,152.163953,2018.0,New South Wales
-30.05,142.8167,1965.0,New South Wales
-33.842,149.2252,2014.0,New South Wales
-36.55984,148.27007,2014.0,New South Wales
-33.000325,150.02922,2024.0,New South Wales
-30.472542,150.332425,2024.0,New South Wales
-34.23061,150.85345,2014.0,New South Wales
-34.216045,150.194142,1997.0,New South Wales
-31.94519,150.78709,2012.0,New South Wales
-30.647371,149.141289,2019.0,New South Wales
-34.636904,150.61327,2024.0,New South Wales
-32.0477,149.94343,2014.0,New South Wales
-33.810493,150.655363,2018.0,New South Wales
-36.583613,149.594375,,New South Wales
-35.260154,149.623784,,New South Wales
-29.00587,151.20944,2013.0,New South Wales
-30.286906,153.073499,2023.0,New South Wales
-34.51154,148.02838,2012.0,New South Wales
-35.536813,150.34963,2022.0,New South Wales
-32.922681,151.574892,2025.0,New South Wales
-33.49243,149.7604,2013.0,New South Wales
-33.502239,151.374384,2018.0,New South Wales
-34.11697,150.687196,,New South Wales
-33.26908,151.342394,2023.0,New South Wales
-35.110433,147.22934,,New South Wales
-34.100357,150.824911,2023.0,New South Wales
-34.505163,150.706414,2014.0,New South Wales
-33.892362,151.035748,2016.0,New South Wales
-33.425831,149.312006,2025.0,New South Wales
-29.23104,153.17851,2013.0,New South Wales
-33.753478,149.408161,2022.0,New South Wales
-33.645072,151.171373,2015.0,New South Wales
-34.021763,150.699343,2016.0,New South Wales
-33.814407,151.221577,,New South Wales
-36.616041,149.980024,1993.0,New South Wales
-30.987247,150.238813,,New South Wales
-29.95866,150.7615,2012.0,New South Wales
-33.953147,150.24944,2024.0,New South Wales
-36.55988,148.26448,2013.0,New South Wales
-35.877339,148.585931,2025.0,New South Wales
-33.565103,149.686805,,New South Wales
-31.772618,152.536911,,New South Wales
-33.367416,151.382849,2023.0,New South Wales
-33.842,149.2252,2012.0,New South Wales
-31.093846,149.940191,,New South Wales
-33.48304,150.10683,2013.0,New South Wales
-30.522681,147.511927,1993.0,New South Wales
-36.23879,148.3763,2014.0,New South Wales
-31.548367,150.490554,2009.0,New South Wales
-33.942039,150.854135,2026.0,New South Wales
-35.090524,150.65031,,New South Wales
-36.57712,149.762882,1993.0,New South Wales
-33.752214,151.08523,2025.0,New South Wales
-28.54942,152.932372,,New South Wales
-35.92407,149.61795,2014.0,New South Wales
-36.36494,149.33226,2013.0,New South Wales
-30.40345,150.49538,2022.0,New South Wales
-37.305474,149.910061,2021.0,New South Wales
-33.64819,151.14718,2012.0,New South Wales
-33.39524,151.437428,2021.0,New South Wales
-33.354148,150.008787,2021.0,New South Wales
-34.191368,142.567815,2017.0,New South Wales
-35.507652,150.23731,2024.0,New South Wales
-34.124866,150.66747,2021.0,New South Wales
-33.81449,151.015062,2016.0,New South Wales
-33.803847,150.997225,2022.0,New South Wales
-34.621626,150.658096,2019.0,New South Wales
-28.93951,153.421926,2016.0,New South Wales
-28.769694,153.349696,,New South Wales
-32.25012,152.53834,2013.0,New South Wales
-33.081768,149.609455,2002.0,New South Wales
-33.49243,149.7604,2013.0,New South Wales
-33.435281,149.378784,2025.0,New South Wales
-36.55988,148.26448,2014.0,New South Wales
-34.427527,150.609266,2023.0,New South Wales
-29.78633,152.913137,1992.0,New South Wales
-32.590556,151.427264,,New South Wales
-33.684895,151.27767,2021.0,New South Wales
-34.187666,150.698099,,New South Wales
-30.596876,149.111963,2019.0,New South Wales
-33.581774,149.651172,1999.0,New South Wales
-35.105072,147.388438,,New South Wales
-34.247272,142.500891,2019.0,New South Wales
-34.76139,148.99065,2012.0,New South Wales
-35.613894,149.870924,2021.0,New South Wales
-32.192585,148.899194,2023.0,New South Wales
-33.701623,150.533535,,New South Wales
-34.287235,150.234902,2022.0,New South Wales
-33.78518,150.65413,2013.0,New South Wales
-34.13959,148.63587,2012.0,New South Wales
-33.988712,151.14688,2025.0,New South Wales
-33.090244,151.524819,,New South Wales
-33.637418,150.302153,2011.0,New South Wales
-36.154375,149.80464,1998.0,New South Wales
-33.755267,151.168751,,New South Wales
-31.649056,146.199637,1997.0,New South Wales
-33.006945,150.038149,2024.0,New South Wales
-33.262776,150.180743,2011.0,New South Wales
-29.30849,150.79127,2014.0,New South Wales
-29.00587,151.20944,2012.0,New South Wales
-30.282547,152.67263,,New South Wales
-29.17946,151.01701,2014.0,New South Wales
-34.063453,150.844732,2017.0,New South Wales
-33.718317,151.28589,2024.0,New South Wales
-36.020513,144.920668,,New South Wales
-32.04372,149.9432,2013.0,New South Wales
-29.30857,150.78628,2014.0,New South Wales
-33.694074,150.575818,2025.0,New South Wales
-34.11804,151.13208,2012.0,New South Wales
-33.675,151.095,2018.0,New South Wales
-34.11442,151.12576,2013.0,New South Wales
-34.212429,150.55725,,New South Wales
-32.127483,149.706546,2013.0,New South Wales
-33.63011,150.80492,2018.0,New South Wales
-34.713405,150.630324,2019.0,New South Wales
-34.060462,150.780252,,New South Wales
-34.612372,148.006096,2013.0,New South Wales
-31.841716,152.475831,2003.0,New South Wales
-28.39394,153.40585,,New South Wales
-36.760999,149.803199,,New South Wales
-35.40486,148.43954,2013.0,New South Wales
-35.244344,150.476456,1992.0,New South Wales
-36.515201,149.835321,,New South Wales
-34.486856,150.859868,2024.0,New South Wales
-33.841471,151.167177,2025.0,New South Wales
-34.631768,150.00118,2004.0,New South Wales
-34.93375,147.461606,,New South Wales
-34.84976,150.415852,,New South Wales
-35.113043,147.547743,,New South Wales
-34.209472,142.638321,2016.0,New South Wales
-35.776639,150.141104,,New South Wales
-30.727574,152.954015,,New South Wales
-29.82473,151.13337,2013.0,New South Wales
-33.93116,150.63878,2012.0,New South Wales
-33.729003,151.222585,2021.0,New South Wales
-33.696788,151.268185,,New South Wales
-35.43309,147.266604,2023.0,New South Wales
-34.501773,149.607806,,New South Wales
-33.752466,151.203576,2015.0,New South Wales
-35.690675,150.268411,2020.0,New South Wales
-32.62522,149.56793,2012.0,New South Wales
-34.624626,150.846981,,New South Wales
-34.231638,145.975151,2002.0,New South Wales
-33.920325,151.140144,2019.0,New South Wales
-32.25012,152.53834,2012.0,New South Wales
-31.491618,149.35991,,New South Wales
-33.667001,151.282996,2004.0,New South Wales
-36.613784,148.251784,2013.0,New South Wales
-33.414194,151.433504,2025.0,New South Wales
-35.315301,148.074792,,New South Wales
-34.34049,150.227224,2023.0,New South Wales
-30.388585,150.281978,2024.0,New South Wales
-33.623286,151.041713,2015.0,New South Wales
-30.661035,148.725443,1999.0,New South Wales
-32.565572,150.706286,,New South Wales
-33.020794,150.045998,2024.0,New South Wales
-32.36915,152.336922,,New South Wales
-31.3,151.1,2021.0,New South Wales
-31.06871,151.43216,2012.0,New South Wales
-31.82544,150.18992,2013.0,New South Wales
-33.802131,151.149871,2018.0,New South Wales
-34.505163,150.706414,2014.0,New South Wales
-30.402505,151.725604,2022.0,New South Wales
-34.180671,150.81679,2015.0,New South Wales
-33.345602,151.413012,2024.0,New South Wales
-30.402213,151.624706,2021.0,New South Wales
-36.36494,149.33226,2012.0,New South Wales
-31.44018,151.47775,2013.0,New South Wales
-31.43583,151.47704,2013.0,New South Wales
-30.295687,153.125637,2010.0,New South Wales
-33.804372,151.003089,2016.0,New South Wales
-30.108931,152.391283,2004.0,New South Wales
-30.36985,152.30007,2013.0,New South Wales
-28.865308,152.987365,2001.0,New South Wales
-36.55988,148.26448,2013.0,New South Wales
-32.81123,151.492756,,New South Wales
-34.002007,151.013766,2017.0,New South Wales
-33.8435,149.22904,2014.0,New South Wales
-33.414133,151.433559,2025.0,New South Wales
-34.80854,150.02093,2013.0,New South Wales
-31.969301,150.872398,,New South Wales
-33.951425,150.991547,2025.0,New South Wales
-34.172009,142.445383,2022.0,New South Wales
-31.706482,152.650755,2002.0,New South Wales
-31.07331,151.42688,2012.0,New South Wales
-34.167182,148.429804,2016.0,New South Wales
-32.70385,150.1655,2015.0,New South Wales
-35.382459,143.651208,2024.0,New South Wales
-36.792266,149.760816,,New South Wales
-36.194858,148.794161,2025.0,New South Wales
-29.034263,152.724804,1992.0,New South Wales
-36.464994,149.84472,,New South Wales
-30.428311,150.316217,2023.0,New South Wales
-30.491182,149.308234,2016.0,New South Wales
-33.441619,150.621482,2023.0,New South Wales
-33.403646,150.280317,2016.0,New South Wales
-34.051237,151.103138,2020.0,New South Wales
-31.969218,150.940567,2016.0,New South Wales
-35.87105,148.15631,2014.0,New South Wales
-33.554934,150.740329,2020.0,New South Wales
-34.48705,150.567502,2014.0,New South Wales
-30.779671,152.393787,,New South Wales
-33.957416,150.738859,2017.0,New South Wales
-36.739221,149.795396,,New South Wales
-33.644769,151.182054,2015.0,New South Wales
-33.51816,150.830898,2025.0,New South Wales
-34.126013,151.041644,1996.0,New South Wales
-33.678319,151.112625,2021.0,New South Wales
-33.926142,150.873463,2021.0,New South Wales
-28.590295,152.897224,,New South Wales
-30.570161,151.798773,,New South Wales
-33.768171,151.147931,2021.0,New South Wales
-32.889159,151.709184,2023.0,New South Wales
-30.597973,149.101499,2020.0,New South Wales
-29.36442,151.01204,2013.0,New South Wales
-33.646054,150.282221,2020.0,New South Wales
-31.640229,152.838624,,New South Wales
-34.888687,150.471571,,New South Wales
-33.933919,150.657297,2017.0,New South Wales
-34.225521,142.681705,2017.0,New South Wales
-34.661026,150.570304,2020.0,New South Wales
-35.438132,150.398937,2018.0,New South Wales
-36.55988,148.26448,2014.0,New South Wales
-33.49228,149.76563,2013.0,New South Wales
-33.93122,150.63629,2013.0,New South Wales
-34.661026,150.570304,2018.0,New South Wales
-37.101627,149.869458,2004.0,New South Wales
-33.374098,151.234323,,New South Wales
-35.88295,147.88309,2020.0,New South Wales
-36.36494,149.33226,2012.0,New South Wales
-34.415692,150.566493,2014.0,New South Wales
-34.176949,150.387966,1997.0,New South Wales
-36.55984,148.27007,2014.0,New South Wales
-31.07285,151.43226,2012.0,New South Wales
-31.387781,150.655278,2022.0,New South Wales
-33.256554,151.330249,2008.0,New South Wales
-36.35869,148.56188,2013.0,New South Wales
-33.49243,149.7604,2013.0,New South Wales
-33.942449,150.852048,2025.0,New South Wales
-34.067497,150.80926,2025.0,New South Wales
-32.777423,151.348299,,New South Wales
-29.462899,149.823422,,New South Wales
-35.94817,148.92557,2012.0,New South Wales
-31.07704,150.09,2023.0,New South Wales
-32.484401,148.937982,2026.0,New South Wales
-29.30849,150.79127,2014.0,New South Wales
-33.048552,151.667766,2020.0,New South Wales
-34.230133,142.679004,2017.0,New South Wales
-31.94519,150.78709,2012.0,New South Wales
-30.35783,150.29866,2022.0,New South Wales
-34.621626,150.658096,2020.0,New South Wales
-33.890926,151.030877,2020.0,New South Wales
-30.522348,149.297073,2016.0,New South Wales
-31.82105,150.18431,2014.0,New South Wales
-35.73825,147.97008,2012.0,New South Wales
-31.07285,151.43226,2012.0,New South Wales
-34.024793,149.924964,2002.0,New South Wales
-35.89509,148.51965,2019.0,New South Wales
-30.377446,153.059367,1988.0,New South Wales
-30.613868,149.152545,2017.0,New South Wales
-34.76139,148.99065,2012.0,New South Wales
-32.25012,152.53834,2014.0,New South Wales
-34.13959,148.63587,2012.0,New South Wales
-34.1336,149.641,2012.0,New South Wales
-31.959778,150.273203,2018.0,New South Wales
-34.130106,150.80794,2017.0,New South Wales
-31.544411,148.225358,,New South Wales
-30.57463,151.72101,2013.0,New South Wales
-30.589038,149.230399,2017.0,New South Wales
-32.689422,151.576921,,New South Wales
-33.779231,151.089239,2023.0,New South Wales
-34.394134,150.579102,2014.0,New South Wales
-33.812231,150.658209,2017.0,New South Wales
-35.66639,146.80138,2020.0,New South Wales
-34.554313,150.645554,,New South Wales
-32.639615,151.132876,2016.0,New South Wales
-33.98072,151.093641,2019.0,New South Wales
-36.658777,149.854164,,New South Wales
-33.946653,151.131034,2020.0,New South Wales
-33.49243,149.7604,2013.0,New South Wales
-34.49638,150.566578,2014.0,New South Wales
-34.20431,150.888226,2016.0,New South Wales
-35.67992,150.287571,2022.0,New South Wales
-34.874148,147.286068,,New South Wales
-35.156303,149.856441,2014.0,New South Wales
-35.530131,148.142395,2016.0,New South Wales
-34.131138,150.80959,2020.0,New South Wales
-31.07285,151.43226,2014.0,New South Wales
-34.274575,142.755431,2016.0,New South Wales
-28.880659,153.336401,,New South Wales
-33.931083,150.639694,2012.0,New South Wales
-34.07869,150.829184,2017.0,New South Wales
-34.739629,150.646763,2024.0,New South Wales
-32.40664,152.31426,2014.0,New South Wales
-33.92957,151.157068,2023.0,New South Wales
-33.006468,150.077974,2016.0,New South Wales
-30.33602,151.58358,2012.0,New South Wales
-36.84931,149.556682,2024.0,New South Wales
-31.051121,149.05057,2022.0,New South Wales
-28.81686,153.490606,,New South Wales
-33.753367,151.031462,,New South Wales
-30.365058,153.101079,2002.0,New South Wales
-34.13959,148.63587,2012.0,New South Wales
-35.636935,149.176682,,New South Wales
-34.661026,150.570304,2017.0,New South Wales
-33.49243,149.7604,2014.0,New South Wales
-33.042774,149.967579,,New South Wales
-33.822102,150.65611,2016.0,New South Wales
-37.085695,149.695943,,New South Wales
-35.444078,149.207604,2025.0,New South Wales
-31.87692,150.022715,2018.0,New South Wales
-32.220502,147.233947,,New South Wales
-30.122838,153.191054,1980.0,New South Wales
-35.086756,149.627767,2016.0,New South Wales
-36.55988,148.26448,2014.0,New South Wales
-34.274375,142.770862,2022.0,New South Wales
-30.67863,150.062732,,New South Wales
-34.405157,150.594034,2014.0,New South Wales
-34.114969,142.541881,2016.0,New South Wales
-33.199681,151.589235,1993.0,New South Wales
-34.005427,151.084242,2016.0,New South Wales
-31.61171,152.41547,2014.0,New South Wales
-31.942646,150.215124,2018.0,New South Wales
-36.24347,148.37086,2014.0,New South Wales
-30.33645,151.57825,2012.0,New South Wales
-34.135503,150.823602,2019.0,New South Wales
-34.996001,149.91957,2023.0,New South Wales
-33.755472,151.264487,2025.0,New South Wales
-33.818745,151.142668,1994.0,New South Wales
-34.799324,149.267065,,New South Wales
-35.358004,147.704423,2026.0,New South Wales
-33.617672,151.042094,2017.0,New South Wales
-33.709581,151.266221,2015.0,New South Wales
-33.436438,148.977141,2021.0,New South Wales
-28.662264,153.609848,2024.0,New South Wales
-34.49638,150.566578,2014.0,New South Wales
-33.449727,150.258935,2005.0,New South Wales
-33.744791,151.148279,2022.0,New South Wales
-34.255259,150.596928,2006.0,New South Wales
-32.119953,151.97452,2017.0,New South Wales
-34.118468,150.159533,2002.0,New South Wales
-33.365269,151.300251,2008.0,New South Wales
-34.190813,150.137908,2023.0,New South Wales
-33.89232,151.156141,2018.0,New South Wales
-33.79903,150.66737,2013.0,New South Wales
-33.370978,149.671626,,New South Wales
-36.975725,149.773832,2011.0,New South Wales
-34.966718,150.537952,,New South Wales
-35.56359,147.85465,2014.0,New South Wales
-34.295666,150.935022,,New South Wales
-34.74792,149.72774,2020.0,New South Wales
-28.6094,153.559357,,New South Wales
-34.997417,149.919366,2023.0,New South Wales
-28.648662,153.443358,,New South Wales
-32.214114,148.822339,2025.0,New South Wales
-33.704951,150.334693,2021.0,New South Wales
-34.429892,150.529709,2014.0,New South Wales
-28.824373,153.26417,2017.0,New South Wales
-34.721607,149.988662,2021.0,New South Wales
-31.89586,150.8111,2014.0,New South Wales
-33.687009,147.05551,,New South Wales
-33.960257,150.954939,2019.0,New South Wales
-34.756825,149.867616,,New South Wales
-30.63508,149.232401,2017.0,New South Wales
-33.840356,151.09863,2000.0,New South Wales
-33.950417,150.161056,2003.0,New South Wales
-34.537359,150.660395,2014.0,New South Wales
-35.54931,147.455052,,New South Wales
-33.720439,150.771473,2025.0,New South Wales
-33.808372,150.877576,2011.0,New South Wales
-33.482794,150.154976,2024.0,New South Wales
-33.986111,151.083745,2022.0,New South Wales
-34.618753,150.542781,2020.0,New South Wales
-30.388185,150.23477,2023.0,New South Wales
-28.673642,153.433013,2026.0,New South Wales
-28.82561,153.077044,,New South Wales
-33.83625,149.99867,2013.0,New South Wales
-30.629047,149.223454,2019.0,New South Wales
-34.666689,150.633587,2022.0,New South Wales
-32.473286,150.884336,2025.0,New South Wales
-30.337228,150.85289,2022.0,New South Wales
-34.209472,142.638321,2017.0,New South Wales
-33.49243,149.7604,2013.0,New South Wales
-35.87163,148.15979,2012.0,New South Wales
-32.956177,151.520158,1997.0,New South Wales
-35.237106,149.362184,2020.0,New South Wales
-32.725367,149.047007,,New South Wales
-33.19922,151.58958,2014.0,New South Wales
-35.509765,148.268273,1975.0,New South Wales
-32.427258,151.727616,2015.0,New South Wales
-33.96994,150.79651,2018.0,New South Wales
-33.835273,151.198426,2022.0,New South Wales
-34.65015,147.70132,2018.0,New South Wales
-31.960429,152.431434,2025.0,New South Wales
-30.32776,150.856609,2023.0,New South Wales
-30.539513,149.334393,2017.0,New South Wales
-36.35869,148.56188,2013.0,New South Wales
-34.429892,150.529709,2014.0,New South Wales
-34.152549,150.809991,2017.0,New South Wales
-28.554554,153.508167,,New South Wales
-32.62522,149.56793,2012.0,New South Wales
-34.703142,150.732389,2017.0,New South Wales
-35.5863,148.69111,2012.0,New South Wales
-35.20639,150.51906,2020.0,New South Wales
-34.294235,150.27006,2023.0,New South Wales
-34.266629,142.743319,2017.0,New South Wales
-33.94405,151.24454,2017.0,New South Wales
-34.590497,150.083028,,New South Wales
-34.67906,146.685345,,New South Wales
-33.77958,151.093601,2023.0,New South Wales
-33.414278,150.190931,2025.0,New South Wales
-34.661271,150.6995,2015.0,New South Wales
-33.390259,150.26443,2010.0,New South Wales
-34.07365,150.860729,2019.0,New South Wales
-36.55988,148.26448,2013.0,New South Wales
-34.287975,150.241159,2023.0,New South Wales
-33.49668,149.7617,2013.0,New South Wales
-35.90712,146.65103,2023.0,New South Wales
-33.973177,150.865345,2014.0,New South Wales
-33.34011,151.415917,2025.0,New South Wales
-33.19922,151.58958,2014.0,New South Wales
-33.967608,150.926827,2006.0,New South Wales
-35.72719,149.45448,2012.0,New South Wales
-36.379165,149.23089,1970.0,New South Wales
-35.56359,147.85465,2014.0,New South Wales
-31.889461,152.444452,2023.0,New South Wales
-33.760813,151.100499,2025.0,New South Wales
-33.974666,151.098404,1998.0,New South Wales
-32.62522,149.56793,2012.0,New South Wales
-35.156303,149.856441,2020.0,New South Wales
-35.829404,146.959794,,New South Wales
-33.76377,151.168675,2025.0,New South Wales
-30.4194,151.832266,2022.0,New South Wales
-35.66034,149.21745,2013.0,New South Wales
-31.479945,152.158576,,New South Wales
-31.07285,151.43226,2014.0,New South Wales
-30.6059,152.0276,2012.0,New South Wales
-36.55988,148.26448,2013.0,New South Wales
-34.661026,150.570304,2023.0,New South Wales
-33.573841,150.628661,,New South Wales
-35.569372,149.150831,1999.0,New South Wales
-35.67099,146.80178,2013.0,New South Wales
-33.69206,150.75638,2013.0,New South Wales
-33.668621,151.247463,2010.0,New South Wales
-28.634266,153.590258,,New South Wales
-34.560141,150.121478,,New South Wales
-33.49243,149.7604,2013.0,New South Wales
-30.415689,150.461305,2024.0,New South Wales
-30.36985,152.30007,2013.0,New South Wales
-33.735704,151.145388,2018.0,New South Wales
-34.205167,150.143172,2002.0,New South Wales
-35.40485,148.43439,2013.0,New South Wales
-33.81065,151.265352,2024.0,New South Wales
-32.578659,151.627962,,New South Wales
-32.203596,150.954643,,New South Wales
-30.370227,153.059363,1988.0,New South Wales
-30.407971,150.2634,2023.0,New South Wales
-33.706604,150.996268,2025.0,New South Wales
-33.49243,149.7604,2013.0,New South Wales
-34.172009,142.445383,2016.0,New South Wales
-30.09675,151.25979,2018.0,New South Wales
-29.65009,151.3282,2014.0,New South Wales
-30.46205,151.365425,,New South Wales
-34.506704,150.652913,2023.0,New South Wales
-33.52849,151.08124,2012.0,New South Wales
-34.666075,149.328931,,New South Wales
-35.510684,150.365929,2021.0,New South Wales
-36.55988,148.26448,2014.0,New South Wales
-34.997662,149.91932,2021.0,New South Wales
-35.87163,148.15979,2014.0,New South Wales
-31.71184,150.03279,2020.0,New South Wales
-33.187802,151.497455,,New South Wales
-30.566635,150.169407,2023.0,New South Wales
-33.51641,150.854137,2018.0,New South Wales
-36.549531,149.75814,,New South Wales
-30.497168,149.332433,2021.0,New South Wales
-33.367426,151.38291,2024.0,New South Wales
-34.636326,150.569018,2019.0,New South Wales
-30.644153,149.172185,2020.0,New South Wales
-32.62522,149.56793,2012.0,New South Wales
-36.613784,148.251784,2014.0,New South Wales
-32.739045,148.398604,,New South Wales
-33.179473,151.489226,2008.0,New South Wales
-32.62522,149.56793,2012.0,New South Wales
-29.65009,151.3282,2014.0,New South Wales
-36.36494,149.33226,2014.0,New South Wales
-34.175023,142.477417,2017.0,New South Wales
-34.175023,142.477417,2022.0,New South Wales
-30.33602,151.58358,2012.0,New South Wales
-33.752463,151.081277,2024.0,New South Wales
-34.101867,150.824816,2017.0,New South Wales
-33.97439,150.84537,2014.0,New South Wales
-34.505163,150.706414,2014.0,New South Wales
-30.416978,152.778786,1995.0,New South Wales
-31.44018,151.47775,2013.0,New South Wales
-33.541891,150.765212,2009.0,New South Wales
-33.518099,150.830905,2025.0,New South Wales
-31.004887,152.714419,,New South Wales
-35.000753,149.918163,2022.0,New South Wales
-34.243871,150.669734,2016.0,New South Wales
-30.52098,152.672756,,New South Wales
-35.88295,147.88309,2016.0,New South Wales
-34.42033,150.532112,2014.0,New South Wales
-34.618753,150.542781,2016.0,New South Wales
-30.999145,150.404184,,New South Wales
-29.65009,151.3282,2014.0,New South Wales
-33.85691,150.958886,2016.0,New South Wales
-33.838578,151.191984,2020.0,New South Wales
-29.00587,151.20944,2012.0,New South Wales
-34.234679,150.543761,2018.0,New South Wales
-35.14441,147.3926,2025.0,New South Wales
-34.996856,149.919018,2020.0,New South Wales
-34.42033,150.532112,2014.0,New South Wales
-33.361483,150.162546,2017.0,New South Wales
-29.82473,151.13337,2012.0,New South Wales
-36.55988,148.26448,2013.0,New South Wales
-34.20314,142.439116,2017.0,New South Wales
-33.695623,151.043644,2026.0,New South Wales
-31.290953,152.044532,2007.0,New South Wales
-35.669317,150.084971,2023.0,New South Wales
-33.734886,150.973976,2017.0,New South Wales
-35.18121,148.25099,2014.0,New South Wales
-30.70748,150.336604,2016.0,New South Wales
-35.013795,146.892185,2017.0,New South Wales
-34.23061,150.85345,2014.0,New South Wales
-32.133105,150.934239,,New South Wales
-32.10707,150.633511,2018.0,New South Wales
-32.724876,151.326007,,New South Wales
-33.211336,151.513896,2009.0,New South Wales
-34.155805,150.70067,2017.0,New South Wales
-32.939771,145.785629,2021.0,New South Wales
-33.712984,150.807891,2023.0,New South Wales
-34.835866,147.520509,2013.0,New South Wales
-35.22356,147.8686,2013.0,New South Wales
-34.114225,150.816291,2017.0,New South Wales
-33.053362,151.405847,,New South Wales
-30.337772,150.27191,2023.0,New South Wales
-32.469302,151.061849,2001.0,New South Wales
-30.636646,149.852354,2020.0,New South Wales
-31.43985,151.48235,2014.0,New South Wales
-36.24347,148.37086,2014.0,New South Wales
-30.33602,151.58358,2012.0,New South Wales
-33.985955,151.051359,2002.0,New South Wales
-31.61199,152.41014,2013.0,New South Wales
-33.665354,151.013432,2018.0,New South Wales
-29.17928,151.02225,2013.0,New South Wales
-33.030855,151.606968,,New South Wales
-36.55988,148.26448,2013.0,New South Wales
-33.827002,151.103323,2024.0,New South Wales
-34.429892,150.529709,2014.0,New South Wales
-35.778733,149.154582,2012.0,New South Wales
-34.096229,150.805475,2018.0,New South Wales
-33.095657,151.55254,,New South Wales
-34.505163,150.706414,2014.0,New South Wales
-35.87163,148.15979,2013.0,New South Wales
-31.44018,151.47775,2013.0,New South Wales
-30.644622,152.843624,,New South Wales
-30.477198,149.227402,2017.0,New South Wales
-34.618753,150.542781,2023.0,New South Wales
-31.43583,151.47704,2013.0,New South Wales
-35.898816,149.153781,,New South Wales
-32.479912,151.713028,,New South Wales
-34.280992,150.235109,2023.0,New South Wales
-29.36442,151.01204,2012.0,New South Wales
-35.73825,147.97008,2012.0,New South Wales
-33.742024,150.902946,2016.0,New South Wales
-32.261836,152.171668,,New South Wales
-30.598127,149.153498,2021.0,New South Wales
-32.079685,142.056767,2021.0,New South Wales
-29.135782,153.17379,2015.0,New South Wales
-34.681226,150.574221,2020.0,New South Wales
-34.661026,150.570304,2022.0,New South Wales
-33.73287,151.055553,2014.0,New South Wales
-34.429892,150.529709,2014.0,New South Wales
-30.461807,149.784914,2024.0,New South Wales
-35.74272,147.97024,2014.0,New South Wales
-31.2699,152.79339,2014.0,New South Wales
-37.036659,149.895998,,New South Wales
-36.23911,148.37052,2014.0,New South Wales
-34.402338,150.570034,2014.0,New South Wales
-28.665728,153.376154,,New South Wales
-30.52586,149.043913,2017.0,New South Wales
-33.656265,151.136088,,New South Wales
-34.166615,150.798625,2015.0,New South Wales
-33.655805,150.703016,1998.0,New South Wales
-35.66034,149.21745,2018.0,New South Wales
-29.35801,151.91101,2015.0,New South Wales
-31.7073,150.03775,2012.0,New South Wales
-34.274575,142.755431,2017.0,New South Wales
-31.942273,152.416273,,New South Wales
-30.546962,149.305822,2017.0,New South Wales
-32.69927,151.603567,2002.0,New South Wales
-32.56811,151.738753,2002.0,New South Wales
-33.370862,151.224259,2005.0,New South Wales
-34.019278,149.918409,2002.0,New South Wales
-34.996856,149.919018,2017.0,New South Wales
-31.90328,152.404003,,New South Wales
-36.613784,148.251784,2013.0,New South Wales
-30.406334,150.24991,2023.0,New South Wales
-34.402338,150.570034,2014.0,New South Wales
-32.166127,151.975675,2023.0,New South Wales
-30.539227,151.702405,,New South Wales
-32.5,145.6,1983.0,New South Wales
-33.36723,151.382703,2023.0,New South Wales
-35.619311,150.256688,2021.0,New South Wales
-30.33602,151.58358,2012.0,New South Wales
-36.36494,149.33226,2013.0,New South Wales
-33.706955,150.337365,2020.0,New South Wales
-30.494893,149.276915,2016.0,New South Wales
-31.44018,151.47775,2013.0,New South Wales
-30.332051,153.074468,2017.0,New South Wales
-34.49436,150.695287,2014.0,New South Wales
-37.023448,149.23836,1991.0,New South Wales
-31.02259,147.700548,2001.0,New South Wales
-33.991121,147.477087,2018.0,New South Wales
-31.82562,150.18463,2014.0,New South Wales
-30.358234,150.860138,2021.0,New South Wales
-33.931083,150.639694,2012.0,New South Wales
-34.271269,142.680676,2025.0,New South Wales
-32.060748,147.796883,,New South Wales
-29.354766,153.323075,,New South Wales
-34.409835,150.534693,2014.0,New South Wales
-33.65185,151.284574,2020.0,New South Wales
-34.429892,150.529709,2014.0,New South Wales
-34.515046,150.658168,2023.0,New South Wales
-33.800666,151.158629,2016.0,New South Wales
-35.359664,148.799703,1992.0,New South Wales
-33.966597,151.143159,2019.0,New South Wales
-33.810201,151.261577,2026.0,New South Wales
-30.60163,151.80039,2014.0,New South Wales
-34.756745,150.108942,,New South Wales
-33.766021,151.297619,2020.0,New South Wales
-33.758098,151.197917,2024.0,New South Wales
-33.676218,150.280145,2009.0,New South Wales
-35.66639,146.80138,2013.0,New South Wales
-34.089143,150.809525,2017.0,New South Wales
-32.815773,151.770728,,New South Wales
-33.49579,150.717125,2023.0,New South Wales
-33.757778,150.941892,2022.0,New South Wales
-33.856229,150.990923,2020.0,New South Wales
-34.429892,150.529709,2014.0,New South Wales
-33.873765,151.156468,2024.0,New South Wales
-31.981142,150.244948,2018.0,New South Wales
-31.06871,151.43216,2012.0,New South Wales
-33.158084,151.583357,2020.0,New South Wales
-35.000753,149.918163,2021.0,New South Wales
-29.566996,153.121867,1981.0,New South Wales
-33.659588,151.28799,2025.0,New South Wales
-32.881802,151.36849,,New South Wales
-34.402338,150.570034,2014.0,New South Wales
-36.35852,148.56746,2012.0,New South Wales
-34.13943,148.63023,2014.0,New South Wales
-29.36442,151.01204,2013.0,New South Wales
-34.00619,151.071813,2020.0,New South Wales
-35.903317,149.96243,,New South Wales
-31.208103,147.337646,2011.0,New South Wales
-33.407911,150.21108,2007.0,New South Wales
-30.462258,152.917749,,New South Wales
-32.75355,150.088814,,New South Wales
-36.412272,148.648519,,New South Wales
-34.20314,142.439116,2018.0,New South Wales
-34.020709,150.87198,2023.0,New South Wales
-30.574199,150.102205,2023.0,New South Wales
-33.794064,150.654887,,New South Wales
-33.49243,149.7604,2013.0,New South Wales
-34.137004,149.651229,2022.0,New South Wales
-31.06895,151.427,2012.0,New South Wales
-32.282418,152.451849,,New South Wales
-34.13959,148.63587,2012.0,New South Wales
-36.56425,148.27011,2012.0,New South Wales
-33.340238,151.416085,2025.0,New South Wales
-31.231191,149.226516,,New South Wales
-34.050824,149.652177,2022.0,New South Wales
-28.473652,153.078705,,New South Wales
-30.636394,149.160492,2019.0,New South Wales
-32.529133,151.126996,2013.0,New South Wales
-33.613235,151.051744,2020.0,New South Wales
-33.677354,151.111267,2025.0,New South Wales
-33.19922,151.58958,2014.0,New South Wales
-33.452552,149.042208,,New South Wales
-33.69214,151.254673,2015.0,New South Wales
-33.646463,151.263456,2017.0,New South Wales
-29.363451,153.360432,,New South Wales
-36.607874,149.438989,,New South Wales
-36.221694,150.079214,,New South Wales
-34.516538,150.65838,2023.0,New South Wales
-33.53825,149.9234,2014.0,New South Wales
-32.62522,149.56793,2012.0,New South Wales
-33.801537,144.705958,2016.0,New South Wales
-34.492067,150.89435,2025.0,New South Wales
-29.95421,150.7612,2012.0,New South Wales
-29.037672,151.841609,,New South Wales
-35.269434,149.713728,,New South Wales
-34.380645,150.537464,2015.0,New South Wales
-34.427527,150.609266,2023.0,New South Wales
-33.49668,149.7617,2013.0,New South Wales
-35.88748,147.8831,2014.0,New South Wales
-33.91807,150.95919,2020.0,New South Wales
-34.661724,150.66502,2017.0,New South Wales
-31.44018,151.47775,2013.0,New South Wales
-30.33645,151.57825,2012.0,New South Wales
-34.618753,150.542781,2017.0,New South Wales
-33.804234,151.106584,2021.0,New South Wales
-29.056921,150.319544,,New South Wales
-33.682036,150.764284,2013.0,New South Wales
-34.618753,150.542781,2023.0,New South Wales
-30.89632,152.991673,2010.0,New South Wales
-33.739993,150.376777,2025.0,New South Wales
-30.428311,150.316217,2022.0,New South Wales
-31.254937,151.172746,,New South Wales
-33.617826,151.042076,2019.0,New South Wales
-33.547102,150.199458,,New South Wales
-35.620727,150.291572,2022.0,New South Wales
-33.645072,151.171373,2015.0,New South Wales
-33.643319,150.967731,2026.0,New South Wales
-33.180365,151.260287,1997.0,New South Wales
-32.272663,150.71468,2014.0,New South Wales
-31.07285,151.43226,2012.0,New South Wales
-33.400562,151.436587,2021.0,New South Wales
-33.407807,151.388139,2024.0,New South Wales
-30.428311,150.316217,2024.0,New South Wales
-32.680976,151.316618,,New South Wales
-34.06475,150.790124,2018.0,New South Wales
-31.877229,152.562327,1985.0,New South Wales
-33.048169,150.011148,2024.0,New South Wales
-34.301041,150.231984,2022.0,New South Wales
-33.84852,150.93812,2013.0,New South Wales
-30.477744,149.227504,2021.0,New South Wales
-33.58973,149.527618,,New South Wales
-36.55984,148.27007,2015.0,New South Wales
-34.176213,142.493598,2022.0,New South Wales
-32.04835,149.9382,2018.0,New South Wales
-28.542657,153.554598,,New South Wales
-33.279273,150.115884,,New South Wales
-36.55988,148.26448,2013.0,New South Wales
-29.399415,153.354494,2022.0,New South Wales
-31.71184,150.03279,2015.0,New South Wales
-30.547979,149.04863,2017.0,New South Wales
-33.687064,150.996648,2002.0,New South Wales
-31.464748,152.932675,1997.0,New South Wales
-33.31003,151.050781,2025.0,New South Wales
-30.526708,149.211371,2018.0,New South Wales
-34.787976,150.589041,,New South Wales
-34.657606,150.655273,2017.0,New South Wales
-33.959786,151.144917,2016.0,New South Wales
-34.209472,142.638321,2022.0,New South Wales
-32.212896,149.748202,2012.0,New South Wales
-32.25173,152.53319,2013.0,New South Wales
-30.457512,149.194688,2019.0,New South Wales
-33.96696,150.99174,2013.0,New South Wales
-33.611351,151.045594,2018.0,New South Wales
-33.902577,151.099348,2019.0,New South Wales
-31.75854,150.83425,,New South Wales
-33.622348,151.053559,2020.0,New South Wales
-34.273497,149.247074,2017.0,New South Wales
-30.474388,152.822446,,New South Wales
-33.49243,149.7604,2013.0,New South Wales
-33.49243,149.7604,2013.0,New South Wales
-32.542967,151.166713,,New South Wales
-33.661406,151.13409,2025.0,New South Wales
-36.55988,148.26448,2013.0,New South Wales
-33.923089,150.941328,2017.0,New South Wales
-30.597973,149.101499,2019.0,New South Wales
-35.38936,147.36041,2012.0,New South Wales
-33.574694,150.246387,2018.0,New South Wales
-30.303015,145.626327,2009.0,New South Wales
-32.040525,149.132555,2000.0,New South Wales
-33.952814,150.880706,2019.0,New South Wales
-34.587276,150.289995,,New South Wales
-34.661026,150.570304,2021.0,New South Wales
-36.55988,148.26448,2014.0,New South Wales
-36.55988,148.26448,2013.0,New South Wales
-33.995914,150.614427,,New South Wales
-31.82562,150.18463,2014.0,New South Wales
-31.288844,150.684959,,New South Wales
-35.380619,147.366772,1979.0,New South Wales
-30.33645,151.57825,2012.0,New South Wales
-34.80854,150.02093,2013.0,New South Wales
-34.930419,147.4484,,New South Wales
-34.081493,150.812157,2022.0,New South Wales
-34.505163,150.706414,2014.0,New South Wales
-33.48304,150.10683,2012.0,New South Wales
-33.944046,151.244549,2022.0,New South Wales
-33.96661,150.86859,2014.0,New South Wales
-36.613784,148.251784,2014.0,New South Wales
-36.0057,146.989166,,New South Wales
-31.44018,151.47775,2013.0,New South Wales
-33.390723,150.204369,2020.0,New South Wales
-31.309038,149.297681,2025.0,New South Wales
-31.82562,150.18463,2014.0,New South Wales
-35.170348,149.242889,,New South Wales
-34.781432,150.675296,,New South Wales
-30.428311,150.316217,2023.0,New South Wales
-33.809877,151.24522,2016.0,New South Wales
-33.838372,151.176979,2020.0,New South Wales
-33.432253,151.373501,2025.0,New South Wales
-33.653131,146.329318,2024.0,New South Wales
-36.23911,148.37052,2014.0,New South Wales
-32.25012,152.53834,2014.0,New South Wales
-34.643998,150.559969,2021.0,New South Wales
-33.319609,149.64239,2025.0,New South Wales
-35.000753,149.918163,2021.0,New South Wales
-31.915415,152.36843,,New South Wales
-34.187242,142.57241,2022.0,New South Wales
-32.40664,152.31426,2014.0,New South Wales
-35.214706,147.511694,,New South Wales
-34.26358,150.228964,2023.0,New South Wales
-34.462015,150.705063,2005.0,New South Wales
-31.06871,151.43216,2021.0,New South Wales
-28.937528,153.13871,,New South Wales
-33.329651,148.781658,,New South Wales
-36.55988,148.26448,2013.0,New South Wales
-32.134009,149.73869,2005.0,New South Wales
-33.823225,151.172132,2017.0,New South Wales
-33.83297,151.196656,2021.0,New South Wales
-35.647425,150.248544,2021.0,New South Wales
-34.524968,150.311197,,New South Wales
-30.592243,149.099893,2018.0,New South Wales
-33.882884,150.851011,2020.0,New South Wales
-33.924253,151.142966,2018.0,New South Wales
-36.55988,148.26448,2013.0,New South Wales
-32.25012,152.53834,2013.0,New South Wales
-30.33645,151.57825,2012.0,New South Wales
-33.375072,142.414209,2013.0,New South Wales
-28.88515,151.02449,2014.0,New South Wales
-36.693251,148.498206,2018.0,New South Wales
-31.94967,150.78671,2012.0,New South Wales
-31.94519,150.78709,2018.0,New South Wales
-33.734065,151.295734,2022.0,New South Wales
-34.66749,150.67756,2017.0,New South Wales
-35.607389,150.308611,2020.0,New South Wales
-35.933959,147.132768,,New South Wales
-33.655614,151.258214,2015.0,New South Wales
-34.265166,150.226318,2023.0,New South Wales
-31.767632,148.504495,,New South Wales
-30.545738,149.207876,2017.0,New South Wales
-32.546909,149.557402,,New South Wales
-32.25012,152.53834,2013.0,New South Wales
-35.18122,148.24567,2012.0,New South Wales
-34.274406,150.250494,2024.0,New South Wales
-30.589762,149.177629,2019.0,New South Wales
-33.726485,150.970162,2014.0,New South Wales
-34.11442,151.12576,2013.0,New South Wales
-33.621203,151.043601,2017.0,New South Wales
-32.62522,149.56793,2012.0,New South Wales
-33.715685,150.298884,2020.0,New South Wales
-34.023932,150.858458,,New South Wales
-31.61199,152.41014,2012.0,New South Wales
-29.440039,151.842202,,New South Wales
-32.25012,152.53834,2012.0,New South Wales
-33.662699,151.119822,2020.0,New South Wales
-34.505163,150.706414,2014.0,New South Wales
-30.475744,151.29185,,New South Wales
-31.888913,152.549583,1986.0,New South Wales
-30.2791,150.838518,2024.0,New South Wales
-33.726235,151.066204,2020.0,New South Wales
-36.394122,149.989357,1990.0,New South Wales
-35.999394,146.843424,,New South Wales
-33.432588,151.392996,,New South Wales
-30.36985,152.30007,2013.0,New South Wales
-31.436308,152.855898,2002.0,New South Wales
-34.997418,149.919365,2023.0,New South Wales
-28.597027,153.5427,,New South Wales
-30.33645,151.57825,2012.0,New South Wales
-33.113444,151.523391,,New South Wales
-32.62522,149.56793,2012.0,New South Wales
-35.545467,148.125711,2006.0,New South Wales
-33.648253,150.80442,2013.0,New South Wales
-33.696995,150.641986,,New South Wales
-31.959778,150.273203,2018.0,New South Wales
-36.178079,149.406628,,New South Wales
-35.88748,147.8831,2017.0,New South Wales
-35.87633,148.15427,2016.0,New South Wales
-33.746686,151.172596,,New South Wales
-35.25116,150.52209,2012.0,New South Wales
-30.951219,147.529901,1991.0,New South Wales
-31.987364,152.561896,,New South Wales
-31.44018,151.47775,2013.0,New South Wales
-33.645072,151.171373,2015.0,New South Wales
-30.483562,151.473763,,New South Wales
-29.84708,152.775351,2013.0,New South Wales
-33.741512,151.25145,2015.0,New South Wales
-33.097702,151.625967,2025.0,New South Wales
-34.071812,150.76679,2025.0,New South Wales
-34.505163,150.706414,2014.0,New South Wales
-30.497771,149.332078,2017.0,New South Wales
-35.376367,150.443891,,New South Wales
-30.674262,152.885502,,New South Wales
-34.618753,150.542781,2023.0,New South Wales
-30.36985,152.30007,2013.0,New South Wales
-34.409664,150.757654,1997.0,New South Wales
-33.998732,151.031196,2021.0,New South Wales
-33.67863,150.75956,2013.0,New South Wales
-33.644769,151.182054,2015.0,New South Wales
-30.565668,149.148779,2016.0,New South Wales
-34.792106,150.104825,1996.0,New South Wales
-37.06701,149.282224,2024.0,New South Wales
-34.13959,148.63587,2012.0,New South Wales
-33.74006,150.48652,2013.0,New South Wales
-35.53235,148.62671,,New South Wales
-33.93128,150.63765,2013.0,New South Wales
-33.822988,150.703965,2006.0,New South Wales
-35.675971,150.288312,2025.0,New South Wales
-31.391086,150.6946,2023.0,New South Wales
-34.13959,148.63587,2012.0,New South Wales
-31.07285,151.43226,2012.0,New South Wales
-32.25012,152.53834,2013.0,New South Wales
-33.931155,150.635899,2013.0,New South Wales
-29.0061,151.20426,2013.0,New South Wales
-33.414154,151.433561,2025.0,New South Wales
-32.749291,151.654535,2014.0,New South Wales
-34.447433,147.692357,,New South Wales
-30.522533,149.377301,2021.0,New South Wales
-36.35852,148.56746,2013.0,New South Wales
-33.734271,151.140787,,New South Wales
-30.507768,152.38725,1992.0,New South Wales
-34.209472,142.638321,2022.0,New South Wales
-32.804709,151.537907,,New South Wales
-29.753032,150.746653,,New South Wales
-35.782466,147.779874,2022.0,New South Wales
-30.453703,153.047956,,New South Wales
-33.800699,151.12035,2017.0,New South Wales
-31.893256,152.520613,,New South Wales
-34.017043,150.728865,2021.0,New South Wales
-33.26624,151.140232,,New South Wales
-33.946825,150.866701,2001.0,New South Wales
-32.865199,151.330354,2008.0,New South Wales
-33.708694,151.186904,,New South Wales
-33.897492,151.018496,2015.0,New South Wales
-35.39422,147.36057,2013.0,New South Wales
-32.832768,150.894056,2004.0,New South Wales
-33.715437,150.298905,2021.0,New South Wales
-29.6954,150.60252,2013.0,New South Wales
-30.57872,151.01205,2014.0,New South Wales
-33.885054,151.246888,2023.0,New South Wales
-35.60494,149.91709,2020.0,New South Wales
-31.61171,152.41547,2014.0,New South Wales
-32.62522,149.56793,2012.0,New South Wales
-31.002865,152.717513,,New South Wales
-35.40485,148.43439,2014.0,New South Wales
-30.593129,149.143406,2020.0,New South Wales
-33.67863,150.75956,2013.0,New South Wales
-33.773518,151.001938,2025.0,New South Wales
-34.460098,150.619429,2014.0,New South Wales
-31.946213,150.21453,2018.0,New South Wales
-32.25012,152.53834,2012.0,New South Wales
-31.256797,149.371199,,New South Wales
-35.794205,147.773908,2022.0,New South Wales
-34.42033,150.532112,2014.0,New South Wales
-33.908278,151.260115,2024.0,New South Wales
-32.2936,150.8136,,New South Wales
-31.07704,150.09,2024.0,New South Wales
-36.55988,148.26448,2013.0,New South Wales
-30.596207,149.122384,2019.0,New South Wales
-31.84067,152.377488,,New South Wales
-36.798508,149.657641,,New South Wales
-34.628565,150.67774,2023.0,New South Wales
-34.651711,150.313946,2023.0,New South Wales
-36.56425,148.27011,2015.0,New South Wales
-32.998383,146.287391,2019.0,New South Wales
-34.409835,150.534693,2014.0,New South Wales
-33.843679,151.115049,2023.0,New South Wales
-30.568255,149.250268,2017.0,New South Wales
-34.133626,150.733595,,New South Wales
-33.69558,151.04321,2026.0,New South Wales
-34.270891,142.58506,2017.0,New South Wales
-29.068955,141.090076,2009.0,New South Wales
-34.387223,145.978229,2004.0,New South Wales
-33.071476,151.47445,2000.0,New South Wales
-34.793,150.77008,2014.0,New South Wales
-33.769393,148.589825,2018.0,New South Wales
-36.524514,149.815722,,New South Wales
-33.867913,151.188473,2018.0,New South Wales
-30.33645,151.57825,2012.0,New South Wales
-31.434585,151.144194,,New South Wales
-35.92841,149.62366,2012.0,New South Wales
-34.76148,148.98515,2014.0,New South Wales
-31.808548,152.630543,,New South Wales
-32.5,145.6,1983.0,New South Wales
-29.35994,151.01191,2013.0,New South Wales
-30.541795,149.229834,2017.0,New South Wales
-34.137004,149.651229,2022.0,New South Wales
-31.596698,151.04183,2003.0,New South Wales
-31.43583,151.47704,2018.0,New South Wales
-33.847402,151.016547,2023.0,New South Wales
-33.692593,151.238298,2015.0,New South Wales
-34.07242,150.845837,2024.0,New South Wales
-32.43167,150.4685,2012.0,New South Wales
-34.671832,150.656171,2019.0,New South Wales
-33.796518,150.230086,2004.0,New South Wales
-34.283582,150.235059,2023.0,New South Wales
-30.449963,149.247536,2017.0,New South Wales
-33.377387,149.851254,2025.0,New South Wales
-34.13959,148.63587,2012.0,New South Wales
-36.008375,150.105387,,New South Wales
-33.00441,151.72251,2013.0,New South Wales
-33.942054,150.854145,2026.0,New South Wales
-30.314408,150.597326,,New South Wales
-34.280629,148.811515,2026.0,New South Wales
-29.95421,150.7612,2012.0,New South Wales
-36.698108,148.455924,2009.0,New South Wales
-30.33645,151.57825,2013.0,New South Wales
-35.40485,148.43439,2012.0,New South Wales
-34.174076,150.517778,,New South Wales
-34.997662,149.91932,2021.0,New South Wales
-32.690867,149.476499,,New South Wales
-32.05762,151.687,2014.0,New South Wales
-34.03029,151.209551,1997.0,New South Wales
-31.61171,152.41547,2014.0,New South Wales
-34.186701,150.968806,2008.0,New South Wales
-34.983581,148.338718,2017.0,New South Wales
-34.681226,150.574221,2021.0,New South Wales
-34.127987,150.638057,2025.0,New South Wales
-33.576638,148.662685,,New South Wales
-33.777725,151.036661,2021.0,New South Wales
-36.218739,148.156376,2015.0,New South Wales
-36.35869,148.56188,2013.0,New South Wales
-31.269691,150.370941,2023.0,New South Wales
-31.01818,150.240003,,New South Wales
-35.370435,149.636695,2013.0,New South Wales
-34.618753,150.542781,2019.0,New South Wales
-33.842,149.2252,2014.0,New South Wales
-33.981266,151.077535,2019.0,New South Wales
-36.745959,149.588636,,New South Wales
-34.37202,150.51215,2012.0,New South Wales
-35.654511,149.123638,2016.0,New South Wales
-34.415692,150.566493,2014.0,New South Wales
-36.634838,149.29416,1991.0,New South Wales
-33.65988,150.80309,2012.0,New South Wales
-34.176213,142.493598,2016.0,New South Wales
-34.114969,142.541881,2016.0,New South Wales
-34.202191,150.965548,2008.0,New South Wales
-33.98385,150.50739,2020.0,New South Wales
-30.126338,151.883835,,New South Wales
-34.181057,150.797495,,New South Wales
-33.850232,151.079365,2021.0,New South Wales
-35.867406,148.407049,2020.0,New South Wales
-34.618753,150.542781,2018.0,New South Wales
-34.028328,149.089031,,New South Wales
-33.806873,151.230698,2001.0,New South Wales
-34.211909,151.002355,,New South Wales
-37.366989,149.823671,2003.0,New South Wales
-33.20436,151.59508,2013.0,New South Wales
-34.51154,148.02838,2014.0,New South Wales
-33.982007,150.820773,2024.0,New South Wales
-34.349488,150.79513,2002.0,New South Wales
-33.659889,151.300449,2014.0,New South Wales
-34.210312,150.724741,2006.0,New South Wales
-35.74272,147.97024,2014.0,New South Wales
-33.49243,149.7604,2013.0,New South Wales
-37.050936,149.84603,,New South Wales
-32.157931,149.73807,2010.0,New South Wales
-33.097528,151.624623,2025.0,New South Wales
-32.282299,152.522518,,New South Wales
-32.434702,150.672974,,New South Wales
-33.789295,151.250571,2018.0,New South Wales
-34.636326,150.569018,2019.0,New South Wales
-33.49243,149.7604,2013.0,New South Wales
-35.4005,148.43447,2012.0,New South Wales
-33.92906,150.6394,2014.0,New South Wales
-29.636439,151.302732,,New South Wales
-34.101807,150.824135,2023.0,New South Wales
-34.996856,149.919018,2020.0,New South Wales
-33.915211,151.035779,2016.0,New South Wales
-33.681941,151.10328,2022.0,New South Wales
-30.997772,153.007189,,New South Wales
-33.842,149.2252,2014.0,New South Wales
-31.94937,150.7812,2012.0,New South Wales
-34.088758,151.109515,2017.0,New South Wales
-33.736562,151.201712,,New South Wales
-33.843954,151.137167,2025.0,New South Wales
-33.93118,150.63605,2013.0,New South Wales
-33.79778,151.160563,2022.0,New South Wales
-33.810057,151.088826,2018.0,New South Wales
-34.11839,151.12634,2013.0,New South Wales
-30.452976,150.337108,2023.0,New South Wales
-33.74494,151.271457,2025.0,New South Wales
-34.997117,149.920154,2022.0,New South Wales
-35.781473,147.098844,2001.0,New South Wales
-36.274753,148.387416,1979.0,New South Wales
-30.598127,149.153498,2018.0,New South Wales
-36.55984,148.27007,2014.0,New South Wales
-33.799356,151.015363,2025.0,New South Wales
-30.088114,153.201836,,New South Wales
-35.808957,149.163886,2013.0,New South Wales
-33.93122,150.63629,2013.0,New South Wales
-32.169393,152.282312,,New South Wales
-30.518776,149.410766,2021.0,New South Wales
-32.57276,150.42483,2014.0,New South Wales
-30.972376,150.313765,,New South Wales
-30.397516,149.5691,2012.0,New South Wales
-29.36442,151.01204,2013.0,New South Wales
-32.62522,149.56793,2012.0,New South Wales
-33.764418,151.159964,2025.0,New South Wales
-34.769508,150.484809,2022.0,New South Wales
-33.923897,150.031274,2002.0,New South Wales
-31.44018,151.47775,2013.0,New South Wales
-30.006578,153.17724,,New South Wales
-31.678033,150.79158,,New South Wales
-34.997816,149.919243,2021.0,New South Wales
-33.630871,150.992914,2020.0,New South Wales
-33.958105,150.921221,2022.0,New South Wales
-33.645478,150.700466,2003.0,New South Wales
-32.25173,152.53319,2013.0,New South Wales
-34.618753,150.542781,2022.0,New South Wales
-34.682472,150.51444,,New South Wales
-30.539513,149.334393,2017.0,New South Wales
-33.292778,151.454575,2003.0,New South Wales
-33.64623,150.79832,2012.0,New South Wales
-33.340413,148.598732,,New South Wales
-32.714288,151.390381,,New South Wales
-34.100604,150.787088,2025.0,New South Wales
-30.522742,153.027664,1997.0,New South Wales
-30.33645,151.57825,2014.0,New South Wales
-33.49658,149.76597,2018.0,New South Wales
-33.099008,151.483203,2025.0,New South Wales
-34.618185,150.624202,2023.0,New South Wales
-34.695308,150.685355,2022.0,New South Wales
-36.869681,149.267515,1991.0,New South Wales
-30.394307,149.573605,2012.0,New South Wales
-34.23154,150.603915,,New South Wales
-34.175096,142.525958,2025.0,New South Wales
-31.07285,151.43226,2012.0,New South Wales
-34.827593,150.515872,,New South Wales
-36.464536,149.244494,1991.0,New South Wales
-35.94373,148.92001,2012.0,New South Wales
-33.640711,151.126581,2008.0,New South Wales
-34.537359,150.660395,2014.0,New South Wales
-33.939341,151.253806,2016.0,New South Wales
-30.56688,149.255674,2016.0,New South Wales
-33.799482,151.149378,2019.0,New South Wales
-35.854995,147.495806,2022.0,New South Wales
-30.57872,151.01205,2012.0,New South Wales
-33.835523,151.136368,2018.0,New South Wales
-32.86441,151.318103,,New South Wales
-33.765116,151.054814,2021.0,New South Wales
-35.880053,150.139669,,New South Wales
-36.55984,148.27007,2012.0,New South Wales
-31.89615,150.81671,2012.0,New South Wales
-34.628565,150.67774,2022.0,New South Wales
-33.19922,151.58958,2014.0,New South Wales
-33.696329,149.273016,,New South Wales
-34.237508,146.031543,2006.0,New South Wales
-29.49085,153.13297,,New South Wales
-28.78905,153.534373,,New South Wales
-32.648735,151.758356,,New South Wales
-33.685283,151.266357,2024.0,New South Wales
-34.380645,150.537464,2015.0,New South Wales
-32.268813,151.926774,2023.0,New South Wales
-34.079493,150.517065,,New South Wales
-32.473476,151.44043,,New South Wales
-29.465014,149.843922,,New South Wales
-35.569596,150.055032,2023.0,New South Wales
-34.11442,151.12576,2013.0,New South Wales
-33.749893,151.141788,2021.0,New South Wales
-34.809203,150.453865,2013.0,New South Wales
-34.837529,147.847711,2017.0,New South Wales
-34.713405,150.630324,2019.0,New South Wales
-34.643998,150.559969,2021.0,New South Wales
-33.584131,150.225725,,New South Wales
-35.39961,148.43913,2014.0,New South Wales
-36.713067,149.844979,,New South Wales
-33.927248,151.112144,2020.0,New South Wales
-28.539563,153.4223,,New South Wales
-33.4309,151.381186,2025.0,New South Wales
-34.996513,149.924029,2022.0,New South Wales
-34.096874,150.813635,2019.0,New South Wales
-32.649224,149.001798,,New South Wales
-33.942042,150.854135,2026.0,New South Wales
-33.846325,150.859423,2003.0,New South Wales
-30.599071,151.49325,,New South Wales
-32.286238,149.657144,,New South Wales
-29.637206,152.987093,,New South Wales
-34.040027,151.051828,2019.0,New South Wales
-31.649481,150.727702,,New South Wales
-29.64681,151.32664,2014.0,New South Wales
-33.00621,150.023775,2009.0,New South Wales
-33.931083,150.639694,2012.0,New South Wales
-32.728544,148.185792,1996.0,New South Wales
-32.735853,151.756482,2011.0,New South Wales
-34.041215,150.844838,2015.0,New South Wales
-29.35278,153.31529,,New South Wales
-33.346638,150.932028,,New South Wales
-33.742432,151.161206,2023.0,New South Wales
-34.51154,148.02838,2012.0,New South Wales
-33.884484,151.118527,2021.0,New South Wales
-36.274753,148.387416,1979.0,New South Wales
-33.692524,150.946546,2016.0,New South Wales
-35.73825,147.97008,2012.0,New South Wales
-30.36985,152.30007,2013.0,New South Wales
-33.392546,151.452035,2021.0,New South Wales
-33.987901,151.138425,2025.0,New South Wales
-33.958211,150.906542,2016.0,New South Wales
-36.01723,149.8596,2014.0,New South Wales
-33.518146,150.830926,2025.0,New South Wales
-29.30857,150.78628,2014.0,New South Wales
-30.502544,149.038718,2017.0,New South Wales
-34.10855,151.086619,2016.0,New South Wales
-35.88748,147.8831,2013.0,New South Wales
-33.884722,151.081178,2021.0,New South Wales
-34.11442,151.12576,2013.0,New South Wales
-33.842,149.2252,2014.0,New South Wales
-34.88741,144.761039,2025.0,New South Wales
-33.81432,151.07004,2021.0,New South Wales
-34.363514,148.969862,2010.0,New South Wales
-31.07285,151.43226,2012.0,New South Wales
-33.842,149.2252,2014.0,New South Wales
-34.634799,150.700777,2023.0,New South Wales
-35.593914,150.29092,2020.0,New South Wales
-36.35869,148.56188,2013.0,New South Wales
-33.367503,151.382887,2024.0,New South Wales
-31.43583,151.47704,2013.0,New South Wales
-33.49243,149.7604,2013.0,New South Wales
-34.11377,151.13147,2012.0,New South Wales
-36.55988,148.26448,2013.0,New South Wales
-33.665811,151.226324,2015.0,New South Wales
-34.18317,142.671716,2017.0,New South Wales
-33.733616,150.460951,,New South Wales
-33.93075,150.99539,2012.0,New South Wales
-29.30849,150.79127,2014.0,New South Wales
-33.96821,146.076821,1991.0,New South Wales
-34.429892,150.529709,2014.0,New South Wales
-32.852606,151.459947,2025.0,New South Wales
-30.606273,149.187786,2019.0,New South Wales
-32.719499,152.12458,2021.0,New South Wales
-33.681955,151.1031,2020.0,New South Wales
-32.5,145.6,1982.0,New South Wales
-33.6783,150.76508,2012.0,New South Wales
-30.33197,151.57815,2012.0,New South Wales
-35.161981,149.85543,2014.0,New South Wales
-35.632987,150.254979,2021.0,New South Wales
-33.842,149.2252,2012.0,New South Wales
-29.95421,150.7612,2012.0,New South Wales
-30.402213,151.624706,2021.0,New South Wales
-34.997418,149.919366,2022.0,New South Wales
-32.250295,152.323239,,New South Wales
-34.226138,142.729422,2017.0,New South Wales
-34.86022,149.235415,,New South Wales
-31.07331,151.42688,2014.0,New South Wales
-30.508976,150.607627,,New South Wales
-28.83652,153.378518,,New South Wales
-29.36442,151.01204,2015.0,New South Wales
-32.760361,151.567744,,New South Wales
-32.62522,149.56793,2012.0,New South Wales
-32.730186,150.278502,2005.0,New South Wales
-28.859178,153.360638,2021.0,New South Wales
-33.914905,150.036689,2002.0,New South Wales
-32.288605,152.292307,,New South Wales
-33.886411,151.265796,2024.0,New South Wales
-33.133633,151.507614,,New South Wales
-36.23911,148.37052,2014.0,New South Wales
-30.131138,148.19247,2000.0,New South Wales
-29.027902,153.158114,2024.0,New South Wales
-31.44018,151.47775,2013.0,New South Wales
-35.18121,148.25099,2013.0,New South Wales
-31.209371,152.885617,2002.0,New South Wales
-33.848374,151.068103,2014.0,New South Wales
-31.60677,152.256134,,New South Wales
-34.145327,150.959202,2007.0,New South Wales
-35.364194,147.708414,2026.0,New South Wales
-34.997116,149.920154,2022.0,New South Wales
-33.075985,151.094448,2024.0,New South Wales
-33.757294,151.267857,2025.0,New South Wales
-33.776064,150.079675,2002.0,New South Wales
-33.712984,150.807891,2024.0,New South Wales
-31.61171,152.41547,2014.0,New South Wales
-36.004295,146.167552,,New South Wales
-33.518119,150.830743,2018.0,New South Wales
-33.728462,150.779355,2021.0,New South Wales
-32.476866,150.429064,2005.0,New South Wales
-35.87633,148.15427,2020.0,New South Wales
-34.505163,150.706414,2014.0,New South Wales
-33.350441,148.99937,2019.0,New South Wales
-34.444783,150.518007,2014.0,New South Wales
-33.928124,146.465663,1980.0,New South Wales
-35.87163,148.15979,2013.0,New South Wales
-30.008134,151.863615,,New South Wales
-33.94246,150.852054,2025.0,New South Wales
-33.549576,149.973779,2024.0,New South Wales
-31.70739,150.03244,2020.0,New South Wales
-30.526708,149.211371,2017.0,New South Wales
-35.74272,147.97024,2014.0,New South Wales
-33.777839,151.11392,2025.0,New South Wales
-34.455287,148.783862,,New South Wales
-32.679391,151.649453,,New South Wales
-34.137004,149.651229,2022.0,New South Wales
-34.549791,150.637949,2014.0,New South Wales
-34.402338,150.570034,2014.0,New South Wales
-32.489429,150.032898,,New South Wales
-36.05534,148.25509,2023.0,New South Wales
-31.895506,152.469494,,New South Wales
-33.53824,149.92891,2012.0,New South Wales
-36.3541,148.56179,2014.0,New South Wales
-35.257965,149.455827,2017.0,New South Wales
-34.061052,150.725267,,New South Wales
-33.685327,150.761401,2023.0,New South Wales
-35.001028,149.917976,2022.0,New South Wales
-30.462244,152.897957,1997.0,New South Wales
-30.072136,153.184745,,New South Wales
-31.075984,152.798,,New South Wales
-30.578734,149.107726,2020.0,New South Wales
-33.804427,151.095282,2018.0,New South Wales
-31.82544,150.18992,2015.0,New South Wales
-36.55988,148.26448,2014.0,New South Wales
-31.43583,151.47704,2013.0,New South Wales
-32.858176,151.519146,2017.0,New South Wales
-33.392435,151.40763,,New South Wales
-33.869447,151.281418,2020.0,New South Wales
-31.920739,152.574983,,New South Wales
-34.20314,142.439116,2016.0,New South Wales
-29.83057,151.13139,2013.0,New South Wales
-30.406334,150.24991,2023.0,New South Wales
-36.55988,148.26448,2013.0,New South Wales
-32.700009,151.530591,2019.0,New South Wales
-33.077368,151.09617,2023.0,New South Wales
-35.78332,147.12658,2019.0,New South Wales
-29.00166,151.2041,2013.0,New South Wales
-33.440656,149.176648,,New South Wales
-35.661194,150.235736,2020.0,New South Wales
-29.668176,152.928252,2025.0,New South Wales
-33.748509,151.226803,2025.0,New South Wales
-33.730148,147.103105,,New South Wales
-32.219409,152.533234,,New South Wales
-30.412665,152.762698,,New South Wales
-34.097901,150.816756,2019.0,New South Wales
-31.574553,152.71618,,New South Wales
-33.096732,151.497899,2024.0,New South Wales
-30.595251,149.098995,2019.0,New South Wales
-33.751425,151.251593,2024.0,New South Wales
-34.460098,150.619429,2014.0,New South Wales
-31.61199,152.41014,2013.0,New South Wales
-33.894715,151.246353,2021.0,New South Wales
-35.358962,147.702835,,New South Wales
-28.715694,153.297916,2011.0,New South Wales
-33.93122,150.63629,2013.0,New South Wales
-30.784708,152.887772,2022.0,New South Wales
-32.25012,152.53834,2015.0,New South Wales
-33.49668,149.7617,2013.0,New South Wales
-33.218209,151.519949,2019.0,New South Wales
-33.083659,150.223123,2019.0,New South Wales
-36.55988,148.26448,2014.0,New South Wales
-33.707973,150.532534,2022.0,New South Wales
-33.619238,151.338523,2022.0,New South Wales
-33.708005,150.814382,2024.0,New South Wales
-33.591644,150.852152,2006.0,New South Wales
-34.621626,150.658096,2019.0,New South Wales
-34.618753,150.542781,2021.0,New South Wales
-35.370435,149.636695,2013.0,New South Wales
-33.815987,151.090164,2018.0,New South Wales
-33.76158,151.17193,2010.0,New South Wales
-30.425857,150.49386,2024.0,New South Wales
-33.94047,151.0121,2010.0,New South Wales
-34.973506,148.360057,2017.0,New South Wales
-35.87633,148.15427,2014.0,New South Wales
-34.505163,150.706414,2014.0,New South Wales
-28.259903,153.403163,2024.0,New South Wales
-34.5158,148.03261,2019.0,New South Wales
-36.487611,149.446071,1987.0,New South Wales
-34.793,150.77008,2014.0,New South Wales
-33.929547,150.985585,,New South Wales
-36.35869,148.56188,2013.0,New South Wales
-34.13505,148.63598,2013.0,New South Wales
-31.863982,152.485332,,New South Wales
-33.88652,151.281223,2015.0,New South Wales
-34.131884,150.257517,2024.0,New South Wales
-34.08307,148.45045,2017.0,New South Wales
-33.734878,150.660912,2021.0,New South Wales
-36.55984,148.27007,2012.0,New South Wales
-33.84904,151.053422,2020.0,New South Wales
-32.68877,151.687195,2024.0,New South Wales
-33.531635,150.159006,,New South Wales
-33.747491,150.967844,2018.0,New South Wales
-35.672837,149.983877,2021.0,New South Wales
-34.191368,142.567815,2017.0,New South Wales
-33.340169,151.416058,2025.0,New South Wales
-33.499647,150.938326,2006.0,New South Wales
-34.08307,148.45045,2013.0,New South Wales
-29.294058,151.689917,,New South Wales
-33.814433,151.174035,2025.0,New South Wales
-34.021151,150.881984,2007.0,New South Wales
-33.826029,151.169843,2025.0,New South Wales
-32.061824,148.987421,1996.0,New South Wales
-30.33645,151.57825,2012.0,New South Wales
-31.61171,152.41547,2014.0,New South Wales
-34.11442,151.12576,2013.0,New South Wales
-31.82544,150.18992,2013.0,New South Wales
-31.7073,150.03775,2014.0,New South Wales
-33.709569,150.81825,2025.0,New South Wales
-36.23911,148.37052,2014.0,New South Wales
-35.72261,149.45981,2019.0,New South Wales
-34.139807,142.552935,2016.0,New South Wales
-33.654053,150.809796,2025.0,New South Wales
-35.87105,148.15631,2013.0,New South Wales
-33.6497,150.80643,2013.0,New South Wales
-30.635471,149.205223,2018.0,New South Wales
-33.968531,150.83984,2023.0,New South Wales
-31.396079,150.674629,2023.0,New South Wales
-35.619311,150.256688,2021.0,New South Wales
-35.657,150.007,2020.0,New South Wales
-36.55988,148.26448,2013.0,New South Wales
-31.44018,151.47775,2013.0,New South Wales
-32.334472,149.969456,2024.0,New South Wales
-35.383831,150.365106,2019.0,New South Wales
-35.632987,150.254979,2020.0,New South Wales
-31.06871,151.43216,2012.0,New South Wales
-33.777327,150.106113,2002.0,New South Wales
-32.732236,151.779517,,New South Wales
-30.171763,152.617094,2009.0,New South Wales
-36.55988,148.26448,2013.0,New South Wales
-34.505163,150.706414,2014.0,New South Wales
-33.931472,150.638722,2012.0,New South Wales
-30.526104,148.988762,2016.0,New South Wales
-28.453522,153.301477,,New South Wales
-31.536867,152.804248,,New South Wales
-35.849302,147.518766,2022.0,New South Wales
-36.825146,149.675377,1991.0,New South Wales
-33.708005,150.814382,2023.0,New South Wales
-33.366518,142.806802,2002.0,New South Wales
-36.067047,146.884933,,New South Wales
-34.248083,150.666936,2015.0,New South Wales
-34.220265,142.600437,2018.0,New South Wales
-30.40739,150.48147,2022.0,New South Wales
-30.35783,150.29866,2022.0,New South Wales
-33.799567,151.170628,2022.0,New South Wales
-32.668127,151.726352,,New South Wales
-35.607389,150.308611,2021.0,New South Wales
-33.708005,150.814382,2025.0,New South Wales
-34.266195,142.776028,2016.0,New South Wales
-33.721822,151.114461,2024.0,New South Wales
-34.038972,151.066877,2022.0,New South Wales
-34.266629,142.743319,2016.0,New South Wales
-34.328241,150.844439,2001.0,New South Wales
-34.723981,150.537259,2023.0,New South Wales
-33.097048,151.550042,,New South Wales
-36.613784,148.251784,2014.0,New South Wales
-33.49668,149.7617,2013.0,New South Wales
-29.83057,151.13139,2013.0,New South Wales
-34.100148,150.82555,2017.0,New South Wales
-33.631335,151.019259,2026.0,New South Wales
-29.70068,150.60695,2013.0,New South Wales
-31.652605,152.81064,2025.0,New South Wales
-32.22301,149.37566,2016.0,New South Wales
-28.819715,153.275632,2019.0,New South Wales
-29.374402,151.824902,,New South Wales
-34.70636,149.96426,2020.0,New South Wales
-33.965861,150.655835,2013.0,New South Wales
-32.457339,145.461282,2021.0,New South Wales
-32.673838,151.716002,,New South Wales
-32.559624,151.753479,,New South Wales
-34.651551,150.308624,,New South Wales
-33.37196,150.227202,2022.0,New South Wales
-33.548875,150.635032,,New South Wales
-33.12024,147.446834,,New South Wales
-32.176283,149.698776,2005.0,New South Wales
-30.33163,151.58336,2012.0,New South Wales
-33.234119,151.449067,,New South Wales
-30.57343,151.00588,2012.0,New South Wales
-30.57851,151.00686,2012.0,New South Wales
-33.571106,150.642822,,New South Wales
-35.877492,147.596746,2022.0,New South Wales
-31.07285,151.43226,2012.0,New South Wales
-33.942485,150.852081,2025.0,New South Wales
-33.369068,151.436203,2025.0,New South Wales
-29.330465,151.909422,,New South Wales
-30.589906,149.23018,2018.0,New South Wales
-35.66639,146.80138,2014.0,New South Wales
-31.082381,150.078631,2023.0,New South Wales
-30.29511,150.86323,2023.0,New South Wales
-35.87163,148.15979,2013.0,New South Wales
-30.502544,149.038718,2017.0,New South Wales
-36.660818,149.640018,,New South Wales
-33.362917,151.397372,,New South Wales
-34.66749,150.67756,2017.0,New South Wales
-34.690353,150.701817,2019.0,New South Wales
-30.575905,149.214847,2019.0,New South Wales
-34.87638,150.573654,2023.0,New South Wales
-30.723291,150.345471,2016.0,New South Wales
-33.516916,150.943794,2025.0,New South Wales
-33.854601,150.644374,2021.0,New South Wales
-34.56051,142.742979,,New South Wales
-33.358193,150.164941,2017.0,New South Wales
-31.08136,150.071458,2020.0,New South Wales
-33.242109,151.508445,2023.0,New South Wales
-32.25012,152.53834,2013.0,New South Wales
-35.72719,149.45448,2012.0,New South Wales
-36.627138,149.96557,,New South Wales
-35.967,149.152,2011.0,New South Wales
-30.54703,152.5361,2019.0,New South Wales
-30.983678,150.761101,,New South Wales
-35.87105,148.15631,2014.0,New South Wales
-33.83849,149.22826,2014.0,New South Wales
-30.569244,149.12542,2019.0,New South Wales
-34.22488,150.887386,2014.0,New South Wales
-33.828997,151.244547,2021.0,New South Wales
-33.733944,151.285581,2023.0,New South Wales
-32.844006,151.325928,2022.0,New South Wales
-35.778733,149.154582,2012.0,New South Wales
-31.830121,149.162324,2016.0,New South Wales
-37.074822,149.331256,2019.0,New South Wales
-30.612449,149.230736,2020.0,New South Wales
-35.675978,150.08404,2005.0,New South Wales
-33.736366,151.296665,2023.0,New South Wales
-33.842,149.2252,2014.0,New South Wales
-34.618185,150.624202,2020.0,New South Wales
-34.191368,142.567815,2017.0,New South Wales
-36.315556,149.886131,1990.0,New South Wales
-33.626927,151.323969,2023.0,New South Wales
-28.257862,153.401725,2025.0,New South Wales
-30.36985,152.30007,2013.0,New South Wales
-34.357404,150.605162,2016.0,New South Wales
-32.527501,150.796706,,New South Wales
-37.287334,149.94542,1965.0,New South Wales
-30.209347,153.153175,,New South Wales
-28.959439,152.785436,2023.0,New South Wales
-32.62522,149.56793,2012.0,New South Wales
-32.25,151.470278,2016.0,New South Wales
-33.754053,150.966015,,New South Wales
-33.49243,149.7604,2014.0,New South Wales
-34.13943,148.63023,2017.0,New South Wales
-33.993502,151.137816,2019.0,New South Wales
-36.617004,148.252064,2015.0,New South Wales
-36.55988,148.26448,2013.0,New South Wales
-34.524308,150.788555,2017.0,New South Wales
-33.728629,151.111278,2024.0,New South Wales
-36.55988,148.26448,2013.0,New South Wales
-31.7073,150.03775,2012.0,New South Wales
-32.256619,148.28774,,New South Wales
-36.158393,148.61773,2013.0,New South Wales
-36.616041,149.980024,1992.0,New South Wales
-34.25185,142.803789,2017.0,New South Wales
-33.921675,151.150224,2019.0,New South Wales
-33.68222,150.7615,2013.0,New South Wales
-32.62522,149.56793,2012.0,New South Wales
-31.35,150.65,,New South Wales
-35.114643,147.243233,2016.0,New South Wales
-33.842854,146.267626,,New South Wales
-34.462917,150.19605,2020.0,New South Wales
-31.7073,150.03775,2020.0,New South Wales
-35.606,150.29139,2020.0,New South Wales
-33.96661,150.86859,2014.0,New South Wales
-32.345024,152.513831,,New South Wales
-34.42033,150.532112,2014.0,New South Wales
-30.33645,151.57825,2012.0,New South Wales
-35.18121,148.25099,2013.0,New South Wales
-36.56425,148.27011,2015.0,New South Wales
-28.652525,153.45615,2023.0,New South Wales
-34.501802,150.571266,2016.0,New South Wales
-32.172064,149.749561,2015.0,New South Wales
-36.35852,148.56746,2013.0,New South Wales
-31.082381,150.078631,2024.0,New South Wales
-33.72618,150.29268,2025.0,New South Wales
-34.576676,150.848901,2019.0,New South Wales
-36.56413,148.2647,2014.0,New South Wales
-32.35394,150.10271,2020.0,New South Wales
-30.636394,149.160492,2020.0,New South Wales
-35.688161,147.247576,,New South Wales
-30.751401,150.303826,2023.0,New South Wales
-35.820211,150.17191,2005.0,New South Wales
-31.43583,151.47704,2013.0,New South Wales
-33.49243,149.7604,2013.0,New South Wales
-31.07285,151.43226,2012.0,New South Wales
-34.572611,150.849696,2004.0,New South Wales
-36.613784,148.251784,2014.0,New South Wales
-34.80854,150.02093,2013.0,New South Wales
-33.49243,149.7604,2013.0,New South Wales
-30.19043,153.134616,,New South Wales
-36.617004,148.252064,2015.0,New South Wales
-33.341783,148.976932,2019.0,New South Wales
-31.43583,151.47704,2013.0,New South Wales
-34.649315,150.306836,2020.0,New South Wales
-34.11442,151.12576,2013.0,New South Wales
-33.829916,151.06525,2018.0,New South Wales
-28.593652,153.559669,2023.0,New South Wales
-34.634799,150.700777,2023.0,New South Wales
-36.23911,148.37052,2014.0,New South Wales
-33.368668,151.382735,2023.0,New South Wales
-36.55988,148.26448,2014.0,New South Wales
-35.18569,148.24567,2012.0,New South Wales
-33.790042,150.657224,2020.0,New South Wales
-28.591553,153.5629,2023.0,New South Wales
-33.894599,151.149191,2019.0,New South Wales
-31.480037,152.869496,2001.0,New South Wales
-33.213058,151.501894,2025.0,New South Wales
-36.685689,149.850788,,New South Wales
-35.849717,147.504358,2022.0,New South Wales
-31.823182,150.462392,,New South Wales
-34.996135,149.92184,2023.0,New South Wales
-29.485766,153.124864,1991.0,New South Wales
-33.49668,149.7617,2013.0,New South Wales
-31.61171,152.41547,2013.0,New South Wales
-35.73825,147.97008,2012.0,New South Wales
-31.39112,150.694307,2022.0,New South Wales
-33.83625,149.99867,2013.0,New South Wales
-32.25173,152.53319,2013.0,New South Wales
-33.23501,151.428927,,New South Wales
-33.394939,142.487588,2013.0,New South Wales
-32.782492,144.266523,2018.0,New South Wales
-35.309458,150.432649,2020.0,New South Wales
-33.720439,150.771473,2024.0,New South Wales
-33.921779,151.234099,2018.0,New South Wales
-30.09675,151.25979,2014.0,New South Wales
-30.526066,149.279664,2017.0,New South Wales
-35.800136,150.224189,,New South Wales
-32.62522,149.56793,2012.0,New South Wales
-28.842468,153.263114,,New South Wales
-34.124731,150.662445,2021.0,New South Wales
-33.725011,151.172318,2021.0,New South Wales
-34.153149,150.289932,2024.0,New South Wales
-34.429892,150.529709,2014.0,New South Wales
-33.696995,150.644366,,New South Wales
-33.353862,151.3706,,New South Wales
-34.618753,150.542781,2022.0,New South Wales
-36.55988,148.26448,2013.0,New South Wales
-34.766668,146.573298,,New South Wales
-33.104975,151.54534,,New South Wales
-33.770701,151.11559,,New South Wales
-33.529826,151.361039,2019.0,New South Wales
-31.279588,152.813177,2020.0,New South Wales
-32.653612,151.731468,,New South Wales
-33.414218,151.43379,2025.0,New South Wales
-33.403143,151.417742,,New South Wales
-33.732838,150.937271,2024.0,New South Wales
-34.51576,148.02754,2021.0,New South Wales
-36.651933,148.62099,2009.0,New South Wales
-33.19922,151.58958,2014.0,New South Wales
-35.66034,149.21745,2013.0,New South Wales
-32.730404,151.324905,2024.0,New South Wales
-34.164292,142.562492,2022.0,New South Wales
-31.192548,149.35308,2023.0,New South Wales
-35.40485,148.43439,2014.0,New South Wales
-35.074436,149.069144,,New South Wales
-32.62522,149.56793,2012.0,New South Wales
-30.378691,150.238562,2023.0,New South Wales
-31.899823,146.807548,,New South Wales
-34.059968,151.116712,2021.0,New South Wales
-34.485981,150.421174,,New South Wales
-36.23911,148.37052,2014.0,New South Wales
-33.735164,151.061161,2019.0,New South Wales
-33.8435,149.22904,2014.0,New South Wales
-34.349518,150.177053,2019.0,New South Wales
-34.263562,150.229858,2023.0,New South Wales
-36.55988,148.26448,2014.0,New South Wales
-30.36932,152.30552,2014.0,New South Wales
-34.607323,150.042291,2005.0,New South Wales
-30.547979,149.04863,2017.0,New South Wales
-33.809216,150.683522,2024.0,New South Wales
-35.78736,149.354166,2003.0,New South Wales
-34.047464,149.663402,2022.0,New South Wales
-32.62522,149.56793,2012.0,New South Wales
-30.495916,149.884639,2025.0,New South Wales
-35.21889,147.8741,2016.0,New South Wales
-30.295126,153.022781,,New South Wales
-31.07331,151.42688,2012.0,New South Wales
-34.549121,148.448531,,New South Wales
-30.985463,150.24952,,New South Wales
-31.44018,151.47775,2013.0,New South Wales
-35.66034,149.21745,2013.0,New South Wales
-35.9483,148.91992,2012.0,New South Wales
-34.27112,149.855747,2017.0,New South Wales
-35.73825,147.97008,2012.0,New South Wales
-30.402303,152.778172,,New South Wales
-32.667916,151.717995,,New South Wales
-32.959518,151.643069,2023.0,New South Wales
-34.70867,150.45764,2012.0,New South Wales
-31.94937,150.7812,2012.0,New South Wales
-33.382832,151.442175,2024.0,New South Wales
-29.64681,151.32664,2014.0,New South Wales
-30.989428,147.447371,1996.0,New South Wales
-34.549791,150.637949,2014.0,New South Wales
-33.768107,151.222558,2017.0,New South Wales
-34.101745,150.820351,2016.0,New South Wales
-35.354503,147.708395,,New South Wales
-34.496963,150.709001,2014.0,New South Wales
-32.760688,151.746934,,New South Wales
-34.52847,149.92708,2014.0,New South Wales
-29.712427,152.929819,2011.0,New South Wales
-32.941674,151.297675,,New South Wales
-31.94967,150.78671,2012.0,New South Wales
-31.82105,150.18431,2014.0,New South Wales
-32.291402,149.327484,,New South Wales
-36.387321,148.654057,2017.0,New South Wales
-35.903068,147.760454,2022.0,New South Wales
-33.824927,151.069669,2004.0,New South Wales
-35.92407,149.61795,2020.0,New South Wales
-30.003787,151.232574,2024.0,New South Wales
-33.94204,150.854122,2026.0,New South Wales
-29.36442,151.01204,2013.0,New South Wales
-31.7073,150.03775,2013.0,New South Wales
-35.9483,148.91992,2012.0,New South Wales
-33.805343,150.999869,2023.0,New South Wales
-31.410149,150.65608,2023.0,New South Wales
-30.36985,152.30007,2013.0,New South Wales
-34.175372,150.83981,1997.0,New South Wales
-28.347541,153.567685,,New South Wales
-34.654912,150.64037,2021.0,New South Wales
-34.267807,150.232465,2023.0,New South Wales
-34.174134,142.461354,2017.0,New South Wales
-29.781363,151.124825,2019.0,New South Wales
-31.44018,151.47775,2013.0,New South Wales
-33.49243,149.7604,2013.0,New South Wales
-33.20436,151.59508,2013.0,New South Wales
-28.602352,153.432969,,New South Wales
-31.796611,151.542303,2011.0,New South Wales
-33.002692,151.565804,,New South Wales
-36.55988,148.26448,2013.0,New South Wales
-36.55988,148.26448,2013.0,New South Wales
-35.72719,149.45448,2012.0,New South Wales
-29.17946,151.01701,2014.0,New South Wales
-34.422432,150.81192,,New South Wales
-31.330509,151.052442,2011.0,New South Wales
-33.77171,151.262414,2022.0,New South Wales
-30.545261,149.206289,2020.0,New South Wales
-35.899952,147.800693,2021.0,New South Wales
-31.07285,151.43226,2012.0,New South Wales
-33.751331,151.243446,2021.0,New South Wales
-30.595123,149.04864,2017.0,New South Wales
-34.072308,150.767348,2025.0,New South Wales
-30.743708,151.351903,2013.0,New South Wales
-33.511408,151.401086,,New South Wales
-33.826414,151.178419,2021.0,New South Wales
-32.923244,151.707919,2024.0,New South Wales
-33.437521,149.547018,2020.0,New South Wales
-34.429892,150.529709,2014.0,New South Wales
-33.724126,150.395689,2007.0,New South Wales
-33.689682,150.754136,2005.0,New South Wales
-34.1336,149.641,2014.0,New South Wales
-36.24347,148.37086,2014.0,New South Wales
-32.743221,151.872406,2019.0,New South Wales
-34.098273,150.825743,2017.0,New South Wales
-34.08774,148.44507,2013.0,New South Wales
-33.49243,149.7604,2013.0,New South Wales
-30.59692,151.80533,2014.0,New South Wales
-34.411341,150.768977,2003.0,New South Wales
-30.545738,149.207876,2018.0,New South Wales
-31.44018,151.47775,2013.0,New South Wales
-33.82424,151.220064,2020.0,New South Wales
-34.197751,142.581219,2017.0,New South Wales
-33.770015,150.648619,2016.0,New South Wales
-33.678,151.038785,,New South Wales
-30.727575,152.938588,2004.0,New South Wales
-33.93147,150.63493,2013.0,New South Wales
-31.27616,152.82371,2018.0,New South Wales
-32.62522,149.56793,2012.0,New South Wales
-33.799744,151.170284,2025.0,New South Wales
-32.316369,149.869473,2021.0,New South Wales
-35.4005,148.43447,2014.0,New South Wales
-34.618753,150.542781,2021.0,New South Wales
-30.589906,149.23018,2018.0,New South Wales
-33.608091,151.106504,2024.0,New South Wales
-32.937956,151.143739,,New South Wales
-35.690675,150.268411,2020.0,New South Wales
-34.49638,150.566578,2014.0,New South Wales
-32.966352,151.407328,2022.0,New South Wales
-33.559131,148.674579,,New South Wales
-31.843525,152.394858,,New South Wales
-34.634799,150.700777,2018.0,New South Wales
-29.35801,151.91101,2014.0,New South Wales
-33.1069,151.547186,,New South Wales
-30.565668,149.148779,2021.0,New South Wales
-34.618185,150.624202,2023.0,New South Wales
-34.076964,150.809867,2021.0,New South Wales
-36.35852,148.56746,2013.0,New South Wales
-33.002951,148.958929,,New South Wales
-33.93131,150.63654,2013.0,New South Wales
-33.944046,151.244549,2020.0,New South Wales
-34.343337,150.902317,,New South Wales
-34.505163,150.706414,2014.0,New South Wales
-34.996893,149.919561,2021.0,New South Wales
-33.716093,151.042542,2026.0,New South Wales
-35.73825,147.97008,2012.0,New South Wales
-33.65205,150.79729,2012.0,New South Wales
-35.607389,150.308611,2021.0,New South Wales
-28.519465,153.456857,2025.0,New South Wales
-33.8435,149.22904,2014.0,New South Wales
-30.36985,152.30007,2013.0,New South Wales
-34.507853,150.571385,2023.0,New South Wales
-35.15763,149.86929,2012.0,New South Wales
-33.733372,151.206944,,New South Wales
-33.899024,151.268756,2016.0,New South Wales
-30.569244,149.12542,2021.0,New South Wales
-33.8435,149.22904,2014.0,New South Wales
-30.56688,149.255674,2016.0,New South Wales
-34.264011,150.227183,2023.0,New South Wales
-33.118405,147.359234,2025.0,New South Wales
-33.327,151.436779,,New South Wales
-35.661194,150.235736,2020.0,New South Wales
-31.148277,150.049815,2023.0,New South Wales
-30.449963,149.247536,2017.0,New South Wales
-33.49243,149.7604,2013.0,New South Wales
-33.19922,151.58958,2014.0,New South Wales
-34.33847,150.201217,2003.0,New South Wales
-28.688993,153.319031,,New South Wales
-31.055717,150.479596,,New South Wales
-33.591255,150.204318,2024.0,New South Wales
-30.636452,149.21108,2017.0,New South Wales
-28.242531,153.506,2021.0,New South Wales
-31.94519,150.78709,2012.0,New South Wales
-33.340276,151.415911,2025.0,New South Wales
-33.842,149.2252,2012.0,New South Wales
-31.44018,151.47775,2013.0,New South Wales
-31.44018,151.47775,2013.0,New South Wales
-36.705914,149.773456,,New South Wales
-34.496963,150.709001,2014.0,New South Wales
-36.657987,149.773274,,New South Wales
-31.93261,148.131409,2011.0,New South Wales
-30.247968,153.139422,2022.0,New South Wales
-36.244016,149.087009,,New South Wales
-34.714144,150.737032,2024.0,New South Wales
-34.703142,150.732389,2020.0,New South Wales
-35.156303,149.856441,2014.0,New South Wales
-33.842,149.2252,2014.0,New South Wales
-32.386755,151.547894,,New South Wales
-30.36985,152.30007,2013.0,New South Wales
-33.761604,151.28542,2016.0,New South Wales
-33.523307,150.150678,,New South Wales
-33.811388,151.184192,2020.0,New South Wales
-36.55988,148.26448,2013.0,New South Wales
-33.684209,150.750789,2024.0,New South Wales
-33.392637,150.224148,2010.0,New South Wales
-32.62522,149.56793,2012.0,New South Wales
-33.9318,150.63498,2015.0,New South Wales
-33.752726,151.014348,2018.0,New South Wales
-30.756897,150.225805,2023.0,New South Wales
-31.316729,149.700173,,New South Wales
-36.55988,148.26448,2014.0,New South Wales
-33.659405,151.283452,2025.0,New South Wales
-33.828116,151.127202,2021.0,New South Wales
-33.950783,151.022696,2026.0,New South Wales
-31.07331,151.42688,2012.0,New South Wales
-36.512821,148.779913,,New South Wales
-35.87105,148.15631,2014.0,New South Wales
-36.888669,149.899183,,New South Wales
-33.49243,149.7604,2013.0,New South Wales
-35.56359,147.84932,2013.0,New South Wales
-34.690353,150.701817,2017.0,New South Wales
-35.36342,149.26645,2016.0,New South Wales
-36.842262,149.905821,,New South Wales
-33.697253,150.960903,2018.0,New South Wales
-36.050844,149.201005,,New South Wales
-36.55984,148.27007,2015.0,New South Wales
-33.17948,149.1493,2014.0,New South Wales
-34.439399,150.530843,2014.0,New South Wales
-36.715745,149.443038,2023.0,New South Wales
-32.62522,149.56793,2012.0,New South Wales
-35.66639,146.80138,2013.0,New South Wales
-33.49228,149.76563,2013.0,New South Wales
-34.997816,149.919243,2020.0,New South Wales
-34.030193,145.103946,2004.0,New South Wales
-32.43496,151.433952,,New South Wales
-34.42571,150.607698,2014.0,New South Wales
-32.828484,151.613668,,New South Wales
-31.892212,152.298487,,New South Wales
-29.825,151.12848,2012.0,New South Wales
-31.61171,152.41547,2014.0,New South Wales
-35.18122,148.24567,2012.0,New South Wales
-34.734814,150.501391,2019.0,New South Wales
-33.367492,151.38289,2024.0,New South Wales
-34.51154,148.02838,2012.0,New South Wales
-33.860765,151.185354,2025.0,New South Wales
-35.73825,147.97008,2012.0,New South Wales
-31.945759,152.416246,2024.0,New South Wales
-33.683908,150.753821,,New South Wales
-31.154966,152.369877,2010.0,New South Wales
-36.55988,148.26448,2013.0,New South Wales
-36.598231,149.375754,2018.0,New South Wales
-32.261003,152.440546,,New South Wales
-33.697797,150.255485,2021.0,New South Wales
-35.551562,150.348823,2021.0,New South Wales
-34.225213,142.697633,2022.0,New South Wales
-29.17946,151.01701,2014.0,New South Wales
-33.961793,151.253578,2018.0,New South Wales
-33.689353,151.302981,2017.0,New South Wales
-34.996856,149.919018,2019.0,New South Wales
-34.671832,150.656171,2019.0,New South Wales
-33.741512,151.25145,2015.0,New South Wales
-34.26424,150.227056,2024.0,New South Wales
-36.61236,148.253897,2014.0,New South Wales
-35.370435,149.636695,2013.0,New South Wales
-33.75264,151.187325,2021.0,New South Wales
-35.978518,150.094812,2021.0,New South Wales
-36.812514,149.796438,2016.0,New South Wales
-34.621626,150.658096,2019.0,New South Wales
-34.176213,142.493598,2017.0,New South Wales
-31.2699,152.79339,2014.0,New South Wales
-30.589762,149.177629,2022.0,New South Wales
-34.386126,150.369546,2015.0,New South Wales
-33.769613,151.244163,2019.0,New South Wales
-34.543477,142.410451,1991.0,New South Wales
-31.43583,151.47704,2013.0,New South Wales
-33.074958,151.093847,2025.0,New South Wales
-29.643206,152.95497,,New South Wales
-35.122561,147.33835,,New South Wales
-34.244988,150.637949,,New South Wales
-33.340185,151.415942,2025.0,New South Wales
-33.652646,151.284116,2024.0,New South Wales
-30.475668,150.226855,2023.0,New South Wales
-30.549076,149.512454,1982.0,New South Wales
-36.613784,148.251784,2013.0,New South Wales
-33.074614,151.601554,2017.0,New South Wales
-32.013414,150.270345,2018.0,New South Wales
-34.050824,149.652177,2022.0,New South Wales
-35.73825,147.97008,2012.0,New South Wales
-32.43167,150.4685,2012.0,New South Wales
-34.18317,142.671716,2017.0,New South Wales
-34.191368,142.567815,2017.0,New South Wales
-33.70484,150.986981,2024.0,New South Wales
-31.201726,152.336867,2021.0,New South Wales
-35.73825,147.97008,2012.0,New South Wales
-33.91797,151.239364,,New South Wales
-34.191368,142.567815,2017.0,New South Wales
-33.898079,151.029877,2019.0,New South Wales
-33.413889,149.914281,,New South Wales
-31.981146,150.244944,2020.0,New South Wales
-35.87105,148.15631,2014.0,New South Wales
-34.69904,150.635231,2018.0,New South Wales
-34.713405,150.630324,2019.0,New South Wales
-33.49243,149.7604,2013.0,New South Wales
-31.44018,151.47775,2013.0,New South Wales
-33.724215,150.302123,2019.0,New South Wales
-33.026192,148.869506,,New South Wales
-33.722062,151.069984,2021.0,New South Wales
-37.105664,149.737765,,New South Wales
-33.995993,151.131256,2020.0,New South Wales
-35.903068,147.760454,2022.0,New South Wales
-30.09262,151.25977,2020.0,New South Wales
-33.015351,150.02195,2024.0,New South Wales
-33.715449,150.298909,2020.0,New South Wales
-30.57343,151.00588,2012.0,New South Wales
-35.953596,148.481566,1980.0,New South Wales
-36.57712,149.762882,1996.0,New South Wales
-34.37202,150.51215,2012.0,New South Wales
-30.507964,152.409267,2010.0,New South Wales
-36.613784,148.251784,2014.0,New South Wales
-30.521307,149.280586,2017.0,New South Wales
-33.714148,150.728452,2018.0,New South Wales
-35.74272,147.97024,2014.0,New South Wales
-33.95,141.27,1968.0,New South Wales
-33.74541,150.69362,2017.0,New South Wales
-30.390534,152.884227,,New South Wales
-31.07285,151.43226,2012.0,New South Wales
-34.436418,150.517646,2014.0,New South Wales
-37.071067,149.329747,2024.0,New South Wales
-34.098294,150.825386,2017.0,New South Wales
-34.496963,150.709001,2014.0,New South Wales
-32.7443,151.2395,2017.0,New South Wales
-35.838069,147.75797,,New South Wales
-35.797138,148.646414,2018.0,New South Wales
-33.739971,150.376726,2025.0,New South Wales
-34.996856,149.919018,2015.0,New South Wales
-34.11442,151.12576,2013.0,New South Wales
-33.716459,150.932982,2024.0,New South Wales
-35.88295,147.88309,2013.0,New South Wales
-33.870887,151.272588,2020.0,New South Wales
-31.7073,150.03775,2014.0,New South Wales
-33.93185,150.63518,2013.0,New South Wales
-34.11377,151.13147,2015.0,New South Wales
-33.715667,150.298841,2020.0,New South Wales
-30.522758,149.202475,2018.0,New South Wales
-33.804581,151.146562,2024.0,New South Wales
-31.706231,152.286591,,New South Wales
-29.791871,152.940692,,New South Wales
-34.515236,150.658285,2023.0,New South Wales
-28.318393,153.45466,,New South Wales
-33.93526,151.213782,2011.0,New South Wales
-29.566086,152.762601,2022.0,New South Wales
-33.00441,151.72251,2013.0,New South Wales
-31.61171,152.41547,2014.0,New South Wales
-30.456785,153.036557,,New South Wales
-32.646356,151.97441,,New South Wales
-34.661026,150.570304,2018.0,New South Wales
-36.17846,149.0719,2017.0,New South Wales
-35.18121,148.25099,2012.0,New South Wales
-33.668121,151.156229,2015.0,New South Wales
-31.738628,152.643031,2019.0,New South Wales
-34.618753,150.542781,2022.0,New South Wales
-35.88295,147.88309,2013.0,New South Wales
-34.197751,142.581219,2017.0,New South Wales
-37.46709,149.963771,,New South Wales
-34.71911,150.667105,2017.0,New South Wales
-33.9318,150.63498,2015.0,New South Wales
-33.84147,151.075217,2021.0,New South Wales
-32.88,151.66217,2019.0,New South Wales
-33.824016,151.224605,2010.0,New South Wales
-30.37722,150.259125,2016.0,New South Wales
-34.175941,142.557915,2022.0,New South Wales
-33.978599,151.069393,2024.0,New South Wales
-30.59692,151.80533,2014.0,New South Wales
-33.98337,151.04485,2018.0,New South Wales
-34.491865,150.908463,,New South Wales
-33.722008,151.170769,2018.0,New South Wales
-28.459033,152.753906,2015.0,New South Wales
-35.92841,149.62366,2020.0,New South Wales
-36.55988,148.26448,2014.0,New South Wales
-29.359899,153.355493,1997.0,New South Wales
-34.197751,142.581219,2017.0,New South Wales
-33.800467,151.080454,2022.0,New South Wales
-32.890893,151.048216,2004.0,New South Wales
-33.1738,151.46646,2015.0,New South Wales
-36.35869,148.56188,2013.0,New South Wales
-33.416653,149.514821,,New South Wales
-31.847315,149.688941,,New South Wales
-30.74278,150.249433,2024.0,New South Wales
-36.23911,148.37052,2014.0,New South Wales
-32.238911,150.835083,2019.0,New South Wales
-33.512678,151.374973,,New South Wales
-33.8435,149.22904,2014.0,New South Wales
-35.842353,148.164024,,New South Wales
-32.762287,152.077634,2003.0,New South Wales
-35.769995,148.276973,2006.0,New South Wales
-33.538571,149.25398,,New South Wales
-33.53374,149.92874,2018.0,New South Wales
-30.417092,152.299838,1997.0,New South Wales
-33.8435,149.22904,2014.0,New South Wales
-33.70321,148.02659,,New South Wales
-31.44018,151.47775,2013.0,New South Wales
-33.694724,150.208279,2021.0,New South Wales
-29.679624,150.051972,,New South Wales
-33.842,149.2252,2014.0,New South Wales
-33.416723,150.218748,2021.0,New South Wales
-34.11442,151.12576,2013.0,New South Wales
-34.06545,150.603845,,New South Wales
-30.09675,151.25979,2014.0,New South Wales
-31.82562,150.18463,2014.0,New South Wales
-30.36985,152.30007,2013.0,New South Wales
-35.87105,148.15631,2014.0,New South Wales
-30.589762,149.177629,2022.0,New South Wales
-36.677427,148.249131,1999.0,New South Wales
-33.832073,151.196801,,New South Wales
-28.717279,153.002241,,New South Wales
-30.393579,149.570225,2012.0,New South Wales
-36.069147,148.228337,1968.0,New South Wales
-34.80854,150.02093,2013.0,New South Wales
-32.772352,147.406828,2016.0,New South Wales
-34.025658,150.603719,,New South Wales
-33.927008,151.149881,2016.0,New South Wales
-31.44018,151.47775,2012.0,New South Wales
-33.812271,150.657094,2017.0,New South Wales
-31.44018,151.47775,2013.0,New South Wales
-30.674371,150.110074,2023.0,New South Wales
-33.8435,149.22904,2014.0,New South Wales
-34.348845,150.117315,,New South Wales
-30.419609,150.340584,2024.0,New South Wales
-33.753892,151.042935,2019.0,New South Wales
-31.7073,150.03775,2014.0,New South Wales
-33.83625,149.99867,2013.0,New South Wales
-33.781004,151.256292,2023.0,New South Wales
-33.752466,151.203576,2015.0,New South Wales
-36.585835,149.375463,2017.0,New South Wales
-30.748837,144.920237,1995.0,New South Wales
-35.264151,149.601316,2018.0,New South Wales
-28.652112,153.397553,,New South Wales
-31.139533,150.138876,,New South Wales
-32.416339,150.056158,2024.0,New South Wales
-36.497973,149.379419,1991.0,New South Wales
-32.675998,152.092963,2020.0,New South Wales
-29.01617,152.69213,2013.0,New South Wales
-28.897768,153.477741,,New South Wales
-29.5497,151.68844,2014.0,New South Wales
-33.340151,151.416235,2025.0,New South Wales
-30.415689,150.461305,2024.0,New South Wales
-31.06895,151.427,2012.0,New South Wales
-33.693806,151.019202,2023.0,New South Wales
-33.338326,151.419447,2010.0,New South Wales
-31.07285,151.43226,2012.0,New South Wales
-36.324143,148.478526,1998.0,New South Wales
-34.071526,149.69177,2022.0,New South Wales
-34.114969,142.541881,2016.0,New South Wales
-35.721359,150.197225,2021.0,New South Wales
-31.43583,151.47704,2013.0,New South Wales
-28.537303,153.194942,,New South Wales
-34.021151,150.881984,2007.0,New South Wales
-34.711987,149.548451,2018.0,New South Wales
-33.822394,151.221766,2022.0,New South Wales
-31.44018,151.47775,2013.0,New South Wales
-33.926317,151.170607,2024.0,New South Wales
-33.80962,150.657804,2017.0,New South Wales
-33.998777,150.945864,2020.0,New South Wales
-34.545143,148.549843,,New South Wales
-33.340149,151.415963,2025.0,New South Wales
-33.931758,150.633658,2016.0,New South Wales
-34.253571,148.407066,,New South Wales
-37.363298,149.671633,2023.0,New South Wales
-34.405157,150.594034,2014.0,New South Wales
-34.283537,150.248936,2023.0,New South Wales
-33.726969,151.284428,2025.0,New South Wales
-30.373841,148.194883,2000.0,New South Wales
-31.82562,150.18463,2014.0,New South Wales
-31.745849,150.366024,,New South Wales
-35.72719,149.45448,2012.0,New South Wales
-35.027964,148.833254,2020.0,New South Wales
-34.429892,150.529709,2014.0,New South Wales
-33.715451,150.298906,2021.0,New South Wales
-34.039719,150.768529,2019.0,New South Wales
-32.88991,147.870141,,New South Wales
-28.75431,153.591837,,New South Wales
-33.923592,150.033177,2002.0,New South Wales
-33.600904,151.07781,2021.0,New South Wales
-32.43167,150.4685,2012.0,New South Wales
-33.8435,149.22904,2014.0,New South Wales
-34.73104,150.677617,2016.0,New South Wales
-35.148979,149.75049,,New South Wales
-30.595251,149.098995,2016.0,New South Wales
-33.361483,150.162546,2017.0,New South Wales
-35.72261,149.45981,2014.0,New South Wales
-35.87163,148.15979,2013.0,New South Wales
-33.714845,150.866858,2003.0,New South Wales
-30.592873,149.254857,2020.0,New South Wales
-33.49243,149.7604,2013.0,New South Wales
-33.369867,151.372758,2023.0,New South Wales
-35.67169,146.79619,2017.0,New South Wales
-34.060852,150.659281,2019.0,New South Wales
-34.166645,150.158788,2023.0,New South Wales
-34.667983,150.710761,2020.0,New South Wales
-31.07285,151.43226,2014.0,New South Wales
-33.080726,151.408226,,New South Wales
-33.646204,150.807076,2013.0,New South Wales
-35.87633,148.15427,2014.0,New South Wales
-34.099544,150.694092,,New South Wales
-34.460098,150.619429,2014.0,New South Wales
-33.6783,150.76508,2013.0,New South Wales
-34.504463,150.879931,,New South Wales
-32.291953,151.980032,2024.0,New South Wales
-34.274575,142.755431,2017.0,New South Wales
-33.290719,149.067135,2016.0,New South Wales
-34.996856,149.919018,2021.0,New South Wales
-34.621626,150.658096,2017.0,New South Wales
-33.242738,150.937348,,New South Wales
-33.444234,149.764392,2012.0,New South Wales
-31.07285,151.43226,2014.0,New South Wales
-33.80611,151.29472,,New South Wales
-34.219829,142.666498,2017.0,New South Wales
-33.685693,150.589638,,New South Wales
-33.119594,151.522797,,New South Wales
-36.535492,148.610588,,New South Wales
-29.17946,151.01701,2014.0,New South Wales
-32.5,145.6,1982.0,New South Wales
-33.83625,149.99867,2013.0,New South Wales
-30.543006,149.358219,2017.0,New South Wales
-29.326515,151.093817,,New South Wales
-33.405998,151.285907,2002.0,New South Wales
-36.36494,149.33226,2012.0,New South Wales
-33.191371,151.366585,,New South Wales
-33.745367,151.296456,2018.0,New South Wales
-33.942485,150.852057,2025.0,New South Wales
-30.33645,151.57825,2012.0,New South Wales
-33.794696,151.063449,2023.0,New South Wales
-30.500435,149.253793,2022.0,New South Wales
-33.373164,150.017813,,New South Wales
-33.589762,150.187233,2020.0,New South Wales
-35.676446,150.2527,2021.0,New South Wales
-36.769716,149.735058,,New South Wales
-32.997711,151.446391,,New South Wales
-34.997816,149.919243,2020.0,New South Wales
-33.715956,150.834798,2024.0,New South Wales
-29.890756,144.182595,1992.0,New South Wales
-34.011745,144.735771,2005.0,New South Wales
-35.085946,150.504089,2023.0,New South Wales
-33.499647,150.938326,2006.0,New South Wales
-34.060516,150.775532,2018.0,New South Wales
-33.842,149.2252,2014.0,New South Wales
-33.511408,151.37967,,New South Wales
-34.057311,149.724903,2022.0,New South Wales
-35.39254,148.32404,2014.0,New South Wales
-28.567373,153.446586,,New South Wales
-34.618753,150.542781,2017.0,New South Wales
-36.835545,149.686986,,New South Wales
-36.599197,149.377472,2017.0,New South Wales
-33.879117,151.173553,2025.0,New South Wales
-35.92841,149.62366,2018.0,New South Wales
-32.655991,151.305911,,New South Wales
-33.441667,150.621558,2023.0,New South Wales
-32.62522,149.56793,2012.0,New South Wales
-29.00141,151.20921,2012.0,New South Wales
-34.458777,145.610336,2024.0,New South Wales
-30.529675,150.110379,2023.0,New South Wales
-30.33163,151.58336,2014.0,New South Wales
-30.545738,149.207876,2020.0,New South Wales
-33.71255,150.307235,,New South Wales
-34.70867,150.45764,2012.0,New South Wales
-33.942029,150.85412,2026.0,New South Wales
-33.810005,151.300204,2023.0,New South Wales
-32.217816,152.310271,,New South Wales
-34.098642,150.825429,2019.0,New South Wales
-35.4005,148.43447,2014.0,New South Wales
-33.908131,151.261892,2024.0,New South Wales
-33.734656,150.392013,2024.0,New South Wales
-35.665304,148.677562,2025.0,New South Wales
-32.152305,151.961656,2021.0,New South Wales
-35.74266,147.96471,2013.0,New South Wales
-32.429942,151.051309,,New South Wales
-31.7073,150.03775,2013.0,New South Wales
-32.034174,149.340087,2025.0,New South Wales
-34.395904,150.637324,2016.0,New South Wales
-30.455135,149.200829,2021.0,New South Wales
-34.122173,150.81216,2021.0,New South Wales
-36.55988,148.26448,2013.0,New South Wales
-33.969274,151.113424,2015.0,New South Wales
-30.519293,149.384731,2017.0,New South Wales
-31.09275,150.93203,2016.0,New South Wales
-35.032755,150.303426,2017.0,New South Wales
-34.11442,151.12576,2020.0,New South Wales
-33.960598,151.045829,2024.0,New South Wales
-33.960563,150.675256,,New South Wales
-35.88748,147.8831,2013.0,New South Wales
-30.286256,150.860431,2023.0,New South Wales
-30.509723,149.408227,2021.0,New South Wales
-34.680718,150.789135,2024.0,New South Wales
-33.813011,151.299701,2020.0,New South Wales
-33.779056,151.265798,,New South Wales
-30.710994,150.221344,2024.0,New South Wales
-34.429892,150.529709,2014.0,New South Wales
-34.015029,150.848661,2022.0,New South Wales
-34.201959,142.596441,2022.0,New South Wales
-32.801896,151.727775,2008.0,New South Wales
-34.247094,149.932076,2002.0,New South Wales
-37.230142,149.928199,2007.0,New South Wales
-30.407971,150.2634,2024.0,New South Wales
-34.70735,150.45947,2019.0,New South Wales
-30.725896,152.985678,,New South Wales
-29.35801,151.91101,2014.0,New South Wales
-35.88755,147.8777,2014.0,New South Wales
-36.55988,148.26448,2013.0,New South Wales
-30.33197,151.57815,2019.0,New South Wales
-34.429892,150.529709,2014.0,New South Wales
-33.99271,151.01028,2020.0,New South Wales
-32.728109,151.496704,2023.0,New South Wales
-30.36985,152.30007,2013.0,New South Wales
-31.61171,152.41547,2012.0,New South Wales
-35.948189,149.293861,2003.0,New South Wales
-35.73825,147.97008,2012.0,New South Wales
-29.23068,149.487052,,New South Wales
-30.476714,149.253426,2022.0,New South Wales
-33.426598,149.052198,,New South Wales
-33.661363,150.255718,2020.0,New South Wales
-34.230502,142.796193,2017.0,New South Wales
-33.001014,151.593229,,New South Wales
-35.73825,147.97008,2012.0,New South Wales
-30.57343,151.00588,2012.0,New South Wales
-29.17946,151.01701,2014.0,New South Wales
-30.642613,149.182945,2019.0,New South Wales
-34.260905,142.72966,2016.0,New South Wales
-34.624409,150.665478,2016.0,New South Wales
-32.897331,151.673165,2010.0,New South Wales
-34.661026,150.570304,2022.0,New South Wales
-34.02564,150.879961,2015.0,New South Wales
-33.6805,151.0992,2021.0,New South Wales
-33.898581,151.194239,2022.0,New South Wales
-33.400441,151.436482,2021.0,New South Wales
-33.75082,150.992961,2023.0,New South Wales
-34.682432,150.680122,2022.0,New South Wales
-30.406334,150.24991,2022.0,New South Wales
-30.64195,152.98288,2014.0,New South Wales
-34.687559,150.512036,2021.0,New South Wales
-33.763385,151.060679,2019.0,New South Wales
-35.18569,148.25111,2017.0,New South Wales
-34.101137,150.804511,2020.0,New South Wales
-33.379674,150.210172,2021.0,New South Wales
-31.44018,151.47775,2013.0,New South Wales
-33.822967,151.223562,2025.0,New South Wales
-33.400233,151.432405,2025.0,New South Wales
-36.640854,149.973624,,New South Wales
-33.367478,151.382876,2024.0,New South Wales
-31.2829,152.82489,2024.0,New South Wales
-33.432652,142.600406,2006.0,New South Wales
-30.601198,149.229293,2020.0,New South Wales
-29.18385,151.01728,2014.0,New South Wales
-30.589038,149.230399,2017.0,New South Wales
-35.74266,147.96471,2012.0,New South Wales
-30.724317,151.024031,,New South Wales
-32.58868,151.795235,,New South Wales
-34.03683,149.713352,2022.0,New South Wales
-33.348223,151.414409,2022.0,New South Wales
-32.925832,151.696694,2005.0,New South Wales
-34.505163,150.706414,2014.0,New South Wales
-34.505163,150.706414,2014.0,New South Wales
-30.406334,150.24991,2023.0,New South Wales
-34.9002,148.826686,2021.0,New South Wales
-35.966967,146.928361,2022.0,New South Wales
-31.482888,151.114451,,New South Wales
-34.459497,150.728965,2016.0,New South Wales
-33.741133,151.046813,2022.0,New South Wales
-36.653168,149.708557,1991.0,New South Wales
-30.595251,149.098995,2016.0,New South Wales
-34.73198,149.713944,2012.0,New South Wales
-36.595,149.48299,1980.0,New South Wales
-33.398796,151.45537,2021.0,New South Wales
-36.778204,149.757765,,New South Wales
-35.527129,149.792606,,New South Wales
-35.548547,150.293321,2020.0,New South Wales
-33.93116,150.63878,2012.0,New South Wales
-36.115293,149.471278,2020.0,New South Wales
-30.633588,150.006362,2024.0,New South Wales
-34.764538,150.602723,,New South Wales
-33.65883,150.038362,2019.0,New South Wales
-34.916758,150.647534,2025.0,New South Wales
-35.87633,148.15427,2014.0,New South Wales
-34.237194,142.691576,2017.0,New South Wales
-28.88515,151.02449,2012.0,New South Wales
-31.43583,151.47704,2013.0,New South Wales
-33.706228,151.283347,2021.0,New South Wales
-34.415692,150.566493,2014.0,New South Wales
-33.97755,151.10557,2019.0,New South Wales
-34.152008,142.559481,2017.0,New South Wales
-33.37383,151.341817,2015.0,New South Wales
-33.771075,150.980848,2020.0,New South Wales
-36.55988,148.26448,2013.0,New South Wales
-33.807373,150.894516,2011.0,New South Wales
-34.477456,150.413557,,New South Wales
-33.65935,151.150388,2015.0,New South Wales
-32.654354,152.148583,,New South Wales
-32.813882,151.512744,,New South Wales
-29.852314,149.738677,,New South Wales
-35.88755,147.8777,2014.0,New South Wales
-30.59692,151.80533,2014.0,New South Wales
-35.780886,148.230214,2005.0,New South Wales
-32.738084,151.530769,,New South Wales
-34.718735,150.641005,,New South Wales
-33.314485,146.394237,2000.0,New South Wales
-35.306166,148.210198,2024.0,New South Wales
-34.721948,146.459473,,New South Wales
-32.34973,150.10235,2014.0,New South Wales
-33.702625,151.283268,2020.0,New South Wales
-33.668121,151.156229,2015.0,New South Wales
-28.839732,153.195061,,New South Wales
-34.284216,142.680434,2022.0,New South Wales
-35.992865,148.45732,2018.0,New South Wales
-34.044714,150.615364,2006.0,New South Wales
-33.712062,150.362822,2021.0,New South Wales
-33.53374,149.92874,2012.0,New South Wales
-33.340141,151.415822,2024.0,New South Wales
-34.247272,142.500891,2017.0,New South Wales
-33.662019,151.293954,,New South Wales
-30.33645,151.57825,2012.0,New South Wales
-30.36985,152.30007,2013.0,New South Wales
-29.82941,151.13373,2012.0,New South Wales
-36.613784,148.251784,2013.0,New South Wales
-33.726097,150.928048,2021.0,New South Wales
-30.64856,149.881691,2023.0,New South Wales
-33.778302,151.100821,2023.0,New South Wales
-36.248587,148.538673,2018.0,New South Wales
-34.058578,150.774553,2022.0,New South Wales
-34.829898,148.565004,,New South Wales
-32.652501,151.151006,2019.0,New South Wales
-34.001443,151.136169,2015.0,New South Wales
-35.18128,149.274516,1991.0,New South Wales
-35.457173,149.806288,,New South Wales
-36.55988,148.26448,2014.0,New South Wales
-36.55988,148.26448,2013.0,New South Wales
-32.62522,149.56793,2012.0,New South Wales
-32.168526,146.955969,2023.0,New South Wales
-29.17928,151.02225,2013.0,New South Wales
-33.826425,151.060011,2015.0,New South Wales
-34.079487,151.169923,2018.0,New South Wales
-33.758932,151.06922,2018.0,New South Wales
-36.598231,149.375754,2017.0,New South Wales
-30.337772,150.27191,2023.0,New South Wales
-30.406334,150.24991,2023.0,New South Wales
-33.604826,151.000729,2015.0,New South Wales
-34.433734,150.797643,,New South Wales
-35.394942,150.441666,2024.0,New South Wales
-33.424833,149.397224,,New South Wales
-34.80854,150.02093,2016.0,New South Wales
-33.126223,151.579843,2004.0,New South Wales
-30.56688,149.255674,2016.0,New South Wales
-30.09675,151.25979,2018.0,New South Wales
-34.436418,150.517646,2014.0,New South Wales
-31.06871,151.43216,2012.0,New South Wales
-31.9723,150.23674,2022.0,New South Wales
-33.49243,149.7604,2013.0,New South Wales
-32.771769,149.420582,,New South Wales
-33.835061,151.096344,2015.0,New South Wales
-33.616674,151.057527,2019.0,New South Wales
-33.67383,150.76495,2012.0,New South Wales
-33.825721,150.930948,2015.0,New South Wales
-31.82105,150.18431,2014.0,New South Wales
-30.079042,152.36812,2004.0,New South Wales
-35.18121,148.25099,2018.0,New South Wales
-34.386556,150.37932,2024.0,New South Wales
-36.55988,148.26448,2013.0,New South Wales
-35.4005,148.43447,2014.0,New South Wales
-30.264468,150.832263,2023.0,New South Wales
-36.938959,149.819684,1990.0,New South Wales
-31.82076,150.18965,2014.0,New South Wales
-34.181863,145.596236,2002.0,New South Wales
-33.648922,150.778427,2017.0,New South Wales
-29.892945,151.208385,,New South Wales
-34.828854,150.533903,,New South Wales
-33.8435,149.22904,2015.0,New South Wales
-36.35869,148.56188,2013.0,New South Wales
-33.669334,150.675102,,New South Wales
-30.127348,146.265849,1998.0,New South Wales
-32.213057,152.542862,,New South Wales
-28.88515,151.02449,2014.0,New South Wales
-34.618753,150.542781,2020.0,New South Wales
-33.408086,150.211751,2009.0,New South Wales
-33.773381,150.919849,,New South Wales
-30.388185,150.23477,2024.0,New South Wales
-36.474895,149.863633,2025.0,New South Wales
-32.454034,150.876683,2022.0,New South Wales
-30.83076,148.426336,2001.0,New South Wales
-33.494382,150.698409,2024.0,New South Wales
-32.492878,151.50899,,New South Wales
-30.286256,150.860431,2023.0,New South Wales
-33.466335,150.585473,2025.0,New South Wales
-33.650783,150.807256,2013.0,New South Wales
-28.609281,153.101072,,New South Wales
-34.013961,151.077334,2023.0,New South Wales
-34.511883,150.533707,2024.0,New South Wales
-33.980076,151.13701,2019.0,New South Wales
-35.926254,147.535532,2022.0,New South Wales
-35.88755,147.8777,2014.0,New South Wales
-34.496963,150.709001,2014.0,New South Wales
-36.55988,148.26448,2013.0,New South Wales
-33.826834,150.868018,2015.0,New South Wales
-31.06895,151.427,2012.0,New South Wales
-31.43583,151.47704,2013.0,New South Wales
-33.988757,151.016867,2012.0,New South Wales
-34.342387,150.72883,2007.0,New South Wales
-30.63508,149.232401,2020.0,New South Wales
-28.758295,153.241996,,New South Wales
-33.97355,146.083558,2024.0,New South Wales
-33.810209,150.655494,2019.0,New South Wales
-34.996856,149.919018,2017.0,New South Wales
-28.737773,153.467748,,New South Wales
-31.94519,150.78709,2012.0,New South Wales
-31.43583,151.47704,2013.0,New South Wales
-31.07285,151.43226,2012.0,New South Wales
-35.56808,147.85491,2014.0,New South Wales
-36.584681,149.373696,2017.0,New South Wales
-33.749921,151.141592,2025.0,New South Wales
-33.684209,150.750789,2024.0,New South Wales
-34.693472,148.025397,2006.0,New South Wales
-33.679833,150.036009,2012.0,New South Wales
-33.689913,150.138008,2024.0,New South Wales
-35.73825,147.97008,2012.0,New South Wales
-33.444102,145.952731,2004.0,New South Wales
-31.250464,152.821206,2018.0,New South Wales
-34.245274,142.703813,2017.0,New South Wales
-33.688425,151.206894,2018.0,New South Wales
-34.529744,150.652191,2023.0,New South Wales
-34.436418,150.517646,2014.0,New South Wales
-32.836827,150.383848,2005.0,New South Wales
-33.953386,151.224962,2019.0,New South Wales
-34.70867,150.45764,2012.0,New South Wales
-32.715478,149.990066,,New South Wales
-33.430341,151.285429,1978.0,New South Wales
-32.53011,151.993249,,New South Wales
-33.49243,149.7604,2013.0,New South Wales
-35.66703,146.79583,2013.0,New South Wales
-31.71185,150.03805,2013.0,New South Wales
-34.750512,150.462312,1995.0,New South Wales
-30.121427,153.201735,2020.0,New South Wales
-34.895122,143.413095,,New South Wales
-28.518565,152.080893,1997.0,New South Wales
-33.977673,151.100035,2015.0,New South Wales
-32.557119,151.815518,,New South Wales
-34.618185,150.624202,2019.0,New South Wales
-34.549791,150.637949,2014.0,New South Wales
-29.697058,153.169823,2024.0,New South Wales
-36.55988,148.26448,2013.0,New South Wales
-31.520746,147.679489,2001.0,New South Wales
-35.870513,150.106219,,New South Wales
-33.49243,149.7604,2013.0,New South Wales
-28.869831,153.037065,,New South Wales
-32.965095,151.526856,1997.0,New South Wales
-36.56425,148.27011,2015.0,New South Wales
-35.550234,150.37905,,New South Wales
-30.426137,152.637669,,New South Wales
-30.605971,152.750825,,New South Wales
-31.7073,150.03775,2013.0,New South Wales
-35.233968,149.28088,2020.0,New South Wales
-30.57343,151.00588,2012.0,New South Wales
-33.922886,151.137151,2025.0,New South Wales
-33.48623,150.11185,2020.0,New South Wales
-34.265121,150.231421,2023.0,New South Wales
-34.178999,150.586041,2024.0,New South Wales
-33.687525,151.009069,2024.0,New South Wales
-34.661026,150.570304,2019.0,New South Wales
-33.434055,151.379225,2025.0,New South Wales
-34.050824,149.652177,2022.0,New South Wales
-30.407946,150.479889,2024.0,New South Wales
-33.396918,150.226097,2022.0,New South Wales
-29.23104,153.17851,2013.0,New South Wales
-31.43583,151.47704,2013.0,New South Wales
-30.276117,150.115643,2014.0,New South Wales
-31.509461,148.584206,,New South Wales
-33.771818,151.253122,2022.0,New South Wales
-31.90691,149.307905,,New South Wales
-34.809203,150.453865,2013.0,New South Wales
-34.708249,150.63034,2018.0,New South Wales
-34.111704,150.715062,,New South Wales
-33.49243,149.7604,2013.0,New South Wales
-29.54954,151.6937,2019.0,New South Wales
-31.271824,150.376143,2023.0,New South Wales
-33.020751,150.671821,2013.0,New South Wales
-34.429892,150.529709,2014.0,New South Wales
-35.165034,147.606278,,New South Wales
-34.11442,151.12576,2013.0,New South Wales
-31.849712,152.362616,,New South Wales
-33.340098,151.415899,2024.0,New South Wales
-35.66703,146.79583,2013.0,New South Wales
-34.009238,151.056338,2020.0,New South Wales
-34.632655,150.687508,2020.0,New South Wales
-33.811056,150.657112,2017.0,New South Wales
-35.88295,147.88309,2013.0,New South Wales
-34.208707,142.622304,2018.0,New South Wales
-33.887727,151.145037,2015.0,New South Wales
-36.35869,148.56188,2013.0,New South Wales
-34.537359,150.660395,2014.0,New South Wales
-34.013954,151.053901,2023.0,New South Wales
-33.69379,151.302509,2022.0,New South Wales
-33.974026,151.069837,2019.0,New South Wales
-33.49228,149.76563,2013.0,New South Wales
-33.93152,151.24865,,New South Wales
-32.83027,151.375701,2015.0,New South Wales
-30.566872,149.020934,2018.0,New South Wales
-28.886131,153.381849,,New South Wales
-34.487925,150.335035,,New South Wales
-36.427862,149.834933,,New South Wales
-33.93361,151.13366,2023.0,New South Wales
-34.031509,150.053719,2002.0,New South Wales
-33.069201,151.65674,,New South Wales
-34.575521,147.104689,,New South Wales
-32.936682,151.39202,,New South Wales
-31.43583,151.47704,2013.0,New South Wales
-36.403259,148.418841,,New South Wales
-36.511718,150.030875,1991.0,New South Wales
-34.357282,150.912711,,New South Wales
-33.481163,150.701361,2019.0,New South Wales
-34.117116,142.638917,2016.0,New South Wales
-30.800063,149.251458,,New South Wales
-33.626374,150.760119,2014.0,New South Wales
-33.948524,150.846717,2019.0,New South Wales
-34.18697,151.226563,2025.0,New South Wales
-35.15763,149.86929,2012.0,New South Wales
-35.536813,150.34963,2022.0,New South Wales
-35.171253,147.360513,,New South Wales
-34.505163,150.706414,2014.0,New South Wales
-28.63814,153.39901,,New South Wales
-33.833834,151.190074,2025.0,New South Wales
-30.583483,149.154285,2020.0,New South Wales
-32.515389,150.857578,2011.0,New South Wales
-29.222919,153.071108,2024.0,New South Wales
-33.591374,150.204201,2025.0,New South Wales
-32.430871,150.763512,,New South Wales
-33.70969,150.322402,2019.0,New South Wales
-34.543907,150.798057,2025.0,New South Wales
-34.505163,150.706414,2014.0,New South Wales
-30.574199,150.102205,2024.0,New South Wales
-33.93116,150.63878,2012.0,New South Wales
-33.440873,148.789269,,New South Wales
-32.432561,151.768708,,New South Wales
-33.851329,148.794027,,New South Wales
-32.220314,149.937628,2022.0,New South Wales
-34.618753,150.542781,2020.0,New South Wales
-33.995996,151.137228,2019.0,New South Wales
-33.66424,151.277025,1995.0,New South Wales
-35.67099,146.80178,2013.0,New South Wales
-30.723291,150.345471,2016.0,New South Wales
-30.57343,151.00588,2012.0,New South Wales
-34.178826,150.770802,2006.0,New South Wales
-35.370435,149.636695,2013.0,New South Wales
-35.526954,144.099836,,New South Wales
-29.677156,153.017615,1993.0,New South Wales
-34.380645,150.537464,2015.0,New South Wales
-31.44018,151.47775,2013.0,New South Wales
-34.910326,149.243866,,New South Wales
-34.13959,148.63587,2012.0,New South Wales
-28.528689,153.550751,,New South Wales
-32.794129,151.508536,2023.0,New South Wales
-34.423527,143.396401,1995.0,New South Wales
-33.720439,150.771473,2024.0,New South Wales
-33.708005,150.814382,2024.0,New South Wales
-30.454174,149.252865,2018.0,New South Wales
-34.225521,142.681705,2017.0,New South Wales
-33.745772,151.085684,2004.0,New South Wales
-33.691764,150.86289,2024.0,New South Wales
-34.996856,149.919018,2016.0,New South Wales
-34.873594,149.617537,,New South Wales
-34.520101,146.273915,,New South Wales
-33.781304,151.011218,2023.0,New South Wales
-30.3892,150.250545,2023.0,New South Wales
-28.257974,153.401283,2025.0,New South Wales
-31.61597,152.4158,2013.0,New South Wales
-33.646204,150.807076,2013.0,New South Wales
-30.558508,150.199349,2016.0,New South Wales
-28.712074,153.230277,,New South Wales
-34.014039,151.053537,2023.0,New South Wales
-30.589038,149.230399,2017.0,New South Wales
-33.839039,151.161474,2018.0,New South Wales
-36.36494,149.33226,2014.0,New South Wales
-34.497815,149.761852,2016.0,New South Wales
-32.924952,151.334232,,New South Wales
-34.024636,151.05985,2015.0,New South Wales
-31.43583,151.47704,2013.0,New South Wales
-32.730193,151.536094,2021.0,New South Wales
-34.60965,150.663034,2017.0,New South Wales
-30.632622,151.867777,,New South Wales
-34.402338,150.570034,2014.0,New South Wales
-35.251169,150.512931,2008.0,New South Wales
-29.00587,151.20944,2013.0,New South Wales
-34.548416,146.249525,,New South Wales
-34.51576,148.02754,2012.0,New South Wales
-36.55984,148.27007,2014.0,New South Wales
-34.768841,149.76072,2024.0,New South Wales
-35.508487,149.156435,2011.0,New South Wales
-34.168246,150.723807,2024.0,New South Wales
-35.6694,150.0848,2022.0,New South Wales
-31.39917,152.665128,2025.0,New South Wales
-31.313209,148.320072,1998.0,New South Wales
-32.344877,151.205975,,New South Wales
-36.584681,149.373696,2017.0,New South Wales
-34.215861,150.907767,2016.0,New South Wales
-34.809203,150.453865,2013.0,New South Wales
-33.760249,151.294184,2018.0,New South Wales
-31.411678,150.622325,2023.0,New South Wales
-32.858517,148.908961,,New South Wales
-34.531296,146.430236,1987.0,New South Wales
-29.82941,151.13373,2014.0,New South Wales
-34.667983,150.710761,2018.0,New South Wales
-33.8435,149.22904,2014.0,New South Wales
-34.51154,148.02838,2014.0,New South Wales
-34.190379,150.287755,2023.0,New South Wales
-35.866824,150.056974,2014.0,New South Wales
-33.970834,150.907042,2024.0,New South Wales
-33.661858,147.009117,,New South Wales
-34.86324,147.593095,,New South Wales
-29.677762,151.798096,2018.0,New South Wales
-30.4585,151.37374,2015.0,New South Wales
-32.40232,152.31405,2012.0,New South Wales
-33.340681,149.005943,2002.0,New South Wales
-36.651187,149.823424,,New South Wales
-30.600226,150.069731,2023.0,New South Wales
-32.62522,149.56793,2012.0,New South Wales
-31.366126,148.954055,2013.0,New South Wales
-36.067982,147.003906,2019.0,New South Wales
-35.18121,148.25099,2013.0,New South Wales
-36.01723,149.8596,2014.0,New South Wales
-28.743364,153.205769,,New South Wales
-36.925657,149.866255,,New South Wales
-33.836905,146.164119,,New South Wales
-34.072475,150.762253,2016.0,New South Wales
-34.76148,148.98515,2014.0,New South Wales
-30.546045,151.717346,,New South Wales
-33.7529,151.236814,2023.0,New South Wales
-32.210548,152.560806,,New South Wales
-35.782768,149.157951,2019.0,New South Wales
-31.71185,150.03805,2013.0,New South Wales
-34.666667,150.666667,2016.0,New South Wales
-35.89493,148.52552,2020.0,New South Wales
-33.900096,150.877713,2021.0,New South Wales
-35.40486,148.43954,2014.0,New South Wales
-34.285789,150.246545,2023.0,New South Wales
-32.921878,151.531765,2008.0,New South Wales
-35.88755,147.8777,2014.0,New South Wales
-34.380645,150.537464,2015.0,New South Wales
-33.006991,150.021285,2024.0,New South Wales
-35.87163,148.15979,2013.0,New South Wales
-34.996856,149.919018,2017.0,New South Wales
-31.869781,151.555972,2017.0,New South Wales
-35.56631,149.39127,2012.0,New South Wales
-30.190234,151.729685,,New South Wales
-34.534485,150.63617,2014.0,New South Wales
-33.929955,151.12723,2024.0,New South Wales
-33.329374,149.454693,,New South Wales
-33.980403,151.137883,2020.0,New South Wales
-35.67099,146.80178,2013.0,New South Wales
-33.385544,151.383136,2024.0,New South Wales
-33.8435,149.22904,2014.0,New South Wales
-36.55988,148.26448,2014.0,New South Wales
-33.816084,150.928507,2023.0,New South Wales
-31.199332,152.40389,2022.0,New South Wales
-35.123336,150.122282,,New South Wales
-30.494893,149.276915,2017.0,New South Wales
-34.832946,150.603782,2024.0,New South Wales
-32.62522,149.56793,2012.0,New South Wales
-34.685427,150.71887,2018.0,New South Wales
-30.546521,149.490488,2015.0,New South Wales
-33.899396,150.60535,2015.0,New South Wales
-33.441573,150.621504,2023.0,New South Wales
-33.99211,150.88587,,New South Wales
-33.615048,151.079795,2018.0,New South Wales
-35.72719,149.45448,2012.0,New South Wales
-28.551579,153.476313,,New South Wales
-36.56413,148.2647,2014.0,New South Wales
-30.995637,150.118101,2024.0,New South Wales
-34.76148,148.98515,2014.0,New South Wales
-33.894304,151.274032,2020.0,New South Wales
-33.753184,150.943415,,New South Wales
-30.406334,150.24991,2023.0,New South Wales
-33.822958,151.225262,2011.0,New South Wales
-32.136502,149.693354,2014.0,New South Wales
-33.8435,149.22904,2014.0,New South Wales
-35.954661,146.896724,,New South Wales
-34.692796,150.158359,,New South Wales
-33.8435,149.22904,2014.0,New South Wales
-35.87163,148.15979,2013.0,New South Wales
-33.842,149.2252,2014.0,New South Wales
-35.094734,149.759614,,New South Wales
-30.658593,149.149674,2022.0,New South Wales
-34.207896,142.610772,2016.0,New South Wales
-36.55984,148.27007,2015.0,New South Wales
-33.213833,148.123208,2023.0,New South Wales
-36.24347,148.37086,2014.0,New South Wales
-33.17948,149.1493,2014.0,New South Wales
-34.337774,150.61842,2005.0,New South Wales
-28.330885,153.5659,,New South Wales
-36.073729,146.913542,2024.0,New South Wales
-29.0061,151.20426,2013.0,New South Wales
-33.709581,151.266221,2015.0,New South Wales
-30.4538,151.37341,2012.0,New South Wales
-34.109557,149.930125,1998.0,New South Wales
-35.511313,150.39573,2018.0,New South Wales
-34.265685,150.962023,,New South Wales
-34.366171,150.876321,2015.0,New South Wales
-31.44018,151.47775,2013.0,New South Wales
-33.83849,149.22826,2013.0,New South Wales
-33.712984,150.807891,2023.0,New South Wales
-33.655614,151.258214,2015.0,New South Wales
-33.340221,151.416005,2025.0,New South Wales
-33.81786,151.216979,2020.0,New South Wales
-33.95043,150.9595,2019.0,New South Wales
-31.090429,152.646367,,New South Wales
-33.695203,150.572288,,New South Wales
-34.845693,148.372652,2021.0,New South Wales
-33.722131,151.117957,2019.0,New South Wales
-33.386512,151.356278,2016.0,New South Wales
-33.832865,151.196439,2023.0,New South Wales
-30.589148,149.200589,2016.0,New South Wales
-35.88755,147.8777,2014.0,New South Wales
-33.750069,150.985974,2012.0,New South Wales
-34.617161,150.628092,2023.0,New South Wales
-34.505163,150.706414,2014.0,New South Wales
-32.495975,152.100285,,New South Wales
-34.097771,150.817024,2017.0,New South Wales
-35.760928,148.539319,2024.0,New South Wales
-35.322163,150.449245,,New South Wales
-33.140361,151.52245,2025.0,New South Wales
-36.01723,149.8596,2014.0,New South Wales
-30.428311,150.316217,2023.0,New South Wales
-33.294318,149.096936,,New South Wales
-35.495424,147.257925,,New South Wales
-33.49243,149.7604,2013.0,New South Wales
-33.656863,151.100263,2021.0,New South Wales
-33.49243,149.7604,2013.0,New South Wales
-35.4005,148.43447,2014.0,New South Wales
-34.086471,151.165257,2010.0,New South Wales
-32.238755,152.4691,,New South Wales
-33.83474,151.143036,2022.0,New South Wales
-31.61597,152.4158,2013.0,New South Wales
-36.36494,149.33226,2012.0,New South Wales
-33.49668,149.7617,2013.0,New South Wales
-33.49243,149.7604,2020.0,New South Wales
-34.76139,148.99065,2013.0,New South Wales
-36.35869,148.56188,2013.0,New South Wales
-31.82076,150.18965,2014.0,New South Wales
-32.605132,151.657774,,New South Wales
-35.74266,147.96471,2012.0,New South Wales
-36.572984,149.817146,,New South Wales
-33.720469,151.078523,2021.0,New South Wales
-32.562598,151.791669,,New South Wales
-29.394306,149.820386,,New South Wales
-33.825419,149.3313,2020.0,New South Wales
-30.324672,150.283554,2024.0,New South Wales
-36.363088,149.782033,,New South Wales
-33.75164,151.070362,2018.0,New South Wales
-34.11442,151.12576,2013.0,New South Wales
-33.905514,151.179412,2019.0,New South Wales
-29.95421,150.7612,2012.0,New South Wales
-33.644769,151.182054,2015.0,New South Wales
-34.505163,150.706414,2014.0,New South Wales
-36.689689,148.504858,2017.0,New South Wales
-33.090322,148.846331,1997.0,New South Wales
-34.76139,148.99065,2012.0,New South Wales
-34.170273,150.578331,2019.0,New South Wales
-34.236141,142.524679,2016.0,New South Wales
-32.542361,151.189589,2004.0,New South Wales
-29.833211,150.893164,,New South Wales
-29.079884,150.742013,2022.0,New South Wales
-37.259092,149.40855,2019.0,New South Wales
-33.734217,150.381617,,New South Wales
-34.717423,150.09864,,New South Wales
-30.52586,149.043913,2017.0,New South Wales
-33.630547,151.2029,2015.0,New South Wales
-33.645072,151.171373,2015.0,New South Wales
-34.996133,149.921839,2022.0,New South Wales
-32.348225,149.687083,,New South Wales
-29.384228,153.370004,,New South Wales
-30.655052,149.83624,2024.0,New South Wales
-32.959377,151.642846,2021.0,New South Wales
-33.547196,151.300126,2020.0,New South Wales
-35.4005,148.43447,2013.0,New South Wales
-30.415689,150.461305,2023.0,New South Wales
-36.741571,149.926195,,New South Wales
-34.197046,145.227866,2004.0,New South Wales
-33.297284,151.528598,1997.0,New South Wales
-32.292299,151.962591,2021.0,New South Wales
-31.7073,150.03775,2013.0,New South Wales
-35.88192,148.583412,2020.0,New South Wales
-30.255953,151.334184,,New South Wales
-33.784222,151.051329,2021.0,New South Wales
-33.736459,150.751099,2021.0,New South Wales
-35.87105,148.15631,2013.0,New South Wales
-30.995503,149.752521,,New South Wales
-30.986072,151.599554,,New South Wales
-34.646755,150.776424,,New South Wales
-31.685619,150.197172,,New South Wales
-32.292838,151.963071,2023.0,New South Wales
-35.156968,147.367387,2016.0,New South Wales
-32.074707,152.534901,1998.0,New South Wales
-36.613784,148.251784,2013.0,New South Wales
-34.188115,150.696119,,New South Wales
-36.781244,149.623434,,New South Wales
-34.120143,150.045356,2004.0,New South Wales
-35.87633,148.15427,2014.0,New South Wales
-30.808835,148.580612,,New South Wales
-34.628565,150.67774,2020.0,New South Wales
-29.32062,152.993875,,New South Wales
-32.62522,149.56793,2012.0,New South Wales
-33.874798,151.22818,2017.0,New South Wales
-31.94519,150.78709,2012.0,New South Wales
-30.612668,149.199776,2019.0,New South Wales
-31.881953,152.391051,,New South Wales
-33.709347,151.024504,2015.0,New South Wales
-34.514915,150.658146,2023.0,New South Wales
-34.098449,150.823689,2017.0,New South Wales
-34.194893,150.818485,2015.0,New South Wales
-33.839356,151.18902,2019.0,New South Wales
-36.509787,148.246432,1996.0,New South Wales
-35.9483,148.91992,2012.0,New South Wales
-33.49243,149.7604,2013.0,New South Wales
-36.55988,148.26448,2013.0,New South Wales
-33.489134,151.090569,2007.0,New South Wales
-35.504405,149.193577,,New South Wales
-34.139807,142.552935,2017.0,New South Wales
-34.996137,149.921838,2023.0,New South Wales
-35.92139,146.71424,2023.0,New South Wales
-36.758884,149.813073,1991.0,New South Wales
-34.429892,150.529709,2014.0,New South Wales
-36.55988,148.26448,2013.0,New South Wales
-36.934928,149.581457,,New South Wales
-31.06871,151.43216,2012.0,New South Wales
-34.596319,150.319122,2024.0,New South Wales
-33.979684,151.064286,1998.0,New South Wales
-33.72607,151.295357,2023.0,New South Wales
-33.879756,150.875384,2018.0,New South Wales
-35.000753,149.918163,2021.0,New South Wales
-30.503916,149.215329,2018.0,New South Wales
-31.627737,152.642585,2024.0,New South Wales
-33.00487,151.111756,1999.0,New South Wales
-34.997816,149.919243,2020.0,New South Wales
-33.430165,150.260458,2018.0,New South Wales
-28.808895,153.275966,,New South Wales
-33.844956,151.056364,2021.0,New South Wales
-35.89509,148.51965,2013.0,New South Wales
-36.55988,148.26448,2013.0,New South Wales
-28.666334,150.452614,2019.0,New South Wales
-35.647425,150.248544,2020.0,New South Wales
-36.934415,149.179617,1991.0,New South Wales
-34.997665,149.919315,2022.0,New South Wales
-34.657606,150.655273,2021.0,New South Wales
-34.549791,150.637949,2014.0,New South Wales
-33.400469,151.435857,2021.0,New South Wales
-35.628032,149.514981,2003.0,New South Wales
-33.853174,151.084974,2018.0,New South Wales
-30.406334,150.24991,2023.0,New South Wales
-30.616476,149.180924,2017.0,New South Wales
-34.48705,150.567502,2014.0,New South Wales
-28.219204,153.475565,,New South Wales
-30.636394,149.160492,2020.0,New South Wales
-28.254585,153.460312,,New South Wales
-36.55988,148.26448,2014.0,New South Wales
-34.226138,142.729422,2017.0,New South Wales
-33.768694,151.117944,2015.0,New South Wales
-30.200502,153.148608,1989.0,New South Wales
-35.56808,147.85491,2014.0,New South Wales
-30.525946,149.020186,2018.0,New South Wales
-35.88295,147.88309,2012.0,New South Wales
-34.508287,150.571934,2023.0,New South Wales
-35.647425,150.248544,2021.0,New South Wales
-32.25012,152.53834,2012.0,New South Wales
-30.591325,149.152008,2021.0,New South Wales
-34.505163,150.706414,2014.0,New South Wales
-30.59692,151.80533,2014.0,New South Wales
-36.799195,149.812871,,New South Wales
-34.264532,150.769297,2017.0,New South Wales
-33.810341,151.010311,,New South Wales
-34.112844,150.805035,2018.0,New South Wales
-31.082381,150.078631,2023.0,New South Wales
-35.4005,148.43447,2014.0,New South Wales
-34.13943,148.63023,2014.0,New South Wales
-36.55988,148.26448,2013.0,New South Wales
-34.081691,149.936303,1998.0,New South Wales
-36.383197,148.680512,,New South Wales
-32.631141,152.031013,,New South Wales
-30.36985,152.30007,2013.0,New South Wales
-29.64681,151.32664,2014.0,New South Wales
-33.391383,151.42888,2021.0,New South Wales
-33.922649,151.238199,2025.0,New South Wales
-33.666564,151.209775,2015.0,New South Wales
-33.212467,149.148824,,New South Wales
-32.888014,151.235747,2014.0,New South Wales
-29.664564,146.934908,2012.0,New South Wales
-31.28869,148.845674,2022.0,New South Wales
-34.286677,150.610512,2017.0,New South Wales
-36.56413,148.2647,2014.0,New South Wales
-34.667983,150.710761,2017.0,New South Wales
-35.6649,149.2174,2019.0,New South Wales
-30.595123,149.04864,2017.0,New South Wales
-33.641474,151.328658,2024.0,New South Wales
-33.775882,151.108101,2024.0,New South Wales
-29.538334,150.994505,,New South Wales
-36.55988,148.26448,2014.0,New South Wales
-33.438805,150.951824,1996.0,New South Wales
-31.498215,152.901344,,New South Wales
-34.671832,150.656171,2023.0,New South Wales
-30.545839,149.124897,2017.0,New South Wales
-35.000753,149.918163,2021.0,New South Wales
-36.23911,148.37052,2014.0,New South Wales
-35.39254,148.32404,2019.0,New South Wales
-33.964303,151.012857,2019.0,New South Wales
-33.28854,148.729151,,New South Wales
-33.835168,151.12157,2024.0,New South Wales
-34.997816,149.919243,2021.0,New South Wales
-33.98415,151.093254,2015.0,New South Wales
-29.657249,152.88083,,New South Wales
-36.305925,150.102739,,New South Wales
-32.959596,151.642474,2021.0,New South Wales
-36.55988,148.26448,2013.0,New South Wales
-33.842,149.2252,2014.0,New South Wales
-33.987689,151.071704,,New South Wales
-33.8435,149.22904,2014.0,New South Wales
-35.87163,148.15979,2013.0,New South Wales
-36.55988,148.26448,2014.0,New South Wales
-30.544338,149.259542,2018.0,New South Wales
-30.984357,150.241277,,New South Wales
-33.858157,151.183033,2014.0,New South Wales
-34.836272,150.500655,2023.0,New South Wales
-33.866927,151.058878,2025.0,New South Wales
-29.65009,151.3282,2014.0,New South Wales
-35.750022,146.027112,,New South Wales
-32.418601,151.00458,2016.0,New South Wales
-36.55988,148.26448,2014.0,New South Wales
-30.33645,151.57825,2012.0,New South Wales
-34.912468,149.437078,,New South Wales
-31.82076,150.18965,2014.0,New South Wales
-36.080598,146.901366,2020.0,New South Wales
-34.643059,150.479597,2016.0,New South Wales
-32.749417,152.041256,,New South Wales
-33.634502,150.307771,2021.0,New South Wales
-33.927474,151.153702,2020.0,New South Wales
-30.791908,149.494669,2002.0,New South Wales
-34.031711,150.468369,2003.0,New South Wales
-29.521733,146.452206,1995.0,New South Wales
-33.824739,151.179778,2025.0,New South Wales
-30.59395,150.08246,2023.0,New South Wales
-33.645072,151.171373,2015.0,New South Wales
-32.7317,142.420375,2021.0,New South Wales
-31.61171,152.41547,2014.0,New South Wales
-33.734352,151.163071,2022.0,New South Wales
-35.70585,150.248893,,New South Wales
-33.034167,150.022661,2024.0,New South Wales
-33.18666,145.05444,2019.0,New South Wales
-34.226138,142.729422,2017.0,New South Wales
-34.259081,149.941166,2002.0,New South Wales
-33.49243,149.7604,2013.0,New South Wales
-32.850665,151.332112,2014.0,New South Wales
-29.816103,148.101272,1996.0,New South Wales
-33.620865,151.052975,2019.0,New South Wales
-36.56413,148.2647,2014.0,New South Wales
-33.49243,149.7604,2013.0,New South Wales
-35.88295,147.88309,2013.0,New South Wales
-30.461807,149.784914,2024.0,New South Wales
-31.203779,151.115638,,New South Wales
-32.25012,152.53834,2012.0,New South Wales
-29.82473,151.13337,2012.0,New South Wales
-34.135739,150.820966,2020.0,New South Wales
-33.93123,150.63698,2013.0,New South Wales
-30.593129,149.143406,2019.0,New South Wales
-33.85464,150.644424,2021.0,New South Wales
-36.55988,148.26448,2013.0,New South Wales
-34.048046,149.706758,2021.0,New South Wales
-30.241288,151.009755,,New South Wales
-35.4005,148.43447,2014.0,New South Wales
-34.139807,142.552935,2017.0,New South Wales
-35.56808,147.85491,2014.0,New South Wales
-32.639032,148.807285,,New South Wales
-33.53387,151.34197,2012.0,New South Wales
-33.628699,151.049641,2015.0,New South Wales
-32.818443,148.306622,1997.0,New South Wales
-33.746717,150.890218,2019.0,New South Wales
-34.15297,150.192228,2023.0,New South Wales
-33.635928,151.034503,2019.0,New South Wales
-31.44018,151.47775,2013.0,New South Wales
-34.292186,150.239048,2022.0,New South Wales
-33.49668,149.7617,2013.0,New South Wales
-34.703142,150.732389,2020.0,New South Wales
-32.4057,151.955849,,New South Wales
-32.601718,152.116746,2015.0,New South Wales
-34.37202,150.51215,2012.0,New South Wales
-32.817393,148.359438,1997.0,New South Wales
-35.66639,146.80138,2016.0,New South Wales
-37.008654,149.825708,2014.0,New South Wales
-34.378471,150.531222,,New South Wales
-34.218002,150.868738,2014.0,New South Wales
-30.381976,153.034678,,New South Wales
-34.131401,150.904907,2016.0,New South Wales
-35.39422,147.36057,2013.0,New South Wales
-36.937514,148.842773,2012.0,New South Wales
-30.526381,148.994165,2017.0,New South Wales
-34.51,149.06,2011.0,New South Wales
-32.291953,151.980032,2024.0,New South Wales
-34.79334,150.76466,2012.0,New South Wales
-34.890291,149.511679,,New South Wales
-35.87105,148.15631,2014.0,New South Wales
-35.145407,147.564833,2017.0,New South Wales
-32.40664,152.31426,2014.0,New South Wales
-33.644769,151.182054,2015.0,New South Wales
-32.93945,145.774845,2021.0,New South Wales
-34.636326,150.569018,2023.0,New South Wales
-34.055754,151.133701,2025.0,New South Wales
-30.593138,149.047776,2017.0,New South Wales
-34.259504,150.677783,2015.0,New South Wales
-35.967725,146.929174,,New South Wales
-30.987489,147.035754,1997.0,New South Wales
-30.149668,146.409897,2010.0,New South Wales
-35.73825,147.97008,2012.0,New South Wales
-30.589762,149.177629,2022.0,New South Wales
-31.387781,150.655278,2023.0,New South Wales
-33.64733,150.011719,,New South Wales
-33.813376,151.222463,2020.0,New South Wales
-28.786013,153.352308,,New South Wales
-34.65688,150.68711,2012.0,New South Wales
-33.931954,150.633869,2016.0,New South Wales
-30.36985,152.30007,2013.0,New South Wales
-33.225589,148.975634,,New South Wales
-33.614947,150.296013,,New South Wales
-34.505163,150.706414,2014.0,New South Wales
-35.18121,148.25099,2012.0,New South Wales
-33.802843,151.079329,2018.0,New South Wales
-28.949006,153.433097,1994.0,New South Wales
-33.103479,151.548707,,New South Wales
-34.663244,150.698933,2023.0,New South Wales
-36.274753,148.387416,1979.0,New South Wales
-33.723762,150.444674,2002.0,New South Wales
-33.49243,149.7604,2013.0,New South Wales
-33.206185,150.994839,2006.0,New South Wales
-33.93116,150.63878,2012.0,New South Wales
-30.567364,149.229624,2017.0,New South Wales
-33.842,149.2252,2012.0,New South Wales
-32.364286,147.386757,,New South Wales
-34.496963,150.709001,2014.0,New South Wales
-33.692593,151.238298,2015.0,New South Wales
-34.063824,151.066717,2010.0,New South Wales
-30.617948,149.153205,2017.0,New South Wales
-34.164292,142.562492,2018.0,New South Wales
-33.811729,151.053103,2022.0,New South Wales
-36.6511,149.797959,,New South Wales
-35.99255,146.93636,2021.0,New South Wales
-33.49243,149.7604,2013.0,New South Wales
-35.56631,149.39127,2012.0,New South Wales
-36.55984,148.27007,2014.0,New South Wales
-36.187311,150.127993,,New South Wales
-35.138992,148.968443,,New South Wales
-31.82562,150.18463,2014.0,New South Wales
-34.131011,150.805372,2019.0,New South Wales
-32.513224,151.35945,,New South Wales
-35.647425,150.248544,2020.0,New South Wales
-32.910809,149.531889,2018.0,New South Wales
-34.137004,149.651229,2022.0,New South Wales
-31.058959,150.842237,2014.0,New South Wales
-36.55984,148.27007,2012.0,New South Wales
-35.57731,150.326985,2020.0,New South Wales
-31.381302,152.864593,2023.0,New South Wales
-33.228502,149.947046,1997.0,New South Wales
-30.06986,153.19444,2021.0,New South Wales
-34.429892,150.529709,2014.0,New South Wales
-29.00587,151.20944,2012.0,New South Wales
-34.671832,150.656171,2018.0,New South Wales
-33.421674,151.394218,2021.0,New South Wales
-30.983819,152.917306,1985.0,New South Wales
-31.333579,152.462392,2025.0,New South Wales
-29.82941,151.13373,2014.0,New South Wales
-33.616664,147.344553,2017.0,New South Wales
-34.40067,150.88038,2018.0,New South Wales
-35.87163,148.15979,2013.0,New South Wales
-30.384377,150.270992,2016.0,New South Wales
-33.828563,151.229936,2024.0,New South Wales
-32.998615,151.04909,2020.0,New South Wales
-32.35766,151.97448,2019.0,New South Wales
-33.17948,149.1493,2013.0,New South Wales
-32.495764,152.021825,2002.0,New South Wales
-32.704772,151.660451,,New South Wales
-36.304818,150.08995,,New South Wales
-34.263801,150.230229,2022.0,New South Wales
-36.18149,149.06797,2014.0,New South Wales
-31.89162,150.81118,2015.0,New South Wales
-29.82473,151.13337,2013.0,New South Wales
-35.87163,148.15979,2014.0,New South Wales
-31.07704,150.09,2023.0,New South Wales
-33.841208,151.141705,2025.0,New South Wales
-35.251227,149.530792,2020.0,New South Wales
-34.175023,142.477417,2025.0,New South Wales
-30.721666,150.21023,2024.0,New South Wales
-34.524168,150.75259,,New South Wales
-35.035091,149.278296,2023.0,New South Wales
-34.209472,142.638321,2022.0,New South Wales
-30.45394,151.37833,2012.0,New South Wales
-34.505163,150.706414,2014.0,New South Wales
-31.201726,152.336867,2021.0,New South Wales
-31.898847,151.261772,,New South Wales
-34.402338,150.570034,2014.0,New South Wales
-33.576562,150.703803,,New South Wales
-31.621404,152.671351,,New South Wales
-33.851962,151.015837,2024.0,New South Wales
-33.741732,150.988208,2021.0,New South Wales
-35.704225,150.13253,,New South Wales
-33.49243,149.7604,2013.0,New South Wales
-34.118926,150.731432,2017.0,New South Wales
-32.492158,151.520228,,New South Wales
-33.565165,146.836911,,New South Wales
-30.734355,148.861147,2004.0,New South Wales
-31.085995,151.014512,,New South Wales
-35.74266,147.96471,2017.0,New South Wales
-30.759341,151.61534,,New South Wales
-33.896332,151.229722,2021.0,New South Wales
-30.522547,149.254856,2017.0,New South Wales
-30.477676,149.201377,2022.0,New South Wales
-35.80666,147.701219,,New South Wales
-33.78181,150.65755,2013.0,New South Wales
-30.131063,153.001366,,New South Wales
-33.521934,150.582647,2017.0,New South Wales
-33.8435,149.22904,2014.0,New South Wales
-33.997697,151.068584,2020.0,New South Wales
-33.888368,151.276954,2019.0,New South Wales
-29.1837,151.02221,2017.0,New South Wales
-30.51228,149.334224,2017.0,New South Wales
-30.995637,150.118101,2024.0,New South Wales
-36.480223,149.84353,,New South Wales
-33.698086,150.723729,2011.0,New South Wales
-34.996133,149.921837,2022.0,New South Wales
-35.743615,146.758383,2021.0,New South Wales
-33.8031,150.722255,2024.0,New South Wales
-33.788076,151.231935,2019.0,New South Wales
-32.296466,151.985871,2024.0,New South Wales
-31.452582,152.742735,,New South Wales
-30.352884,150.859818,2021.0,New South Wales
-33.748997,151.115857,,New South Wales
-35.539167,149.915922,2021.0,New South Wales
-34.97887,148.59216,2013.0,New South Wales
-34.207896,142.610772,2018.0,New South Wales
-31.560031,146.32335,2021.0,New South Wales
-35.872384,150.04928,,New South Wales
-33.978033,150.872686,2024.0,New South Wales
-34.496963,150.709001,2014.0,New South Wales
-35.18121,148.25099,2012.0,New South Wales
-35.40485,148.43439,2014.0,New South Wales
-32.743675,151.698631,,New South Wales
-33.67002,150.2943,2020.0,New South Wales
-28.27481,153.499573,,New South Wales
-33.972309,151.013579,2021.0,New South Wales
-35.74272,147.97024,2014.0,New South Wales
-33.902062,148.981696,2025.0,New South Wales
-33.167264,149.010358,,New South Wales
-33.913597,151.12884,2016.0,New South Wales
-36.23879,148.3763,2014.0,New South Wales
-33.842,149.2252,2014.0,New South Wales
-35.632987,150.254979,2020.0,New South Wales
-34.76139,148.99065,2016.0,New South Wales
-33.805083,149.319275,2025.0,New South Wales
-34.528894,143.355845,1995.0,New South Wales
-31.113292,150.277375,,New South Wales
-34.016242,147.744141,2018.0,New South Wales
-34.260905,142.72966,2016.0,New South Wales
-32.931177,151.449392,,New South Wales
-34.690353,150.701817,2018.0,New South Wales
-34.61624,150.673405,2017.0,New South Wales
-33.52849,151.08124,2017.0,New South Wales
-29.9861,150.851361,2022.0,New South Wales
-30.36985,152.30007,2013.0,New South Wales
-32.291953,151.980032,2024.0,New South Wales
-33.48304,150.10683,2021.0,New South Wales
-35.92841,149.62366,2016.0,New South Wales
-29.5546,149.83409,,New South Wales
-34.103252,150.815259,2023.0,New South Wales
-33.081136,150.223708,2007.0,New South Wales
-30.543398,148.995838,2017.0,New South Wales
-31.44018,151.47775,2013.0,New South Wales
-34.429892,150.529709,2014.0,New South Wales
-35.66034,149.21745,2013.0,New South Wales
-33.83177,151.111071,2024.0,New South Wales
-33.77494,151.15995,2011.0,New South Wales
-33.888403,151.171141,2021.0,New South Wales
-35.574297,148.626533,2021.0,New South Wales
-34.934307,149.132905,2021.0,New South Wales
-33.463263,149.874425,,New South Wales
-31.82562,150.18463,2014.0,New South Wales
-34.19741,150.139463,2002.0,New South Wales
-33.53387,151.34197,2020.0,New South Wales
-29.65009,151.3282,2014.0,New South Wales
-33.847635,151.097254,,New South Wales
-32.62522,149.56793,2012.0,New South Wales
-36.129918,149.51831,2010.0,New South Wales
-34.845416,150.495349,,New South Wales
-35.000753,149.918163,2022.0,New South Wales
-33.721376,151.235153,2018.0,New South Wales
-33.812729,151.264227,2025.0,New South Wales
-36.719138,149.901648,,New South Wales
-33.842,149.2252,2014.0,New South Wales
-31.43583,151.47704,2013.0,New South Wales
-33.819161,150.976453,2021.0,New South Wales
-35.74266,147.96471,2012.0,New South Wales
-30.659516,149.206039,2022.0,New South Wales
-33.231221,149.204295,2005.0,New South Wales
-34.996856,149.919018,2020.0,New South Wales
-34.099743,150.825375,2023.0,New South Wales
-33.803619,150.8237,2001.0,New South Wales
-33.371226,150.127953,2016.0,New South Wales
-34.511058,150.342537,2025.0,New South Wales
-33.932465,151.254661,2020.0,New South Wales
-32.404603,151.969772,,New South Wales
-36.55988,148.26448,2014.0,New South Wales
-31.44018,151.47775,2013.0,New South Wales
-33.701389,150.722919,2011.0,New South Wales
-30.463179,153.044835,,New South Wales
-32.25012,152.53834,2013.0,New South Wales
-35.66739,150.15211,2015.0,New South Wales
-33.943551,150.850114,2026.0,New South Wales
-35.36782,149.27202,2012.0,New South Wales
-33.19922,151.58958,2014.0,New South Wales
-35.156234,149.851993,2014.0,New South Wales
-35.948723,148.389243,2014.0,New South Wales
-28.196675,153.490997,,New South Wales
-31.715211,150.073197,1998.0,New South Wales
-35.605225,150.274588,2022.0,New South Wales
-32.654802,149.972221,,New South Wales
-32.985404,151.127925,,New South Wales
-33.630477,151.054684,2023.0,New South Wales
-33.72954,151.016246,2019.0,New South Wales
-34.118658,150.609633,2019.0,New South Wales
-33.8435,149.22904,2014.0,New South Wales
-37.042633,149.817896,2004.0,New South Wales
-35.67099,146.80178,2013.0,New South Wales
-33.99246,151.01634,2019.0,New South Wales
-32.251867,148.026168,2000.0,New South Wales
-33.751221,151.029057,2021.0,New South Wales
-34.496963,150.709001,2014.0,New South Wales
-34.787,150.718,2019.0,New South Wales
-29.592895,151.145212,,New South Wales
-34.661026,150.570304,2019.0,New South Wales
-34.657606,150.655273,2021.0,New South Wales
-33.736017,151.094818,2024.0,New South Wales
-32.5,145.6,1982.0,New South Wales
-30.500421,149.355461,2019.0,New South Wales
-34.080639,149.981442,2004.0,New South Wales
-31.87692,150.022715,2018.0,New South Wales
-31.051121,149.05057,2022.0,New South Wales
-35.262874,147.109388,,New South Wales
-33.55424,150.206596,,New South Wales
-34.429892,150.529709,2014.0,New South Wales
-34.209472,142.638321,2022.0,New South Wales
-33.930861,150.638889,2012.0,New South Wales
-36.55988,148.26448,2013.0,New South Wales
-35.67099,146.80178,2014.0,New South Wales
-33.751242,151.171799,1996.0,New South Wales
-33.630536,150.735043,2006.0,New South Wales
-34.197026,150.313737,2024.0,New South Wales
-28.550152,153.487973,,New South Wales
-34.220177,150.999898,,New South Wales
-34.201946,142.55971,2017.0,New South Wales
-35.151956,150.590781,,New South Wales
-33.6783,150.76508,2013.0,New South Wales
-34.11839,151.12634,2013.0,New South Wales
-32.481475,149.712067,,New South Wales
-36.612387,149.600266,2020.0,New South Wales
-31.43583,151.47704,2013.0,New South Wales
-33.842,149.2252,2014.0,New South Wales
-36.23911,148.37052,2014.0,New South Wales
-34.515707,150.658457,2023.0,New South Wales
-30.472542,150.332425,2024.0,New South Wales
-32.517538,149.789879,,New South Wales
-31.955677,151.421318,1992.0,New South Wales
-33.876312,151.273294,,New South Wales
-28.652469,153.542701,,New South Wales
-30.57851,151.00686,2012.0,New South Wales
-30.571612,149.171485,2019.0,New South Wales
-33.54508,150.84594,2014.0,New South Wales
-33.590825,150.203867,2025.0,New South Wales
-35.18121,148.25099,2013.0,New South Wales
-34.098516,150.825445,2025.0,New South Wales
-32.820174,151.532782,,New South Wales
-33.029453,151.553748,,New South Wales
-32.486573,151.194553,,New South Wales
-33.78408,151.2544,2022.0,New South Wales
-33.020347,150.029186,2024.0,New South Wales
-35.56631,149.39127,2012.0,New South Wales
-36.313672,149.574259,1990.0,New South Wales
-33.717667,151.282671,2007.0,New South Wales
-33.951914,147.0805,,New South Wales
-35.87163,148.15979,2013.0,New South Wales
-30.320066,150.278974,2016.0,New South Wales
-30.574402,150.083565,2023.0,New South Wales
-32.455528,145.974525,2023.0,New South Wales
-29.815792,152.816943,2013.0,New South Wales
-31.06871,151.43216,2012.0,New South Wales
-33.076281,151.094851,2023.0,New South Wales
-34.350729,150.644001,1997.0,New South Wales
-30.72134,152.98137,2013.0,New South Wales
-36.744361,149.833237,,New South Wales
-30.392111,152.699381,2023.0,New South Wales
-34.05973,150.826658,2024.0,New South Wales
-36.35852,148.56746,2013.0,New South Wales
-32.43167,150.4685,2012.0,New South Wales
-34.02192,151.012879,2016.0,New South Wales
-33.645021,151.105884,2024.0,New South Wales
-34.1126,148.5639,2025.0,New South Wales
-33.735004,151.006063,2024.0,New South Wales
-34.100052,150.825486,2017.0,New South Wales
-32.5,145.6,1982.0,New South Wales
-33.236356,151.432543,2023.0,New South Wales
-34.718666,150.606132,2017.0,New South Wales
-34.022905,150.729983,,New South Wales
-33.655502,150.995452,2018.0,New South Wales
-30.412046,152.916435,,New South Wales
-33.316392,146.841452,2024.0,New South Wales
-33.848374,151.068103,2010.0,New South Wales
-35.87163,148.15979,2013.0,New South Wales
-36.55988,148.26448,2013.0,New South Wales
-34.031191,150.763056,2019.0,New South Wales
-35.74266,147.96471,2012.0,New South Wales
-34.380645,150.537464,2015.0,New South Wales
-35.73826,147.96446,2014.0,New South Wales
-31.7073,150.03775,2013.0,New South Wales
-33.76109,151.124121,2024.0,New South Wales
-33.638506,151.326287,2021.0,New South Wales
-30.545761,150.165963,2023.0,New South Wales
-33.367354,151.382736,2024.0,New South Wales
-34.23757,142.510937,2017.0,New South Wales
-32.919144,151.677418,2025.0,New South Wales
-32.174596,149.726546,2005.0,New South Wales
-34.133061,147.362387,,New South Wales
-34.13959,148.63587,2014.0,New South Wales
-33.842,149.2252,2012.0,New South Wales
-34.044764,150.840654,2021.0,New South Wales
-29.64681,151.32664,2014.0,New South Wales
-36.654287,148.243886,2024.0,New South Wales
-30.243897,153.038499,1991.0,New South Wales
-34.531296,146.430236,1984.0,New South Wales
-33.597545,149.361533,,New South Wales
-34.230133,142.679004,2017.0,New South Wales
-35.095448,149.043396,,New South Wales
-33.668121,151.156229,2015.0,New South Wales
-36.820486,149.407615,,New South Wales
-32.442433,150.839512,2022.0,New South Wales
-33.718837,150.961828,2016.0,New South Wales
-30.454404,149.22409,2018.0,New South Wales
-35.858345,150.188478,,New South Wales
-31.7073,150.03775,2012.0,New South Wales
-34.402338,150.570034,2014.0,New South Wales
-32.069099,152.540482,,New South Wales
-31.89586,150.8111,2014.0,New South Wales
-30.477198,149.227402,2017.0,New South Wales
-34.429892,150.529709,2014.0,New South Wales
-34.226138,142.729422,2016.0,New South Wales
-33.80094,150.823752,2014.0,New South Wales
-35.00117,147.77821,2023.0,New South Wales
-30.978356,152.642798,,New South Wales
-33.813755,150.659036,2017.0,New South Wales
-32.156402,149.707751,2013.0,New South Wales
-32.115723,142.713634,,New South Wales
-33.746509,151.220888,2025.0,New South Wales
-33.590109,150.204311,2023.0,New South Wales
-33.723686,150.981417,2021.0,New South Wales
-33.810183,150.65738,2017.0,New South Wales
-30.390957,149.559544,2011.0,New South Wales
-30.582635,149.173522,2019.0,New South Wales
-35.147789,147.332016,2025.0,New South Wales
-34.663244,150.698933,2022.0,New South Wales
-32.819243,151.550358,2014.0,New South Wales
-30.540599,145.744418,,New South Wales
-30.659516,149.206039,2019.0,New South Wales
-29.65009,151.3282,2014.0,New South Wales
-30.589762,149.177629,2022.0,New South Wales
-34.945261,149.107098,2024.0,New South Wales
-30.406334,150.24991,2022.0,New South Wales
-34.643998,150.559969,2018.0,New South Wales
-32.564981,151.009204,1997.0,New South Wales
-33.924681,151.127391,2020.0,New South Wales
-36.997082,149.433091,1986.0,New South Wales
-36.35852,148.56746,2013.0,New South Wales
-34.618185,150.624202,2018.0,New South Wales
-36.55984,148.27007,2012.0,New South Wales
-33.99246,151.01634,2013.0,New South Wales
-32.387945,151.740868,,New South Wales
-30.428311,150.316217,2024.0,New South Wales
-35.573291,149.573577,,New South Wales
-34.505163,150.706414,2014.0,New South Wales
-30.341753,149.795586,2025.0,New South Wales
-32.609368,152.097471,2025.0,New South Wales
-30.264468,150.832263,2023.0,New South Wales
-33.727786,150.28235,2003.0,New South Wales
-33.818004,150.927068,2022.0,New South Wales
-36.613784,148.251784,2013.0,New South Wales
-33.414173,151.433608,2024.0,New South Wales
-33.811654,150.893849,2011.0,New South Wales
-33.948514,150.996682,2015.0,New South Wales
-32.906683,151.600318,1993.0,New South Wales
-36.55988,148.26448,2014.0,New South Wales
-31.06895,151.427,2014.0,New South Wales
-31.07285,151.43226,2012.0,New South Wales
-32.770274,151.630502,2024.0,New South Wales
-30.488902,153.017562,,New South Wales
-34.13959,148.63587,2012.0,New South Wales
-34.13565,150.819463,2023.0,New South Wales
-34.107236,149.684472,2022.0,New South Wales
-33.45767,149.613874,,New South Wales
-33.421362,149.643117,,New South Wales
-34.176213,142.493598,2022.0,New South Wales
-34.65688,150.68711,2012.0,New South Wales
-33.5078,151.3043,2021.0,New South Wales
-36.613784,148.251784,2015.0,New South Wales
-33.434583,150.223178,2021.0,New South Wales
-34.07135,150.83808,2024.0,New South Wales
-33.842,149.2252,2014.0,New South Wales
-32.51489,151.6815,,New South Wales
-31.54628,150.817557,2002.0,New South Wales
-32.38643,150.89076,2018.0,New South Wales
-34.235367,150.869228,2007.0,New South Wales
-29.686946,152.919379,1995.0,New South Wales
-33.006961,151.037852,,New South Wales
-33.13581,151.383479,,New South Wales
-34.302063,150.827862,2015.0,New South Wales
-33.432439,151.366028,,New South Wales
-29.02128,153.16125,2023.0,New South Wales
-36.631015,149.997843,,New South Wales
-34.749856,150.789676,2026.0,New South Wales
-33.831886,151.255964,2020.0,New South Wales
-30.595251,149.098995,2018.0,New South Wales
-34.36844,150.91729,2018.0,New South Wales
-36.330163,149.756316,,New South Wales
-34.713405,150.630324,2018.0,New South Wales
-35.40486,148.43954,2014.0,New South Wales
-32.232072,149.769392,2013.0,New South Wales
-35.851677,148.83734,2003.0,New South Wales
-31.02428,152.77224,,New South Wales
-35.73825,147.97008,2012.0,New South Wales
-34.97446,148.59713,2017.0,New South Wales
-33.942044,150.854148,2026.0,New South Wales
-33.390151,150.14306,2004.0,New South Wales
-32.054376,152.496922,,New South Wales
-33.734701,151.110065,2019.0,New South Wales
-36.901481,149.767585,1986.0,New South Wales
-33.83534,150.660688,2016.0,New South Wales
-34.163453,150.57955,2017.0,New South Wales
-31.884356,150.021429,2018.0,New South Wales
-33.361778,150.149483,2016.0,New South Wales
-35.87163,148.15979,2013.0,New South Wales
-33.978233,151.045208,2025.0,New South Wales
-31.61171,152.41547,2014.0,New South Wales
-33.486174,151.426717,2023.0,New South Wales
-34.15166,150.08407,2018.0,New South Wales
-33.76434,151.153548,2022.0,New South Wales
-32.25012,152.53834,2014.0,New South Wales
-36.55988,148.26448,2013.0,New South Wales
-30.6059,152.0276,2012.0,New South Wales
-36.55988,148.26448,2013.0,New South Wales
-30.452354,152.968795,,New South Wales
-32.501097,150.979474,2004.0,New South Wales
-33.644769,151.182054,2015.0,New South Wales
-35.970008,146.968941,,New South Wales
-33.725003,150.948281,2025.0,New South Wales
-36.55988,148.26448,2013.0,New South Wales
-31.07331,151.42688,2012.0,New South Wales
-30.519852,149.374306,2017.0,New South Wales
-33.426737,149.691802,,New South Wales
-34.191368,142.567815,2017.0,New South Wales
-34.280522,150.235326,2023.0,New South Wales
-35.89047,148.52555,2021.0,New South Wales
-31.07285,151.43226,2012.0,New South Wales
-31.915794,152.569481,2021.0,New South Wales
-34.747403,148.993327,2010.0,New South Wales
-34.996134,149.921838,2023.0,New South Wales
-34.08774,148.44507,2013.0,New South Wales
-32.171736,146.852533,2023.0,New South Wales
-34.455254,150.52845,2014.0,New South Wales
-33.449069,150.220452,2025.0,New South Wales
-34.207977,142.66964,2017.0,New South Wales
-33.428052,151.320978,2025.0,New South Wales
-34.098614,150.825297,2018.0,New South Wales
-32.059819,152.481352,,New South Wales
-34.997417,149.919367,2023.0,New South Wales
-30.562874,150.071547,1983.0,New South Wales
-33.363918,149.131438,,New South Wales
-32.604211,151.81777,,New South Wales
-29.00587,151.20944,2013.0,New South Wales
-32.675586,145.428065,1979.0,New South Wales
-32.746579,142.5836,1995.0,New South Wales
-34.409835,150.534693,2014.0,New South Wales
-33.228194,148.914932,,New South Wales
-34.634799,150.700777,2017.0,New South Wales
-33.81203,149.326268,2023.0,New South Wales
-33.383521,142.276289,2017.0,New South Wales
-30.444407,152.899303,,New South Wales
-34.667983,150.710761,2019.0,New South Wales
-34.549791,150.637949,2014.0,New South Wales
-32.000808,152.442329,,New South Wales
-33.624661,149.779905,,New South Wales
-30.733835,151.020461,,New South Wales
-35.88295,147.88309,2020.0,New South Wales
-35.871011,150.058121,2013.0,New South Wales
-34.15239,150.07862,2018.0,New South Wales
-32.291817,152.309082,,New South Wales
-36.718453,149.610101,,New South Wales
-32.387486,150.827813,2021.0,New South Wales
-33.446439,151.423147,2025.0,New South Wales
-33.70606,150.70941,2018.0,New South Wales
-32.297908,152.02218,2024.0,New South Wales
-33.446853,150.222368,2018.0,New South Wales
-33.03398,150.03941,2010.0,New South Wales
-36.674149,149.859116,,New South Wales
-33.952611,150.93206,2006.0,New South Wales
-33.561338,150.836857,2025.0,New South Wales
-33.989074,150.086407,2002.0,New South Wales
-33.758431,151.197883,2023.0,New South Wales
-34.986,150.545,2017.0,New South Wales
-33.962859,151.245964,2023.0,New South Wales
-33.837072,151.280506,2016.0,New South Wales
-31.110858,150.95795,,New South Wales
-35.87163,148.15979,2013.0,New South Wales
-32.554271,151.909928,,New South Wales
-36.55988,148.26448,2013.0,New South Wales
-33.8435,149.22904,2014.0,New South Wales
-34.014401,151.059748,2019.0,New South Wales
-33.810497,149.252123,2013.0,New South Wales
-34.688352,150.736023,2021.0,New South Wales
-29.183943,151.36464,2011.0,New South Wales
-33.18391,149.15485,2016.0,New South Wales
-30.854473,150.843192,,New South Wales
-30.33163,151.58336,2012.0,New South Wales
-30.569244,149.12542,2021.0,New South Wales
-33.43893,150.256063,2017.0,New South Wales
-36.55988,148.26448,2013.0,New South Wales
-33.93122,150.63629,2013.0,New South Wales
-30.36932,152.30552,2014.0,New South Wales
-30.867084,149.875945,,New South Wales
-34.51154,148.02838,2014.0,New South Wales
-28.83176,152.825292,,New South Wales
-36.55988,148.26448,2013.0,New South Wales
-31.181337,149.479478,,New South Wales
-33.17948,149.1493,2014.0,New South Wales
-34.070743,150.79706,2018.0,New South Wales
-36.36494,149.33226,2012.0,New South Wales
-30.574199,150.102205,2023.0,New South Wales
-36.23911,148.37052,2014.0,New South Wales
-36.55988,148.26448,2013.0,New South Wales
-31.61171,152.41547,2014.0,New South Wales
-33.718217,150.296445,2020.0,New South Wales
-35.87105,148.15631,2013.0,New South Wales
-34.794626,150.675469,,New South Wales
-33.704704,151.095189,2020.0,New South Wales
-34.641867,143.565193,2002.0,New South Wales
-30.354196,150.295532,2016.0,New South Wales
-34.537359,150.660395,2014.0,New South Wales
-35.73826,147.96446,2019.0,New South Wales
-33.741512,151.25145,2015.0,New South Wales
-33.789662,151.165192,2022.0,New South Wales
-34.060861,150.659284,2019.0,New South Wales
-33.94723,151.163187,2016.0,New South Wales
-32.724894,152.175888,2025.0,New South Wales
-31.808916,150.183892,1998.0,New South Wales
-34.996515,149.924029,2022.0,New South Wales
-34.633205,150.696098,2020.0,New South Wales
-30.573438,151.721062,2023.0,New South Wales
-31.82562,150.18463,2014.0,New South Wales
-33.990893,151.097896,2022.0,New South Wales
-33.916339,151.119923,2023.0,New South Wales
-30.497168,149.332433,2017.0,New South Wales
-33.365931,149.870899,2024.0,New South Wales
-33.857067,151.282571,2021.0,New South Wales
-33.986879,151.12451,2024.0,New South Wales
-33.5626,150.794472,,New South Wales
-33.8435,149.22904,2014.0,New South Wales
-34.274575,142.755431,2017.0,New South Wales
-31.43583,151.47704,2013.0,New South Wales
-32.768138,152.061152,,New South Wales
-33.340221,151.416125,2024.0,New South Wales
-35.87163,148.15979,2013.0,New South Wales
-32.22301,149.37566,2013.0,New South Wales
-34.682531,150.771836,,New South Wales
-33.042907,147.475387,,New South Wales
-34.179524,151.053405,2021.0,New South Wales
-30.647371,149.141289,2019.0,New South Wales
-34.57855,146.37218,2011.0,New South Wales
-32.744505,149.870899,2011.0,New South Wales
-31.520247,150.756344,,New South Wales
-33.659213,151.28363,2023.0,New South Wales
-33.93122,150.63629,2013.0,New South Wales
-30.33645,151.57825,2021.0,New South Wales
-33.96736,150.99213,2013.0,New South Wales
-34.667983,150.710761,2017.0,New South Wales
-30.40218,150.325604,2024.0,New South Wales
-33.846445,151.099815,2017.0,New South Wales
-33.547428,151.300298,2020.0,New South Wales
-33.832745,149.333816,2020.0,New South Wales
-30.497265,149.358107,2017.0,New South Wales
-31.001597,151.087602,,New South Wales
-34.152008,142.559481,2022.0,New South Wales
-35.108172,147.359837,2021.0,New South Wales
-34.429892,150.529709,2014.0,New South Wales
-33.771427,151.065957,2018.0,New South Wales
-33.70457,150.990806,2026.0,New South Wales
-34.820856,150.554182,,New South Wales
-33.900903,151.104983,2018.0,New South Wales
-35.66639,146.80138,2014.0,New South Wales
-34.496963,150.709001,2014.0,New South Wales
-30.752546,152.85219,,New South Wales
-32.380095,152.398906,,New South Wales
-35.507788,149.264949,1994.0,New South Wales
-33.49243,149.7604,2013.0,New South Wales
-31.474759,152.917879,,New South Wales
-33.739965,150.37679,2026.0,New South Wales
-34.13959,148.63587,2014.0,New South Wales
-33.289004,149.699598,,New South Wales
-30.568255,149.250268,2018.0,New South Wales
-30.48224,153.023511,,New South Wales
-33.611147,151.06931,2020.0,New South Wales
-36.56413,148.2647,2014.0,New South Wales
-33.825935,150.811548,2014.0,New South Wales
-28.268331,153.473167,2021.0,New South Wales
-29.0061,151.20426,2013.0,New South Wales
-31.7073,150.03775,2014.0,New South Wales
-31.43583,151.47704,2013.0,New South Wales
-34.13176,142.151992,2023.0,New South Wales
-34.429892,150.529709,2014.0,New South Wales
-30.703333,150.166389,2016.0,New South Wales
-33.753946,150.635084,2019.0,New South Wales
-35.39961,148.43913,2020.0,New South Wales
-34.173032,150.809496,2006.0,New South Wales
-36.457782,148.450667,,New South Wales
-35.871011,150.058121,2014.0,New South Wales
-31.39112,150.694307,2022.0,New South Wales
-34.805609,147.186597,2022.0,New South Wales
-36.36494,149.33226,2012.0,New South Wales
-32.244347,152.472669,,New South Wales
-34.13959,148.63587,2013.0,New South Wales
-33.932551,151.197042,2021.0,New South Wales
-33.807612,151.057909,2025.0,New South Wales
-29.06476,153.41514,2020.0,New South Wales
-33.67477,150.28918,2020.0,New South Wales
-36.55988,148.26448,2013.0,New South Wales
-33.59105,150.204059,2024.0,New South Wales
-33.644921,151.048965,2015.0,New South Wales
-33.842,149.2252,2014.0,New South Wales
-30.33645,151.57825,2013.0,New South Wales
-32.344879,152.210929,,New South Wales
-34.168232,150.809848,2003.0,New South Wales
-33.49243,149.7604,2014.0,New South Wales
-33.982656,151.049309,2015.0,New South Wales
-33.83625,149.99867,2013.0,New South Wales
-33.639664,150.903135,2025.0,New South Wales
-34.137004,149.651229,2022.0,New South Wales
-35.67099,146.80178,2015.0,New South Wales
-36.403738,150.021786,,New South Wales
-30.738738,150.250837,2022.0,New South Wales
-34.078448,147.173436,,New South Wales
-34.531591,150.64826,2023.0,New South Wales
-31.07285,151.43226,2012.0,New South Wales
-30.770867,152.620193,,New South Wales
-29.655368,148.092286,1999.0,New South Wales
-32.59641,151.81038,2013.0,New South Wales
-35.56631,149.39127,2012.0,New South Wales
-30.417287,152.706942,,New South Wales
-35.94817,148.92557,2012.0,New South Wales
-34.278921,142.575517,2017.0,New South Wales
-33.645072,151.171373,2015.0,New South Wales
-31.8853,150.083896,2018.0,New South Wales
-34.444783,150.518007,2014.0,New South Wales
-34.996856,149.919018,2019.0,New South Wales
-30.509723,149.408227,2018.0,New South Wales
-35.73825,147.97008,2012.0,New South Wales
-30.589906,149.23018,2019.0,New South Wales
-31.396079,150.674629,2023.0,New South Wales
-33.500867,151.362659,,New South Wales
-34.08774,148.44507,2019.0,New South Wales
-35.661792,150.253744,2021.0,New South Wales
-34.264533,150.230994,2023.0,New South Wales
-29.757488,141.115804,2009.0,New South Wales
-33.008752,148.959911,,New South Wales
-30.593129,149.143406,2019.0,New South Wales
-33.931083,150.639694,2012.0,New South Wales
-35.3897,147.35526,2013.0,New South Wales
-35.619921,150.273701,2021.0,New South Wales
-34.13505,148.63598,2012.0,New South Wales
-33.875088,151.235344,2021.0,New South Wales
-35.67099,146.80178,2013.0,New South Wales
-33.049552,148.817316,2023.0,New South Wales
-33.615821,149.2433,1998.0,New South Wales
-31.32766,152.763675,,New South Wales
-34.281281,150.572846,2023.0,New South Wales
-34.1336,149.641,2018.0,New South Wales
-34.225521,142.681705,2018.0,New South Wales
-34.615547,150.852321,2014.0,New South Wales
-33.954681,151.018925,2016.0,New South Wales
-34.667983,150.710761,2018.0,New South Wales
-34.34225,150.230684,2002.0,New South Wales
-35.87163,148.15979,2013.0,New South Wales
-31.024627,150.226612,,New South Wales
-32.25012,152.53834,2014.0,New South Wales
-33.943458,151.134834,2016.0,New South Wales
-34.08963,150.774307,2018.0,New South Wales
-32.018297,152.41437,,New South Wales
-30.600226,150.069731,2023.0,New South Wales
-30.658955,149.15362,2017.0,New South Wales
-33.8435,149.22904,2014.0,New South Wales
-36.613784,148.251784,2014.0,New South Wales
-34.246477,150.605261,2019.0,New South Wales
-33.928078,150.384208,2023.0,New South Wales
-35.87163,148.15979,2013.0,New South Wales
-30.33645,151.57825,2012.0,New South Wales
-33.779332,151.173527,2023.0,New South Wales
-34.319966,149.883233,2006.0,New South Wales
-29.95421,150.7612,2012.0,New South Wales
-33.775176,150.875137,2021.0,New South Wales
-29.17928,151.02225,2013.0,New South Wales
-32.326319,152.278387,,New South Wales
-32.70385,150.1655,2014.0,New South Wales
-34.51576,148.02754,2021.0,New South Wales
-28.956565,153.319284,,New South Wales
-33.833186,151.200745,2024.0,New South Wales
-36.55988,148.26448,2013.0,New South Wales
-34.190243,150.137928,2023.0,New South Wales
-34.020958,150.727647,,New South Wales
-34.505163,150.706414,2014.0,New South Wales
-35.87163,148.15979,2013.0,New South Wales
-30.899311,142.62575,1992.0,New South Wales
-30.169029,151.501869,,New South Wales
-33.930809,150.638887,2015.0,New South Wales
-35.56808,147.85491,2016.0,New South Wales
-34.055881,150.774726,2023.0,New South Wales
-33.819586,151.144421,2021.0,New South Wales
-29.358692,153.338065,,New South Wales
-33.045034,151.579547,,New South Wales
-34.226564,150.970345,2016.0,New South Wales
-34.51154,148.02838,2014.0,New South Wales
-30.958218,150.615955,,New South Wales
-32.978401,151.703332,,New South Wales
-35.87163,148.15979,2013.0,New South Wales
-32.752837,151.702924,,New South Wales
-34.577638,150.770686,,New South Wales
-32.179558,146.859833,2023.0,New South Wales
-33.897801,151.234832,2016.0,New South Wales
-31.106397,152.195842,1997.0,New South Wales
-34.930703,148.473892,2017.0,New South Wales
-31.613328,148.818974,2001.0,New South Wales
-34.559772,150.3388,,New South Wales
-34.37202,150.51215,2012.0,New South Wales
-28.435581,153.228612,,New South Wales
-34.495632,150.547631,2016.0,New South Wales
-34.681226,150.574221,2018.0,New South Wales
-34.580497,150.501272,,New South Wales
-34.628565,150.67774,2020.0,New South Wales
-30.33645,151.57825,2012.0,New South Wales
-33.00066,150.019544,2024.0,New South Wales
-35.3897,147.35526,2013.0,New South Wales
-33.107711,151.552479,,New South Wales
-33.974453,151.140633,2016.0,New South Wales
-30.52228,149.228512,2017.0,New South Wales
-30.597973,149.101499,2019.0,New South Wales
-30.526104,148.988762,2017.0,New South Wales
-36.36494,149.33226,2013.0,New South Wales
-32.25506,152.53388,2013.0,New South Wales
-32.25012,152.53834,2014.0,New South Wales
-30.550401,149.870619,2025.0,New South Wales
-30.57343,151.00588,2012.0,New South Wales
-35.88295,147.88309,2020.0,New South Wales
-30.526066,149.279664,2017.0,New South Wales
-31.44018,151.47775,2013.0,New South Wales
-30.894448,150.869366,,New South Wales
-33.49243,149.7604,2013.0,New South Wales
-34.262101,150.228888,2023.0,New South Wales
-35.88748,147.8831,2021.0,New South Wales
-35.39222,149.344463,2025.0,New South Wales
-34.380645,150.537464,2015.0,New South Wales
-32.87643,151.65903,2020.0,New South Wales
-34.175941,142.557915,2017.0,New South Wales
-33.520814,149.237268,2022.0,New South Wales
-33.867489,151.136728,2024.0,New South Wales
-30.33163,151.58336,2012.0,New South Wales
-35.88295,147.88309,2013.0,New South Wales
-33.620215,151.03947,2017.0,New South Wales
-33.811879,144.740128,2016.0,New South Wales
-35.94817,148.92557,2012.0,New South Wales
-35.87633,148.15427,2014.0,New South Wales
-35.877492,147.596746,2022.0,New South Wales
-30.57851,151.00686,2012.0,New South Wales
-34.924967,146.61953,,New South Wales
-31.44018,151.47775,2013.0,New South Wales
-31.713034,149.195213,,New South Wales
-33.645072,151.171373,2015.0,New South Wales
-31.883857,152.498245,,New South Wales
-34.13959,148.63587,2014.0,New South Wales
-33.52579,150.48712,2014.0,New South Wales
-32.160242,148.611569,,New South Wales
-29.135975,150.610227,1997.0,New South Wales
-34.55,150.03334,2001.0,New South Wales
-31.44018,151.47775,2013.0,New South Wales
-30.617948,149.153205,2017.0,New South Wales
-32.703216,151.975771,2004.0,New South Wales
-34.118699,148.574312,2025.0,New South Wales
-30.518776,149.410766,2017.0,New South Wales
-34.202752,150.540977,2014.0,New South Wales
-35.619311,150.256688,2021.0,New South Wales
-33.732335,150.99884,2017.0,New South Wales
-36.694522,149.866676,,New South Wales
-35.536813,150.34963,2020.0,New South Wales
-33.858482,150.851252,2003.0,New South Wales
-35.74266,147.96471,2012.0,New South Wales
-33.236913,151.170782,,New South Wales
-28.679342,153.323715,,New South Wales
-35.647974,150.268595,2025.0,New South Wales
-34.621626,150.658096,2020.0,New South Wales
-33.927928,150.899268,2025.0,New South Wales
-33.693358,151.02513,2025.0,New South Wales
-35.099393,150.685484,2025.0,New South Wales
-33.0592,150.705066,2006.0,New South Wales
-33.957467,151.237057,2021.0,New South Wales
-34.516548,150.658365,2023.0,New South Wales
-35.038081,149.21615,2024.0,New South Wales
-33.8435,149.22904,2014.0,New South Wales
-30.621546,149.211473,2019.0,New South Wales
-35.32513,147.49749,2019.0,New South Wales
-34.49638,150.566578,2014.0,New South Wales
-31.002713,150.213829,,New South Wales
-34.1336,149.641,2012.0,New South Wales
-34.946578,149.130712,2021.0,New South Wales
-36.55988,148.26448,2013.0,New South Wales
-36.55988,148.26448,2014.0,New South Wales
-30.519293,149.384731,2016.0,New South Wales
-30.6059,152.0276,2012.0,New South Wales
-33.548741,151.213888,2017.0,New South Wales
-34.476369,150.894721,2019.0,New South Wales
-36.55988,148.26448,2013.0,New South Wales
-36.55984,148.27007,2015.0,New South Wales
-30.394029,152.700941,,New South Wales
-34.373903,150.35417,2003.0,New South Wales
-34.429892,150.529709,2014.0,New South Wales
-31.61171,152.41547,2013.0,New South Wales
-33.358805,151.344716,2022.0,New South Wales
-30.534461,150.125091,2023.0,New South Wales
-36.55988,148.26448,2013.0,New South Wales
-34.996135,149.921839,2023.0,New South Wales
-36.55984,148.27007,2014.0,New South Wales
-33.799744,151.170284,2026.0,New South Wales
-34.501889,150.424458,,New South Wales
-34.429892,150.529709,2014.0,New South Wales
-33.720439,150.771473,2024.0,New South Wales
-33.90464,151.02017,2020.0,New South Wales
-34.429892,150.529709,2014.0,New South Wales
-35.73825,147.97008,2012.0,New South Wales
-34.474933,150.341767,2025.0,New South Wales
-30.57851,151.00686,2012.0,New South Wales
-36.235132,150.098775,,New South Wales
-33.589986,150.209468,2024.0,New South Wales
-31.7073,150.03775,2015.0,New South Wales
-37.276956,149.429176,2019.0,New South Wales
-28.277513,153.253016,2019.0,New South Wales
-33.619973,151.043353,2020.0,New South Wales
-35.88295,147.88309,2013.0,New South Wales
-33.640987,151.258621,1973.0,New South Wales
-33.836756,151.146773,2021.0,New South Wales
-34.513083,150.525604,2024.0,New South Wales
-35.885003,148.460324,2025.0,New South Wales
-31.43583,151.47704,2013.0,New South Wales
-33.742584,150.971783,2020.0,New South Wales
-32.629101,151.142032,2024.0,New South Wales
-33.992048,150.570603,,New South Wales
-29.608359,150.035316,,New South Wales
-34.415868,150.520777,,New South Wales
-32.840797,151.507521,,New South Wales
-33.49228,149.76563,2013.0,New South Wales
-36.067956,147.003769,2019.0,New South Wales
-34.124941,150.793186,2019.0,New South Wales
-30.661035,148.725443,1999.0,New South Wales
-35.883537,146.737315,,New South Wales
-34.270891,142.58506,2017.0,New South Wales
-34.677583,150.817292,2025.0,New South Wales
-34.65688,150.68711,2012.0,New South Wales
-33.63392,151.235516,2015.0,New South Wales
-30.563616,150.110443,2016.0,New South Wales
-32.911658,151.343536,2016.0,New South Wales
-35.4005,148.43447,2016.0,New South Wales
-29.686135,152.889451,1986.0,New South Wales
-34.1186,148.5628,2025.0,New South Wales
-30.33848,150.83702,2022.0,New South Wales
-34.196693,150.952659,1998.0,New South Wales
-33.76689,150.653983,,New South Wales
-34.630032,150.671908,2020.0,New South Wales
-31.7098,152.470762,,New South Wales
-36.55988,148.26448,2013.0,New South Wales
-32.379144,152.502175,,New South Wales
-33.527574,151.30544,2019.0,New South Wales
-33.825338,151.179131,2023.0,New South Wales
-33.36764,151.382732,2023.0,New South Wales
-33.202048,151.396422,2021.0,New South Wales
-32.085755,152.413657,,New South Wales
-31.499793,150.681668,,New South Wales
-34.043786,150.741453,2018.0,New South Wales
-33.458571,151.358755,2025.0,New South Wales
-33.231437,149.099107,2017.0,New South Wales
-31.06871,151.43216,2012.0,New South Wales
-31.453493,152.822385,2022.0,New South Wales
-35.273846,147.082607,1978.0,New South Wales
-29.35801,151.91101,2014.0,New South Wales
-34.621626,150.658096,2017.0,New South Wales
-34.1208,148.5611,2025.0,New South Wales
-32.601979,151.818914,,New South Wales
-29.441497,153.252405,,New South Wales
-30.492947,151.241385,,New South Wales
-31.949509,152.500527,2023.0,New South Wales
-32.840545,151.703087,2011.0,New South Wales
-33.414085,151.433456,2024.0,New South Wales
-36.604875,149.42585,,New South Wales
-34.996894,149.919559,2022.0,New South Wales
-33.456366,150.768418,2018.0,New South Wales
-35.188558,149.607058,2024.0,New South Wales
-34.460098,150.619429,2014.0,New South Wales
-33.883259,150.59748,1995.0,New South Wales
-33.93225,150.634995,2015.0,New South Wales
-35.619921,150.273701,2021.0,New South Wales
-36.581456,149.385342,2017.0,New South Wales
-34.021639,151.069396,2017.0,New South Wales
-32.885333,151.263028,,New South Wales
-32.293023,151.674995,,New South Wales
-30.396735,150.282001,2022.0,New South Wales
-33.48623,150.11185,2015.0,New South Wales
-30.498309,152.863531,1997.0,New South Wales
-34.725686,146.617151,,New South Wales
-34.116896,150.800818,2017.0,New South Wales
-33.575961,149.996322,2021.0,New South Wales
-35.536813,150.34963,2020.0,New South Wales
-34.443007,150.466153,2021.0,New South Wales
-29.00166,151.2041,2013.0,New South Wales
-31.605497,152.659745,2021.0,New South Wales
-35.156303,149.856441,2014.0,New South Wales
-30.513581,152.013381,2017.0,New South Wales
-33.810643,151.204418,1998.0,New South Wales
-33.645072,151.171373,2015.0,New South Wales
-28.590266,153.515421,2006.0,New South Wales
-30.505552,152.889574,1997.0,New South Wales
-34.760418,150.613826,2018.0,New South Wales
-33.145551,149.982603,2019.0,New South Wales
-30.415689,150.461305,2024.0,New South Wales
-28.33226,153.38275,2018.0,New South Wales
-34.70476,150.005426,2022.0,New South Wales
-34.18317,142.671716,2018.0,New South Wales
-34.13959,148.63587,2012.0,New South Wales
-36.442149,149.86851,1989.0,New South Wales
-34.997816,149.919243,2020.0,New South Wales
-36.322165,149.971557,,New South Wales
-36.36494,149.33226,2014.0,New South Wales
-32.572002,145.443034,2021.0,New South Wales
-32.266626,148.240094,2007.0,New South Wales
-35.605225,150.274588,2021.0,New South Wales
-33.054552,151.403467,,New South Wales
-35.3897,147.35526,2013.0,New South Wales
-30.6059,152.0276,2012.0,New South Wales
-36.613784,148.251784,2014.0,New South Wales
-32.76268,151.26128,2019.0,New South Wales
-36.722702,149.408729,1991.0,New South Wales
-35.66034,149.21745,2019.0,New South Wales
-34.5335,150.356054,2018.0,New South Wales
-32.770827,149.629937,,New South Wales
-32.62522,149.56793,2012.0,New South Wales
-32.734825,148.749344,,New South Wales
-33.944179,150.997982,2015.0,New South Wales
-33.412958,151.425931,2021.0,New South Wales
-32.399502,147.469681,,New South Wales
-33.105096,150.045116,2013.0,New South Wales
-31.06871,151.43216,2012.0,New South Wales
-33.234459,151.507223,2024.0,New South Wales
-33.454216,151.432756,2025.0,New South Wales
-33.20418,151.58953,2017.0,New South Wales
-36.493712,150.031563,,New South Wales
-33.083981,151.425867,,New South Wales
-31.013124,151.070726,,New South Wales
-29.138068,153.165164,2015.0,New South Wales
-35.857911,146.972415,,New South Wales
-35.87105,148.15631,2013.0,New South Wales
-31.514546,150.673311,,New South Wales
-32.771039,151.837829,,New South Wales
-30.609506,149.23442,2016.0,New South Wales
-33.473004,150.029563,,New South Wales
-34.643998,150.559969,2020.0,New South Wales
-35.40763,144.590378,2012.0,New South Wales
-33.858816,150.980601,2015.0,New South Wales
-34.621626,150.658096,2019.0,New South Wales
-32.940081,150.126623,2023.0,New South Wales
-33.923361,150.977016,2016.0,New South Wales
-31.44018,151.47775,2013.0,New South Wales
-34.339448,150.778804,,New South Wales
-31.857594,152.432675,,New South Wales
-33.873814,151.257019,2018.0,New South Wales
-32.311009,141.479722,2020.0,New South Wales
-34.264786,150.226805,2023.0,New South Wales
-34.94526,149.129229,2021.0,New South Wales
-31.44018,151.47775,2013.0,New South Wales
-34.214429,142.653384,2016.0,New South Wales
-30.459565,149.863209,2024.0,New South Wales
-34.505163,150.706414,2014.0,New South Wales
-35.67099,146.80178,2013.0,New South Wales
-33.711341,150.447963,2026.0,New South Wales
-33.734422,151.087488,2022.0,New South Wales
-34.191111,150.866399,2016.0,New South Wales
-28.808416,153.297978,2023.0,New South Wales
-30.437282,150.33374,2017.0,New South Wales
-36.55988,148.26448,2013.0,New South Wales
-35.6837,149.305264,1982.0,New South Wales
-30.472542,150.332425,2024.0,New South Wales
-30.475987,149.207284,2018.0,New South Wales
-33.757948,151.065857,,New South Wales
-33.727483,151.271439,,New South Wales
-33.449914,151.386597,2024.0,New South Wales
-33.446183,150.275021,2018.0,New South Wales
-32.300621,152.482187,,New South Wales
-34.286148,150.542763,,New South Wales
-33.851229,148.862559,,New South Wales
-33.160438,151.324944,,New South Wales
-32.39322,150.851528,2021.0,New South Wales
-32.718214,151.627961,,New South Wales
-34.137004,149.651229,2022.0,New South Wales
-34.949573,148.643012,2014.0,New South Wales
-33.598164,151.291811,1983.0,New South Wales
-30.988437,150.443445,,New South Wales
-33.853025,151.066282,2015.0,New South Wales
-37.136644,149.787965,2016.0,New South Wales
-35.379113,147.071056,2017.0,New South Wales
-32.291953,151.980032,2024.0,New South Wales
-33.954817,151.049182,2021.0,New South Wales
-35.87633,148.15427,2014.0,New South Wales
-33.828252,151.195371,2022.0,New South Wales
-28.813201,153.43384,,New South Wales
-33.49243,149.7604,2013.0,New South Wales
-36.55984,148.27007,2017.0,New South Wales
-33.20418,151.58953,2017.0,New South Wales
-30.57872,151.01205,2014.0,New South Wales
-33.970633,150.620571,,New South Wales
-35.73825,147.97008,2012.0,New South Wales
-35.479805,149.16613,2019.0,New South Wales
-33.868051,150.285722,2023.0,New South Wales
-34.188046,150.297434,2024.0,New South Wales
-32.469395,151.066213,2019.0,New South Wales
-32.217008,150.485063,2023.0,New South Wales
-32.25012,152.53834,2013.0,New South Wales
-33.645072,151.171373,2015.0,New South Wales
-34.100624,150.824626,2017.0,New South Wales
-31.06871,151.43216,2012.0,New South Wales
-34.76139,148.99065,2013.0,New South Wales
-31.7073,150.03775,2014.0,New South Wales
-31.61171,152.41547,2014.0,New South Wales
-33.67863,150.75956,2013.0,New South Wales
-33.974404,151.067503,2019.0,New South Wales
-33.781412,151.171266,2021.0,New South Wales
-33.901379,151.261432,2023.0,New South Wales
-36.351626,149.977102,2024.0,New South Wales
-34.618753,150.542781,2020.0,New South Wales
-35.661194,150.235736,2021.0,New South Wales
-34.580225,150.841496,2020.0,New South Wales
-33.946787,151.142446,2015.0,New South Wales
-30.524776,149.325343,2021.0,New South Wales
-32.166127,151.975675,2023.0,New South Wales
-28.42523,153.363052,,New South Wales
-30.547979,149.04863,2016.0,New South Wales
-33.552932,149.974304,2024.0,New South Wales
-30.613823,152.793893,,New South Wales
-28.260092,153.401543,2021.0,New South Wales
-30.320066,150.278974,2016.0,New South Wales
-33.585976,150.253877,,New South Wales
-33.962786,146.069411,2023.0,New South Wales
-35.147766,150.571475,2024.0,New South Wales
-36.431087,149.844839,,New South Wales
-34.748715,150.775234,,New South Wales
-34.402338,150.570034,2014.0,New South Wales
-33.809441,151.041253,2018.0,New South Wales
-34.661026,150.570304,2018.0,New South Wales
-34.618753,150.542781,2022.0,New South Wales
-33.666564,151.209775,2015.0,New South Wales
-33.476131,150.819569,2018.0,New South Wales
-36.356134,149.856736,,New South Wales
-33.801948,151.170322,2019.0,New South Wales
-34.65688,150.68711,2012.0,New South Wales
-33.885287,151.27455,2024.0,New South Wales
-34.403586,150.851108,2024.0,New South Wales
-33.10978,151.625133,2025.0,New South Wales
-36.55984,148.27007,2014.0,New South Wales
-33.49668,149.7617,2013.0,New South Wales
-35.878678,148.495043,2019.0,New South Wales
-33.913729,150.855014,2007.0,New South Wales
-35.584099,150.207861,1999.0,New South Wales
-35.74266,147.96471,2012.0,New South Wales
-31.43583,151.47704,2013.0,New South Wales
-32.964452,151.464559,2024.0,New South Wales
-33.590997,150.204042,2024.0,New South Wales
-33.8435,149.22904,2014.0,New South Wales
-36.74958,149.48112,2020.0,New South Wales
-31.43583,151.47704,2013.0,New South Wales
-32.62522,149.56793,2012.0,New South Wales
-35.74266,147.96471,2012.0,New South Wales
-33.731745,151.23572,2023.0,New South Wales
-30.337333,149.83911,2005.0,New South Wales
-34.152008,142.559481,2022.0,New South Wales
-30.407946,150.479889,2023.0,New South Wales
-33.453706,151.186697,,New South Wales
-32.62522,149.56793,2012.0,New South Wales
-34.995379,149.922901,2021.0,New South Wales
-33.850557,150.981181,2017.0,New South Wales
-36.613784,148.251784,2014.0,New South Wales
-36.441029,148.604115,,New South Wales
-34.98401,148.34289,2015.0,New South Wales
-32.172738,150.580848,2004.0,New South Wales
-34.3735,150.50722,2017.0,New South Wales
-31.61171,152.41547,2014.0,New South Wales
-33.49243,149.7604,2013.0,New South Wales
-30.580248,149.098512,2019.0,New South Wales
-32.33298,151.79048,,New South Wales
-33.940432,150.58059,1998.0,New South Wales
-30.270297,152.664059,,New South Wales
-33.796621,151.213279,,New South Wales
-36.622634,149.703262,,New South Wales
-28.88289,153.542379,,New South Wales
-35.38936,147.36041,2013.0,New South Wales
-34.214429,142.653384,2017.0,New South Wales
-36.619636,149.595583,1970.0,New South Wales
-34.75038,146.581281,2019.0,New South Wales
-30.449963,149.247536,2020.0,New South Wales
-33.604803,151.035385,2024.0,New South Wales
-34.530741,150.65223,2023.0,New South Wales
-29.64681,151.32664,2014.0,New South Wales
-33.776336,150.916975,2024.0,New South Wales
-33.867143,150.994231,2020.0,New South Wales
-30.497265,149.358107,2020.0,New South Wales
-36.364555,148.717753,,New South Wales
-30.595251,149.098995,2018.0,New South Wales
-30.543339,150.179077,2022.0,New South Wales
-31.61171,152.41547,2014.0,New South Wales
-28.195787,153.550252,1990.0,New South Wales
-34.92678,148.52141,2019.0,New South Wales
-35.88755,147.8777,2014.0,New South Wales
-29.783312,151.151991,,New South Wales
-33.025098,151.690089,2021.0,New South Wales
-34.505163,150.706414,2014.0,New South Wales
-34.004957,151.061447,,New South Wales
-35.672228,150.300804,2021.0,New South Wales
-33.755945,151.077834,2024.0,New South Wales
-35.027054,143.878633,1995.0,New South Wales
-34.634799,150.700777,2018.0,New South Wales
-33.43782,151.31431,2023.0,New South Wales
-36.776286,149.432812,,New South Wales
-33.959226,151.157023,2019.0,New South Wales
-33.373789,151.364791,2024.0,New South Wales
-29.795158,153.01047,,New South Wales
-33.798595,150.679195,2004.0,New South Wales
-34.174134,142.461354,2017.0,New South Wales
-35.87105,148.15631,2013.0,New South Wales
-28.855243,153.272118,,New South Wales
-32.095766,151.597992,2001.0,New South Wales
-34.23061,150.85345,2013.0,New South Wales
-33.708005,150.814382,2024.0,New South Wales
-33.942041,150.85414,2026.0,New South Wales
-34.996514,149.92403,2022.0,New South Wales
-33.197253,151.478487,2012.0,New South Wales
-34.70867,150.45764,2012.0,New South Wales
-33.70099,151.01211,2025.0,New South Wales
-33.910849,151.13544,2014.0,New South Wales
-35.87163,148.15979,2014.0,New South Wales
-32.066039,152.447855,2010.0,New South Wales
-30.503916,149.215329,2016.0,New South Wales
-32.62522,149.56793,2012.0,New South Wales
-35.959208,148.980811,2023.0,New South Wales
-32.675011,152.099077,,New South Wales
-33.20436,151.59508,2013.0,New South Wales
-34.656766,150.695326,2017.0,New South Wales
-33.975981,151.129454,2025.0,New South Wales
-34.131529,150.80427,2020.0,New South Wales
-36.103373,150.137392,1997.0,New South Wales
-33.64196,150.68711,2012.0,New South Wales
-33.975992,150.830552,2023.0,New South Wales
-33.158997,149.985632,2019.0,New South Wales
-33.528263,151.37386,2021.0,New South Wales
-34.982424,149.258618,,New South Wales
-34.285425,150.235265,2023.0,New South Wales
-33.49668,149.7617,2013.0,New South Wales
-30.36985,152.30007,2013.0,New South Wales
-33.8435,149.22904,2014.0,New South Wales
-28.484508,153.025063,,New South Wales
-33.974548,150.824829,2007.0,New South Wales
-31.44018,151.47775,2013.0,New South Wales
-34.643998,150.559969,2022.0,New South Wales
-32.769711,152.106383,1998.0,New South Wales
-35.605225,150.274588,2021.0,New South Wales
-28.651627,153.360854,,New South Wales
-29.17946,151.01701,2014.0,New South Wales
-33.371006,151.372822,2025.0,New South Wales
-30.617136,149.167889,2019.0,New South Wales
-33.71156,151.163378,2017.0,New South Wales
-35.66639,146.80138,2013.0,New South Wales
-34.102459,151.098039,2015.0,New South Wales
-34.681226,150.574221,2018.0,New South Wales
-34.467093,150.210026,2016.0,New South Wales
-34.505163,150.706414,2014.0,New South Wales
-34.505163,150.706414,2014.0,New South Wales
-33.810269,151.298999,2017.0,New South Wales
-33.924346,151.135289,2019.0,New South Wales
-35.67099,146.80178,2013.0,New South Wales
-34.11442,151.12576,2013.0,New South Wales
-36.01723,149.8596,2014.0,New South Wales
-34.002427,151.06885,2019.0,New South Wales
-34.2133,150.01112,2019.0,New South Wales
-33.943076,151.250152,2024.0,New South Wales
-32.928258,151.391802,,New South Wales
-35.92407,149.61795,2014.0,New South Wales
-28.305361,153.527,2020.0,New South Wales
-30.616476,149.180924,2017.0,New South Wales
-34.399003,150.534935,2014.0,New South Wales
-34.505163,150.706414,2014.0,New South Wales
-36.55988,148.26448,2014.0,New South Wales
-33.981094,150.840264,2018.0,New South Wales
-29.64681,151.32664,2014.0,New South Wales
-33.957221,150.931062,2024.0,New South Wales
-29.00587,151.20944,2013.0,New South Wales
-35.94817,148.92557,2015.0,New South Wales
-28.813201,153.43384,,New South Wales
-33.101696,148.546092,,New South Wales
-33.710675,150.487944,,New South Wales
-33.727867,150.993878,2021.0,New South Wales
-35.74272,147.97024,2014.0,New South Wales
-35.016047,150.60986,,New South Wales
-35.73825,147.97008,2012.0,New South Wales
-33.336488,149.860795,2024.0,New South Wales
-31.72146,152.613649,,New South Wales
-34.829898,148.567384,,New South Wales
-32.336896,142.490797,2020.0,New South Wales
-33.367872,151.382656,2023.0,New South Wales
-33.644769,151.182054,2015.0,New South Wales
-29.70068,150.60695,2013.0,New South Wales
-32.837187,151.093662,,New South Wales
-29.325719,151.791425,,New South Wales
-34.342404,150.220903,2023.0,New South Wales
-35.661792,150.253744,2020.0,New South Wales
-33.385696,151.367876,2024.0,New South Wales
-33.64782,151.038144,2022.0,New South Wales
-32.40664,152.31426,2014.0,New South Wales
-36.613784,148.251784,2013.0,New South Wales
-33.983295,151.141119,2023.0,New South Wales
-35.1497,149.008894,,New South Wales
-28.997933,152.875308,1998.0,New South Wales
-33.8435,149.22904,2014.0,New South Wales
-36.24347,148.37086,2014.0,New South Wales
-33.746088,151.148324,,New South Wales
-34.70867,150.45764,2012.0,New South Wales
-35.56631,149.39127,2018.0,New South Wales
-29.00587,151.20944,2013.0,New South Wales
-30.33163,151.58336,2012.0,New South Wales
-32.291953,151.980032,2024.0,New South Wales
-37.44529,149.934656,,New South Wales
-30.491874,150.356056,2024.0,New South Wales
-33.49243,149.7604,2013.0,New South Wales
-33.668121,151.156229,2015.0,New South Wales
-33.748986,151.118366,2019.0,New South Wales
-33.788419,151.042419,2021.0,New South Wales
-28.785005,153.515337,,New South Wales
-33.666564,151.209775,2015.0,New South Wales
-33.904986,150.926243,2021.0,New South Wales
-30.286807,153.073391,2023.0,New South Wales
-28.402649,153.379715,,New South Wales
-34.199147,149.94303,2002.0,New South Wales
-35.593914,150.29092,2020.0,New South Wales
-29.491466,153.212548,,New South Wales
-36.336974,149.742116,1986.0,New South Wales
-33.914392,151.121368,2019.0,New South Wales
-33.630547,151.2029,2015.0,New South Wales
-30.57851,151.00686,2012.0,New South Wales
-34.429892,150.529709,2014.0,New South Wales
-28.874402,153.459267,2020.0,New South Wales
-33.778825,150.954989,2025.0,New South Wales
-33.877462,150.671148,1996.0,New South Wales
-34.550556,150.409975,2021.0,New South Wales
-35.987216,149.879658,2023.0,New South Wales
-36.097605,150.113715,,New South Wales
-33.819706,151.131707,2018.0,New South Wales
-34.191368,142.567815,2017.0,New South Wales
-34.71219,150.769285,,New South Wales
-33.960856,150.928046,2022.0,New South Wales
-34.287146,149.04887,,New South Wales
-30.57851,151.00686,2012.0,New South Wales
-30.242988,152.586375,,New South Wales
-29.6954,150.60252,2013.0,New South Wales
-34.942888,146.51939,1979.0,New South Wales
-34.421691,150.568984,2014.0,New South Wales
-33.396004,151.396089,,New South Wales
-36.55988,148.26448,2013.0,New South Wales
-34.183651,150.456204,2023.0,New South Wales
-30.460453,152.916709,1997.0,New South Wales
-33.65197,150.283277,2020.0,New South Wales
-29.862325,150.892453,2016.0,New South Wales
-30.33163,151.58336,2014.0,New South Wales
-33.961516,147.973179,1978.0,New South Wales
-33.699,150.93,2014.0,New South Wales
-28.257673,153.4015,2025.0,New South Wales
-32.870991,151.312294,2016.0,New South Wales
-36.406133,149.867184,1991.0,New South Wales
-30.995637,150.118101,2023.0,New South Wales
-33.49668,149.7617,2020.0,New South Wales
-33.684209,150.750789,2024.0,New South Wales
-34.208977,150.971498,,New South Wales
-33.67477,150.28918,2020.0,New South Wales
-32.089681,152.486231,,New South Wales
-35.87163,148.15979,2013.0,New South Wales
-33.390723,150.204369,2021.0,New South Wales
-30.362678,150.635578,2018.0,New South Wales
-34.996133,149.921839,2023.0,New South Wales
-32.418314,151.108282,2014.0,New South Wales
-33.521308,151.299622,2019.0,New South Wales
-32.984227,151.110472,2023.0,New South Wales
-32.833393,151.293595,,New South Wales
-35.73825,147.97008,2012.0,New South Wales
-33.644769,151.182054,2015.0,New South Wales
-33.49243,149.7604,2013.0,New South Wales
-35.015387,149.814839,,New South Wales
-34.415692,150.566493,2014.0,New South Wales
-32.57276,150.42483,2014.0,New South Wales
-33.17948,149.1493,2014.0,New South Wales
-32.807207,151.838186,,New South Wales
-33.524496,151.343007,2023.0,New South Wales
-31.94967,150.78671,2012.0,New South Wales
-33.587378,150.370797,2020.0,New South Wales
-35.536813,150.34963,2020.0,New South Wales
-30.258509,149.811748,,New South Wales
-33.991676,151.082289,1998.0,New South Wales
-33.971497,151.011949,2019.0,New South Wales
-34.15614,150.08468,2018.0,New South Wales
-30.36985,152.30007,2013.0,New South Wales
-32.175958,149.775632,2012.0,New South Wales
-34.165577,150.820292,2015.0,New South Wales
-34.997417,149.919365,2023.0,New South Wales
-33.400973,151.392718,2024.0,New South Wales
-33.839938,151.06558,2009.0,New South Wales
-34.021611,150.800801,2020.0,New South Wales
-33.803074,151.081003,2018.0,New South Wales
-33.355819,150.137587,2025.0,New South Wales
-33.49243,149.7604,2013.0,New South Wales
-34.71659,150.015948,,New South Wales
-34.224236,142.674409,2018.0,New South Wales
-32.675006,149.659197,2019.0,New South Wales
-33.812637,150.657433,2017.0,New South Wales
-34.688308,150.527311,,New South Wales
-34.482431,150.538089,2016.0,New South Wales
-33.845211,151.080047,2016.0,New South Wales
-36.365174,148.38396,2012.0,New South Wales
-33.974658,151.067188,2018.0,New South Wales
-34.043206,150.58131,,New South Wales
-36.711658,149.852657,,New South Wales
-34.767,150.724,2019.0,New South Wales
-33.981049,151.043995,2019.0,New South Wales
-30.70748,150.336604,2016.0,New South Wales
-32.5,145.6,1982.0,New South Wales
-33.838857,151.195149,2021.0,New South Wales
-36.718341,149.864161,,New South Wales
-33.49243,149.7604,2013.0,New South Wales
-34.660069,150.785316,,New South Wales
-33.728546,151.116107,2021.0,New South Wales
-33.645072,151.171373,2015.0,New South Wales
-34.850913,150.673987,,New South Wales
-34.148692,150.762764,2006.0,New South Wales
-33.734781,151.14627,2018.0,New South Wales
-33.463703,150.991212,2021.0,New South Wales
-31.44018,151.47775,2013.0,New South Wales
-35.18121,148.25099,2012.0,New South Wales
-32.455631,151.513004,,New South Wales
-36.895728,149.930288,1989.0,New South Wales
-33.340169,151.416023,2025.0,New South Wales
-34.137004,149.651229,2022.0,New South Wales
-30.310474,153.090714,,New South Wales
-34.236141,142.524679,2016.0,New South Wales
-34.501967,150.572518,2023.0,New South Wales
-32.62522,149.56793,2012.0,New South Wales
-34.997417,149.919366,2023.0,New South Wales
-35.4005,148.43447,2014.0,New South Wales
-34.996856,149.919018,2020.0,New South Wales
-32.751166,142.526837,2022.0,New South Wales
-35.095649,147.365432,2025.0,New South Wales
-34.917748,148.027554,2011.0,New South Wales
-32.073858,152.490513,,New South Wales
-34.052754,150.966898,2019.0,New South Wales
-30.374441,152.714875,1997.0,New South Wales
-34.02774,150.751441,,New South Wales
-33.596445,151.233655,1983.0,New South Wales
-33.79069,150.6543,2013.0,New South Wales
-36.55988,148.26448,2017.0,New South Wales
-32.40664,152.31426,2014.0,New South Wales
-32.321735,149.454274,,New South Wales
-33.49243,149.7604,2013.0,New South Wales
-33.745171,151.226547,2021.0,New South Wales
-32.57745,150.42493,2019.0,New South Wales
-33.7996,151.102375,2018.0,New South Wales
-33.879661,150.854321,2007.0,New South Wales
-31.45362,149.922344,,New South Wales
-32.395956,150.878762,2024.0,New South Wales
-35.786435,147.842797,,New South Wales
-30.59692,151.80533,2014.0,New South Wales
-34.462684,150.621959,2023.0,New South Wales
-33.369534,150.088514,,New South Wales
-33.535657,148.689144,2021.0,New South Wales
-35.18121,148.25099,2014.0,New South Wales
-31.59449,152.516028,,New South Wales
-31.43583,151.47704,2013.0,New South Wales
-30.500421,149.355461,2021.0,New South Wales
-35.3897,147.35526,2013.0,New South Wales
-33.666075,150.260134,,New South Wales
-34.746705,150.475935,2024.0,New South Wales
-33.906468,151.063986,2015.0,New South Wales
-33.749771,151.141455,2018.0,New South Wales
-35.88748,147.8831,2014.0,New South Wales
-35.000753,149.918163,2021.0,New South Wales
-34.27189,150.610383,2017.0,New South Wales
-36.899792,149.341347,1982.0,New South Wales
-28.233438,153.518123,,New South Wales
-28.822927,153.508948,,New South Wales
-35.514938,148.092877,,New South Wales
-30.565668,149.148779,2021.0,New South Wales
-32.793634,148.915369,2017.0,New South Wales
-31.43583,151.47704,2013.0,New South Wales
-33.872832,151.211169,2015.0,New South Wales
-33.646171,151.038081,2017.0,New South Wales
-30.337772,150.27191,2022.0,New South Wales
-36.55988,148.26448,2014.0,New South Wales
-36.35852,148.56746,2013.0,New South Wales
-33.030106,151.641015,,New South Wales
-30.589038,149.230399,2017.0,New South Wales
-33.54299,150.757465,2018.0,New South Wales
-34.209472,142.638321,2022.0,New South Wales
-35.88295,147.88309,2013.0,New South Wales
-34.101752,150.821067,2019.0,New South Wales
-34.477268,150.558446,2014.0,New South Wales
-34.541637,150.579762,2016.0,New South Wales
-29.36442,151.01204,2013.0,New South Wales
-36.627161,149.662922,,New South Wales
-32.919729,151.338726,,New South Wales
-33.873176,151.164846,2025.0,New South Wales
-34.820736,150.536055,,New South Wales
-36.55988,148.26448,2013.0,New South Wales
-30.497265,149.358107,2020.0,New South Wales
-35.632406,147.609077,,New South Wales
-31.07285,151.43226,2012.0,New South Wales
-29.782053,150.977635,,New South Wales
-29.95866,150.7615,2012.0,New South Wales
-34.050824,149.652177,2022.0,New South Wales
-30.476286,149.255546,2018.0,New South Wales
-34.55361,150.04889,2002.0,New South Wales
-30.337228,150.85289,2023.0,New South Wales
-36.55988,148.26448,2013.0,New South Wales
-35.214132,149.318369,2019.0,New South Wales
-33.447237,151.376953,2025.0,New South Wales
-29.00587,151.20944,2012.0,New South Wales
-34.176213,142.493598,2016.0,New South Wales
-33.747777,151.237196,2023.0,New South Wales
-29.6954,150.60252,2017.0,New South Wales
-31.163716,152.922147,,New South Wales
-29.706894,148.865012,2019.0,New South Wales
-30.509723,149.408227,2018.0,New South Wales
-33.826424,151.060011,2015.0,New South Wales
-29.5715,153.130131,1981.0,New South Wales
-33.8435,149.22904,2014.0,New South Wales
-30.484007,151.586018,,New South Wales
-34.496963,150.709001,2014.0,New South Wales
-34.094914,150.805118,2019.0,New South Wales
-35.034663,149.216012,2021.0,New South Wales
-34.496963,150.709001,2014.0,New South Wales
-34.42033,150.532112,2014.0,New South Wales
-33.495428,150.060444,,New South Wales
-35.159531,149.190703,2025.0,New South Wales
-29.95866,150.7615,2012.0,New South Wales
-32.668263,149.684702,,New South Wales
-28.246771,153.438004,,New South Wales
-30.36932,152.30552,2014.0,New South Wales
-34.621626,150.658096,2020.0,New South Wales
-33.711901,150.990206,2019.0,New South Wales
-34.76139,148.99065,2013.0,New South Wales
-33.986565,151.140371,2021.0,New South Wales
-34.996514,149.924031,2022.0,New South Wales
-36.55988,148.26448,2014.0,New South Wales
-33.975923,151.146915,2019.0,New South Wales
-35.161981,149.85543,2014.0,New South Wales
-32.04381,149.93806,2013.0,New South Wales
-33.65935,151.150388,2015.0,New South Wales
-33.007694,150.029498,2024.0,New South Wales
-33.905663,151.202336,2025.0,New South Wales
-33.847528,151.080762,2023.0,New South Wales
-33.49243,149.7604,2013.0,New South Wales
-32.04372,149.9432,2013.0,New South Wales
-31.43583,151.47704,2013.0,New South Wales
-33.937672,150.854495,2017.0,New South Wales
-29.35801,151.91101,2014.0,New South Wales
-34.101572,151.098872,2016.0,New South Wales
-30.194176,153.156909,1982.0,New South Wales
-34.996133,149.921838,2022.0,New South Wales
-32.723423,152.073814,,New South Wales
-29.65009,151.3282,2014.0,New South Wales
-35.370435,149.636695,2013.0,New South Wales
-33.967976,151.251982,2020.0,New South Wales
-34.836868,147.851904,2015.0,New South Wales
-33.752427,150.967441,2021.0,New South Wales
-33.516842,151.412693,,New South Wales
-28.519538,153.527156,2023.0,New South Wales
-31.94519,150.78709,2013.0,New South Wales
-36.55988,148.26448,2013.0,New South Wales
-32.780238,151.519829,,New South Wales
-33.8435,149.22904,2014.0,New South Wales
-35.506547,149.784226,,New South Wales
-33.756601,151.01223,2018.0,New South Wales
-36.452992,150.04043,,New South Wales
-36.36494,149.33226,2012.0,New South Wales
-34.531798,150.650206,2023.0,New South Wales
-30.06986,153.19444,2021.0,New South Wales
-34.278853,150.578262,,New South Wales
-33.729578,150.944008,2025.0,New South Wales
-32.62522,149.56793,2012.0,New South Wales
-33.67383,150.76495,2013.0,New South Wales
-35.85918,150.16568,2024.0,New South Wales
-36.23911,148.37052,2014.0,New South Wales
-31.968566,152.584739,,New South Wales
-29.143114,150.757476,2024.0,New South Wales
-33.919463,151.15876,2019.0,New South Wales
-34.225213,142.697633,2017.0,New South Wales
-34.996135,149.921838,2023.0,New South Wales
-33.71426,151.143522,2019.0,New South Wales
-32.943312,151.527199,,New South Wales
-29.987202,151.424369,1997.0,New South Wales
-33.884756,151.246481,2023.0,New South Wales
-28.610828,153.540321,,New South Wales
-33.946633,151.052059,2022.0,New South Wales
-33.65421,146.995885,,New South Wales
-30.549554,149.020612,2016.0,New South Wales
-33.708108,150.81026,2024.0,New South Wales
-34.153851,150.557516,,New South Wales
-34.618185,150.624202,2017.0,New South Wales
-30.415689,150.461305,2023.0,New South Wales
-33.19922,151.58958,2014.0,New South Wales
-34.406252,150.522731,,New South Wales
-32.967226,151.63854,2023.0,New South Wales
-31.94519,150.78709,2012.0,New South Wales
-33.64344,151.15234,2021.0,New South Wales
-36.55984,148.27007,2012.0,New South Wales
-33.421007,151.419618,,New South Wales
-36.55984,148.27007,2015.0,New South Wales
-30.456841,152.905514,2026.0,New South Wales
-33.886712,150.595215,2017.0,New South Wales
-31.71185,150.03805,2013.0,New South Wales
-35.4005,148.43447,2014.0,New South Wales
-33.49243,149.7604,2013.0,New South Wales
-35.437181,150.39881,2024.0,New South Wales
-30.428311,150.316217,2022.0,New South Wales
-28.821053,153.460609,,New South Wales
-33.93122,150.63629,2013.0,New South Wales
-34.634799,150.700777,2019.0,New South Wales
-34.52836,149.93249,2013.0,New South Wales
-33.777498,151.205842,2016.0,New South Wales
-34.462888,150.622504,2023.0,New South Wales
-33.477496,149.874077,2019.0,New South Wales
-31.89615,150.81671,2012.0,New South Wales
-34.216944,150.710567,2017.0,New South Wales
-34.137004,149.651229,2022.0,New South Wales
-34.415692,150.566493,2014.0,New South Wales
-34.402338,150.570034,2014.0,New South Wales
-35.949917,148.390461,2014.0,New South Wales
-33.814505,151.173887,2025.0,New South Wales
-35.125594,148.963258,,New South Wales
-33.436081,150.599958,2007.0,New South Wales
-34.18317,142.671716,2017.0,New South Wales
-35.118995,148.198523,,New South Wales
-37.194944,149.809472,1998.0,New South Wales
-31.43583,151.47704,2013.0,New South Wales
-36.56413,148.2647,2014.0,New South Wales
-34.736052,150.622972,2018.0,New South Wales
-33.400476,151.435773,2021.0,New South Wales
-30.541795,149.229834,2018.0,New South Wales
-35.8029,149.166298,,New South Wales
-33.842,149.2252,2014.0,New South Wales
-34.13959,148.63587,2012.0,New South Wales
-33.526299,150.74667,2014.0,New South Wales
-32.897526,149.818308,,New South Wales
-34.010953,151.226112,2007.0,New South Wales
-33.361778,150.149483,2021.0,New South Wales
-33.696048,150.714915,2011.0,New South Wales
-30.642325,152.470206,2014.0,New South Wales
-30.568255,149.250268,2017.0,New South Wales
-34.997117,149.920154,2022.0,New South Wales
-30.589762,149.177629,2019.0,New South Wales
-32.98181,150.254158,,New South Wales
-31.52582,152.6146,2012.0,New South Wales
-30.307908,153.03682,,New South Wales
-35.72261,149.45981,2014.0,New South Wales
-34.187242,142.57241,2016.0,New South Wales
-34.996856,149.919018,2019.0,New South Wales
-33.773727,151.093515,,New South Wales
-36.3541,148.56742,2017.0,New South Wales
-34.436418,150.517646,2014.0,New South Wales
-30.621546,149.211473,2019.0,New South Wales
-29.64681,151.32664,2014.0,New South Wales
-33.49243,149.7604,2013.0,New South Wales
-30.999142,152.857042,2004.0,New South Wales
-34.285858,150.25086,2023.0,New South Wales
-33.438159,149.759259,,New South Wales
-32.40664,152.31426,2014.0,New South Wales
-30.33645,151.57825,2012.0,New South Wales
-36.55984,148.27007,2012.0,New South Wales
-33.53387,151.34197,2017.0,New South Wales
-31.606771,152.658905,2022.0,New South Wales
-32.898215,151.485806,2016.0,New South Wales
-35.154934,148.932751,,New South Wales
-33.106,151.191981,2024.0,New South Wales
-36.01723,149.8596,2014.0,New South Wales
-34.218002,150.868738,2014.0,New South Wales
-34.08774,148.44507,2013.0,New South Wales
-34.137004,149.651229,2022.0,New South Wales
-34.189367,146.104803,1999.0,New South Wales
-34.606399,150.26286,2018.0,New South Wales
-31.415106,152.847431,,New South Wales
-34.117832,150.814081,2020.0,New South Wales
-35.353445,147.706811,2026.0,New South Wales
-31.7073,150.03775,2013.0,New South Wales
-30.343905,152.995417,,New South Wales
-32.22301,149.37566,2013.0,New South Wales
-28.732394,152.955945,,New South Wales
-31.44018,151.47775,2013.0,New South Wales
-33.349693,151.362385,2025.0,New South Wales
-35.03273,148.36691,2019.0,New South Wales
-31.43583,151.47704,2013.0,New South Wales
-30.642325,152.470206,2014.0,New South Wales
-29.672393,151.782131,2018.0,New South Wales
-34.08774,148.44507,2013.0,New South Wales
-30.268323,150.836276,2023.0,New South Wales
-30.63508,149.232401,2019.0,New South Wales
-31.43985,151.48235,2013.0,New South Wales
-33.750403,151.243214,2020.0,New South Wales
-33.49243,149.7604,2013.0,New South Wales
-30.566872,149.020934,2018.0,New South Wales
-35.564993,150.310881,2020.0,New South Wales
-36.55984,148.27007,2014.0,New South Wales
-32.121967,151.954972,2017.0,New South Wales
-33.596445,151.233655,1983.0,New South Wales
-35.455769,150.330271,,New South Wales
-29.36467,151.00716,2013.0,New South Wales
-31.06871,151.43216,2012.0,New South Wales
-33.70099,151.01211,2024.0,New South Wales
-36.35869,148.56188,2013.0,New South Wales
-35.156303,149.856441,2014.0,New South Wales
-33.806932,150.877223,2011.0,New South Wales
-33.83039,151.182124,2024.0,New South Wales
-35.803147,150.124897,,New South Wales
-33.666564,151.209775,2015.0,New South Wales
-34.225373,150.888264,2015.0,New South Wales
-33.959735,151.251354,2017.0,New South Wales
-36.4162,149.822954,,New South Wales
-34.131543,150.825008,,New South Wales
-34.167305,150.286549,2023.0,New South Wales
-34.482921,150.570283,2004.0,New South Wales
-33.414187,151.433646,2025.0,New South Wales
-30.510999,152.938552,,New South Wales
-31.43583,151.47704,2013.0,New South Wales
-33.53387,151.34197,2012.0,New South Wales
-34.505163,150.706414,2014.0,New South Wales
-30.476286,149.255546,2017.0,New South Wales
-33.433875,151.346719,2020.0,New South Wales
-33.142963,148.231531,,New South Wales
-32.04372,149.9432,2013.0,New South Wales
-30.477198,149.227402,2017.0,New South Wales
-33.49243,149.7604,2013.0,New South Wales
-30.4928,152.980844,2016.0,New South Wales
-33.49243,149.7604,2013.0,New South Wales
-34.75685,148.98526,2016.0,New South Wales
-33.076233,151.094745,2023.0,New South Wales
-31.784516,152.705258,,New South Wales
-34.123802,149.668856,2022.0,New South Wales
-33.754183,151.074749,,New South Wales
-34.266195,142.776028,2016.0,New South Wales
-33.337844,148.045862,,New South Wales
-33.779162,150.92479,,New South Wales
-36.35869,148.56188,2013.0,New South Wales
-34.79095,150.7188,2016.0,New South Wales
-33.846192,151.197003,2019.0,New South Wales
-32.04372,149.9432,2019.0,New South Wales
-34.621626,150.658096,2018.0,New South Wales
-34.719728,149.876613,2019.0,New South Wales
-34.0627,150.84549,2023.0,New South Wales
-31.61171,152.41547,2012.0,New South Wales
-33.946183,150.284157,2023.0,New South Wales
-35.87163,148.15979,2013.0,New South Wales
-36.675339,149.581909,,New South Wales
-34.51135,148.03259,2018.0,New South Wales
-34.20442,150.903589,2016.0,New South Wales
-34.261831,149.964243,,New South Wales
-29.69876,150.60348,2020.0,New South Wales
-33.677826,151.301414,2023.0,New South Wales
-34.210839,150.606294,,New South Wales
-33.968253,150.815687,,New South Wales
-36.907811,149.60532,1991.0,New South Wales
-31.07285,151.43226,2012.0,New South Wales
-34.775484,150.705402,,New South Wales
-36.55984,148.27007,2012.0,New South Wales
-34.209472,142.638321,2017.0,New South Wales
-30.09675,151.25979,2018.0,New South Wales
-37.066258,149.487032,1986.0,New South Wales
-35.632987,150.254979,2020.0,New South Wales
-36.659672,149.726028,,New South Wales
-33.955393,150.929005,2021.0,New South Wales
-30.92339,153.043737,,New South Wales
-33.985281,151.074637,2025.0,New South Wales
-34.61624,150.673405,2017.0,New South Wales
-34.071576,150.539486,2023.0,New South Wales
-34.265008,150.231362,2023.0,New South Wales
-34.084812,149.692963,2022.0,New South Wales
-31.536903,150.690909,,New South Wales
-33.726081,151.244606,,New South Wales
-32.296991,151.980927,2024.0,New South Wales
-32.031747,152.167785,1995.0,New South Wales
-36.55988,148.26448,2014.0,New South Wales
-33.680336,150.944096,2018.0,New South Wales
-29.17928,151.02225,2013.0,New South Wales
-32.993014,151.048349,2023.0,New South Wales
-32.668524,152.112954,2018.0,New South Wales
-33.952313,150.850973,,New South Wales
-33.400405,151.385693,2025.0,New South Wales
-35.66703,146.79583,2013.0,New South Wales
-34.439399,150.530843,2014.0,New South Wales
-33.19922,151.58958,2014.0,New South Wales
-32.687875,150.176333,1997.0,New South Wales
-30.596876,149.111963,2019.0,New South Wales
-35.106747,150.663355,,New South Wales
-33.72794,150.496891,,New South Wales
-36.35869,148.56188,2013.0,New South Wales
-28.223172,153.499637,,New South Wales
-33.689034,151.151936,1976.0,New South Wales
-34.009732,151.060274,2016.0,New South Wales
-34.97462,148.59177,2013.0,New South Wales
-33.446231,151.42754,2025.0,New South Wales
-30.26817,150.85095,2022.0,New South Wales
-34.760788,149.874176,,New South Wales
-34.436418,150.517646,2014.0,New South Wales
-36.988663,149.783095,2021.0,New South Wales
-33.980694,150.813142,2013.0,New South Wales
-34.833985,150.591844,2007.0,New South Wales
-30.57343,151.00588,2012.0,New South Wales
-33.707753,150.526006,,New South Wales
-33.409523,141.272327,1995.0,New South Wales
-33.961224,150.922427,2021.0,New South Wales
-31.440295,149.686654,2024.0,New South Wales
-34.85092,150.635619,,New South Wales
-33.246098,151.380862,,New South Wales
-32.5,145.6,1982.0,New South Wales
-33.276262,149.118222,2016.0,New South Wales
-34.618753,150.542781,2022.0,New South Wales
-30.45773,152.894316,1990.0,New South Wales
-32.652898,151.330538,,New South Wales
-30.593129,149.143406,2019.0,New South Wales
-34.056574,150.665738,,New South Wales
-32.5,145.6,1982.0,New South Wales
-36.55988,148.26448,2015.0,New South Wales
-30.880283,149.151381,2000.0,New South Wales
-30.834961,150.019902,,New South Wales
-32.526443,148.975624,,New South Wales
-33.691246,150.764394,2025.0,New South Wales
-35.516798,150.123272,2017.0,New South Wales
-34.531163,150.640791,2023.0,New South Wales
-36.763022,149.259494,,New South Wales
-33.932266,151.228499,2017.0,New South Wales
-33.128315,151.425834,,New South Wales
-32.511374,149.717174,,New South Wales
-35.66034,149.21745,2013.0,New South Wales
-35.56631,149.39127,2012.0,New South Wales
-33.19922,151.58958,2014.0,New South Wales
-31.07704,150.09,2023.0,New South Wales
-34.635578,147.92248,,New South Wales
-34.993,148.34622,2013.0,New South Wales
-34.634799,150.700777,2017.0,New South Wales
-30.57851,151.00686,2012.0,New South Wales
-32.949268,149.982501,2023.0,New South Wales
-34.912097,145.720541,2002.0,New South Wales
-34.100564,150.824936,2018.0,New South Wales
-32.21807,151.562565,,New South Wales
-33.891791,150.978883,2018.0,New South Wales
-35.39961,148.43913,2014.0,New South Wales
-32.43187,150.46285,2018.0,New South Wales
-34.066666,150.81667,,New South Wales
-30.732599,150.285431,2023.0,New South Wales
-33.8435,149.22904,2014.0,New South Wales
-36.56413,148.2647,2014.0,New South Wales
-33.656257,151.293963,2022.0,New South Wales
-34.037001,150.817623,2018.0,New South Wales
-33.798283,151.084135,2018.0,New South Wales
-36.35869,148.56188,2013.0,New South Wales
-33.83625,149.99867,2013.0,New South Wales
-34.13959,148.63587,2012.0,New South Wales
-34.234679,150.543761,2018.0,New South Wales
-34.127654,142.546284,2022.0,New South Wales
-35.87105,148.15631,2013.0,New South Wales
-30.36145,150.494604,,New South Wales
-33.67786,150.75809,2013.0,New South Wales
-33.015291,151.596203,,New South Wales
-30.44713,150.308697,2017.0,New South Wales
-33.668121,151.156229,2015.0,New South Wales
-33.98168,150.998977,2014.0,New South Wales
-35.713405,146.850339,,New South Wales
-34.462653,150.621757,2023.0,New South Wales
-30.59692,151.80533,2014.0,New South Wales
-30.967022,150.24833,,New South Wales
-33.952883,151.086152,2016.0,New South Wales
-33.720439,150.771473,2025.0,New South Wales
-34.478816,150.766597,2009.0,New South Wales
-36.55988,148.26448,2015.0,New South Wales
-33.842,149.2252,2014.0,New South Wales
-34.669631,150.709199,2020.0,New South Wales
-33.035131,150.015174,2024.0,New South Wales
-30.569244,149.12542,2021.0,New South Wales
-35.420886,149.904322,,New South Wales
-33.49243,149.7604,2013.0,New South Wales
-33.340016,151.416091,2021.0,New South Wales
-35.805944,147.21581,,New South Wales
-34.292918,150.239304,2023.0,New South Wales
-35.306894,147.537692,,New South Wales
-33.90429,151.254812,2021.0,New South Wales
-35.61013,149.67969,2013.0,New South Wales
-33.480508,148.678152,,New South Wales
-34.208707,142.622304,2022.0,New South Wales
-28.830928,153.328311,,New South Wales
-33.19922,151.58958,2014.0,New South Wales
-32.719048,151.636656,,New South Wales
-33.392465,150.223305,2017.0,New South Wales
-33.983083,151.095657,2016.0,New South Wales
-34.215971,150.702888,2017.0,New South Wales
-33.977127,151.039895,2023.0,New South Wales
-34.667983,150.710761,2017.0,New South Wales
-35.309253,150.432791,2020.0,New South Wales
-32.7046,151.60612,2020.0,New South Wales
-33.340192,151.416025,2025.0,New South Wales
-36.23879,148.3763,2014.0,New South Wales
-33.126123,151.614633,2017.0,New South Wales
-31.7073,150.03775,2013.0,New South Wales
-34.175096,142.525958,2019.0,New South Wales
-34.096854,150.816682,2018.0,New South Wales
-33.691729,146.863317,,New South Wales
-34.291505,142.516043,2017.0,New South Wales
-34.08307,148.45045,2013.0,New South Wales
-34.51154,148.02838,2012.0,New South Wales
-35.88755,147.8777,2014.0,New South Wales
-34.997417,149.919366,2021.0,New South Wales
-31.07285,151.43226,2012.0,New South Wales
-30.634835,149.877305,2022.0,New South Wales
-33.76317,151.29073,2020.0,New South Wales
-30.658955,149.15362,2020.0,New South Wales
-35.87633,148.15427,2014.0,New South Wales
-34.209686,150.628622,2019.0,New South Wales
-29.5497,151.68844,2012.0,New South Wales
-34.776956,150.732626,,New South Wales
-32.05762,151.687,2014.0,New South Wales
-34.618185,150.624202,2019.0,New South Wales
-36.56413,148.2647,2014.0,New South Wales
-33.92164,149.926815,2017.0,New South Wales
-33.684209,150.750789,2023.0,New South Wales
-30.500217,149.201926,2017.0,New South Wales
-33.49243,149.7604,2013.0,New South Wales
-35.632987,150.254979,2020.0,New South Wales
-35.4005,148.43447,2016.0,New South Wales
-33.842,149.2252,2014.0,New South Wales
-30.115156,153.009405,,New South Wales
-31.07285,151.43226,2012.0,New South Wales
-31.000334,151.060911,,New South Wales
-32.40664,152.31426,2014.0,New South Wales
-29.82473,151.13337,2021.0,New South Wales
-33.761911,150.992926,2025.0,New South Wales
-33.779789,150.954638,2015.0,New South Wales
-33.804163,151.080799,2021.0,New South Wales
-33.983058,150.131099,2003.0,New South Wales
-36.549941,149.8007,,New South Wales
-32.5,145.6,1982.0,New South Wales
-31.583758,152.837733,2002.0,New South Wales
-33.079971,151.631099,,New South Wales
-35.37235,149.240993,2025.0,New South Wales
-28.843119,153.262793,2003.0,New South Wales
-24.10256,136.77608,1996.0,Northern Territory
-25.8833,133.9333,1969.0,Northern Territory
-22.81721,129.99661,1997.0,Northern Territory
-20.7875,134.015877,2019.0,Northern Territory
-21.01037,130.71467,1996.0,Northern Territory
-25.62242,136.78029,2008.0,Northern Territory
-25.4333,132.2333,1970.0,Northern Territory
-22.916566,135.709764,2023.0,Northern Territory
-18.89167,133.67611,,Northern Territory
-20.87519,130.59105,1997.0,Northern Territory
-24.12257,136.63235,1996.0,Northern Territory
-23.838558,134.571261,1991.0,Northern Territory
-20.365246,131.917925,1991.0,Northern Territory
-24.25,136.95,1985.0,Northern Territory
-19.248581,131.151253,1983.0,Northern Territory
-22.82553,129.60796,1996.0,Northern Territory
-27.724531,152.34987,2023.0,Queensland
-26.8959,151.28327,,Queensland
-21.08943,141.7364,1999.0,Queensland
-27.467748,151.22704,2021.0,Queensland
-28.207098,152.895042,2021.0,Queensland
-28.63903,150.99169,1999.0,Queensland
-27.43845,152.86826,2019.0,Queensland
-21.53891,149.46831,2008.0,Queensland
-27.534934,152.402328,2020.0,Queensland
-27.911474,151.996918,2017.0,Queensland
-17.163098,145.542798,2017.0,Queensland
-25.288005,152.835148,2024.0,Queensland
-23.379087,150.532316,2024.0,Queensland
-25.2484,152.58439,1996.0,Queensland
-27.110522,152.811078,2024.0,Queensland
-26.283476,152.699628,2017.0,Queensland
-24.21989,151.91731,2018.0,Queensland
-25.963505,152.983076,2020.0,Queensland
-27.529144,153.103794,2024.0,Queensland
-25.247991,152.827792,2025.0,Queensland
-25.905644,153.009426,2021.0,Queensland
-27.55,152.983333,,Queensland
-27.251187,150.445623,2024.0,Queensland
-25.259837,152.816518,2024.0,Queensland
-27.917736,153.37885,2022.0,Queensland
-27.266331,153.042817,2020.0,Queensland
-19.93632,144.26741,1996.0,Queensland
-26.39006,153.07606,1992.0,Queensland
-28.474158,151.965186,2016.0,Queensland
-27.517711,151.847534,2014.0,Queensland
-27.553862,153.128386,2017.0,Queensland
-27.942108,153.35098,2025.0,Queensland
-27.38962,151.94364,2019.0,Queensland
-26.631818,152.944082,2023.0,Queensland
-26.26825,152.834336,2024.0,Queensland
-22.203315,143.089199,2016.0,Queensland
-26.824381,152.955706,2020.0,Queensland
-27.524114,152.902227,2017.0,Queensland
-25.14472,150.172,2000.0,Queensland
-21.041809,148.991482,2023.0,Queensland
-27.553163,152.122016,2017.0,Queensland
-27.441233,153.022637,2025.0,Queensland
-26.966016,153.1467,2025.0,Queensland
-27.70672,152.94274,1992.0,Queensland
-27.338682,152.846932,2022.0,Queensland
-27.989551,143.912315,2013.0,Queensland
-26.621012,152.632095,2026.0,Queensland
-27.64006,153.2469,1993.0,Queensland
-27.575281,153.30245,2017.0,Queensland
-24.107901,143.393555,2011.0,Queensland
-27.316746,152.892787,2022.0,Queensland
-23.66341,143.89261,2012.0,Queensland
-27.373825,148.358431,2014.0,Queensland
-28.70678,144.37622,1976.0,Queensland
-27.09006,153.17607,1992.0,Queensland
-25.747236,143.342614,2012.0,Queensland
-27.69007,152.05942,1992.0,Queensland
-26.167467,152.594666,2020.0,Queensland
-27.92339,153.17607,1994.0,Queensland
-28.158691,153.314534,2021.0,Queensland
-23.73672,149.7802,2000.0,Queensland
-27.555934,152.041752,2018.0,Queensland
-23.356526,150.516445,2015.0,Queensland
-27.89422,152.031721,2016.0,Queensland
-22.22285,143.009435,2016.0,Queensland
-23.37341,150.40942,1995.0,Queensland
-27.35315,153.02994,2022.0,Queensland
-27.54878,153.229496,2009.0,Queensland
-27.816521,153.109958,2021.0,Queensland
-22.219914,142.995414,2016.0,Queensland
-26.8648,152.68482,2025.0,Queensland
-26.82756,152.97607,,Queensland
-21.26499,143.78445,1999.0,Queensland
-25.509433,152.607789,2016.0,Queensland
-22.187834,143.063494,2016.0,Queensland
-17.322962,145.630552,2018.0,Queensland
-28.048606,153.208559,2024.0,Queensland
-25.985257,152.991406,2020.0,Queensland
-24.88178,144.76784,1993.0,Queensland
-27.637207,152.752667,2025.0,Queensland
-22.140783,143.054201,2016.0,Queensland
-23.60119,151.17607,1994.0,Queensland
-26.539721,152.819467,2021.0,Queensland
-25.089098,151.8701,2018.0,Queensland
-23.12341,150.58025,1924.0,Queensland
-23.375683,150.537924,2024.0,Queensland
-25.249711,152.826745,2025.0,Queensland
-27.72339,153.00941,,Queensland
-24.2,144.5,,Queensland
-26.961866,152.772683,2022.0,Queensland
-27.555198,153.007675,2016.0,Queensland
-28.52346,142.9679,1976.0,Queensland
-26.51509,148.00114,1964.0,Queensland
-23.52342,148.48444,1987.0,Queensland
-28.661963,150.606141,2023.0,Queensland
-27.558944,152.876844,2011.0,Queensland
-24.79415,152.43862,,Queensland
-26.632341,153.043075,2026.0,Queensland
-27.20563,149.65611,2003.0,Queensland
-26.200884,152.102365,2014.0,Queensland
-28.20589,151.6586,2008.0,Queensland
-24.32332,144.17612,,Queensland
-27.386438,152.94839,2021.0,Queensland
-27.414748,153.010454,2017.0,Queensland
-27.131366,152.993934,2021.0,Queensland
-28.18104,153.274953,2025.0,Queensland
-27.534913,152.968869,2015.0,Queensland
-24.41797,151.03742,1999.0,Queensland
-26.821218,152.919653,2022.0,Queensland
-22.194966,143.052957,2016.0,Queensland
-27.627609,153.301241,2020.0,Queensland
-27.349062,152.944134,2023.0,Queensland
-27.297274,152.929902,2016.0,Queensland
-27.481648,153.234294,2012.0,Queensland
-27.549687,153.066706,2018.0,Queensland
-27.053704,152.942055,2024.0,Queensland
-27.889653,153.301399,2021.0,Queensland
-27.580927,153.272088,2010.0,Queensland
-27.68173,152.90941,1993.0,Queensland
-28.113186,153.446346,2022.0,Queensland
-22.199143,143.046035,2016.0,Queensland
-27.42348,152.997493,2024.0,Queensland
-27.558256,152.795341,2013.0,Queensland
-27.45672,153.12607,1993.0,Queensland
-25.80673,151.33441,1999.0,Queensland
-23.542586,147.894516,2013.0,Queensland
-22.216319,143.119688,2016.0,Queensland
-28.669167,144.094444,2004.0,Queensland
-22.197764,143.063263,2016.0,Queensland
-24.11134,143.29522,,Queensland
-27.575091,153.087959,2017.0,Queensland
-27.672491,153.31003,2017.0,Queensland
-27.072248,153.195166,2025.0,Queensland
-27.579065,152.07309,2017.0,Queensland
-26.747063,151.605854,2024.0,Queensland
-27.38509,153.014429,2025.0,Queensland
-27.50395,151.99276,1978.0,Queensland
-26.246878,152.971611,2023.0,Queensland
-25.5984,152.83106,1993.0,Queensland
-28.18046,153.274789,2025.0,Queensland
-22.147568,143.071927,2016.0,Queensland
-28.70678,144.37622,1976.0,Queensland
-23.63443,141.08426,,Queensland
-27.48467,152.871666,2014.0,Queensland
-28.70678,144.37622,1976.0,Queensland
-26.72339,152.8594,,Queensland
-27.906012,153.110031,2023.0,Queensland
-26.82868,149.49538,1983.0,Queensland
-23.049298,143.928635,2022.0,Queensland
-25.330933,152.763999,2022.0,Queensland
-27.597929,153.28418,2013.0,Queensland
-26.779449,153.043566,2021.0,Queensland
-26.305714,152.823718,2024.0,Queensland
-22.199947,143.022802,2016.0,Queensland
-28.746502,151.053158,2015.0,Queensland
-26.64099,148.76101,,Queensland
-27.381677,152.959881,2015.0,Queensland
-27.720974,152.350089,2025.0,Queensland
-22.190521,143.092145,2016.0,Queensland
-22.211225,143.109354,2016.0,Queensland
-27.056031,153.174089,2024.0,Queensland
-27.5734,151.99276,1993.0,Queensland
-27.534881,152.402166,2023.0,Queensland
-25.352142,152.73632,2024.0,Queensland
-26.248078,152.976558,2023.0,Queensland
-27.638421,152.996431,2023.0,Queensland
-27.567853,153.201309,2018.0,Queensland
-23.841747,151.248562,2018.0,Queensland
-26.414393,153.061455,2023.0,Queensland
-27.663027,153.032466,2024.0,Queensland
-27.516873,153.091843,2017.0,Queensland
-26.243875,152.684799,2024.0,Queensland
-26.63465,152.902887,2018.0,Queensland
-27.573521,153.252445,2012.0,Queensland
-28.217574,151.269451,2011.0,Queensland
-27.9426,153.19995,2000.0,Queensland
-19.293317,146.803792,2026.0,Queensland
-27.577622,153.197375,2009.0,Queensland
-27.556903,153.273667,2017.0,Queensland
-27.627336,152.908247,2025.0,Queensland
-28.63007,150.38752,1984.0,Queensland
-27.351375,152.953035,2023.0,Queensland
-27.455772,152.367206,2025.0,Queensland
-27.55673,152.34275,1993.0,Queensland
-24.342092,151.550903,2011.0,Queensland
-22.177483,143.108342,2016.0,Queensland
-24.13174,151.78023,1982.0,Queensland
-27.10673,152.9094,1992.0,Queensland
-26.318945,152.77813,2024.0,Queensland
-27.408353,152.946294,2025.0,Queensland
-27.49654,153.246214,2016.0,Queensland
-29.75181,135.52288,2009.0,South Australia
-29.75084,135.55734,2010.0,South Australia
-34.862497,138.870362,2021.0,South Australia
-34.59262,140.14092,2010.0,South Australia
-36.99854,140.15138,1971.0,South Australia
-32.81282,136.03268,2021.0,South Australia
-27.66192,138.10975,2007.0,South Australia
-35.219773,138.468217,2021.0,South Australia
-28.40557,138.59705,2013.0,South Australia
-31.21683,134.76598,2014.0,South Australia
-27.64953,140.37812,2018.0,South Australia
-35.008874,138.542662,2017.0,South Australia
-35.008418,138.613301,2025.0,South Australia
-34.869247,138.667454,2024.0,South Australia
-35.03249,139.0072,2002.0,South Australia
-32.875,135.53758,2014.0,South Australia
-29.40711,130.67744,2008.0,South Australia
-30.51204,132.60308,2009.0,South Australia
-32.40623,136.40077,1985.0,South Australia
-34.88211,138.71898,2024.0,South Australia
-35.108955,137.401246,2023.0,South Australia
-35.051412,138.610991,2024.0,South Australia
-35.61396,140.3121,2022.0,South Australia
-34.635168,139.49872,2025.0,South Australia
-33.01674,139.9617,1992.0,South Australia
-35.1235,138.68225,2018.0,South Australia
-35.55735,138.17476,2016.0,South Australia
-32.59336,135.32732,2020.0,South Australia
-32.63012,139.40999,2002.0,South Australia
-26.26657,136.19752,1996.0,South Australia
-26.40367,130.4053,1993.0,South Australia
-35.578863,138.944036,2025.0,South Australia
-27.10905,140.15347,2019.0,South Australia
-35.219552,138.468092,2022.0,South Australia
-35.219998,138.468331,2022.0,South Australia
-33.636078,138.696481,2013.0,South Australia
-35.44715,138.53183,2018.0,South Australia
-34.585825,138.876401,2024.0,South Australia
-34.873395,138.720792,2024.0,South Australia
-34.969269,138.679978,2014.0,South Australia
-31.20637,134.8317,2012.0,South Australia
-35.002443,139.232101,2019.0,South Australia
-35.05918,138.5572,2022.0,South Australia
-34.934778,138.675853,2023.0,South Australia
-28.53063,131.23638,2011.0,South Australia
-34.589474,139.018904,2023.0,South Australia
-37.71363,140.58657,2018.0,South Australia
-33.071189,138.677568,2019.0,South Australia
-35.54364,138.27987,2023.0,South Australia
-34.53187,138.96801,1971.0,South Australia
-34.76054,138.62517,2022.0,South Australia
-30.019428,135.877949,2019.0,South Australia
-34.60183,138.94736,2020.0,South Australia
-27.03762,137.52808,1998.0,South Australia
-34.862697,138.667752,2020.0,South Australia
-29.06999,136.99604,2006.0,South Australia
-35.126409,139.038509,2025.0,South Australia
-34.877508,138.689926,2016.0,South Australia
-34.98769,136.976033,2024.0,South Australia
-28.30672,131.43468,2007.0,South Australia
-34.830293,138.567994,2015.0,South Australia
-35.08674,139.00477,2007.0,South Australia
-35.237445,136.832563,2024.0,South Australia
-35.06363,137.24941,2016.0,South Australia
-34.56103,139.38972,2023.0,South Australia
-36.7151,140.01265,1997.0,South Australia
-30.38011,134.01999,1982.0,South Australia
-32.356023,138.011824,2024.0,South Australia
-35.233478,136.849454,2026.0,South Australia
-34.998286,138.732348,2024.0,South Australia
-32.83359,136.21044,2021.0,South Australia
-35.023669,138.59605,2024.0,South Australia
-29.067604,138.387987,2006.0,South Australia
-35.28187,138.77637,1979.0,South Australia
-34.602199,138.716125,2016.0,South Australia
-35.10104,140.13956,2011.0,South Australia
-34.825707,138.485186,2021.0,South Australia
-33.5087,138.07699,2004.0,South Australia
-32.703333,138.645,2022.0,South Australia
-32.47729,136.01967,2019.0,South Australia
-30.37958,139.68487,2012.0,South Australia
-35.511906,138.825524,2021.0,South Australia
-35.62086,138.35641,2016.0,South Australia
-27.20105,135.71637,2005.0,South Australia
-29.19649,135.18138,1995.0,South Australia
-33.625,135.87143,2011.0,South Australia
-35.007157,138.586195,2021.0,South Australia
-34.947429,138.512589,2023.0,South Australia
-35.219962,138.468301,2021.0,South Australia
-31.23167,137.52536,2021.0,South Australia
-29.48149,138.83791,1994.0,South Australia
-35.44942,138.53207,2018.0,South Australia
-32.3716,134.78924,2020.0,South Australia
-35.014965,138.577982,2022.0,South Australia
-34.97828,139.69014,1975.0,South Australia
-30.40066,138.99693,2000.0,South Australia
-35.11988,138.73815,2021.0,South Australia
-34.838922,138.877413,2022.0,South Australia
-34.247238,140.569536,2011.0,South Australia
-34.954538,138.65399,2021.0,South Australia
-28.55213,131.82946,2009.0,South Australia
-35.21589,137.18135,2024.0,South Australia
-35.219866,138.468292,2024.0,South Australia
-34.836314,139.146129,2016.0,South Australia
-30.5519,132.145,1987.0,South Australia
-34.634639,139.498977,2025.0,South Australia
-30.53011,139.14998,2000.0,South Australia
-34.910325,138.546595,2019.0,South Australia
-35.09762,137.417202,2025.0,South Australia
-35.04071,138.7659,2019.0,South Australia
-31.04287,139.38696,2012.0,South Australia
-35.445,138.60402,2000.0,South Australia
-26.83812,137.50734,1998.0,South Australia
-36.36263,140.69485,1995.0,South Australia
-35.141803,138.57034,2018.0,South Australia
-34.720011,138.583481,2022.0,South Australia
-35.046092,137.45765,2025.0,South Australia
-32.51501,136.01992,2019.0,South Australia
-27.52343,132.87121,1996.0,South Australia
-35.39493,138.5852,2016.0,South Australia
-31.93289,138.10748,2000.0,South Australia
-31.04782,138.61643,2021.0,South Australia
-28.7744,130.50916,2011.0,South Australia
-30.48835,132.45797,2011.0,South Australia
-35.050227,137.462296,2025.0,South Australia
-35.083297,138.575433,2022.0,South Australia
-34.569508,138.727355,2026.0,South Australia
-28.057659,136.433841,2006.0,South Australia
-35.17987,138.77151,2017.0,South Australia
-34.336772,138.740051,2011.0,South Australia
-29.8052,131.15661,2009.0,South Australia
-35.140373,138.525844,2018.0,South Australia
-34.281141,140.615483,2018.0,South Australia
-35.023698,138.596425,2023.0,South Australia
-37.863957,140.741496,2024.0,South Australia
-34.887559,138.583742,2019.0,South Australia
-32.83813,136.13019,2019.0,South Australia
-29.93393,131.15686,2009.0,South Australia
-36.48963,140.37141,1997.0,South Australia
-34.63694,138.8063,2012.0,South Australia
-32.83359,136.21044,2020.0,South Australia
-28.92319,130.43415,2011.0,South Australia
-30.70985,139.02389,2009.0,South Australia
-30.41678,139.39971,2000.0,South Australia
-30.40205,139.21582,2000.0,South Australia
-35.095276,138.635197,2025.0,South Australia
-32.57189,139.43136,2010.0,South Australia
-35.13283,138.47692,2021.0,South Australia
-28.95999,130.4027,2011.0,South Australia
-35.08623,139.59682,2009.0,South Australia
-35.016101,138.71071,2019.0,South Australia
-35.115991,138.541745,2022.0,South Australia
-34.908809,138.596542,2023.0,South Australia
-35.093332,139.144399,2018.0,South Australia
-35.579505,138.944495,2024.0,South Australia
-33.693566,138.922484,2014.0,South Australia
-35.019277,138.603876,2023.0,South Australia
-34.71687,138.97014,1984.0,South Australia
-35.57785,138.97736,2002.0,South Australia
-29.85827,130.10369,1984.0,South Australia
-34.93602,135.63073,2004.0,South Australia
-28.7071,130.55441,2011.0,South Australia
-35.219746,138.468173,2023.0,South Australia
-35.62787,138.2128,2016.0,South Australia
-30.935,138.72857,1999.0,South Australia
-32.875,136.60692,2014.0,South Australia
-29.96783,130.05809,1984.0,South Australia
-34.814781,138.864802,2025.0,South Australia
-35.219926,138.468073,2022.0,South Australia
-29.383489,137.063683,2022.0,South Australia
-35.023502,138.596129,2025.0,South Australia
-35.10743,138.71656,2021.0,South Australia
-35.106173,139.29723,2026.0,South Australia
-27.73088,138.97083,1995.0,South Australia
-35.11861,138.67997,2019.0,South Australia
-35.1902,140.69855,2011.0,South Australia
-29.87358,133.61216,2001.0,South Australia
-35.242754,138.509474,2021.0,South Australia
-37.737063,140.674878,2022.0,South Australia
-35.50588,139.03797,2015.0,South Australia
-35.005912,138.587412,2023.0,South Australia
-35.021761,138.62075,2024.0,South Australia
-34.607896,138.670306,2021.0,South Australia
-26.87699,140.8906,2008.0,South Australia
-35.229495,136.94578,2023.0,South Australia
-34.812658,138.694217,2016.0,South Australia
-34.70595,135.819206,2020.0,South Australia
-35.12278,138.73194,2022.0,South Australia
-32.304013,138.089278,2023.0,South Australia
-27.63094,140.83075,1996.0,South Australia
-34.892754,138.557344,2023.0,South Australia
-34.876673,138.482823,2020.0,South Australia
-34.643375,139.506329,2025.0,South Australia
-34.840882,138.881408,2024.0,South Australia
-34.825045,138.614168,2014.0,South Australia
-34.833269,138.878714,2022.0,South Australia
-34.917293,137.442858,2023.0,South Australia
-35.14672,138.59877,2013.0,South Australia
-35.38386,138.768352,2017.0,South Australia
-35.520369,138.787244,2024.0,South Australia
-35.021196,138.740224,2019.0,South Australia
-34.86105,139.01053,2016.0,South Australia
-35.219273,138.468225,2022.0,South Australia
-35.62365,138.48421,2000.0,South Australia
-28.54518,131.77894,2007.0,South Australia
-30.36622,139.20944,2000.0,South Australia
-33.62514,136.74281,2002.0,South Australia
-34.946767,138.563583,2023.0,South Australia
-35.87887,140.18266,1991.0,South Australia
-35.219251,138.467989,2021.0,South Australia
-34.789466,138.503892,2024.0,South Australia
-37.08118,139.77259,1983.0,South Australia
-35.544049,138.845123,2021.0,South Australia
-35.61176,138.29289,2016.0,South Australia
-28.7744,130.50916,2011.0,South Australia
-35.023456,138.596187,2024.0,South Australia
-35.037945,138.732835,2021.0,South Australia
-34.934327,138.816049,2025.0,South Australia
-34.72352,140.95966,1986.0,South Australia
-31.37583,138.8639,2003.0,South Australia
-32.37927,134.89185,2019.0,South Australia
-35.59989,138.33251,2023.0,South Australia
-34.984968,137.336785,2023.0,South Australia
-34.756017,138.586792,2021.0,South Australia
-30.40344,139.00027,2000.0,South Australia
-32.83359,136.21044,2019.0,South Australia
-32.88012,137.27001,1991.0,South Australia
-34.8386,138.881407,2023.0,South Australia
-34.775275,138.52109,2021.0,South Australia
-35.010256,138.654573,2024.0,South Australia
-29.34011,130.24972,2009.0,South Australia
-35.1235,138.68225,2018.0,South Australia
-34.899757,138.879677,2021.0,South Australia
-27.64334,136.90334,2006.0,South Australia
-35.61399,138.41296,2016.0,South Australia
-33.62201,138.39015,2004.0,South Australia
-34.523521,139.921601,2022.0,South Australia
-36.99854,140.15138,1975.0,South Australia
-35.46295,138.36526,2021.0,South Australia
-28.965907,135.674884,2006.0,South Australia
-34.781663,138.509078,2020.0,South Australia
-35.62965,138.44972,2023.0,South Australia
-35.082939,138.539568,2024.0,South Australia
-29.86648,133.56141,2009.0,South Australia
-28.74066,130.53889,2009.0,South Australia
-34.955987,138.681808,2025.0,South Australia
-35.094269,138.636757,2023.0,South Australia
-30.399,139.21221,2000.0,South Australia
-37.26246,139.93338,1982.0,South Australia
-35.625069,139.200339,2022.0,South Australia
-29.5003,130.15768,2011.0,South Australia
-30.48844,139.13137,2000.0,South Australia
-26.69522,139.06635,1993.0,South Australia
-30.43179,131.82773,1972.0,South Australia
-32.463503,137.743876,2019.0,South Australia
-35.19494,139.40861,1991.0,South Australia
-31.94265,139.23582,1996.0,South Australia
-33.23179,136.91611,2002.0,South Australia
-32.09587,138.05521,2001.0,South Australia
-35.165919,136.916534,2023.0,South Australia
-34.875979,138.482597,2021.0,South Australia
-34.838955,138.876917,2022.0,South Australia
-33.04558,138.16215,1999.0,South Australia
-35.219471,138.467871,2020.0,South Australia
-35.15151,140.4229,2011.0,South Australia
-30.38011,137.76001,1993.0,South Australia
-32.74946,135.92873,2019.0,South Australia
-32.551,140.16307,1993.0,South Australia
-30.47011,139.36027,2000.0,South Australia
-34.588673,138.73152,2019.0,South Australia
-34.917956,138.584996,2011.0,South Australia
-34.808148,138.632677,2017.0,South Australia
-35.12629,138.68319,2019.0,South Australia
-35.003561,138.621867,2025.0,South Australia
-35.218937,138.467956,2022.0,South Australia
-30.63011,134.73999,2004.0,South Australia
-30.38011,137.05,1989.0,South Australia
-32.37927,134.89185,2020.0,South Australia
-32.32744,140.18584,1996.0,South Australia
-34.881789,138.529019,2023.0,South Australia
-30.22856,131.57235,2009.0,South Australia
-34.10423,139.66633,2004.0,South Australia
-35.11861,138.67997,2018.0,South Australia
-29.93347,137.63267,1995.0,South Australia
-35.074049,137.327097,2025.0,South Australia
-30.32206,131.59973,2011.0,South Australia
-33.63719,136.93179,2002.0,South Australia
-35.219421,138.468044,2022.0,South Australia
-34.862413,138.540361,2022.0,South Australia
-31.53062,132.17044,2012.0,South Australia
-31.0569,138.55257,2020.0,South Australia
-35.09331,138.638344,2024.0,South Australia
-35.023145,138.739734,2024.0,South Australia
-34.61227,138.71583,2018.0,South Australia
-35.62086,138.35641,2016.0,South Australia
-30.52733,139.14082,2000.0,South Australia
-34.510222,138.818429,2021.0,South Australia
-31.08885,138.54872,2021.0,South Australia
-35.49447,139.33379,2013.0,South Australia
-35.023616,138.596052,2023.0,South Australia
-35.148792,137.035511,2023.0,South Australia
-35.59989,138.33251,2023.0,South Australia
-34.840647,138.492837,2011.0,South Australia
-30.27316,139.30137,2000.0,South Australia
-35.1948,136.86496,2025.0,South Australia
-32.425833,137.973782,2025.0,South Australia
-30.43289,138.98137,2000.0,South Australia
-35.12598,138.67755,2018.0,South Australia
-35.12238,139.18507,1991.0,South Australia
-29.06895,136.70985,2006.0,South Australia
-34.8921,139.62913,2004.0,South Australia
-31.8042,133.4014,1987.0,South Australia
-35.036563,138.612305,2025.0,South Australia
-30.40983,138.97193,2000.0,South Australia
-36.918614,139.825335,2022.0,South Australia
-32.96572,135.78586,2001.0,South Australia
-34.737663,138.974648,2014.0,South Australia
-32.25203,140.91802,1996.0,South Australia
-36.33401,139.73399,1983.0,South Australia
-34.840216,138.87906,2021.0,South Australia
-35.371506,139.146656,2024.0,South Australia
-35.07467,138.69273,2024.0,South Australia
-34.12024,139.36401,2010.0,South Australia
-34.94764,139.11471,2002.0,South Australia
-34.611343,138.723944,2021.0,South Australia
-29.3728,130.45055,2009.0,South Australia
-29.08627,130.26894,2004.0,South Australia
-35.05257,139.10195,2002.0,South Australia
-35.55735,138.17476,2016.0,South Australia
-34.76187,138.645723,2021.0,South Australia
-34.67895,138.620548,2014.0,South Australia
-30.64061,139.47698,1997.0,South Australia
-35.218927,138.467967,2022.0,South Australia
-27.66614,140.40307,2018.0,South Australia
-32.71297,140.10501,1992.0,South Australia
-28.81726,132.21279,2007.0,South Australia
-35.268802,136.887607,2024.0,South Australia
-32.80555,136.21046,2019.0,South Australia
-33.39485,136.76791,2002.0,South Australia
-34.653875,135.85663,2021.0,South Australia
-35.55735,138.17476,2016.0,South Australia
-35.023448,138.596059,2025.0,South Australia
-28.97843,133.08369,2009.0,South Australia
-34.889176,138.865396,2023.0,South Australia
-34.612189,138.724141,2023.0,South Australia
-34.570078,138.748089,2019.0,South Australia
-27.32325,138.62235,1995.0,South Australia
-35.625069,139.200339,2022.0,South Australia
-34.863807,138.67866,2026.0,South Australia
-35.219775,138.468061,2021.0,South Australia
-34.84029,138.877324,2024.0,South Australia
-35.33342,139.86492,2011.0,South Australia
-35.074083,138.610491,2023.0,South Australia
-30.46289,139.12359,2000.0,South Australia
-31.4147,138.6953,2000.0,South Australia
-32.84041,136.19829,2019.0,South Australia
-34.23372,139.41599,2010.0,South Australia
-28.51146,129.55067,2007.0,South Australia
-34.839872,138.876656,2024.0,South Australia
-34.60984,138.77908,2009.0,South Australia
-34.437922,138.474567,2020.0,South Australia
-35.067553,138.6093,2023.0,South Australia
-34.981697,138.774619,2024.0,South Australia
-34.953888,138.68328,2026.0,South Australia
-29.29224,130.2069,2011.0,South Australia
-34.764894,138.726325,2023.0,South Australia
-32.89071,140.10963,1992.0,South Australia
-35.093796,138.637174,2025.0,South Australia
-34.29702,135.93611,1970.0,South Australia
-34.841342,138.87747,2022.0,South Australia
-28.55715,130.43765,2007.0,South Australia
-34.45872,138.30545,2022.0,South Australia
-35.068962,138.69984,2018.0,South Australia
-31.65688,129.08181,2012.0,South Australia
-34.890406,138.620113,2020.0,South Australia
-35.219303,138.468095,2026.0,South Australia
-33.444035,138.97978,2019.0,South Australia
-32.8296,136.01562,2019.0,South Australia
-32.67081,139.90599,1992.0,South Australia
-28.83019,138.42232,2006.0,South Australia
-29.01965,133.51856,2009.0,South Australia
-34.913966,138.529716,2021.0,South Australia
-34.550919,138.772381,2025.0,South Australia
-36.968814,140.847366,2025.0,South Australia
-35.55735,138.17476,2016.0,South Australia
-32.81282,136.03268,2021.0,South Australia
-35.61399,138.41296,2016.0,South Australia
-35.12598,138.67755,2019.0,South Australia
-28.52155,129.6932,2007.0,South Australia
-35.021164,137.304093,2019.0,South Australia
-35.17194,138.5893,2017.0,South Australia
-30.47289,139.11804,2000.0,South Australia
-31.25,138.92,1997.0,South Australia
-35.20706,139.06455,1991.0,South Australia
-31.91805,138.36335,2002.0,South Australia
-35.124191,138.48979,2013.0,South Australia
-35.215322,137.182056,2024.0,South Australia
-35.11435,138.67393,2021.0,South Australia
-34.899157,138.498196,2017.0,South Australia
-35.56093,139.15128,2015.0,South Australia
-35.55735,138.17476,2016.0,South Australia
-33.0625,139.46457,2015.0,South Australia
-34.97024,136.995219,2024.0,South Australia
-35.52828,138.607004,2025.0,South Australia
-31.12,138.87,2004.0,South Australia
-28.57066,130.88948,2009.0,South Australia
-34.56103,139.38972,2023.0,South Australia
-35.63099,138.16125,2016.0,South Australia
-35.02431,138.70392,2018.0,South Australia
-35.461579,138.824444,2017.0,South Australia
-34.969435,138.638198,2019.0,South Australia
-36.63486,140.90002,1997.0,South Australia
-36.286797,139.711139,2025.0,South Australia
-34.97676,138.634842,2023.0,South Australia
-31.87329,139.56622,2009.0,South Australia
-31.48238,131.2668,1984.0,South Australia
-34.834015,138.481234,2021.0,South Australia
-34.63795,138.8117,2015.0,South Australia
-28.56459,130.6361,2011.0,South Australia
-26.2962,136.03206,1996.0,South Australia
-32.36161,134.11613,2005.0,South Australia
-35.015845,138.591556,2022.0,South Australia
-35.219298,138.467889,2021.0,South Australia
-34.864232,138.697629,2020.0,South Australia
-34.838884,138.877352,2021.0,South Australia
-30.47935,131.96711,2009.0,South Australia
-34.814743,138.862493,2025.0,South Australia
-34.602234,138.719451,2013.0,South Australia
-31.29085,138.63354,2015.0,South Australia
-27.721187,139.468891,2018.0,South Australia
-34.696721,139.100223,2014.0,South Australia
-34.840421,138.877497,2024.0,South Australia
-30.88011,136.23,1993.0,South Australia
-28.39332,131.52254,2007.0,South Australia
-34.83402,138.64301,2021.0,South Australia
-35.170072,138.479031,2020.0,South Australia
-33.028915,138.751086,2024.0,South Australia
-35.61399,138.41296,2016.0,South Australia
-34.787273,137.468401,2023.0,South Australia
-34.98926,139.53993,2000.0,South Australia
-28.56567,130.74024,2007.0,South Australia
-34.839117,138.877303,2024.0,South Australia
-34.56103,139.38972,2023.0,South Australia
-34.856963,138.502517,2024.0,South Australia
-34.50735,137.88076,2004.0,South Australia
-26.42728,137.43313,1998.0,South Australia
-29.05299,133.28006,2007.0,South Australia
-35.55735,138.17476,2016.0,South Australia
-31.9304,132.60278,1974.0,South Australia
-34.839034,138.478938,2021.0,South Australia
-35.21988,138.468118,2025.0,South Australia
-35.220177,138.468201,2021.0,South Australia
-35.55735,138.17476,2016.0,South Australia
-35.02311,138.635608,2024.0,South Australia
-35.186206,138.573601,2020.0,South Australia
-34.494805,139.918378,2020.0,South Australia
-33.95498,138.10999,2004.0,South Australia
-28.74066,130.53889,2009.0,South Australia
-35.02373,138.596147,2024.0,South Australia
-28.4533,131.64402,2007.0,South Australia
-35.55735,138.17476,2016.0,South Australia
-34.841871,138.877009,2022.0,South Australia
-28.56451,131.924,2007.0,South Australia
-35.4464,138.6028,2000.0,South Australia
-27.10905,140.15347,2019.0,South Australia
-29.97116,136.71753,2013.0,South Australia
-35.289074,138.462281,2024.0,South Australia
-34.742838,137.779297,2024.0,South Australia
-34.943052,137.417525,2023.0,South Australia
-33.9315,136.20723,1970.0,South Australia
-34.24877,135.52008,2004.0,South Australia
-35.26612,138.682,1970.0,South Australia
-29.07838,132.00245,2007.0,South Australia
-32.81514,136.23003,2021.0,South Australia
-32.963189,136.056562,2025.0,South Australia
-35.08422,137.543184,2024.0,South Australia
-34.836684,138.877019,2022.0,South Australia
-33.48301,138.98902,2022.0,South Australia
-34.56103,139.38972,2023.0,South Australia
-30.63011,135.07999,1993.0,South Australia
-28.57262,130.93685,2009.0,South Australia
-32.58774,135.76472,2018.0,South Australia
-35.094382,138.637021,2025.0,South Australia
-35.250077,136.966203,2024.0,South Australia
-34.876656,138.48286,2021.0,South Australia
-34.840053,138.876596,2024.0,South Australia
-35.119431,137.035287,2024.0,South Australia
-34.13012,140.00999,1980.0,South Australia
-32.83813,136.13019,2022.0,South Australia
-34.867058,138.660198,2024.0,South Australia
-30.57092,132.99303,2009.0,South Australia
-35.09302,138.63868,2024.0,South Australia
-35.108526,138.615348,2018.0,South Australia
-35.231374,138.47148,2023.0,South Australia
-34.921733,138.693908,2024.0,South Australia
-35.249691,138.619008,2021.0,South Australia
-32.38011,138.97998,1989.0,South Australia
-35.33996,140.78541,2011.0,South Australia
-29.02208,133.46633,2007.0,South Australia
-32.69755,135.8468,2000.0,South Australia
-32.125,140.7992,2018.0,South Australia
-29.6667,140.0167,1969.0,South Australia
-34.952273,138.679497,2022.0,South Australia
-35.227157,138.650514,2021.0,South Australia
-34.66237,138.72448,2018.0,South Australia
-35.412938,138.742246,2025.0,South Australia
-35.15316,140.60698,2011.0,South Australia
-31.10191,138.8227,2021.0,South Australia
-31.43932,138.63751,2011.0,South Australia
-34.96468,138.69958,2018.0,South Australia
-28.98613,133.66446,2009.0,South Australia
-35.06363,137.24941,2016.0,South Australia
-35.021152,138.739653,2020.0,South Australia
-29.25183,137.07695,2006.0,South Australia
-30.40678,139.02055,2000.0,South Australia
-35.095665,136.954271,2025.0,South Australia
-35.219412,138.467951,2022.0,South Australia
-35.057411,138.76448,2013.0,South Australia
-35.32,139.42,1990.0,South Australia
-35.023593,138.596208,2023.0,South Australia
-30.49622,132.50598,2011.0,South Australia
-35.358047,139.112634,2024.0,South Australia
-35.242916,138.529483,2021.0,South Australia
-30.63011,137.34001,1993.0,South Australia
-35.575228,138.393992,2017.0,South Australia
-34.943081,138.858948,2018.0,South Australia
-34.631578,137.598084,2017.0,South Australia
-34.870826,138.653658,2022.0,South Australia
-35.240203,136.976905,2025.0,South Australia
-34.743494,139.086604,2024.0,South Australia
-34.840721,138.877443,2024.0,South Australia
-27.19996,130.10509,2004.0,South Australia
-35.296049,138.454097,2025.0,South Australia
-28.95999,130.4027,2009.0,South Australia
-41.5986113,147.1210224,,Tasmania
-38.59531,146.93053,2017.0,Victoria
-37.4988,144.316,2021.0,Victoria
-37.2474,144.221,2024.0,Victoria
-37.80682,145.20965,1999.0,Victoria
-37.46223,145.242981,2017.0,Victoria
-37.750205,145.058726,2024.0,Victoria
-37.99055,141.58436,2013.0,Victoria
-37.7573,143.861,2021.0,Victoria
-37.788118,144.897421,2023.0,Victoria
-37.747672,144.99276,2025.0,Victoria
-36.953889,143.960833,2023.0,Victoria
-37.388855,144.267734,2022.0,Victoria
-36.87347,146.45961,1981.0,Victoria
-36.74145,148.10959,1998.0,Victoria
-37.751087,144.87016,2017.0,Victoria
-38.04051,141.27165,2014.0,Victoria
-38.1775,145.54637,2017.0,Victoria
-36.99202,142.72351,1995.0,Victoria
-38.1876,145.52821,2016.0,Victoria
-37.79126,145.20966,1992.0,Victoria
-38.44801,144.92427,1987.0,Victoria
-38.14776,145.23204,2016.0,Victoria
-37.843967,144.878608,2022.0,Victoria
-36.160589,147.699229,2022.0,Victoria
-37.36625,142.28373,2003.0,Victoria
-37.819097,145.212163,2020.0,Victoria
-37.389062,144.26715,2016.0,Victoria
-37.13936,143.46421,1998.0,Victoria
-37.848237,145.097911,2021.0,Victoria
-37.734251,145.056298,2023.0,Victoria
-35.37351,142.20965,1969.0,Victoria
-37.2203,145.541,2023.0,Victoria
-37.815789,144.86887,2021.0,Victoria
-38.0043,145.59656,2013.0,Victoria
-36.20389,146.95397,2000.0,Victoria
-37.836775,145.144297,2021.0,Victoria
-37.21463,144.65206,1988.0,Victoria
-38.20935,145.32853,2011.0,Victoria
-37.823092,145.245211,2022.0,Victoria
-37.69487,145.28162,2017.0,Victoria
-37.665043,145.544292,2024.0,Victoria
-37.686495,144.904862,2018.0,Victoria
-37.80026,146.5134,1998.0,Victoria
-37.1346,144.3978,2021.0,Victoria
-37.30606,147.56318,2017.0,Victoria
-38.387544,144.203926,2023.0,Victoria
-36.60808,141.70466,2019.0,Victoria
-37.57381,147.70736,1998.0,Victoria
-37.210746,142.544659,2022.0,Victoria
-37.97455,145.229088,2023.0,Victoria
-37.6152,144.7458,2018.0,Victoria
-37.71059,146.25645,1999.0,Victoria
-37.20685,142.37635,1974.0,Victoria
-35.3187,141.52614,2019.0,Victoria
-37.97346,147.74295,1987.0,Victoria
-38.67493,145.65341,2002.0,Victoria
-37.869679,145.075089,2021.0,Victoria
-38.02069,141.17202,2015.0,Victoria
-37.852304,145.187278,2024.0,Victoria
-37.23701,144.83859,2025.0,Victoria
-37.843138,145.203604,2018.0,Victoria
-38.49688,143.95118,1999.0,Victoria
-37.776813,144.932391,2021.0,Victoria
-38.01042,141.65199,2017.0,Victoria
-37.779983,145.379081,2019.0,Victoria
-34.89384,142.24298,1988.0,Victoria
-36.087235,146.893016,2022.0,Victoria
-37.944646,145.222186,2025.0,Victoria
-36.131935,146.002654,2021.0,Victoria
-36.14684,145.93135,1997.0,Victoria
-38.62661,143.340567,2025.0,Victoria
-37.6729,144.7987,2018.0,Victoria
-37.337114,142.138282,2020.0,Victoria
-37.388868,144.267693,2023.0,Victoria
-34.75406,142.35395,2019.0,Victoria
-36.48133,141.79523,2019.0,Victoria
-38.02521,141.00472,2017.0,Victoria
-38.6746,143.59989,1994.0,Victoria
-38.383297,146.272928,2018.0,Victoria
-37.7051,145.29608,2013.0,Victoria
-38.21283,144.1521,1991.0,Victoria
-37.802627,145.123953,2025.0,Victoria
-37.41245,146.75225,2008.0,Victoria
-38.123551,145.190248,2016.0,Victoria
-37.2757,144.0963,2018.0,Victoria
-38.16335,141.51948,2022.0,Victoria
-38.648791,145.754013,2022.0,Victoria
-37.5622,144.72176,2016.0,Victoria
-37.388868,144.267693,2025.0,Victoria
-37.3327,142.509,2024.0,Victoria
-37.905777,144.989159,2019.0,Victoria
-37.08141,144.18434,2019.0,Victoria
-38.423672,145.468168,2017.0,Victoria
-37.389062,144.26715,2019.0,Victoria
-37.40146,144.53328,1995.0,Victoria
-37.88182,145.31798,1980.0,Victoria
-37.825537,145.307329,2024.0,Victoria
-37.362063,145.53619,2020.0,Victoria
-37.23318,144.84522,2025.0,Victoria
-37.190439,144.393616,2024.0,Victoria
-38.45967,144.097,2006.0,Victoria
-37.8552,145.34638,2019.0,Victoria
-34.75765,142.33794,2019.0,Victoria
-37.37353,141.2097,1979.0,Victoria
-38.12307,141.46481,2015.0,Victoria
-38.53024,142.7355,2002.0,Victoria
-37.40111,147.54009,2017.0,Victoria
-38.1195,145.40161,2014.0,Victoria
-36.503,141.01793,2019.0,Victoria
-37.664944,145.544297,2024.0,Victoria
-37.968028,144.402995,2022.0,Victoria
-38.239264,146.424716,2025.0,Victoria
-37.665037,145.544337,2024.0,Victoria
-37.138858,146.259418,2022.0,Victoria
-38.0646,145.19471,2012.0,Victoria
-37.867999,145.123972,2020.0,Victoria
-38.2216,147.33445,2007.0,Victoria
-37.785878,144.998356,2024.0,Victoria
-37.90955,141.42061,2016.0,Victoria
-38.416319,144.134618,2024.0,Victoria
-38.3359,144.71027,2011.0,Victoria
-37.918482,145.262636,2022.0,Victoria
-36.84194,146.16401,1983.0,Victoria
-38.450872,144.117787,2025.0,Victoria
-37.90955,141.42061,2014.0,Victoria
-38.25396,144.53334,2017.0,Victoria
-37.96258,141.54254,2016.0,Victoria
-37.428337,145.250708,2017.0,Victoria
-38.175727,146.130867,2011.0,Victoria
-37.32215,142.45722,2020.0,Victoria
-38.050996,145.136588,2025.0,Victoria
-34.87151,142.30829,1992.0,Victoria
-37.207021,148.940363,2013.0,Victoria
-34.654467,142.356934,2011.0,Victoria
-37.786591,145.300128,2021.0,Victoria
-37.820607,145.133474,2024.0,Victoria
-37.42819,147.64458,2017.0,Victoria
-38.22116,145.39654,2018.0,Victoria
-36.48233,144.76811,2001.0,Victoria
-37.62372,145.07597,2017.0,Victoria
-37.9737,141.55001,2014.0,Victoria
-37.83261,145.302386,2019.0,Victoria
-37.0984,143.522,2022.0,Victoria
-38.5229,146.904945,2021.0,Victoria
-36.57631,141.88586,2019.0,Victoria
-38.00259,141.58664,2017.0,Victoria
-37.918163,147.545973,2016.0,Victoria
-37.83545,144.39164,1988.0,Victoria
-38.23756,142.12865,2003.0,Victoria
-38.395638,144.200307,2023.0,Victoria
-36.216,145.222,2020.0,Victoria
-34.72127,142.3648,2019.0,Victoria
-37.884609,144.980049,2017.0,Victoria
-38.62348,146.8763,1977.0,Victoria
-35.66414,143.865762,2020.0,Victoria
-37.761599,145.211361,2018.0,Victoria
-37.488804,144.303596,2018.0,Victoria
-38.03009,141.56541,2013.0,Victoria
-38.16603,144.46666,2005.0,Victoria
-37.81981,145.255125,2022.0,Victoria
-37.59013,147.42628,1978.0,Victoria
-37.23671,144.83732,2025.0,Victoria
-37.88696,145.54962,1996.0,Victoria
-37.46665,148.54652,1991.0,Victoria
-38.135,145.23714,2016.0,Victoria
-36.45697,145.72372,2013.0,Victoria
-37.766227,145.043381,2020.0,Victoria
-37.92807,141.48638,2018.0,Victoria
-38.38053,145.02802,2019.0,Victoria
-36.16896,146.94073,2020.0,Victoria
-38.17747,145.57814,2018.0,Victoria
-37.818493,145.099316,2022.0,Victoria
-37.873069,145.02221,2026.0,Victoria
-38.49529,143.78071,2018.0,Victoria
-36.967637,144.05897,2023.0,Victoria
-37.883288,145.170207,2018.0,Victoria
-37.801104,145.263891,2018.0,Victoria
-38.04591,141.20495,2015.0,Victoria
-37.30597,145.82264,1990.0,Victoria
-38.15743,145.552,2018.0,Victoria
-37.30956,142.35611,1991.0,Victoria
-38.456192,143.584335,2020.0,Victoria
-37.2448,144.0699,2021.0,Victoria
-37.37346,147.62627,1977.0,Victoria
-37.01052,148.06067,2004.0,Victoria
-39.015153,146.292512,2024.0,Victoria
-35.76303,143.54916,2022.0,Victoria
-37.664931,145.544357,2024.0,Victoria
-37.808174,145.193548,2021.0,Victoria
-38.21457,141.68988,2017.0,Victoria
-36.6929,148.09546,1998.0,Victoria
-36.155334,147.69651,2021.0,Victoria
-37.858328,145.041042,2021.0,Victoria
-38.02069,141.17202,2014.0,Victoria
-36.173225,147.827345,2012.0,Victoria
-34.76322,142.37498,2019.0,Victoria
-37.0196,147.242,2022.0,Victoria
-37.18861,143.03667,2018.0,Victoria
-37.9737,141.55001,2016.0,Victoria
-38.77929,143.6045,2007.0,Victoria
-38.30881,144.36032,2015.0,Victoria
-37.389062,144.26715,2017.0,Victoria
-37.74016,144.84299,1988.0,Victoria
-38.71438,146.10124,1999.0,Victoria
-37.846326,145.259284,2021.0,Victoria
-37.388868,144.267693,2026.0,Victoria
-38.10701,147.4539,2021.0,Victoria
-38.42547,144.92377,1987.0,Victoria
-38.37741,144.90683,2001.0,Victoria
-38.610205,143.339448,2025.0,Victoria
-37.858015,145.280714,2018.0,Victoria
-38.405532,144.187215,2021.0,Victoria
-37.78002,144.62519,1990.0,Victoria
-38.2158,145.4373,2011.0,Victoria
-37.2822,142.262,2023.0,Victoria
-37.711169,144.939876,2024.0,Victoria
-37.782208,145.330354,2023.0,Victoria
-37.98239,141.53206,2019.0,Victoria
-38.17297,145.18983,2013.0,Victoria
-37.87349,145.79297,1976.0,Victoria
-37.87451,144.75631,1988.0,Victoria
-37.615039,145.080072,2022.0,Victoria
-35.956331,143.895895,2023.0,Victoria
-38.343454,145.844855,2017.0,Victoria
-37.86816,145.11304,2022.0,Victoria
-37.00684,148.47179,2020.0,Victoria
-37.9713,145.76326,2012.0,Victoria
-37.6731,142.3307,2011.0,Victoria
-37.4119,144.6621,1998.0,Victoria
-38.397912,144.192728,2024.0,Victoria
-37.388889,144.266667,2024.0,Victoria
-37.2953,144.115,2021.0,Victoria
-37.388868,144.267693,2023.0,Victoria
-38.3695,144.77086,1989.0,Victoria
-37.8142,144.56028,2015.0,Victoria
-37.90955,141.42061,2016.0,Victoria
-36.09444,146.695375,2012.0,Victoria
-37.91046,141.51806,2013.0,Victoria
-38.04051,141.27165,2019.0,Victoria
-38.18679,145.55973,2019.0,Victoria
-37.829833,145.155208,2020.0,Victoria
-35.30955,141.5245,2019.0,Victoria
-37.758687,144.940674,2019.0,Victoria
-37.388868,144.267693,2024.0,Victoria
-38.37805,144.19364,2018.0,Victoria
-37.98526,141.59699,2017.0,Victoria
-37.811767,145.142615,2018.0,Victoria
-37.867274,145.17783,2025.0,Victoria
-37.93713,145.74665,2009.0,Victoria
-38.07162,141.85525,2020.0,Victoria
-37.829903,145.181857,2020.0,Victoria
-37.83522,145.22043,2008.0,Victoria
-38.435,145.53973,2011.0,Victoria
-38.39021,145.56462,2015.0,Victoria
-36.29019,141.20968,1979.0,Victoria
-37.832748,145.044044,2020.0,Victoria
-38.30178,145.21273,2011.0,Victoria
-37.818972,145.152751,2023.0,Victoria
-37.626766,145.021415,2025.0,Victoria
-37.84813,145.87203,1991.0,Victoria
-37.88098,141.49497,2016.0,Victoria
-37.688766,143.996858,2018.0,Victoria
-37.611832,143.808602,2015.0,Victoria
-36.769394,144.341826,2020.0,Victoria
-38.20099,145.57722,2017.0,Victoria
-37.388821,144.267752,2022.0,Victoria
-37.72389,144.8075,2007.0,Victoria
-35.535279,143.609657,2026.0,Victoria
-37.388868,144.267693,2023.0,Victoria
-38.21171,141.73525,2019.0,Victoria
-38.16117,145.16787,2013.0,Victoria
-37.922406,145.066309,2024.0,Victoria
-38.03147,141.16961,2022.0,Victoria
-37.590771,141.535578,2017.0,Victoria
-37.388868,144.267693,2025.0,Victoria
-38.3501,144.76205,2007.0,Victoria
-38.00259,141.58664,2013.0,Victoria
-38.366213,146.379919,2016.0,Victoria
-37.388981,144.266958,2023.0,Victoria
-38.34584,145.04545,2019.0,Victoria
-37.888792,145.01793,2025.0,Victoria
-37.822128,144.87791,2025.0,Victoria
-37.858774,145.072467,2018.0,Victoria
-37.2778,144.3233,2019.0,Victoria
-37.759744,144.899985,2017.0,Victoria
-38.07359,147.48023,2021.0,Victoria
-38.15738,145.55197,2015.0,Victoria
-38.18843,145.56835,2017.0,Victoria
-38.66725,143.72685,2018.0,Victoria
-34.75747,142.48398,2017.0,Victoria
-37.805261,145.118558,2025.0,Victoria
-37.883283,145.065888,2022.0,Victoria
-37.30375,147.64615,1998.0,Victoria
-38.21039,145.30491,2013.0,Victoria
-37.389062,144.26715,2018.0,Victoria
-38.0982,146.78741,2015.0,Victoria
-37.98034,145.66997,2015.0,Victoria
-37.388868,144.267693,2023.0,Victoria
-38.09056,145.14169,2011.0,Victoria
-38.38068,145.56019,2012.0,Victoria
-37.8887,145.39766,2016.0,Victoria
-36.64828,144.67944,1992.0,Victoria
-38.1134,145.51183,2015.0,Victoria
-38.20447,141.73231,2019.0,Victoria
-38.06774,145.38305,2001.0,Victoria
-37.788678,145.3738,2025.0,Victoria
-37.36643,148.81322,1988.0,Victoria
-38.19674,141.64146,2017.0,Victoria
-37.60228,144.79963,1988.0,Victoria
-37.901272,145.025723,2019.0,Victoria
-36.99446,147.16388,2021.0,Victoria
-35.479,141.927,2022.0,Victoria
-38.04121,141.19627,2014.0,Victoria
-37.78736,145.19045,1991.0,Victoria
-37.869864,145.30617,2025.0,Victoria
-37.815204,145.007603,2025.0,Victoria
-37.99622,141.56595,2015.0,Victoria
-38.04138,141.26581,2014.0,Victoria
-38.19281,145.55302,2018.0,Victoria
-37.905777,144.989159,2019.0,Victoria
-38.18604,145.52708,2014.0,Victoria
-38.447942,145.039787,2015.0,Victoria
-36.86105,147.27714,2020.0,Victoria
-37.2945,144.109,2021.0,Victoria
-37.573,145.2783,2018.0,Victoria
-38.19835,145.2299,2019.0,Victoria
-37.87299,141.45799,2018.0,Victoria
-37.8984,141.49442,2013.0,Victoria
-37.807194,145.116717,2021.0,Victoria
-37.92906,141.12804,2007.0,Victoria
-37.86588,145.2573,2023.0,Victoria
-37.98526,141.59699,2017.0,Victoria
-38.15361,145.18457,2011.0,Victoria
-37.98546,141.6194,2018.0,Victoria
-37.388868,144.267693,2024.0,Victoria
-35.8556,145.44287,2015.0,Victoria
-38.4314,144.052,2013.0,Victoria
-36.20444,146.95444,2006.0,Victoria
-37.388868,144.267693,2025.0,Victoria
-36.60808,141.70466,2019.0,Victoria
-38.43949,145.537,2015.0,Victoria
-38.61142,143.62992,2018.0,Victoria
-38.02448,141.12987,2015.0,Victoria
-37.389062,144.26715,2016.0,Victoria
-37.855218,145.076617,2024.0,Victoria
-36.48781,141.73235,2019.0,Victoria
-37.93984,141.48425,2016.0,Victoria
-37.389077,144.26762,2019.0,Victoria
-36.7291,145.7898,2018.0,Victoria
-37.392523,141.407813,2024.0,Victoria
-37.55836,145.37679,2019.0,Victoria
-37.00881,148.41329,2022.0,Victoria
-37.738719,144.764225,2024.0,Victoria
-37.99623,141.62143,2017.0,Victoria
-37.388868,144.267693,2023.0,Victoria
-38.17338,145.38151,2016.0,Victoria
-36.32293,147.083552,2021.0,Victoria
-37.863932,145.216723,2025.0,Victoria
-37.249,145.16959,1989.0,Victoria
-37.2198,147.41,2024.0,Victoria
-37.78694,144.5785,2020.0,Victoria
-37.899189,145.234666,2017.0,Victoria
-36.75005,146.79681,1990.0,Victoria
-38.073821,145.376854,2022.0,Victoria
-37.88595,141.49107,2014.0,Victoria
-36.0728,146.27772,2004.0,Victoria
-37.614779,145.090076,2025.0,Victoria
-37.897647,145.0217,2025.0,Victoria
-37.389062,144.26715,2025.0,Victoria
-37.389062,144.26715,2018.0,Victoria
-34.74514,142.33301,2019.0,Victoria
-37.688855,145.234744,2020.0,Victoria
-37.3152,144.151,2021.0,Victoria
-37.3255,145.207,2023.0,Victoria
-38.17809,141.65277,2000.0,Victoria
-38.08992,145.72009,2002.0,Victoria
-37.887055,145.288663,2020.0,Victoria
-38.12557,147.45593,2017.0,Victoria
-36.49568,141.69343,2019.0,Victoria
-38.399439,144.183905,2026.0,Victoria
-37.793497,145.212342,2023.0,Victoria
-37.388868,144.267693,2025.0,Victoria
-37.388868,144.267693,2023.0,Victoria
-37.90898,147.32037,1995.0,Victoria
-36.783881,144.209311,2023.0,Victoria
-37.2822,142.262,2023.0,Victoria
-37.836376,144.916341,2023.0,Victoria
-35.85306,143.52185,2016.0,Victoria
-34.75624,142.34976,2015.0,Victoria
-37.835895,145.146386,2025.0,Victoria
-37.82349,145.80964,1970.0,Victoria
-36.503,141.01793,2019.0,Victoria
-38.649037,143.081625,2023.0,Victoria
-37.54015,145.57631,1979.0,Victoria
-37.23526,147.58379,2017.0,Victoria
-37.132814,145.087938,2017.0,Victoria
-38.0166,141.56326,2016.0,Victoria
-37.29452,146.75518,2007.0,Victoria
-38.04121,141.19627,2015.0,Victoria
-36.160589,147.699229,2021.0,Victoria
-37.5593,144.71939,2002.0,Victoria
-37.98526,141.59699,2014.0,Victoria
-38.04017,144.443,1975.0,Victoria
-36.5846,146.05994,2021.0,Victoria
-37.389062,144.26715,2018.0,Victoria
-37.389,144.2668,2016.0,Victoria
-37.688766,143.996858,2021.0,Victoria
-39.01524,146.29688,2008.0,Victoria
-37.796322,145.281036,2011.0,Victoria
-37.950883,145.048371,2023.0,Victoria
-36.1917,146.7235,2012.0,Victoria
-37.06019,144.517865,2022.0,Victoria
-37.88231,141.50834,2018.0,Victoria
-38.07763,147.5072,2017.0,Victoria
-37.38312,148.45332,1991.0,Victoria
-36.81454,145.63738,1997.0,Victoria
-38.93417,146.24891,2019.0,Victoria
-37.240169,145.224152,2017.0,Victoria
-38.272339,142.087399,2016.0,Victoria
-37.827044,145.165802,2020.0,Victoria
-37.388868,144.267693,2023.0,Victoria
-37.859185,145.081384,2020.0,Victoria
-37.388855,144.267734,2022.0,Victoria
-37.5763,145.2545,2014.0,Victoria
-36.51552,144.66555,2003.0,Victoria
-37.810885,145.132892,2025.0,Victoria
-37.83755,144.48814,2000.0,Victoria
-37.845445,145.194237,2020.0,Victoria
-37.14405,148.798,2021.0,Victoria
-38.51092,143.98642,2018.0,Victoria
-37.11547,145.21111,2017.0,Victoria
-37.0193,144.4859,2021.0,Victoria
-37.389,144.2668,2021.0,Victoria
-37.908524,145.088741,2020.0,Victoria
-38.212965,145.431778,2009.0,Victoria
-38.116687,145.268121,2025.0,Victoria
-37.31984,147.93634,1996.0,Victoria
-37.90486,144.78837,1988.0,Victoria
-36.60808,141.70466,2019.0,Victoria
-34.69395,142.34981,2015.0,Victoria
-37.790977,144.931614,2023.0,Victoria
-37.873874,145.173303,2024.0,Victoria
-37.869127,145.25562,2020.0,Victoria
-37.91715,141.44664,2018.0,Victoria
-37.862369,145.26785,2018.0,Victoria
-37.90955,141.42061,2016.0,Victoria
-37.855262,145.074489,2022.0,Victoria
-37.388898,144.267688,2021.0,Victoria
-37.73734,145.096878,2022.0,Victoria
-36.57544,141.78996,2019.0,Victoria
-38.00416,141.59492,2018.0,Victoria
-38.4221,144.114,2012.0,Victoria
-37.2319,144.85107,2025.0,Victoria
-38.17766,145.5269,2015.0,Victoria
-37.69267,146.1398,1988.0,Victoria
-37.77253,148.20885,1992.0,Victoria
-36.47332,146.1758,1997.0,Victoria
-38.369407,142.432012,2015.0,Victoria
-38.45683,145.12633,1971.0,Victoria
-38.04121,141.19627,2014.0,Victoria
-37.388868,144.267693,2023.0,Victoria
-37.75515,148.3164,1993.0,Victoria
-37.389022,144.266933,2021.0,Victoria
-37.832022,144.9861,2017.0,Victoria
-38.09016,145.62631,1984.0,Victoria
-38.01539,141.15669,2014.0,Victoria
-37.762611,145.203764,2018.0,Victoria
-37.388868,144.267693,2024.0,Victoria
-34.69511,142.34506,2015.0,Victoria
-37.8887,145.39766,2016.0,Victoria
-38.28434,144.99525,1989.0,Victoria
-38.392057,142.500816,2021.0,Victoria
-37.836361,145.100404,2022.0,Victoria
-38.14939,145.58679,2018.0,Victoria
-38.20851,141.6966,2019.0,Victoria
-37.829248,145.012716,2024.0,Victoria
-37.91662,141.52101,2016.0,Victoria
-37.28095,148.34133,2022.0,Victoria
-37.23185,147.51275,2017.0,Victoria
-37.88231,141.50834,2018.0,Victoria
-38.00416,141.59492,2018.0,Victoria
-37.668169,145.160566,2019.0,Victoria
-38.002075,145.482734,2019.0,Victoria
-37.4995,144.315,2021.0,Victoria
-37.652735,144.909118,2018.0,Victoria
-37.427227,145.251413,2025.0,Victoria
-38.536031,143.523488,2024.0,Victoria
-38.22338,145.40595,2011.0,Victoria
-37.76225,145.20794,2008.0,Victoria
-34.73296,142.46695,2017.0,Victoria
-37.45684,144.12633,1976.0,Victoria
-37.388868,144.267693,2023.0,Victoria
-37.2953,144.115,2021.0,Victoria
-37.698,145.56072,2019.0,Victoria
-37.80261,145.18554,2000.0,Victoria
-38.6849,143.47215,2018.0,Victoria
-37.40749,148.52158,1991.0,Victoria
-38.4348,143.419,2022.0,Victoria
-38.33726,142.06841,2003.0,Victoria
-37.90706,141.45614,2015.0,Victoria
-38.396824,142.46918,2012.0,Victoria
-37.700065,145.046598,2018.0,Victoria
-37.23701,144.83859,2025.0,Victoria
-37.27444,142.92694,2005.0,Victoria
-38.887944,145.98635,2026.0,Victoria
-37.868713,145.268676,2018.0,Victoria
-36.104419,146.040089,2024.0,Victoria
-37.0465,145.18392,2013.0,Victoria
-37.20145,145.17231,2017.0,Victoria
-37.766579,144.870087,2020.0,Victoria
-38.02069,141.17202,2018.0,Victoria
-36.45438,141.76995,2019.0,Victoria
-38.42232,144.11528,2018.0,Victoria
-37.796927,144.946815,2020.0,Victoria
-38.29312,145.21834,2008.0,Victoria
-37.61396,145.41907,2007.0,Victoria
-36.56106,141.97188,2019.0,Victoria
-35.97085,145.90933,2000.0,Victoria
-37.34168,142.51222,2020.0,Victoria
-37.743232,145.03614,2023.0,Victoria
-36.96555,148.29773,2017.0,Victoria
-37.833036,145.182697,2016.0,Victoria
-37.3327,142.509,2023.0,Victoria
-38.14105,145.39978,2011.0,Victoria
-37.747216,145.714967,2018.0,Victoria
-37.388868,144.267734,2021.0,Victoria
-37.814509,145.137976,2021.0,Victoria
-37.878763,145.208967,2019.0,Victoria
-37.80803,145.4019,2015.0,Victoria
-37.388821,144.267752,2022.0,Victoria
-38.356776,141.601452,2023.0,Victoria
-37.32256,147.66775,1998.0,Victoria
-34.73574,142.36293,2019.0,Victoria
-37.389062,144.26715,2018.0,Victoria
-37.780909,144.871926,2021.0,Victoria
-37.388962,144.266957,2021.0,Victoria
-36.253655,147.295185,2020.0,Victoria
-38.19964,144.29426,2016.0,Victoria
-38.1775,145.54637,2016.0,Victoria
-38.01539,141.15669,2018.0,Victoria
-37.761885,145.116858,2025.0,Victoria
-37.6782,145.4918,2015.0,Victoria
-36.99446,147.16388,2021.0,Victoria
-37.77615,145.22365,1988.0,Victoria
-37.9918,141.53276,2013.0,Victoria
-36.3805,146.0872,2009.0,Victoria
-37.388868,144.267693,2023.0,Victoria
-37.389062,144.26715,2026.0,Victoria
-37.388868,144.267693,2026.0,Victoria
-38.469958,144.05396,2020.0,Victoria
-38.417612,144.178277,2023.0,Victoria
-36.85187,148.15718,2001.0,Victoria
-38.186062,145.551745,2025.0,Victoria
-38.18871,145.40831,2014.0,Victoria
-37.231203,144.846631,2025.0,Victoria
-37.690154,144.725465,2016.0,Victoria
-37.388868,144.267693,2026.0,Victoria
-37.625598,145.103532,2024.0,Victoria
-37.388868,144.267693,2023.0,Victoria
-38.6743,143.6802,2018.0,Victoria
-37.73646,145.064323,2024.0,Victoria
-37.62345,148.79292,1986.0,Victoria
-37.6383,144.9678,2015.0,Victoria
-38.671491,146.16482,2024.0,Victoria
-38.362341,144.753471,2023.0,Victoria
-36.50856,143.74995,2003.0,Victoria
-37.388868,144.267693,2023.0,Victoria
-38.11215,145.2929,2014.0,Victoria
-36.52703,140.96833,2019.0,Victoria
-38.00302,145.73351,2017.0,Victoria
-37.618319,143.909084,2023.0,Victoria
-37.8743,144.1031,2019.0,Victoria
-38.318892,142.363853,2023.0,Victoria
-37.388994,144.266978,2022.0,Victoria
-37.388898,144.267143,2023.0,Victoria
-37.746886,145.71792,2018.0,Victoria
-36.48103,141.06383,2019.0,Victoria
-37.38883,144.267763,2022.0,Victoria
-38.0254,141.17127,2013.0,Victoria
-37.2185,147.476,2024.0,Victoria
-37.99474,141.64628,2013.0,Victoria
-37.65046,145.25612,2003.0,Victoria
-37.29012,148.79292,1979.0,Victoria
-37.847356,144.898317,2021.0,Victoria
-37.389077,144.267622,2019.0,Victoria
-37.88874,145.39766,2011.0,Victoria
-38.04051,141.27165,2016.0,Victoria
-37.90706,141.45614,2014.0,Victoria
-37.9475,145.31,2023.0,Victoria
-36.3247,145.7784,2009.0,Victoria
-35.85744,143.80699,1990.0,Victoria
-38.439971,146.567464,2014.0,Victoria
-37.865769,145.169469,2021.0,Victoria
-37.388868,144.267693,2023.0,Victoria
-37.3392,142.657,2023.0,Victoria
-37.77436,148.20547,1993.0,Victoria
-37.771441,145.007893,2020.0,Victoria
-37.33488,149.50432,1992.0,Victoria
-38.20245,145.37469,2015.0,Victoria
-38.227578,142.065217,2016.0,Victoria
-37.842511,144.765336,2024.0,Victoria
-38.046828,145.407886,2011.0,Victoria
-38.447616,143.506907,2025.0,Victoria
-37.26945,145.96644,1989.0,Victoria
-37.717198,144.793088,2025.0,Victoria
-37.388868,144.267693,2023.0,Victoria
-37.664939,145.544275,2024.0,Victoria
-38.04051,141.27165,2016.0,Victoria
-37.75936,144.939079,2023.0,Victoria
-37.87224,145.42408,2021.0,Victoria
-38.242976,144.537709,2025.0,Victoria
-35.172074,143.390224,2020.0,Victoria
-37.389062,144.26715,2016.0,Victoria
-37.67322,144.51668,2025.0,Victoria
-37.915532,145.252964,2021.0,Victoria
-38.39861,142.62139,2006.0,Victoria
-38.307543,145.118079,2023.0,Victoria
-36.45991,141.67577,2019.0,Victoria
-38.12583,145.24994,2014.0,Victoria
-37.389077,144.267621,2020.0,Victoria
-37.031671,144.285457,2024.0,Victoria
-37.374727,144.731762,2013.0,Victoria
-38.533951,143.523963,2025.0,Victoria
-37.872352,145.44031,2020.0,Victoria
-37.388868,144.267693,2022.0,Victoria
-38.16425,143.53486,1997.0,Victoria
-37.58473,144.72469,2006.0,Victoria
-37.94628,141.46856,2016.0,Victoria
-37.983252,145.387042,2016.0,Victoria
-37.61973,144.96906,2003.0,Victoria
-38.12847,145.23976,2017.0,Victoria
-37.87484,141.44188,2015.0,Victoria
-36.138478,145.97896,2024.0,Victoria
-37.697083,145.087681,2022.0,Victoria
-37.3315,144.2472,2019.0,Victoria
-37.70682,145.8763,1979.0,Victoria
-37.690929,145.175192,2021.0,Victoria
-37.389167,144.267222,2019.0,Victoria
-37.631,145.11481,2013.0,Victoria
-36.8479,144.835,2022.0,Victoria
-38.38185,144.86968,2013.0,Victoria
-37.857473,144.751578,2025.0,Victoria
-38.06064,141.18621,2015.0,Victoria
-37.696735,145.045984,2018.0,Victoria
-36.72569,146.80232,2021.0,Victoria
-37.762438,144.888589,2023.0,Victoria
-37.389062,144.26715,2020.0,Victoria
-38.19313,145.48493,2015.0,Victoria
-37.8971,145.4173,2014.0,Victoria
-37.22682,146.47315,1996.0,Victoria
-36.96513,147.11794,1996.0,Victoria
-36.60404,147.82363,1997.0,Victoria
-37.388883,144.267651,2022.0,Victoria
-37.22481,142.58375,2020.0,Victoria
-37.669934,145.065077,2024.0,Victoria
-37.84311,145.14695,2022.0,Victoria
-35.29017,142.60964,1987.0,Victoria
-38.43949,145.537,2015.0,Victoria
-38.4955,143.7026,2011.0,Victoria
-37.57801,145.35013,2020.0,Victoria
-37.389,144.2668,2016.0,Victoria
-38.679401,145.792762,2021.0,Victoria
-36.738884,145.546875,2011.0,Victoria
-38.12847,145.2897,2016.0,Victoria
-37.876188,145.301395,2023.0,Victoria
-36.20389,146.95397,2000.0,Victoria
-37.619803,143.876551,2025.0,Victoria
-37.724123,145.069635,2015.0,Victoria
-36.72773,146.80344,2021.0,Victoria
-34.69463,142.34858,2015.0,Victoria
-37.388868,144.267693,2025.0,Victoria
-37.886167,144.991894,2016.0,Victoria
-37.825384,145.136647,2025.0,Victoria
-37.96315,145.13606,1999.0,Victoria
-38.13908,145.2639,2015.0,Victoria
-37.388883,144.267651,2022.0,Victoria
-37.824963,145.163263,2016.0,Victoria
-37.388815,144.267787,2021.0,Victoria
-37.768383,145.006329,2025.0,Victoria
-38.357988,144.91188,2016.0,Victoria
-37.75272,148.95497,2021.0,Victoria
-37.827258,145.24168,2022.0,Victoria
-37.857608,144.975205,2022.0,Victoria
-37.3399,142.654,2023.0,Victoria
-38.03623,145.319259,2025.0,Victoria
-37.786104,145.317612,2021.0,Victoria
-38.6695,146.5529,2012.0,Victoria
-37.388821,144.267752,2022.0,Victoria
-37.231203,144.846631,2026.0,Victoria
-37.774207,145.323938,2023.0,Victoria
-37.796629,144.852011,2024.0,Victoria
-37.79456,149.28366,2021.0,Victoria
-37.38896,144.266941,2021.0,Victoria
-37.872754,145.174511,2025.0,Victoria
-38.27347,147.30963,1978.0,Victoria
-38.828908,146.237278,2025.0,Victoria
-38.03614,146.51361,2016.0,Victoria
-37.389045,144.267011,2021.0,Victoria
-37.862717,145.111913,2018.0,Victoria
-34.71194,142.35249,2015.0,Victoria
-37.946434,145.047299,2019.0,Victoria
-37.74157,144.959374,2020.0,Victoria
-35.69211,143.70074,2022.0,Victoria
-38.11432,141.46609,2022.0,Victoria
-38.430717,146.536676,2014.0,Victoria
-38.7253,146.1106,2019.0,Victoria
-38.01539,141.15669,2016.0,Victoria
-36.83571,148.15021,1997.0,Victoria
-37.389022,144.266933,2021.0,Victoria
-37.667745,145.103486,2025.0,Victoria
-37.34168,142.51222,2020.0,Victoria
-36.48781,141.73235,2019.0,Victoria
-37.76741,145.45454,2019.0,Victoria
-37.901813,145.073776,2015.0,Victoria
-38.00261,141.60568,2016.0,Victoria
-37.753819,145.309609,2020.0,Victoria
-36.50735,141.83625,2019.0,Victoria
-36.61668,141.79847,2019.0,Victoria
-38.606676,146.188889,2011.0,Victoria
-36.61668,141.79847,2019.0,Victoria
-37.33561,147.51525,2017.0,Victoria
-37.7066,148.17789,2017.0,Victoria
-37.96252,141.55233,2018.0,Victoria
-37.8924,144.52494,1988.0,Victoria
-37.834462,144.42457,2021.0,Victoria
-38.112945,145.17965,2025.0,Victoria
-38.452447,144.118096,2025.0,Victoria
-37.22748,144.85319,2026.0,Victoria
-37.869709,145.296279,2020.0,Victoria
-37.811792,145.10606,2024.0,Victoria
-34.76346,142.35411,2019.0,Victoria
-36.96513,147.11794,1996.0,Victoria
-38.14776,145.23204,2012.0,Victoria
-38.15738,145.55197,2015.0,Victoria
-34.74638,142.48797,2017.0,Victoria
-37.571,144.9643,2012.0,Victoria
-37.24914,142.60793,2020.0,Victoria
-36.092386,147.399265,2022.0,Victoria
-37.2963,147.53,2024.0,Victoria
-38.2185,145.00133,2006.0,Victoria
-37.389062,144.26715,2020.0,Victoria
-37.69017,144.49299,1990.0,Victoria
-38.18679,145.55973,2019.0,Victoria
-38.02767,141.25578,2018.0,Victoria
-37.85683,145.12632,1987.0,Victoria
-38.0402,141.17785,2014.0,Victoria
-38.293541,145.011871,2017.0,Victoria
-38.21283,145.29782,2010.0,Victoria
-37.22079,144.84317,2026.0,Victoria
-38.7103,146.11972,2014.0,Victoria
-37.92256,141.45745,2019.0,Victoria
-37.892046,145.474366,2018.0,Victoria
-37.663601,145.108274,2025.0,Victoria
-37.837592,145.20037,2026.0,Victoria
-38.18947,141.69531,2016.0,Victoria
-36.73342,147.59318,1995.0,Victoria
-37.779015,145.241349,2024.0,Victoria
-38.16635,145.26379,2018.0,Victoria
-37.857735,145.147711,2019.0,Victoria
-37.756272,144.988328,2024.0,Victoria
-37.894417,145.017789,2017.0,Victoria
-37.389062,144.26715,2020.0,Victoria
-37.800714,145.061843,2021.0,Victoria
-37.23701,144.83859,2025.0,Victoria
-38.623269,146.325929,2011.0,Victoria
-34.6918,142.32723,2017.0,Victoria
-37.795671,144.88039,2016.0,Victoria
-38.3912,145.53196,2010.0,Victoria
-37.797321,144.911275,2023.0,Victoria
-38.23915,145.25131,2016.0,Victoria
-37.37023,144.96567,2019.0,Victoria
-37.388868,144.267693,2024.0,Victoria
-38.13898,145.63483,2020.0,Victoria
-37.914718,145.022001,2022.0,Victoria
-38.037065,145.318244,2024.0,Victoria
-36.20389,146.95397,1999.0,Victoria
-38.22165,145.40422,2014.0,Victoria
-38.21125,146.84765,1990.0,Victoria
-38.394689,144.874644,2016.0,Victoria
-38.62871,143.038646,2023.0,Victoria
-37.00204,148.29426,2016.0,Victoria
-37.2788,144.0978,2018.0,Victoria
-36.17347,146.64293,1987.0,Victoria
-36.541965,142.835392,2024.0,Victoria
-37.261,142.19748,2011.0,Victoria
-37.888792,145.017678,2025.0,Victoria
-38.56457,145.96652,1990.0,Victoria
-36.465472,146.112671,2014.0,Victoria
-36.791054,144.223047,2024.0,Victoria
-37.388868,144.267693,2023.0,Victoria
-37.75018,145.118478,2016.0,Victoria
-37.840773,144.643705,2020.0,Victoria
-37.389062,144.26715,2023.0,Victoria
-37.7538,144.929971,2019.0,Victoria
-38.049833,141.541867,2024.0,Victoria
-38.525237,143.521856,2022.0,Victoria
-38.186062,145.551745,2025.0,Victoria
-37.97276,144.62013,1987.0,Victoria
-37.388868,144.267693,2023.0,Victoria
-38.04051,141.27165,2016.0,Victoria
-37.389062,144.26715,2016.0,Victoria
-37.74117,145.48114,2012.0,Victoria
-37.388868,144.267693,2023.0,Victoria
-37.2323,147.53409,2017.0,Victoria
-37.665054,145.544312,2024.0,Victoria
-38.049833,141.541867,2024.0,Victoria
-37.776722,145.285694,2024.0,Victoria
-37.6361,145.4838,2019.0,Victoria
-37.743347,144.894927,2022.0,Victoria
-37.389062,144.26715,2025.0,Victoria
-37.868611,145.293725,2021.0,Victoria
-37.853854,145.138153,2023.0,Victoria
-37.388977,144.26693,2021.0,Victoria
-37.42555,149.56271,1991.0,Victoria
-36.926,144.783,2012.0,Victoria
-36.45452,141.71352,2019.0,Victoria
-37.723421,145.168772,2020.0,Victoria
-37.389062,144.26715,2018.0,Victoria
-37.388906,144.267651,2022.0,Victoria
-37.5424,145.28452,2014.0,Victoria
-37.388868,144.267693,2026.0,Victoria
-37.98239,141.53206,2014.0,Victoria
-36.84202,148.24033,2016.0,Victoria
-37.74483,144.57866,1972.0,Victoria
-36.173269,146.93066,2025.0,Victoria
-37.4563,145.2696,2018.0,Victoria
-38.359397,147.167358,2012.0,Victoria
-38.36076,145.21007,2012.0,Victoria
-38.00423,141.63549,2016.0,Victoria
-38.12581,145.42888,2018.0,Victoria
-37.93879,144.37888,1975.0,Victoria
-37.777024,145.28646,2024.0,Victoria
-38.388924,144.86337,2017.0,Victoria
-37.869655,145.163219,2019.0,Victoria
-37.35936,147.65407,2017.0,Victoria
-37.389077,144.267621,2020.0,Victoria
-37.74483,144.57866,1988.0,Victoria
-37.809445,145.010133,2016.0,Victoria
-37.7068,147.62628,1978.0,Victoria
-36.47829,141.84091,2019.0,Victoria
-37.389062,144.26715,2020.0,Victoria
-34.5939,141.492,2022.0,Victoria
-38.829868,146.129479,2025.0,Victoria
-37.066526,145.406338,2012.0,Victoria
-37.388972,144.267,2022.0,Victoria
-36.67746,145.39162,2018.0,Victoria
-37.994734,144.593126,2024.0,Victoria
-38.3652,144.86775,2007.0,Victoria
-37.389062,144.26715,2017.0,Victoria
-36.39944,147.64408,2021.0,Victoria
-38.21636,145.32742,2019.0,Victoria
-37.388906,144.267651,2022.0,Victoria
-38.688197,145.799659,2021.0,Victoria
-38.171698,145.126128,2024.0,Victoria
-37.884021,145.190408,2024.0,Victoria
-37.3235,144.09299,1976.0,Victoria
-38.05982,145.56846,2012.0,Victoria
-38.222053,145.396495,2024.0,Victoria
-37.664373,146.072083,1999.0,Victoria
-37.79013,148.2096,1979.0,Victoria
-37.66985,145.175336,2023.0,Victoria
-38.365497,145.074219,2023.0,Victoria
-37.85167,144.956299,2023.0,Victoria
-38.00718,145.12811,1990.0,Victoria
-35.70722,144.20974,1994.0,Victoria
-37.09028,148.38715,2021.0,Victoria
-37.6324,145.3485,2016.0,Victoria
-37.8887,145.39766,2011.0,Victoria
-38.238248,145.214882,2017.0,Victoria
-37.62026,146.58257,1998.0,Victoria
-37.8869,145.33992,2011.0,Victoria
-37.22748,144.85319,2025.0,Victoria
-38.33719,144.16757,2018.0,Victoria
-37.4961,145.42066,2015.0,Victoria
-37.180654,146.111475,2023.0,Victoria
-36.7686,143.233,2023.0,Victoria
-38.129028,145.287963,2024.0,Victoria
-37.79103,145.26123,2019.0,Victoria
-38.87348,146.45965,1977.0,Victoria
-37.4387,143.938,2021.0,Victoria
-37.40313,149.51563,1991.0,Victoria
-37.64686,145.25621,1991.0,Victoria
-38.3752,144.114,2013.0,Victoria
-36.45991,141.67577,2019.0,Victoria
-38.037074,145.318259,2024.0,Victoria
-38.1775,145.54637,2018.0,Victoria
-37.927551,145.013605,2025.0,Victoria
-37.2867,148.99188,2006.0,Victoria
-37.2265,144.48689,2018.0,Victoria
-37.388972,144.266957,2021.0,Victoria
-37.73264,144.64373,1990.0,Victoria
-37.1106,142.118,2023.0,Victoria
-38.04475,145.114853,2024.0,Victoria
-37.40064,146.14089,1989.0,Victoria
-37.712581,145.063648,2026.0,Victoria
-37.839336,145.263287,2024.0,Victoria
-37.54598,144.90268,2020.0,Victoria
-38.255486,145.241539,2025.0,Victoria
-38.65682,146.30965,1977.0,Victoria
-38.36166,145.6014,2012.0,Victoria
-38.16608,141.46519,2017.0,Victoria
-38.07188,145.5254,2005.0,Victoria
-37.839749,144.860636,2023.0,Victoria
-37.932446,145.255407,2023.0,Victoria
-37.67285,144.97341,2007.0,Victoria
-37.42346,147.7596,1974.0,Victoria
-37.8548,145.26192,2023.0,Victoria
-37.9892,141.53921,2013.0,Victoria
-37.707913,145.07498,2020.0,Victoria
-37.918827,145.226848,2022.0,Victoria
-38.199809,144.438808,2022.0,Victoria
-37.388867,144.267129,2025.0,Victoria
-36.7794,144.845,2022.0,Victoria
-37.875176,145.021813,2022.0,Victoria
-38.02866,141.24844,2018.0,Victoria
-36.752068,144.245721,2019.0,Victoria
-36.69224,146.85627,2010.0,Victoria
-37.847918,145.272517,2017.0,Victoria
-38.667918,143.416801,2021.0,Victoria
-37.93842,145.030444,2025.0,Victoria
-37.87,145.38,2025.0,Victoria
-37.715127,144.97235,2020.0,Victoria
-37.79013,147.55961,1972.0,Victoria
-37.845056,145.187852,2024.0,Victoria
-34.69253,142.34367,2015.0,Victoria
-38.362341,144.753471,2023.0,Victoria
-37.231203,144.846631,2025.0,Victoria
-37.388815,144.267787,2021.0,Victoria
-37.691022,145.290422,2022.0,Victoria
-37.27984,142.62253,2020.0,Victoria
-37.8506,144.57694,2011.0,Victoria
-37.388868,144.267693,2023.0,Victoria
-37.834951,145.237231,2023.0,Victoria
-38.14557,145.34657,2013.0,Victoria
-37.5557,142.40595,2011.0,Victoria
-36.528185,145.722521,2025.0,Victoria
-37.796632,144.899674,2025.0,Victoria
-38.3843,144.1943,2011.0,Victoria
-37.886965,144.989979,2020.0,Victoria
-34.75618,142.35645,2015.0,Victoria
-38.06517,144.51342,1987.0,Victoria
-37.389062,144.26715,2024.0,Victoria
-37.388868,144.267693,2025.0,Victoria
-38.029,145.75419,1993.0,Victoria
-38.398,144.103,2009.0,Victoria
-37.864676,145.019056,2022.0,Victoria
-37.40357,145.52616,2018.0,Victoria
-36.60808,141.70466,2019.0,Victoria
-38.158148,145.11961,2011.0,Victoria
-37.860391,144.873118,2024.0,Victoria
-38.138048,146.247014,2018.0,Victoria
-37.889379,145.023298,2024.0,Victoria
-36.1454,146.6055,2008.0,Victoria
-37.690599,145.300891,2023.0,Victoria
-37.383717,143.229182,2024.0,Victoria
-36.7655,146.19061,1998.0,Victoria
-38.186062,145.551745,2025.0,Victoria
-37.28032,142.37702,2020.0,Victoria
-37.75,145.09139,2010.0,Victoria
-37.834911,145.230775,2024.0,Victoria
-37.786549,145.320961,2021.0,Victoria
-37.49223,145.88307,1990.0,Victoria
-37.897343,145.185013,2017.0,Victoria
-38.655531,145.761742,2020.0,Victoria
-36.4504,141.89154,2019.0,Victoria
-36.97389,148.39762,2021.0,Victoria
-34.71114,142.37984,2019.0,Victoria
-38.25923,145.63026,2000.0,Victoria
-36.782562,144.211271,2023.0,Victoria
-37.388868,144.267693,2022.0,Victoria
-37.88084,144.71064,1997.0,Victoria
-37.388973,144.267567,2019.0,Victoria
-38.001039,144.530687,2021.0,Victoria
-37.80742,148.23327,1993.0,Victoria
-36.88095,145.87912,2017.0,Victoria
-37.779806,144.817693,2025.0,Victoria
-38.379413,144.182039,2025.0,Victoria
-37.743696,144.886746,2020.0,Victoria
-37.701746,144.559669,2023.0,Victoria
-38.17541,145.12509,2007.0,Victoria
-37.90484,141.41937,2018.0,Victoria
-37.727159,145.119897,2017.0,Victoria
-37.807898,145.195372,2023.0,Victoria
-38.59667,143.80194,2008.0,Victoria
-37.56686,144.98634,1991.0,Victoria
-38.39836,144.191894,2024.0,Victoria
-37.878309,145.216596,2020.0,Victoria
-37.918316,145.043658,2023.0,Victoria
-36.61668,141.79847,2019.0,Victoria
-38.150561,145.168794,2024.0,Victoria
-38.03493,141.18948,2014.0,Victoria
-38.322074,142.632327,2023.0,Victoria
-38.00846,141.67013,2017.0,Victoria
-37.388868,144.267693,2025.0,Victoria
-37.92293,147.05419,1994.0,Victoria
-37.883285,145.191264,2021.0,Victoria
-38.50977,142.89327,2002.0,Victoria
-38.4873,144.0111,2012.0,Victoria
-37.649034,148.007813,2015.0,Victoria
-37.61682,144.95667,1988.0,Victoria
-37.814449,144.58876,2026.0,Victoria
-38.386002,144.957698,2012.0,Victoria
-38.459894,143.404244,2025.0,Victoria
-37.630683,144.105906,2011.0,Victoria
-37.388868,144.267693,2025.0,Victoria
-37.27984,142.62253,2020.0,Victoria
-37.388868,144.267693,2022.0,Victoria
-36.573771,143.865323,2011.0,Victoria
-37.388898,144.267688,2021.0,Victoria
-37.62606,145.02327,2019.0,Victoria
-36.84271,144.90906,2001.0,Victoria
-37.596586,141.538346,2017.0,Victoria
-37.22748,144.85319,2025.0,Victoria
-37.8947,145.44939,1991.0,Victoria
-37.800517,145.257063,2023.0,Victoria
-37.23585,144.851,2025.0,Victoria
-37.388868,144.267693,2024.0,Victoria
-38.06322,145.57031,2009.0,Victoria
-37.853552,145.273883,2022.0,Victoria
-37.89683,141.62388,2007.0,Victoria
-38.588229,143.520327,2014.0,Victoria
-37.90709,141.46967,2014.0,Victoria
-37.8436,147.9492,2013.0,Victoria
-36.4504,141.89154,2019.0,Victoria
-37.47694,144.10181,2023.0,Victoria
-38.03493,141.18948,2015.0,Victoria
-37.389004,144.266941,2020.0,Victoria
-35.479,141.927,2022.0,Victoria
-37.81677,145.28857,1988.0,Victoria
-37.2615,142.567,2024.0,Victoria
-38.071,145.43554,2007.0,Victoria
-37.38957,149.51744,1992.0,Victoria
-38.21636,145.32742,2019.0,Victoria
-38.21721,145.40268,2011.0,Victoria
-37.388868,144.267693,2023.0,Victoria
-35.99791,147.86832,1997.0,Victoria
-37.918693,145.043998,2021.0,Victoria
-37.9065,141.53824,2016.0,Victoria
-37.389062,144.26715,2016.0,Victoria
-38.403701,144.206292,2024.0,Victoria
-36.76923,145.17852,2018.0,Victoria
-38.4227,144.0636,2011.0,Victoria
-38.01217,141.63118,2018.0,Victoria
-36.95126,143.964837,2024.0,Victoria
-37.6989,143.609,2021.0,Victoria
-37.864809,145.264055,2020.0,Victoria
-36.99598,147.17412,2020.0,Victoria
-38.15611,142.1475,2019.0,Victoria
-37.35844,146.16396,1989.0,Victoria
-37.388868,144.267693,2022.0,Victoria
-37.9782,141.60664,2013.0,Victoria
-37.32215,142.45722,2020.0,Victoria
-38.13507,141.45833,2016.0,Victoria
-37.588327,144.893809,2019.0,Victoria
-37.00406,148.29418,2022.0,Victoria
-37.857713,144.97526,2023.0,Victoria
-37.40642,149.51568,2021.0,Victoria
-36.149845,146.889057,2022.0,Victoria
-34.72666,142.37754,2019.0,Victoria
-38.4859,144.88762,2012.0,Victoria
-36.98731,147.18132,2020.0,Victoria
-38.70682,146.14298,1977.0,Victoria
-37.87409,145.36619,2016.0,Victoria
-38.11752,145.27602,2017.0,Victoria
-36.779,143.08064,2004.0,Victoria
-37.2984,146.73479,2008.0,Victoria
-37.388843,144.267736,2022.0,Victoria
-38.01483,141.25078,2015.0,Victoria
-38.04121,141.19627,2014.0,Victoria
-36.45438,141.76995,2019.0,Victoria
-38.42352,142.87636,1983.0,Victoria
-37.6383,144.9678,2013.0,Victoria
-37.869587,145.163274,2020.0,Victoria
-37.388868,144.267693,2024.0,Victoria
-38.02983,141.1444,2016.0,Victoria
-38.14776,145.23204,2015.0,Victoria
-37.795214,144.90902,2024.0,Victoria
-37.4185,146.75076,2008.0,Victoria
-37.794118,145.058756,2015.0,Victoria
-38.6641,145.7812,2012.0,Victoria
-37.827294,145.085535,2018.0,Victoria
-38.10594,141.90169,2020.0,Victoria
-38.03162,141.17033,2015.0,Victoria
-36.81133,144.41337,2003.0,Victoria
-37.82347,146.90962,1978.0,Victoria
-38.00846,141.67013,2016.0,Victoria
-37.03108,145.65554,2022.0,Victoria
-37.92395,141.51707,2017.0,Victoria
-37.665687,145.543822,2023.0,Victoria
-36.148465,147.736711,2022.0,Victoria
-38.060027,144.413064,2015.0,Victoria
-37.626738,145.118453,2023.0,Victoria
-38.5338,142.73788,2002.0,Victoria
-37.60471,145.20961,1991.0,Victoria
-37.876709,145.508066,2021.0,Victoria
-37.9932,141.54034,2013.0,Victoria
-37.17513,146.63009,1996.0,Victoria
-35.4792,141.926,2022.0,Victoria
-37.452853,145.39165,2014.0,Victoria
-38.0194,141.18262,2017.0,Victoria
-37.388868,144.267693,2025.0,Victoria
-36.794034,143.920972,2025.0,Victoria
-37.30699,142.69457,2008.0,Victoria
-38.2401,144.5234,2017.0,Victoria
-38.1434,145.776,2013.0,Victoria
-38.03441,141.26602,2018.0,Victoria
-37.3759,143.20775,2011.0,Victoria
-34.74503,142.34345,2019.0,Victoria
-38.0575,145.48611,2007.0,Victoria
-37.22748,144.85319,2025.0,Victoria
-37.54473,145.41775,2007.0,Victoria
-37.841177,145.22927,2024.0,Victoria
-36.6978,144.235,2021.0,Victoria
-38.38352,145.18214,2012.0,Victoria
-37.85242,144.55241,1990.0,Victoria
-37.859924,145.31106,2022.0,Victoria
-37.22481,142.58375,2020.0,Victoria
-37.952904,144.270514,2022.0,Victoria
-37.1595,146.76742,2008.0,Victoria
-37.835342,145.242617,2022.0,Victoria
-37.856626,145.122056,2017.0,Victoria
-37.665013,145.54439,2022.0,Victoria
-37.778288,145.382078,2020.0,Victoria
-37.23701,144.83859,2025.0,Victoria
-37.388889,144.266667,2024.0,Victoria
-37.1168,144.3,2021.0,Victoria
-37.66098,144.49636,2017.0,Victoria
-37.662804,145.516178,2018.0,Victoria
-37.73434,144.969835,2018.0,Victoria
-37.5152,149.96057,2021.0,Victoria
-38.494882,146.031652,2018.0,Victoria
-38.04821,147.46344,1994.0,Victoria
-37.90706,141.45614,2014.0,Victoria
-38.19267,145.55299,2017.0,Victoria
-38.01457,144.46502,1995.0,Victoria
-37.388868,144.267693,2026.0,Victoria
-37.5747,145.25517,2018.0,Victoria
-38.005699,145.09392,2022.0,Victoria
-36.953801,143.960887,2025.0,Victoria
-37.81902,144.72618,2009.0,Victoria
-38.531755,146.859741,2012.0,Victoria
-37.794331,144.967416,2014.0,Victoria
-37.820171,145.145508,2023.0,Victoria
-37.82838,144.7009,1990.0,Victoria
-38.12088,145.51356,2014.0,Victoria
-34.71631,142.34298,2019.0,Victoria
-34.68209,142.36617,2017.0,Victoria
-37.99474,141.64628,2013.0,Victoria
-37.716523,145.048285,2013.0,Victoria
-37.856093,145.187627,2021.0,Victoria
-38.0832,142.4045,2007.0,Victoria
-38.54671,143.89844,2018.0,Victoria
-37.810798,144.866336,2022.0,Victoria
-37.881771,145.358217,2020.0,Victoria
-37.92395,141.51707,2013.0,Victoria
-38.21268,145.45976,2015.0,Victoria
-37.795432,145.102913,2022.0,Victoria
-38.41532,144.15995,2018.0,Victoria
-37.870563,145.181534,2023.0,Victoria
-37.95682,145.29298,1976.0,Victoria
-37.951383,145.034749,2024.0,Victoria
-38.0206,141.10992,2014.0,Victoria
-38.12594,145.42926,2013.0,Victoria
-36.043703,147.761945,2021.0,Victoria
-36.4693,140.99756,2019.0,Victoria
-37.1571,146.76047,2008.0,Victoria
-37.11779,142.42323,2020.0,Victoria
-34.69511,142.34506,2015.0,Victoria
-38.17065,145.38195,2012.0,Victoria
-37.3924,144.2674,2004.0,Victoria
-37.806584,144.887423,2025.0,Victoria
-37.44272,149.64241,1991.0,Victoria
-38.04021,141.20971,1980.0,Victoria
-36.659093,146.212577,2012.0,Victoria
-38.0659,145.38081,2002.0,Victoria
-37.42746,144.95053,1991.0,Victoria
-36.6402,143.258,2022.0,Victoria
-37.388868,144.267693,2023.0,Victoria
-36.0728,146.27772,2004.0,Victoria
-37.99474,141.64628,2013.0,Victoria
-37.668,147.5955,2008.0,Victoria
-38.19313,145.48493,2015.0,Victoria
-37.824211,145.224599,2023.0,Victoria
-37.887947,145.223922,2024.0,Victoria
-38.387329,145.177741,2018.0,Victoria
-37.694209,142.343922,2023.0,Victoria
-38.059,145.3823,2014.0,Victoria
-34.60919,142.24333,2022.0,Victoria
-38.1775,145.54637,2015.0,Victoria
-38.32006,145.61858,2016.0,Victoria
-37.2036,147.573,2022.0,Victoria
-37.88213,144.97779,1989.0,Victoria
-37.79849,145.20132,1999.0,Victoria
-38.20721,145.29327,2012.0,Victoria
-37.874549,145.135322,2015.0,Victoria
-35.479,141.927,2022.0,Victoria
-38.22814,145.24858,2015.0,Victoria
-38.466978,144.086459,2025.0,Victoria
-37.879219,145.298994,2026.0,Victoria
-37.862327,145.271953,2025.0,Victoria
-37.5195,145.17629,2006.0,Victoria
-36.12154,147.27628,1996.0,Victoria
-38.37083,145.00083,2010.0,Victoria
-37.861823,145.107616,2023.0,Victoria
-38.383,145.19763,2012.0,Victoria
-37.809571,145.119782,2023.0,Victoria
-34.75791,142.35135,2015.0,Victoria
-38.111285,145.859266,2017.0,Victoria
-37.872757,145.174533,2025.0,Victoria
-37.86306,144.63162,1990.0,Victoria
-37.87415,141.46859,2015.0,Victoria
-35.30955,141.5245,2019.0,Victoria
-37.858927,145.310953,2018.0,Victoria
-37.843015,145.231826,2022.0,Victoria
-38.19345,145.55562,2017.0,Victoria
-37.2622,142.568,2023.0,Victoria
-37.8715,145.19333,2013.0,Victoria
-38.64554,143.07034,1991.0,Victoria
-38.75724,143.26573,1995.0,Victoria
-37.388879,144.267696,2021.0,Victoria
-38.3823,144.92844,2001.0,Victoria
-37.688766,143.996858,2025.0,Victoria
-37.617975,145.306237,2021.0,Victoria
-34.90254,142.51811,2016.0,Victoria
-38.39896,144.8043,1989.0,Victoria
-37.79112,145.102795,2024.0,Victoria
-36.53809,141.94104,2019.0,Victoria
-37.13597,146.86784,1995.0,Victoria
-36.57046,141.67937,2019.0,Victoria
-37.885755,144.681354,2011.0,Victoria
-37.90486,141.4202,2022.0,Victoria
-37.562,145.07916,2021.0,Victoria
-36.91676,148.40609,2021.0,Victoria
-38.17333,145.39543,2016.0,Victoria
-37.22611,142.55107,2020.0,Victoria
-37.388868,144.267693,2025.0,Victoria
-38.699206,145.862523,2024.0,Victoria
-37.9823,141.50522,2017.0,Victoria
-37.388868,144.267693,2023.0,Victoria
-37.917205,145.346524,2025.0,Victoria
-38.10889,145.39222,2016.0,Victoria
-35.64668,143.71038,2022.0,Victoria
-37.88238,144.49482,2019.0,Victoria
-37.919911,145.242677,2024.0,Victoria
-37.78438,144.945283,2024.0,Victoria
-37.44126,145.41922,2008.0,Victoria
-37.78,145.023,2025.0,Victoria
-38.654529,145.761075,2021.0,Victoria
-36.73611,144.33222,2009.0,Victoria
-34.70436,142.3311,2015.0,Victoria
-38.0194,141.18262,2018.0,Victoria
-37.858644,145.081806,2023.0,Victoria
-38.20214,147.21315,1996.0,Victoria
-37.2598,142.569,2024.0,Victoria
-36.19075,147.771362,2011.0,Victoria
-36.51926,147.95005,1995.0,Victoria
-37.56796,145.10746,1995.0,Victoria
-37.455272,145.199304,2015.0,Victoria
-37.389062,144.26715,2017.0,Victoria
-37.6,141.68,,Victoria
-37.389077,144.26762,2020.0,Victoria
-37.860371,145.101457,2022.0,Victoria
-37.87299,141.45799,2017.0,Victoria
-37.4188,146.75044,2008.0,Victoria
-37.60806,144.52944,2007.0,Victoria
-38.13908,145.2639,2017.0,Victoria
-37.3507,144.1456,2016.0,Victoria
-37.680927,144.928906,2024.0,Victoria
-38.340301,146.411805,2024.0,Victoria
-37.922536,145.328519,2024.0,Victoria
-37.54711,144.90162,2020.0,Victoria
-38.1878,141.69522,2013.0,Victoria
-37.130288,142.532974,2020.0,Victoria
-37.389007,144.267167,2014.0,Victoria
-37.388994,144.266978,2022.0,Victoria
-38.01278,145.11417,2009.0,Victoria
-37.89015,145.77631,1978.0,Victoria
-37.668356,145.178149,2018.0,Victoria
-37.420532,145.228388,2018.0,Victoria
-34.69511,142.34506,2015.0,Victoria
-37.777553,145.353379,2025.0,Victoria
-37.827671,145.300809,2021.0,Victoria
-37.2482,144.222,2024.0,Victoria
-38.52118,146.31701,1998.0,Victoria
-37.1952,142.566,2023.0,Victoria
-37.792616,145.205642,2019.0,Victoria
-36.7821,144.184,2021.0,Victoria
-38.0613,141.21683,2014.0,Victoria
-37.08102,144.18494,2019.0,Victoria
-38.239562,144.382925,2013.0,Victoria
-37.848362,145.201492,2024.0,Victoria
-38.068826,145.95408,2023.0,Victoria
-37.938004,145.523357,2017.0,Victoria
-37.389062,144.26715,2022.0,Victoria
-37.1646,148.152,2010.0,Victoria
-37.91662,141.52101,2016.0,Victoria
-37.9182,141.53591,2014.0,Victoria
-35.40058,141.49096,2019.0,Victoria
-35.79017,143.12631,1987.0,Victoria
-38.424,144.14,2025.0,Victoria
-38.19281,145.55302,2019.0,Victoria
-37.923962,145.0693,2019.0,Victoria
-34.72666,142.37754,2019.0,Victoria
-38.12594,145.42926,2012.0,Victoria
-37.388819,144.267752,2021.0,Victoria
-37.79536,145.12552,1999.0,Victoria
-37.882729,145.01922,2024.0,Victoria
-37.83429,144.46212,1989.0,Victoria
-38.751047,146.134086,2012.0,Victoria
-37.388868,144.267693,2024.0,Victoria
-36.072469,142.409516,2024.0,Victoria
-37.90895,147.33061,1992.0,Victoria
-37.915313,145.035635,2024.0,Victoria
-38.1848,141.69219,2013.0,Victoria
-37.792674,145.060623,2024.0,Victoria
-37.778,145.22701,1993.0,Victoria
-38.09013,147.54295,1978.0,Victoria
-37.861604,145.076011,2021.0,Victoria
-37.388868,144.267693,2025.0,Victoria
-37.855245,145.076265,2021.0,Victoria
-37.388868,144.267693,2024.0,Victoria
-37.892305,145.25525,2020.0,Victoria
-37.893102,145.15137,2025.0,Victoria
-38.186062,145.551745,2025.0,Victoria
-37.876049,145.142946,2025.0,Victoria
-37.96474,147.58701,2000.0,Victoria
-38.02825,141.18677,2014.0,Victoria
-38.50266,142.982627,2025.0,Victoria
-38.04051,141.27165,2015.0,Victoria
-37.388868,144.267693,2023.0,Victoria
-37.033618,142.462711,2021.0,Victoria
-37.6742,144.7944,2018.0,Victoria
-37.34162,142.51322,2020.0,Victoria
-38.03124,141.15462,2012.0,Victoria
-37.8826,146.39005,1992.0,Victoria
-36.888367,144.213349,2023.0,Victoria
-38.17338,145.38151,2014.0,Victoria
-37.388868,144.267693,2026.0,Victoria
-36.20389,146.95397,1995.0,Victoria
-37.4814,144.09778,2012.0,Victoria
-37.366776,146.055685,2024.0,Victoria
-38.403967,144.83963,2011.0,Victoria
-38.497616,147.00141,2021.0,Victoria
-37.92807,141.48638,2018.0,Victoria
-37.985001,145.209658,2026.0,Victoria
-36.044256,147.764582,2022.0,Victoria
-38.168389,145.08638,2024.0,Victoria
-37.894994,144.776446,2025.0,Victoria
-38.534836,143.523743,2022.0,Victoria
-37.4087,147.55075,2010.0,Victoria
-36.48163,141.65344,2019.0,Victoria
-34.74998,142.49598,2017.0,Victoria
-34.69253,142.34367,2015.0,Victoria
-37.790817,144.961757,2021.0,Victoria
-37.772869,144.938346,2022.0,Victoria
-37.88231,141.50834,2016.0,Victoria
-37.389062,144.26715,2023.0,Victoria
-37.91754,144.65263,1993.0,Victoria
-38.02767,141.25578,2016.0,Victoria
-38.01798,141.18919,2018.0,Victoria
-37.365389,144.487647,2023.0,Victoria
-37.746788,145.055287,2024.0,Victoria
-37.898947,145.018112,2025.0,Victoria
-37.862997,145.015116,2022.0,Victoria
-37.923602,145.232426,2022.0,Victoria
-38.11215,145.2929,2014.0,Victoria
-37.85105,144.75475,1990.0,Victoria
-37.902696,144.727735,2026.0,Victoria
-38.112564,145.149796,2025.0,Victoria
-38.28771,145.513993,2024.0,Victoria
-38.345284,143.776703,2021.0,Victoria
-37.747056,144.92071,2018.0,Victoria
-36.54,146.145,2014.0,Victoria
-37.665037,145.544337,2024.0,Victoria
-38.14803,145.23422,2019.0,Victoria
-37.817763,145.205564,2022.0,Victoria
-34.83395,142.36237,1987.0,Victoria
-38.1337,145.25807,2016.0,Victoria
-36.32644,147.482,1995.0,Victoria
-38.19747,141.72438,2015.0,Victoria
-36.72805,146.80407,2021.0,Victoria
-38.418404,144.942993,2024.0,Victoria
-37.818463,145.376587,2015.0,Victoria
-37.6546,145.33781,2013.0,Victoria
-36.86636,145.25728,1996.0,Victoria
-36.5811,141.93562,2019.0,Victoria
-37.388868,144.267693,2023.0,Victoria
-36.99598,147.17412,2020.0,Victoria
-38.12594,145.26003,2017.0,Victoria
-38.83029,143.56634,2016.0,Victoria
-37.469972,145.268408,2018.0,Victoria
-38.527626,145.44056,2025.0,Victoria
-37.964298,145.217457,2018.0,Victoria
-38.03115,141.60643,2016.0,Victoria
-38.19559,145.34888,2014.0,Victoria
-37.859497,144.726549,2021.0,Victoria
-38.115636,145.276676,2021.0,Victoria
-38.06061,144.191859,2024.0,Victoria
-38.55448,143.78015,2007.0,Victoria
-37.838103,144.859066,2025.0,Victoria
-38.01539,141.15669,2016.0,Victoria
-38.36505,146.380334,2025.0,Victoria
-36.77556,146.21179,1998.0,Victoria
-37.964972,145.273267,2024.0,Victoria
-37.388868,144.267693,2025.0,Victoria
-37.887864,145.023952,2023.0,Victoria
-37.5,145.75,1980.0,Victoria
-38.679147,145.790436,2020.0,Victoria
-38.37168,144.99956,2008.0,Victoria
-37.78716,144.90657,1974.0,Victoria
-38.678902,143.164301,2024.0,Victoria
-37.90567,144.55633,1990.0,Victoria
-36.099026,145.372575,2021.0,Victoria
-37.91662,141.52101,2016.0,Victoria
-37.29086,145.59499,1989.0,Victoria
-37.766925,144.955262,2023.0,Victoria
-37.785084,145.143126,2025.0,Victoria
-35.937589,143.900949,2023.0,Victoria
-36.94391,142.55578,2022.0,Victoria
-37.94628,141.46856,2013.0,Victoria
-36.94304,148.2297,2021.0,Victoria
-38.05556,141.22139,2005.0,Victoria
-37.388868,144.267693,2025.0,Victoria
-37.775692,144.843165,2019.0,Victoria
-38.00846,141.67013,2018.0,Victoria
-38.1767,141.5037,2013.0,Victoria
-38.16635,145.26379,2018.0,Victoria
-38.443078,144.086852,2025.0,Victoria
-37.81839,145.33587,2015.0,Victoria
-38.01539,141.15669,2017.0,Victoria
-37.389062,144.26715,2020.0,Victoria
-37.847195,144.895295,2025.0,Victoria
-38.60035,142.97373,2003.0,Victoria
-36.45121,147.38457,1996.0,Victoria
-36.63673,143.82227,2022.0,Victoria
-37.388981,144.266958,2023.0,Victoria
-37.388868,144.267693,2025.0,Victoria
-37.17407,142.35912,2020.0,Victoria
-37.87725,141.52061,2016.0,Victoria
-36.94799,148.27136,2022.0,Victoria
-37.906111,145.257394,2021.0,Victoria
-37.95899,144.56367,1990.0,Victoria
-38.00846,141.67013,2016.0,Victoria
-36.69074,145.37221,2018.0,Victoria
-36.042948,147.763331,2021.0,Victoria
-37.855185,145.054794,2023.0,Victoria
-38.21237,145.42873,2015.0,Victoria
-37.861237,144.727125,2022.0,Victoria
-37.62118,145.2874,1986.0,Victoria
-38.20753,145.237947,2020.0,Victoria
-38.81912,145.91332,1986.0,Victoria
-38.116,145.71564,2015.0,Victoria
-38.22122,145.40323,2018.0,Victoria
-37.23701,144.83859,2025.0,Victoria
-37.78264,144.940688,2026.0,Victoria
-37.270432,145.376868,2019.0,Victoria
-34.73861,142.44581,2017.0,Victoria
-37.313224,142.763243,2025.0,Victoria
-37.860957,145.314033,2024.0,Victoria
-38.15896,141.50345,2013.0,Victoria
-37.895924,144.989859,2023.0,Victoria
-37.303742,146.147425,2023.0,Victoria
-37.389062,144.26715,2018.0,Victoria
-37.388815,144.267787,2021.0,Victoria
-37.77049,145.20676,1988.0,Victoria
-37.63609,145.1651,2019.0,Victoria
-37.897817,144.777317,2017.0,Victoria
-38.82352,143.59302,1985.0,Victoria
-38.20964,141.7175,2022.0,Victoria
-37.13773,146.49986,2019.0,Victoria
-37.69412,145.28345,1970.0,Victoria
-36.521854,145.720805,2019.0,Victoria
-38.1785,144.574494,2019.0,Victoria
-37.388894,144.267592,2021.0,Victoria
-37.90484,141.41937,2018.0,Victoria
-38.11597,146.50596,2016.0,Victoria
-37.80588,145.39477,2015.0,Victoria
-38.15738,145.55197,2015.0,Victoria
-37.293208,145.278397,2018.0,Victoria
-38.11215,145.2929,2012.0,Victoria
-34.0921,141.13787,2013.0,Victoria
-37.869866,145.22351,2020.0,Victoria
-38.85237,143.54644,2006.0,Victoria
-37.388868,144.267693,2023.0,Victoria
-37.811286,144.974919,2023.0,Victoria
-38.00846,141.67013,2016.0,Victoria
-37.83446,146.32112,1992.0,Victoria
-38.38372,145.02399,2019.0,Victoria
-37.6349,145.3398,2017.0,Victoria
-36.02734,145.073135,2021.0,Victoria
-38.13752,145.28443,2014.0,Victoria
-37.388868,144.267693,2023.0,Victoria
-37.60614,145.12802,2005.0,Victoria
-38.545,146.404,2013.0,Victoria
-37.539558,144.487445,2013.0,Victoria
-38.374937,144.80809,2026.0,Victoria
-37.98239,141.53206,2018.0,Victoria
-37.929657,145.061268,2019.0,Victoria
-37.30614,147.54699,2017.0,Victoria
-37.861424,145.326481,2025.0,Victoria
-37.90709,141.46967,2017.0,Victoria
-37.388981,144.266958,2023.0,Victoria
-37.389062,144.26715,2018.0,Victoria
-37.2604,148.89998,2006.0,Victoria
-37.9977,145.09874,1988.0,Victoria
-37.51297,149.29985,1991.0,Victoria
-35.923165,144.361737,2014.0,Victoria
-37.84934,145.07231,2004.0,Victoria
-37.808897,145.23266,2025.0,Victoria
-39.018186,146.407989,2021.0,Victoria
-38.5204,143.623,2022.0,Victoria
-37.389062,144.26715,2019.0,Victoria
-37.47716,144.1019,2023.0,Victoria
-37.15959,142.53249,2003.0,Victoria
-38.76271,143.24289,2011.0,Victoria
-38.12349,145.12632,1992.0,Victoria
-37.823345,144.958076,2017.0,Victoria
-38.05102,145.67736,2015.0,Victoria
-38.22515,145.2497,2016.0,Victoria
-36.60808,141.70466,2019.0,Victoria
-37.888125,145.149848,2025.0,Victoria
-38.317336,142.366451,2023.0,Victoria
-37.80356,144.62426,2021.0,Victoria
-38.21636,145.32742,2018.0,Victoria
-37.857772,145.274938,2023.0,Victoria
-38.19835,145.2299,2018.0,Victoria
-37.861947,145.151228,2025.0,Victoria
-37.389062,144.26715,2020.0,Victoria
-37.850263,145.296983,2023.0,Victoria
-37.388868,144.267693,2026.0,Victoria
-38.385006,145.141481,2025.0,Victoria
-38.213503,146.419237,2026.0,Victoria
-38.0168,141.10968,2015.0,Victoria
-37.831765,145.211864,2025.0,Victoria
-38.00416,141.59492,2015.0,Victoria
-35.8864,145.4153,2008.0,Victoria
-37.574731,144.748907,2025.0,Victoria
-37.86111,144.61694,2009.0,Victoria
-37.88129,145.08923,1990.0,Victoria
-37.833081,145.309481,2020.0,Victoria
-34.76302,142.38597,2019.0,Victoria
-37.65667,141.41639,2009.0,Victoria
-38.151217,144.378452,2025.0,Victoria
-35.8417,145.14074,2015.0,Victoria
-36.48103,141.06383,2019.0,Victoria
-37.3056,144.158,2021.0,Victoria
-34.75906,142.44855,2017.0,Victoria
-38.02087,141.23179,2013.0,Victoria
-37.823006,144.992409,2017.0,Victoria
-36.5306,142.83722,2005.0,Victoria
-38.11752,145.27602,2019.0,Victoria
-38.04121,141.19627,2014.0,Victoria
-37.76565,145.1853,1995.0,Victoria
-38.35352,146.14682,2019.0,Victoria
-37.493707,144.719711,2019.0,Victoria
-37.388868,144.267693,2024.0,Victoria
-37.54016,145.32631,1993.0,Victoria
-37.646587,145.021935,2017.0,Victoria
-38.524601,143.593844,2021.0,Victoria
-38.4371,145.53093,2011.0,Victoria
-37.738641,144.764228,2024.0,Victoria
-38.53022,142.73664,2002.0,Victoria
-36.96513,147.11794,1996.0,Victoria
-38.37004,145.0009,2006.0,Victoria
-37.388868,144.267693,2023.0,Victoria
-38.1775,145.54637,2017.0,Victoria
-37.10267,142.30762,2020.0,Victoria
-38.84436,143.56142,2016.0,Victoria
-38.17799,145.44168,2014.0,Victoria
-37.388868,144.267693,2024.0,Victoria
-37.810809,145.126529,2023.0,Victoria
-37.903815,147.69508,2025.0,Victoria
-36.87203,147.28707,2020.0,Victoria
-37.92799,144.58972,1988.0,Victoria
-37.91144,145.37137,2019.0,Victoria
-36.346,145.764,2018.0,Victoria
-37.783089,145.378341,2018.0,Victoria
-38.01042,141.65199,2013.0,Victoria
-37.3217,144.2479,2011.0,Victoria
-38.041448,145.112662,2025.0,Victoria
-38.06342,147.5613,2018.0,Victoria
-37.84352,145.30625,2018.0,Victoria
-38.13653,145.19918,2017.0,Victoria
-38.10483,141.93396,2020.0,Victoria
-37.389062,144.26715,2020.0,Victoria
-34.75382,142.37483,2019.0,Victoria
-38.21237,145.42873,2015.0,Victoria
-35.85682,145.07628,1982.0,Victoria
-37.77335,144.853355,2026.0,Victoria
-37.41472,147.63018,2017.0,Victoria
-37.805375,145.129008,2025.0,Victoria
-38.125611,145.259213,2017.0,Victoria
-36.60091,141.85002,2019.0,Victoria
-36.92346,147.27627,1976.0,Victoria
-38.02177,141.63781,2017.0,Victoria
-37.9568,147.12629,1973.0,Victoria
-38.10554,145.15784,2010.0,Victoria
-37.98146,145.6592,2015.0,Victoria
-37.83515,145.101589,2018.0,Victoria
-37.388868,144.267693,2024.0,Victoria
-38.79015,146.54298,1977.0,Victoria
-37.869414,145.163069,2019.0,Victoria
-34.76166,142.4827,2017.0,Victoria
-37.838265,147.927265,2024.0,Victoria
-37.388868,144.267693,2025.0,Victoria
-37.6639,142.26276,1988.0,Victoria
-37.777516,145.286836,2024.0,Victoria
-37.838801,144.954815,2018.0,Victoria
-38.343866,143.778288,2022.0,Victoria
-37.09686,148.3126,2022.0,Victoria
-38.580602,143.311106,2023.0,Victoria
-37.865563,144.779365,2022.0,Victoria
-37.2057,148.99979,1986.0,Victoria
-36.80802,144.11313,2003.0,Victoria
-38.35756,141.43005,2004.0,Victoria
-38.504769,142.978232,2025.0,Victoria
-37.3924,144.2674,2011.0,Victoria
-36.14345,144.36993,1992.0,Victoria
-37.851331,145.243226,2018.0,Victoria
-38.00261,141.60568,2013.0,Victoria
-36.46708,148.0454,1998.0,Victoria
-36.31546,147.95871,1998.0,Victoria
-37.388868,144.267693,2025.0,Victoria
-36.45991,141.67577,2019.0,Victoria
-37.93744,146.37176,2021.0,Victoria
-37.809609,145.058928,2021.0,Victoria
-37.90955,141.42061,2016.0,Victoria
-37.65158,144.7381,2004.0,Victoria
-37.82712,144.880761,2020.0,Victoria
-36.942552,144.727278,2017.0,Victoria
-37.388868,144.267693,2023.0,Victoria
-38.00846,141.67013,2016.0,Victoria
-37.92723,145.32469,1984.0,Victoria
-37.719739,145.14611,2023.0,Victoria
-37.388868,144.267693,2022.0,Victoria
-37.5102,144.4215,2022.0,Victoria
-37.388868,144.267693,2023.0,Victoria
-36.099091,145.386003,2021.0,Victoria
-37.1498,146.425,2015.0,Victoria
-37.890045,145.282994,2019.0,Victoria
-37.735223,144.969985,2014.0,Victoria
-37.918892,145.330664,2023.0,Victoria
-36.368332,144.630774,2019.0,Victoria
-36.12425,146.28725,2004.0,Victoria
-38.17975,145.31165,2015.0,Victoria
-37.300275,142.558594,2011.0,Victoria
-36.52425,147.88868,1998.0,Victoria
-36.86293,143.20506,2021.0,Victoria
-38.26353,144.237,2014.0,Victoria
-38.671497,146.164703,2023.0,Victoria
-37.82902,144.82926,1990.0,Victoria
-38.007506,145.128847,2026.0,Victoria
-37.906045,145.204402,2021.0,Victoria
-37.40537,147.5649,2017.0,Victoria
-38.002616,145.130654,2022.0,Victoria
-36.53368,141.80472,2019.0,Victoria
-38.376,145.0102,2015.0,Victoria
-36.11292,146.93098,2025.0,Victoria
-37.58765,145.09903,2003.0,Victoria
-37.85929,145.50937,2012.0,Victoria
-37.27984,142.62253,2020.0,Victoria
-37.079983,148.460239,2023.0,Victoria
-37.68307,145.35331,2015.0,Victoria
-38.680406,145.793578,2021.0,Victoria
-37.720653,145.04844,2024.0,Victoria
-37.74731,145.22321,1992.0,Victoria
-38.1776,141.53993,2014.0,Victoria
-36.9525,148.45905,2021.0,Victoria
-38.272685,146.490767,2020.0,Victoria
-36.86172,147.2621,2002.0,Victoria
-37.8,145.0,2024.0,Victoria
-37.895731,145.234199,2025.0,Victoria
-38.37741,144.90683,2008.0,Victoria
-37.83522,145.22043,2008.0,Victoria
-37.389077,144.26762,2020.0,Victoria
-37.891093,145.155839,2024.0,Victoria
-35.80707,143.79872,2022.0,Victoria
-38.29603,145.00522,2011.0,Victoria
-38.05978,147.55527,2008.0,Victoria
-35.774149,144.224782,2020.0,Victoria
-35.9946,145.0284,2005.0,Victoria
-37.98239,141.53206,2018.0,Victoria
-37.82217,145.33608,2015.0,Victoria
-37.9568,147.70961,1980.0,Victoria
-36.02849,146.44891,2006.0,Victoria
-34.72914,142.35521,2017.0,Victoria
-37.389062,144.26715,2024.0,Victoria
-38.50523,143.42632,2011.0,Victoria
-34.68399,142.33878,2017.0,Victoria
-38.0591,145.65669,2012.0,Victoria
-38.01539,141.15669,2015.0,Victoria
-34.74479,142.36497,2019.0,Victoria
-37.39011,149.50957,2000.0,Victoria
-37.389062,144.26715,2019.0,Victoria
-37.87011,144.755356,2024.0,Victoria
-37.78318,145.33654,2017.0,Victoria
-37.388955,144.266828,2015.0,Victoria
-37.6383,144.9678,2014.0,Victoria
-34.69483,142.34407,2015.0,Victoria
-38.111456,145.290102,2017.0,Victoria
-37.23145,146.50243,1996.0,Victoria
-37.888792,145.017678,2025.0,Victoria
-37.9023,145.20382,2013.0,Victoria
-36.0881,145.55115,2018.0,Victoria
-37.0272,144.4944,2021.0,Victoria
-36.00122,144.224789,2021.0,Victoria
-38.037045,145.31823,2024.0,Victoria
-37.852155,145.236612,2021.0,Victoria
-37.84771,145.591223,2011.0,Victoria
-36.503,141.01793,2019.0,Victoria
-38.319564,146.018489,2026.0,Victoria
-37.1644,144.20658,1996.0,Victoria
-36.8284,146.048,2023.0,Victoria
-36.503,141.01793,2019.0,Victoria
-38.55723,142.91173,2003.0,Victoria
-37.388872,144.267077,2023.0,Victoria
-37.82534,146.75413,1998.0,Victoria
-37.776889,144.894304,2017.0,Victoria
-36.9629,146.33343,1998.0,Victoria
-37.29662,148.26741,2022.0,Victoria
-37.918051,145.257332,2025.0,Victoria
-37.159017,145.294393,2018.0,Victoria
-37.2832,145.2902,2017.0,Victoria
-36.068969,147.736589,2022.0,Victoria
-37.793847,145.006227,2014.0,Victoria
-31.900896,116.184497,2018.0,Western Australia
-33.435965,115.621198,2025.0,Western Australia
-23.10507,113.79275,2017.0,Western Australia
-31.640503,118.213924,2025.0,Western Australia
-31.490364,115.583589,2025.0,Western Australia
-31.286414,119.512669,2019.0,Western Australia
-33.592601,121.512566,2017.0,Western Australia
-32.08285,115.773636,2014.0,Western Australia
-31.900801,116.184562,2018.0,Western Australia
-34.789992,117.717074,2021.0,Western Australia
-21.78909,114.16713,2015.0,Western Australia
-22.4573,113.74339,2014.0,Western Australia
-29.360035,115.732727,2017.0,Western Australia
-31.552194,118.213419,2025.0,Western Australia
-31.900771,116.184524,2024.0,Western Australia
-33.355337,115.74028,2011.0,Western Australia
-33.400595,115.735534,2022.0,Western Australia
-35.027355,117.846308,2025.0,Western Australia
-32.103826,116.067998,2025.0,Western Australia
-32.908445,115.824265,2020.0,Western Australia
-28.84552,114.672472,2024.0,Western Australia
-32.128653,115.777024,2019.0,Western Australia
-29.223791,114.946108,2011.0,Western Australia
-32.661875,117.143045,2017.0,Western Australia
-30.760827,119.340751,2023.0,Western Australia
-32.107869,116.056995,2024.0,Western Australia
-34.397625,118.937911,2025.0,Western Australia
-32.926848,115.855568,2020.0,Western Australia
-30.924022,117.208328,2017.0,Western Australia
-23.06434,113.81765,2016.0,Western Australia
-31.842565,115.761308,2024.0,Western Australia
-30.64382,118.02475,2017.0,Western Australia
-30.518794,116.218872,2017.0,Western Australia
-31.563032,116.715488,2017.0,Western Australia
-33.242638,117.004592,2024.0,Western Australia
-34.624475,118.529756,2024.0,Western Australia
-32.091404,115.828865,2024.0,Western Australia
-31.901328,116.183439,2018.0,Western Australia
-26.500467,114.097217,2016.0,Western Australia
-32.099277,116.045267,2021.0,Western Australia
-32.089455,115.827112,2024.0,Western Australia
-31.90139,116.183475,2018.0,Western Australia
-31.933333,115.75,,Western Australia
-21.8077,114.17969,2014.0,Western Australia
-33.601801,115.807535,2011.0,Western Australia
-31.932474,115.756301,2020.0,Western Australia
-33.762831,115.136085,2024.0,Western Australia
-31.566553,116.501946,2022.0,Western Australia
-30.105855,117.094432,2025.0,Western Australia
-32.733363,115.781537,2020.0,Western Australia
-28.32908,114.998212,2023.0,Western Australia
-29.398328,115.653763,2017.0,Western Australia
-31.797708,116.021279,2024.0,Western Australia
-31.830752,116.267744,2021.0,Western Australia
-32.26994,116.977571,2025.0,Western Australia
-31.694823,115.767951,2025.0,Western Australia
-30.668628,117.950592,2017.0,Western Australia
-30.68605,117.205238,2017.0,Western Australia
-33.67824,115.421379,2024.0,Western Australia
-30.718227,117.935486,2017.0,Western Australia
-23.09022,113.80798,2017.0,Western Australia
-32.125098,116.094967,2021.0,Western Australia
-30.947585,118.105781,2018.0,Western Australia
-28.861506,114.974153,2022.0,Western Australia
-31.809376,116.146172,2024.0,Western Australia
-26.472995,115.53316,2015.0,Western Australia
-33.792844,117.35321,2017.0,Western Australia
-32.57375,115.791012,2021.0,Western Australia
-22.78994,113.77311,2014.0,Western Australia
-33.903164,116.009826,2016.0,Western Australia
-32.089468,115.827083,2024.0,Western Australia
-33.332249,117.754469,2017.0,Western Australia
-32.10136,115.931573,2021.0,Western Australia
-32.798675,117.223434,2017.0,Western Australia
-32.160301,116.02167,2025.0,Western Australia
-24.616667,118.466667,,Western Australia
-29.514167,116.80233,2025.0,Western Australia
-31.901029,116.183883,2024.0,Western Australia
-34.01166,116.086707,2019.0,Western Australia
-31.90133,116.183445,2018.0,Western Australia
-34.762345,118.171698,2024.0,Western Australia
-34.190445,116.044405,2020.0,Western Australia
-32.727195,115.806267,2026.0,Western Australia
-31.785327,115.734694,2019.0,Western Australia
-31.823735,115.829445,2024.0,Western Australia
-31.6942,115.716785,2024.0,Western Australia
-31.910229,115.804195,2025.0,Western Australia
-31.828492,119.464023,2025.0,Western Australia
-34.141562,116.985881,2025.0,Western Australia
-31.873463,116.114582,2021.0,Western Australia
-33.30729,121.931763,2017.0,Western Australia
-30.180748,115.176029,2013.0,Western Australia
-31.9873,116.046186,2022.0,Western Australia
-31.036867,116.044848,2025.0,Western Australia
-30.7179,115.59625,2022.0,Western Australia
-31.875287,116.208804,2024.0,Western Australia
-33.887517,116.422119,2017.0,Western Australia
-34.230294,117.138891,2011.0,Western Australia
-30.860369,118.307298,2020.0,Western Australia
-28.153039,114.66797,2023.0,Western Australia
-26.763689,114.40962,2016.0,Western Australia
-22.76766,113.76128,2015.0,Western Australia
-33.34882,119.68767,2020.0,Western Australia
-27.546018,114.228891,2018.0,Western Australia
-21.80875,114.18105,2014.0,Western Australia
-32.992724,117.035623,2021.0,Western Australia
-31.901339,116.183497,2018.0,Western Australia
-33.54769,121.653328,2017.0,Western Australia
-32.118139,116.074075,2021.0,Western Australia
-34.004646,118.796705,2025.0,Western Australia
-32.838099,115.894273,2021.0,Western Australia
-32.024167,115.980369,2018.0,Western Australia
-31.902299,116.134557,2024.0,Western Australia
-20.454943,118.545042,2021.0,Western Australia
-32.078194,115.830677,2024.0,Western Australia
-34.819147,117.811551,2019.0,Western Australia
-33.362534,116.940257,2019.0,Western Australia
-31.855047,115.952373,2025.0,Western Australia
-33.397052,121.90258,2017.0,Western Australia
-32.020939,115.815467,2024.0,Western Australia
-33.598321,121.243401,2017.0,Western Australia
-31.900771,116.184525,2024.0,Western Australia
-23.06128,113.81903,2013.0,Western Australia
-31.953887,116.047575,2021.0,Western Australia
-32.728355,115.811543,2024.0,Western Australia
-32.812992,115.692291,2022.0,Western Australia
-26.442932,114.211644,2016.0,Western Australia
-32.708634,116.672809,2025.0,Western Australia
-33.908614,115.997836,2021.0,Western Australia
-31.773467,115.800805,2023.0,Western Australia
-21.8429,114.04333,2015.0,Western Australia
-26.103129,113.398013,2014.0,Western Australia
-30.420552,116.347275,2017.0,Western Australia
-31.727591,115.786676,2023.0,Western Australia
-32.013975,118.061447,2025.0,Western Australia
-32.190363,115.941423,2024.0,Western Australia
-33.661709,115.056302,2021.0,Western Australia
-32.086269,115.833122,2023.0,Western Australia
-29.226493,115.63591,2017.0,Western Australia
-32.125577,115.760881,2025.0,Western Australia
-34.2884,116.129097,2022.0,Western Australia
-33.75691,116.80431,2018.0,Western Australia
-30.503709,116.38298,2017.0,Western Australia
-31.766965,117.114258,2018.0,Western Australia
-31.726498,115.737421,2018.0,Western Australia
-32.43604,115.768621,2025.0,Western Australia
-31.871935,116.11308,2020.0,Western Australia
-33.484145,115.586128,2015.0,Western Australia
-31.741884,115.989919,2021.0,Western Australia
-30.81734,117.902165,2018.0,Western Australia
-33.298711,115.705748,2024.0,Western Australia
-33.504759,121.904984,2017.0,Western Australia
-20.389676,118.547169,2023.0,Western Australia
-33.06289,115.872816,2022.0,Western Australia
-31.735886,118.25533,2024.0,Western Australia
-32.091635,115.828257,2024.0,Western Australia
-34.77301,117.702583,2011.0,Western Australia
-31.94772,115.893316,2011.0,Western Australia
-29.245667,115.458755,2017.0,Western Australia
-32.685126,115.77609,2025.0,Western Australia
-33.995147,116.438596,2025.0,Western Australia
-31.9,116.06,2025.0,Western Australia
-31.901461,116.183445,2018.0,Western Australia
-31.911615,116.020402,2022.0,Western Australia
-32.668108,116.880003,2021.0,Western Australia
-31.901359,116.183432,2018.0,Western Australia
-33.772882,118.976644,2025.0,Western Australia
-32.473444,115.78872,2019.0,Western Australia
-33.1,118.466667,,Western Australia
-34.259792,116.127875,2011.0,Western Australia
-33.916565,115.992018,2018.0,Western Australia
-33.488791,115.760109,2021.0,Western Australia
-31.774062,115.731866,2023.0,Western Australia
-33.488913,115.760083,2021.0,Western Australia
-26.898321,115.730933,2016.0,Western Australia
-30.811208,118.76475,2019.0,Western Australia
-27.104715,114.698642,2016.0,Western Australia
-33.488546,115.760162,2025.0,Western Australia
-32.118823,116.069608,2021.0,Western Australia
-32.162446,116.976293,2024.0,Western Australia
-32.685656,117.167559,2015.0,Western Australia
-33.75691,116.80431,2018.0,Western Australia
-31.886267,116.061008,2016.0,Western Australia
-31.891175,116.186135,2024.0,Western Australia
-29.631002,115.461468,2019.0,Western Australia
-34.09964,117.653083,2023.0,Western Australia
-32.29305,115.916247,2012.0,Western Australia
-31.870919,116.059334,2025.0,Western Australia
-31.901001,116.183908,2025.0,Western Australia
-31.039867,118.768729,2018.0,Western Australia
-33.107547,118.444925,2017.0,Western Australia
-20.4987804,116.807488,,Western Australia
-32.267639,115.754319,2016.0,Western Australia
-32.779337,117.200089,2017.0,Western Australia
-30.825164,119.208275,2023.0,Western Australia
-31.897951,116.068621,2022.0,Western Australia
-21.672222,117.166667,,Western Australia
-25.641025,114.51409,2016.0,Western Australia
-33.662728,115.057193,2022.0,Western Australia
-31.533617,118.073461,2025.0,Western Australia
-31.91535,116.075094,2020.0,Western Australia
-32.217164,115.874914,2025.0,Western Australia
-32.023598,116.049911,2025.0,Western Australia
-31.780151,115.794473,2023.0,Western Australia
-34.99496,117.734678,2024.0,Western Australia
-34.988727,117.573679,2025.0,Western Australia
-31.957843,116.049871,2017.0,Western Australia
-32.777262,119.754281,2019.0,Western Australia
-31.350452,115.516852,2021.0,Western Australia
-31.1652,117.745391,2017.0,Western Australia
-22.35873,113.79182,2016.0,Western Australia
-32.494371,115.77125,2019.0,Western Australia
-33.961586,118.611145,2017.0,Western Australia
-27.124746,114.690203,2016.0,Western Australia
-31.696339,115.707117,2018.0,Western Australia
-32.574434,115.802468,2024.0,Western Australia
-32.552341,119.543601,2024.0,Western Australia
-33.745468,116.662445,2017.0,Western Australia
