decimalLatitude,decimalLongitude,year,stateProvince
-35.274741,149.109764,2022.0,Australian Capital Territory
-35.296794,149.129574,2025.0,Australian Capital Territory
-35.495398,148.996737,2004.0,Australian Capital Territory
-35.834128,148.953626,2016.0,Australian Capital Territory
-35.282112,149.13005,2023.0,Australian Capital Territory
-35.197697,149.100418,2021.0,Australian Capital Territory
-35.240622,149.11505,2025.0,Australian Capital Territory
-35.2641,149.154,2017.0,Australian Capital Territory
-35.284488,149.130661,2023.0,Australian Capital Territory
-35.25819,149.109606,1992.0,Australian Capital Territory
-35.349354,149.146874,2017.0,Australian Capital Territory
-35.277878,149.12085,2016.0,Australian Capital Territory
-35.251917,149.19375,2020.0,Australian Capital Territory
-35.433333,148.933333,,Australian Capital Territory
-35.280892,149.119064,2015.0,Australian Capital Territory
-35.303074,149.069292,2020.0,Australian Capital Territory
-35.231,149.169,2017.0,Australian Capital Territory
-35.6353,149.0441,2009.0,Australian Capital Territory
-35.2643,149.155,2017.0,Australian Capital Territory
-35.280441,149.120243,2017.0,Australian Capital Territory
-35.8293,149.083,1997.0,Australian Capital Territory
-35.226,149.174,2017.0,Australian Capital Territory
-35.448592,148.926373,2009.0,Australian Capital Territory
-35.12591,150.681838,2012.0,Australian Capital Territory
-35.718911,148.980156,2017.0,Australian Capital Territory
-35.2318,149.173,2017.0,Australian Capital Territory
-35.254163,148.974319,1991.0,Australian Capital Territory
-35.2623,149.158,2017.0,Australian Capital Territory
-35.270709,149.115427,1991.0,Australian Capital Territory
-35.357838,149.031548,2009.0,Australian Capital Territory
-35.2343,149.174,2017.0,Australian Capital Territory
-35.266655,149.141328,2025.0,Australian Capital Territory
-35.261985,149.153481,2019.0,Australian Capital Territory
-35.280533,149.118928,2016.0,Australian Capital Territory
-35.2824,149.162,2017.0,Australian Capital Territory
-35.515391,148.926115,2009.0,Australian Capital Territory
-35.280705,149.120589,2016.0,Australian Capital Territory
-35.4751,148.914,1993.0,Australian Capital Territory
-35.357636,149.134129,2026.0,Australian Capital Territory
-35.289249,149.118824,2025.0,Australian Capital Territory
-35.32819,148.909928,2007.0,Australian Capital Territory
-35.463573,148.907302,2019.0,Australian Capital Territory
-35.28023,149.119144,2016.0,Australian Capital Territory
-35.288997,149.136397,2023.0,Australian Capital Territory
-35.349878,149.132718,2025.0,Australian Capital Territory
-35.2669,149.15,2017.0,Australian Capital Territory
-35.2344,149.176,2017.0,Australian Capital Territory
-35.263948,149.111967,2025.0,Australian Capital Territory
-35.8923,148.98,1994.0,Australian Capital Territory
-35.282003,149.118849,2022.0,Australian Capital Territory
-35.385759,149.083202,1993.0,Australian Capital Territory
-35.279758,149.121095,2018.0,Australian Capital Territory
-35.2592,149.159,2017.0,Australian Capital Territory
-35.314019,149.161819,2020.0,Australian Capital Territory
-35.4295,148.831,1992.0,Australian Capital Territory
-35.265399,149.109793,1992.0,Australian Capital Territory
-35.2167,149.1333,1998.0,Australian Capital Territory
-35.22215,149.176642,2014.0,Australian Capital Territory
-35.31369,149.16186,2020.0,Australian Capital Territory
-35.244498,149.048338,2009.0,Australian Capital Territory
-35.4492,149.117,1992.0,Australian Capital Territory
-35.427656,149.063399,2017.0,Australian Capital Territory
-35.252138,149.076319,2009.0,Australian Capital Territory
-35.2635,149.17,2017.0,Australian Capital Territory
-35.167353,149.153996,2009.0,Australian Capital Territory
-35.288786,149.127138,2015.0,Australian Capital Territory
-35.3556,149.106,1991.0,Australian Capital Territory
-35.280255,149.120833,2015.0,Australian Capital Territory
-35.2703,149.15,2017.0,Australian Capital Territory
-35.283536,149.122353,2026.0,Australian Capital Territory
-35.277908,149.109879,2023.0,Australian Capital Territory
-35.2527,149.17,2017.0,Australian Capital Territory
-35.168781,149.145624,2025.0,Australian Capital Territory
-35.320803,149.160871,2024.0,Australian Capital Territory
-35.2727,149.151,2017.0,Australian Capital Territory
-35.2248,149.173,2017.0,Australian Capital Territory
-35.278797,149.118373,2016.0,Australian Capital Territory
-35.2643,149.154,2017.0,Australian Capital Territory
-35.379533,149.150262,2017.0,Australian Capital Territory
-35.279651,149.120442,2017.0,Australian Capital Territory
-35.459613,149.119642,2009.0,Australian Capital Territory
-35.2933,148.95,1992.0,Australian Capital Territory
-35.2311,149.173,2017.0,Australian Capital Territory
-35.2825,149.16,2017.0,Australian Capital Territory
-35.279555,149.175505,2018.0,Australian Capital Territory
-35.250161,149.097825,2021.0,Australian Capital Territory
-35.279132,149.120324,2017.0,Australian Capital Territory
-35.262598,149.152322,2018.0,Australian Capital Territory
-35.4654,148.902,1993.0,Australian Capital Territory
-35.300588,149.143016,2025.0,Australian Capital Territory
-35.314027,149.161496,2025.0,Australian Capital Territory
-35.308056,149.124444,2011.0,Australian Capital Territory
-35.313977,149.161803,2025.0,Australian Capital Territory
-35.234,149.173,2017.0,Australian Capital Territory
-35.6287,148.95,1991.0,Australian Capital Territory
-35.463299,148.907501,2019.0,Australian Capital Territory
-35.278725,149.122711,2016.0,Australian Capital Territory
-35.267657,149.110003,2023.0,Australian Capital Territory
-35.2672,149.151,2017.0,Australian Capital Territory
-35.289158,149.118745,2024.0,Australian Capital Territory
-35.290899,149.138012,2019.0,Australian Capital Territory
-35.2344,149.175,2017.0,Australian Capital Territory
-35.301386,149.138052,2025.0,Australian Capital Territory
-35.29423,149.136388,2016.0,Australian Capital Territory
-35.374444,149.063667,2023.0,Australian Capital Territory
-35.27888,149.11815,2015.0,Australian Capital Territory
-35.314042,149.161746,2021.0,Australian Capital Territory
-35.28155,149.128059,2023.0,Australian Capital Territory
-35.337534,149.021988,2009.0,Australian Capital Territory
-35.2473,148.953,1992.0,Australian Capital Territory
-35.2618,149.155,2017.0,Australian Capital Territory
-35.253259,149.032127,2009.0,Australian Capital Territory
-35.2707,149.115,1991.0,Australian Capital Territory
-35.2421,149.172,2017.0,Australian Capital Territory
-35.2674,149.179,2017.0,Australian Capital Territory
-35.237,149.172,2017.0,Australian Capital Territory
-35.363825,149.117998,2015.0,Australian Capital Territory
-35.32,148.914,1992.0,Australian Capital Territory
-35.269712,149.076097,2025.0,Australian Capital Territory
-35.2589,149.16,2017.0,Australian Capital Territory
-35.2277,149.172,2017.0,Australian Capital Territory
-35.314495,149.154339,2018.0,Australian Capital Territory
-35.346519,148.89294,1992.0,Australian Capital Territory
-35.2618,149.161,2017.0,Australian Capital Territory
-35.312853,149.065847,2011.0,Australian Capital Territory
-35.268645,149.110688,2023.0,Australian Capital Territory
-35.281602,149.149223,2024.0,Australian Capital Territory
-35.29708,149.129392,2025.0,Australian Capital Territory
-35.400422,148.846854,1990.0,Australian Capital Territory
-35.2278,149.169,2017.0,Australian Capital Territory
-35.2807,149.120483,2017.0,Australian Capital Territory
-35.433333,148.933333,,Australian Capital Territory
-35.2261,149.173,2017.0,Australian Capital Territory
-33.456003,143.322581,2019.0,New South Wales
-32.231375,150.60653,2004.0,New South Wales
-33.55,150.91667,,New South Wales
-33.810865,151.299264,2025.0,New South Wales
-34.315852,150.919245,2022.0,New South Wales
-30.891861,150.982432,2002.0,New South Wales
-33.156387,149.69945,,New South Wales
-29.95866,150.7615,2014.0,New South Wales
-33.55,150.91667,,New South Wales
-32.160246,150.890265,2009.0,New South Wales
-33.255218,143.175038,2019.0,New South Wales
-33.535434,150.906477,1997.0,New South Wales
-31.89162,150.81118,2012.0,New South Wales
-33.80477,151.2911,2019.0,New South Wales
-33.047365,150.039668,2024.0,New South Wales
-35.115336,150.620779,2024.0,New South Wales
-33.811533,151.301092,2021.0,New South Wales
-33.759113,151.132088,2022.0,New South Wales
-33.55,150.91667,,New South Wales
-33.7245,150.917,2015.0,New South Wales
-35.094539,150.601237,2006.0,New South Wales
-33.256389,143.226916,2019.0,New South Wales
-32.263637,147.640606,2000.0,New South Wales
-34.537378,150.594683,2004.0,New South Wales
-33.750663,151.007487,2016.0,New South Wales
-33.150183,143.345167,2019.0,New South Wales
-36.23911,148.37052,2014.0,New South Wales
-33.219099,143.290712,2019.0,New South Wales
-33.468646,151.43457,2021.0,New South Wales
-29.912271,152.09001,1999.0,New South Wales
-33.039319,150.209543,2011.0,New South Wales
-33.815349,151.298585,2020.0,New South Wales
-33.273909,151.460276,2003.0,New South Wales
-33.55,150.91667,,New South Wales
-28.821552,153.463568,2025.0,New South Wales
-34.119131,150.717246,2018.0,New South Wales
-33.26,143.211189,2019.0,New South Wales
-33.81085,151.299258,2022.0,New South Wales
-33.785667,151.206044,2016.0,New South Wales
-33.455288,143.300152,2019.0,New South Wales
-33.820091,151.29847,2021.0,New South Wales
-33.77394,151.135112,2009.0,New South Wales
-35.87163,148.15979,2013.0,New South Wales
-29.709015,144.188121,2022.0,New South Wales
-35.89493,148.52552,2017.0,New South Wales
-35.852999,147.45814,2022.0,New South Wales
-33.96233,150.87212,2014.0,New South Wales
-33.810877,151.299268,2022.0,New South Wales
-32.191879,149.786804,2013.0,New South Wales
-33.305667,143.280833,2019.0,New South Wales
-33.798513,150.667706,2003.0,New South Wales
-34.065818,150.770188,2018.0,New South Wales
-33.768797,142.909613,2021.0,New South Wales
-33.55,150.91667,,New South Wales
-33.255529,143.176344,2019.0,New South Wales
-34.196105,142.951575,1996.0,New South Wales
-31.7073,150.03775,2012.0,New South Wales
-33.810267,151.298816,2016.0,New South Wales
-33.261582,143.25226,2019.0,New South Wales
-34.174579,142.542184,2017.0,New South Wales
-33.749169,151.159451,2025.0,New South Wales
-33.744576,151.155098,2022.0,New South Wales
-33.810269,151.298999,2017.0,New South Wales
-33.761208,143.00139,2020.0,New South Wales
-34.121021,150.721534,2018.0,New South Wales
-33.810005,151.300204,2023.0,New South Wales
-33.700648,150.972599,2003.0,New South Wales
-33.80477,151.2911,2019.0,New South Wales
-32.377087,149.874154,2015.0,New South Wales
-33.27765,143.177345,2019.0,New South Wales
-35.635964,148.652444,2024.0,New South Wales
-33.071233,151.457989,2014.0,New South Wales
-33.809956,151.299859,2021.0,New South Wales
-33.61534,151.134286,2022.0,New South Wales
-33.255875,143.254691,2019.0,New South Wales
-33.81271,151.04095,2019.0,New South Wales
-32.04372,149.9432,2014.0,New South Wales
-36.23911,148.37052,2014.0,New South Wales
-33.175926,151.472534,2018.0,New South Wales
-33.809956,151.299859,2021.0,New South Wales
-29.397267,153.350482,2017.0,New South Wales
-33.759335,143.00179,2020.0,New South Wales
-33.18402,149.14931,2021.0,New South Wales
-34.318255,150.922226,2024.0,New South Wales
-32.476509,145.504469,2021.0,New South Wales
-29.793547,152.908992,2000.0,New South Wales
-37.079133,149.277352,2002.0,New South Wales
-33.975773,150.965792,2011.0,New South Wales
-32.670406,152.173062,2025.0,New South Wales
-33.379674,150.210172,2017.0,New South Wales
-33.81078,151.302075,2025.0,New South Wales
-33.747002,151.159181,2025.0,New South Wales
-33.805051,151.170611,2025.0,New South Wales
-36.23694,148.248,2014.0,New South Wales
-32.194604,149.681311,2012.0,New South Wales
-33.389897,143.243807,2019.0,New South Wales
-35.87508,148.627421,1997.0,New South Wales
-33.392764,143.267567,2019.0,New South Wales
-33.70364,150.711521,2011.0,New South Wales
-33.391391,151.478154,2017.0,New South Wales
-33.811908,151.302726,2021.0,New South Wales
-33.940532,151.182379,2024.0,New South Wales
-33.55,150.91667,,New South Wales
-33.816586,151.300603,2021.0,New South Wales
-30.787776,150.187698,2011.0,New South Wales
-33.020461,150.056592,2024.0,New South Wales
-33.608502,150.8657,2018.0,New South Wales
-33.810877,151.299268,2022.0,New South Wales
-35.878422,147.591897,2022.0,New South Wales
-33.77356,142.906688,2021.0,New South Wales
-33.392836,143.275448,2019.0,New South Wales
-33.817896,151.298881,2021.0,New South Wales
-32.101399,152.376394,2012.0,New South Wales
-33.809956,151.299859,2021.0,New South Wales
-31.765031,150.831417,2024.0,New South Wales
-33.810005,151.300204,2023.0,New South Wales
-33.809957,151.29987,2021.0,New South Wales
-33.703857,142.99421,2019.0,New South Wales
-30.582748,149.638615,2015.0,New South Wales
-33.810269,151.298999,2017.0,New South Wales
-33.809765,151.298404,2020.0,New South Wales
-33.3977,143.28691,2019.0,New South Wales
-33.808772,151.297103,2022.0,New South Wales
-33.23309,143.261827,2019.0,New South Wales
-33.70406,143.012597,2019.0,New South Wales
-34.527486,150.718006,1998.0,New South Wales
-34.484804,150.4,2016.0,New South Wales
-31.82361,149.52638,,New South Wales
-35.87163,148.15979,2012.0,New South Wales
-33.676516,150.907648,2017.0,New South Wales
-35.45022,148.61464,2022.0,New South Wales
-33.62,151.34,2009.0,New South Wales
-33.320564,143.273097,2019.0,New South Wales
-33.810877,151.299268,2022.0,New South Wales
-34.186132,148.936473,2006.0,New South Wales
-35.362181,149.216098,2016.0,New South Wales
-33.566613,143.273144,2021.0,New South Wales
-35.753033,148.562237,2016.0,New South Wales
-33.815608,151.108814,2024.0,New South Wales
-33.750138,151.165936,2022.0,New South Wales
-33.381891,143.284039,2019.0,New South Wales
-33.810005,151.300204,2023.0,New South Wales
-35.850563,147.522107,2022.0,New South Wales
-33.774582,142.9733,2020.0,New South Wales
-33.809956,151.299859,2021.0,New South Wales
-33.762271,142.933475,2021.0,New South Wales
-33.793154,150.818884,2014.0,New South Wales
-32.616944,151.707453,2021.0,New South Wales
-33.167272,143.324835,2019.0,New South Wales
-33.644495,150.740091,2021.0,New South Wales
-33.392854,143.276594,2019.0,New South Wales
-33.18402,149.14931,2014.0,New South Wales
-34.12351,142.0763,1988.0,New South Wales
-33.55,150.91667,,New South Wales
-32.86521,151.74628,2018.0,New South Wales
-33.55,150.91667,,New South Wales
-33.758382,151.098881,2024.0,New South Wales
-34.483566,150.398154,2016.0,New South Wales
-33.656352,149.99136,2015.0,New South Wales
-33.816235,151.297379,2021.0,New South Wales
-33.240007,143.252672,2019.0,New South Wales
-30.383333,145.58333,1996.0,New South Wales
-33.640568,151.045096,2017.0,New South Wales
-32.751523,151.865329,2000.0,New South Wales
-33.845063,150.632631,2006.0,New South Wales
-33.546783,150.893022,2006.0,New South Wales
-34.037754,150.63685,2006.0,New South Wales
-33.240104,143.22873,2019.0,New South Wales
-33.73842,151.11726,2014.0,New South Wales
-31.94606,150.78197,2014.0,New South Wales
-33.268144,143.159642,2019.0,New South Wales
-33.425946,143.30732,2019.0,New South Wales
-33.407752,143.282965,2019.0,New South Wales
-33.700027,142.990352,2019.0,New South Wales
-33.326978,143.278112,2019.0,New South Wales
-32.207577,150.848404,2019.0,New South Wales
-33.55,150.91667,,New South Wales
-33.808772,151.297103,2022.0,New South Wales
-33.809956,151.299859,2021.0,New South Wales
-32.469895,142.34741,1987.0,New South Wales
-32.167933,149.761395,2005.0,New South Wales
-33.208317,149.019115,2022.0,New South Wales
-33.810287,151.298999,2018.0,New South Wales
-33.55,150.91667,1997.0,New South Wales
-33.740789,151.155908,2023.0,New South Wales
-29.35801,151.91101,2014.0,New South Wales
-32.240418,149.752415,2005.0,New South Wales
-30.662768,149.16491,2019.0,New South Wales
-33.274659,143.171053,2019.0,New South Wales
-29.288613,146.172189,2006.0,New South Wales
-36.23694,148.248,2013.0,New South Wales
-33.764832,142.914711,2021.0,New South Wales
-34.053699,150.863636,2018.0,New South Wales
-34.496346,150.455093,2023.0,New South Wales
-33.275651,143.262817,2019.0,New South Wales
-33.768624,150.733476,1997.0,New South Wales
-33.62507,148.990937,2013.0,New South Wales
-33.405034,142.399737,2017.0,New South Wales
-33.268833,143.311532,2019.0,New South Wales
-33.26528,143.246065,2019.0,New South Wales
-31.94519,150.78709,2014.0,New South Wales
-33.457758,143.296455,2019.0,New South Wales
-32.871019,151.73444,2011.0,New South Wales
-33.801104,150.674062,2002.0,New South Wales
-34.872678,147.579195,2025.0,New South Wales
-33.717486,150.983176,2012.0,New South Wales
-33.18402,149.14931,2013.0,New South Wales
-33.414196,150.191039,2016.0,New South Wales
-30.4538,151.37341,2019.0,New South Wales
-33.55,150.91667,,New South Wales
-30.57532,151.71604,2019.0,New South Wales
-33.805648,151.300041,2016.0,New South Wales
-33.812515,151.299816,2022.0,New South Wales
-34.062827,150.769846,2018.0,New South Wales
-33.284127,143.276079,2019.0,New South Wales
-33.769674,142.990864,2020.0,New South Wales
-33.429261,143.291271,2019.0,New South Wales
-33.64282,150.79657,2013.0,New South Wales
-33.814788,151.297418,2022.0,New South Wales
-33.9968,142.800373,2019.0,New South Wales
-35.619311,150.256688,2021.0,New South Wales
-34.070957,150.773831,2020.0,New South Wales
-34.207896,142.610772,2022.0,New South Wales
-32.865179,145.759212,2015.0,New South Wales
-34.707751,149.787598,2012.0,New South Wales
-32.81951,151.338865,2008.0,New South Wales
-33.384417,141.29425,2009.0,New South Wales
-33.816812,151.296657,2016.0,New South Wales
-30.407702,150.266764,2017.0,New South Wales
-35.08462,150.59267,2015.0,New South Wales
-32.175895,149.775528,2009.0,New South Wales
-33.626389,150.947991,2013.0,New South Wales
-36.23879,148.3763,2014.0,New South Wales
-33.811533,151.301092,2021.0,New South Wales
-28.751473,153.4838,2023.0,New South Wales
-34.521691,142.88268,2022.0,New South Wales
-33.692414,143.104412,2024.0,New South Wales
-33.773356,151.139792,2017.0,New South Wales
-30.459338,151.394839,2017.0,New South Wales
-34.824176,143.515091,2016.0,New South Wales
-32.299819,149.758563,2012.0,New South Wales
-33.812515,151.299816,2022.0,New South Wales
-33.814819,151.297418,2020.0,New South Wales
-28.771137,152.901602,2021.0,New South Wales
-33.55,150.91667,,New South Wales
-33.988923,142.801197,2019.0,New South Wales
-33.8125,151.299873,2021.0,New South Wales
-33.55,150.91667,,New South Wales
-33.685651,151.272355,2025.0,New South Wales
-33.700427,142.963398,2019.0,New South Wales
-32.270377,151.923662,2014.0,New South Wales
-31.71185,150.03805,2019.0,New South Wales
-33.675202,150.908968,2017.0,New South Wales
-33.55,150.91667,,New South Wales
-33.840008,151.234548,2024.0,New South Wales
-33.160407,141.192348,2024.0,New South Wales
-33.469607,143.331682,2019.0,New South Wales
-33.214591,141.14094,2024.0,New South Wales
-32.883816,151.49222,2016.0,New South Wales
-33.6637,150.903443,2021.0,New South Wales
-33.81086,151.299191,2023.0,New South Wales
-33.724884,150.968743,2020.0,New South Wales
-35.851825,147.522805,2022.0,New South Wales
-33.815484,151.298373,2022.0,New South Wales
-33.816182,151.297339,2022.0,New South Wales
-33.812508,151.299808,2022.0,New South Wales
-33.814783,151.29743,2021.0,New South Wales
-31.62729,144.306615,2010.0,New South Wales
-33.68623,150.943291,2014.0,New South Wales
-33.707957,151.121262,2019.0,New South Wales
-34.1225,148.5663,2025.0,New South Wales
-34.116488,150.655517,2021.0,New South Wales
-32.424308,141.170683,2012.0,New South Wales
-36.23879,148.3763,2014.0,New South Wales
-34.41705,150.584088,2014.0,New South Wales
-35.94373,148.92001,2013.0,New South Wales
-36.693548,148.474844,2021.0,New South Wales
-34.11753,150.711106,2018.0,New South Wales
-33.518242,150.872818,2012.0,New South Wales
-33.816352,151.298036,2021.0,New South Wales
-37.0,149.0,2013.0,New South Wales
-33.693902,151.297563,2021.0,New South Wales
-34.074096,150.761885,2018.0,New South Wales
-31.7073,150.03775,2013.0,New South Wales
-29.007581,152.068637,2018.0,New South Wales
-33.419288,143.283397,2019.0,New South Wales
-33.822087,151.299902,2024.0,New South Wales
-33.252899,143.260132,2019.0,New South Wales
-33.643631,150.873462,2022.0,New South Wales
-35.89493,148.52552,2013.0,New South Wales
-33.321607,143.278652,2019.0,New South Wales
-33.77863,151.203909,2019.0,New South Wales
-33.699988,143.016785,2019.0,New South Wales
-36.36046,149.33224,2015.0,New South Wales
-33.815349,151.298585,2020.0,New South Wales
-33.460246,151.437754,2022.0,New South Wales
-33.238508,149.654048,2015.0,New South Wales
-33.237521,143.30346,2019.0,New South Wales
-29.004068,152.064621,2018.0,New South Wales
-33.768329,142.994154,2020.0,New South Wales
-35.015,149.112778,,New South Wales
-33.732384,151.2164,2017.0,New South Wales
-32.801896,151.727775,2008.0,New South Wales
-33.428727,143.273258,2019.0,New South Wales
-33.400548,143.284758,2019.0,New South Wales
-33.321043,149.08517,2015.0,New South Wales
-33.350593,148.732368,2017.0,New South Wales
-33.769385,142.923623,2021.0,New South Wales
-33.81086,151.299191,2023.0,New South Wales
-33.155713,143.351919,2022.0,New South Wales
-33.748595,151.128444,2018.0,New South Wales
-33.81085,151.299258,2022.0,New South Wales
-29.82941,151.13373,2021.0,New South Wales
-33.04055,150.023254,2024.0,New South Wales
-37.020864,148.811665,2006.0,New South Wales
-33.269074,143.15487,2019.0,New South Wales
-33.55,150.91667,,New South Wales
-33.998728,142.803007,2019.0,New South Wales
-33.333102,143.266842,2019.0,New South Wales
-33.416464,143.289496,2019.0,New South Wales
-33.465651,143.3186,2019.0,New South Wales
-34.13959,148.63587,2015.0,New South Wales
-34.174579,142.542184,2018.0,New South Wales
-34.067827,150.768074,2024.0,New South Wales
-30.583737,149.226754,2020.0,New South Wales
-30.4538,151.37341,2014.0,New South Wales
-33.810917,151.298911,2020.0,New South Wales
-30.090331,152.132485,1992.0,New South Wales
-34.455254,150.52845,2014.0,New South Wales
-35.569372,149.150831,1999.0,New South Wales
-32.865179,145.759212,2015.0,New South Wales
-34.057035,150.77784,2025.0,New South Wales
-36.645923,148.244707,1999.0,New South Wales
-33.816048,151.297621,2015.0,New South Wales
-33.320878,143.274818,2019.0,New South Wales
-33.261131,143.241697,2019.0,New South Wales
-33.809956,151.299859,2021.0,New South Wales
-33.259692,143.211455,2019.0,New South Wales
-33.760452,142.986843,2020.0,New South Wales
-33.654535,150.79517,2004.0,New South Wales
-36.653579,148.498609,2021.0,New South Wales
-35.342747,148.216755,2003.0,New South Wales
-33.74459,151.14036,2017.0,New South Wales
-34.624846,150.797553,2000.0,New South Wales
-33.034694,150.030475,2024.0,New South Wales
-33.681841,151.189521,2017.0,New South Wales
-33.812508,151.299808,2022.0,New South Wales
-36.23879,148.3763,2014.0,New South Wales
-33.81085,151.299258,2022.0,New South Wales
-29.085616,151.96586,2003.0,New South Wales
-33.70498,143.011412,2019.0,New South Wales
-34.629505,150.800909,2000.0,New South Wales
-32.773214,152.08168,2014.0,New South Wales
-30.878125,151.753982,2017.0,New South Wales
-30.895436,151.963543,2021.0,New South Wales
-34.519069,142.88291,2022.0,New South Wales
-33.347771,151.28645,2025.0,New South Wales
-33.449699,143.300424,2019.0,New South Wales
-34.656483,150.311188,2020.0,New South Wales
-34.41705,150.584088,2014.0,New South Wales
-32.82822,151.707016,2020.0,New South Wales
-33.576235,150.89124,2024.0,New South Wales
-33.822826,151.1442,2003.0,New South Wales
-28.765221,153.250977,2006.0,New South Wales
-33.808478,151.297252,2015.0,New South Wales
-34.883115,147.259369,2017.0,New South Wales
-33.187259,143.299363,2019.0,New South Wales
-32.35394,150.10271,2012.0,New South Wales
-36.17846,149.0719,2013.0,New South Wales
-36.245616,148.206264,2008.0,New South Wales
-35.843344,148.57489,2020.0,New South Wales
-33.473359,143.317838,2019.0,New South Wales
-33.243418,143.282361,2019.0,New South Wales
-33.18402,149.14931,2014.0,New South Wales
-33.739728,151.268755,2024.0,New South Wales
-35.079722,148.950556,,New South Wales
-33.172438,143.317335,2019.0,New South Wales
-33.388098,143.28099,2019.0,New South Wales
-32.487292,151.070188,2015.0,New South Wales
-36.36046,149.33224,2012.0,New South Wales
-33.667823,151.180969,2001.0,New South Wales
-34.498565,150.456783,2023.0,New South Wales
-33.811169,151.299511,2015.0,New South Wales
-35.18569,148.25111,2015.0,New South Wales
-33.923119,150.760123,2017.0,New South Wales
-33.3581,143.209426,2019.0,New South Wales
-33.81086,151.299191,2022.0,New South Wales
-34.689924,149.957137,2014.0,New South Wales
-36.23879,148.3763,2014.0,New South Wales
-30.483225,151.639715,2025.0,New South Wales
-33.810877,151.299268,2022.0,New South Wales
-29.867037,147.421365,2025.0,New South Wales
-33.764842,151.299287,2025.0,New South Wales
-33.164634,151.492705,2008.0,New South Wales
-29.875646,152.920759,2025.0,New South Wales
-35.458076,150.371843,2004.0,New South Wales
-36.103015,148.504309,2020.0,New South Wales
-32.658705,144.6874,1990.0,New South Wales
-33.197037,145.120204,2011.0,New South Wales
-32.268852,151.926823,2021.0,New South Wales
-36.676714,148.674368,1981.0,New South Wales
-34.455254,150.52845,2014.0,New South Wales
-33.213616,141.128176,2024.0,New South Wales
-34.149571,150.447093,1997.0,New South Wales
-33.372832,150.080084,2010.0,New South Wales
-37.04339,149.56264,2020.0,New South Wales
-34.350756,145.786692,2005.0,New South Wales
-33.717042,151.116346,2026.0,New South Wales
-33.977846,142.85103,2020.0,New South Wales
-33.362868,143.209045,2019.0,New South Wales
-33.816352,151.298036,2020.0,New South Wales
-34.086236,150.588452,2009.0,New South Wales
-33.296158,148.972186,2020.0,New South Wales
-33.047365,150.039668,2024.0,New South Wales
-33.623267,151.141997,2017.0,New South Wales
-33.774708,151.084244,2015.0,New South Wales
-33.814788,151.297418,2022.0,New South Wales
-30.516889,151.978487,2005.0,New South Wales
-34.063974,150.768304,2015.0,New South Wales
-33.041078,150.03881,2024.0,New South Wales
-34.258853,142.685906,2016.0,New South Wales
-33.100745,151.633301,2011.0,New South Wales
-34.197751,142.581219,2022.0,New South Wales
-33.55,150.91667,,New South Wales
-33.68823,151.15327,2019.0,New South Wales
-33.815675,151.299356,2022.0,New South Wales
-30.729533,141.000383,2009.0,New South Wales
-29.358586,146.148135,1998.0,New South Wales
-33.809956,151.299859,2021.0,New South Wales
-30.39183,149.71447,2009.0,New South Wales
-36.89272,149.89807,2019.0,New South Wales
-33.815349,151.298585,2020.0,New South Wales
-33.757385,151.228952,2009.0,New South Wales
-33.717226,151.117161,2025.0,New South Wales
-33.811244,151.299736,2020.0,New South Wales
-30.516428,153.008381,,New South Wales
-34.135545,146.025061,2004.0,New South Wales
-37.160152,149.521634,1991.0,New South Wales
-34.50847,150.40794,2019.0,New South Wales
-33.810005,151.300203,2022.0,New South Wales
-29.00775,152.068934,2019.0,New South Wales
-33.771417,142.988531,2020.0,New South Wales
-35.339093,148.206181,1979.0,New South Wales
-32.6714,152.174716,2017.0,New South Wales
-33.55,150.91667,,New South Wales
-35.998943,148.460183,2013.0,New South Wales
-30.652671,149.173933,2020.0,New South Wales
-34.271269,142.680676,2018.0,New South Wales
-34.067912,150.764667,2018.0,New South Wales
-34.41705,150.584088,2014.0,New South Wales
-34.47054,150.895331,2022.0,New South Wales
-33.696909,142.973549,2019.0,New South Wales
-33.91977,151.25464,2017.0,New South Wales
-30.656725,149.142491,2019.0,New South Wales
-33.75276,151.107116,2021.0,New South Wales
-34.423527,143.396401,1996.0,New South Wales
-33.809975,151.299869,2020.0,New South Wales
-33.472022,151.436631,2024.0,New South Wales
-32.369233,151.924953,2013.0,New South Wales
-33.55,150.91667,,New South Wales
-33.812979,151.295402,2015.0,New South Wales
-31.284969,151.18155,1993.0,New South Wales
-36.23911,148.37052,2014.0,New South Wales
-29.128167,141.08887,2022.0,New South Wales
-33.75512,150.748606,2025.0,New South Wales
-33.867487,151.20699,2015.0,New South Wales
-30.448256,152.895888,1997.0,New South Wales
-35.871011,150.058121,2014.0,New South Wales
-33.18402,149.14931,2018.0,New South Wales
-30.662768,149.16491,2019.0,New South Wales
-33.809765,151.298404,2020.0,New South Wales
-33.761396,142.960022,2020.0,New South Wales
-33.731624,151.098826,2019.0,New South Wales
-33.760913,151.140484,2018.0,New South Wales
-33.294052,143.17567,2019.0,New South Wales
-33.761194,143.001015,2020.0,New South Wales
-34.423527,143.396401,1995.0,New South Wales
-32.954038,142.947282,1995.0,New South Wales
-33.812358,151.299412,2016.0,New South Wales
-34.849135,150.73352,2022.0,New South Wales
-33.392705,150.265919,2009.0,New South Wales
-33.255505,143.177936,2019.0,New South Wales
-33.68885,151.29558,2019.0,New South Wales
-35.94373,148.92001,2013.0,New South Wales
-28.343065,152.490234,2009.0,New South Wales
-34.41705,150.584088,2014.0,New South Wales
-33.96651,150.87207,2014.0,New South Wales
-32.727381,151.996109,2024.0,New South Wales
-33.55,150.91667,,New South Wales
-35.261186,149.602468,2019.0,New South Wales
-33.658433,151.136101,2019.0,New South Wales
-33.040897,150.030695,2024.0,New South Wales
-31.946763,151.429933,1992.0,New South Wales
-33.809956,151.299859,2021.0,New South Wales
-36.23911,148.37052,2014.0,New South Wales
-34.116907,150.731056,2018.0,New South Wales
-33.458898,143.299846,2019.0,New South Wales
-33.787141,150.655661,2004.0,New South Wales
-33.76484,151.231653,2004.0,New South Wales
-30.4538,151.37341,2021.0,New South Wales
-33.810877,151.299268,2022.0,New South Wales
-33.258002,143.209998,2019.0,New South Wales
-32.787437,152.112386,2009.0,New South Wales
-33.358215,151.498493,2023.0,New South Wales
-33.81086,151.299191,2022.0,New South Wales
-33.034694,150.030475,2024.0,New South Wales
-35.074592,149.67897,2019.0,New South Wales
-33.625841,150.800486,2009.0,New South Wales
-33.810439,151.300875,2021.0,New South Wales
-29.484896,149.858828,2010.0,New South Wales
-33.81086,151.299191,2023.0,New South Wales
-34.139564,150.780889,2014.0,New South Wales
-34.41705,150.584088,2014.0,New South Wales
-33.809956,151.299859,2021.0,New South Wales
-35.361462,149.215326,2017.0,New South Wales
-33.382119,151.261601,2008.0,New South Wales
-34.51576,148.02754,2015.0,New South Wales
-33.314436,143.284345,2019.0,New South Wales
-30.334936,147.524473,1996.0,New South Wales
-33.990772,142.809553,2019.0,New South Wales
-33.815484,151.298373,2022.0,New South Wales
-33.55,150.91667,,New South Wales
-33.81086,151.299191,2022.0,New South Wales
-33.809956,151.299859,2021.0,New South Wales
-34.219829,142.666498,2016.0,New South Wales
-34.081609,150.764084,2020.0,New South Wales
-32.192745,149.7431,2019.0,New South Wales
-33.170562,143.314296,2019.0,New South Wales
-33.977899,142.847102,2020.0,New South Wales
-33.265023,143.24654,2019.0,New South Wales
-29.093313,141.693863,1993.0,New South Wales
-33.810178,151.300254,2021.0,New South Wales
-33.320236,143.280182,2019.0,New South Wales
-35.996622,148.455292,2018.0,New South Wales
-34.679502,150.709669,2023.0,New South Wales
-33.809956,151.299859,2021.0,New South Wales
-33.214591,141.14094,2024.0,New South Wales
-33.810439,151.300875,2021.0,New South Wales
-33.18402,149.14931,2013.0,New South Wales
-32.675586,145.428065,1979.0,New South Wales
-30.57532,151.71604,2012.0,New South Wales
-33.813,150.79776,2017.0,New South Wales
-33.390723,150.204369,2018.0,New South Wales
-35.387035,147.065228,2016.0,New South Wales
-34.41705,150.584088,2014.0,New South Wales
-33.32939,150.098593,2009.0,New South Wales
-35.361624,149.215635,2016.0,New South Wales
-35.853419,147.520353,2022.0,New South Wales
-34.940887,149.012097,2008.0,New South Wales
-35.364532,149.319595,2021.0,New South Wales
-32.385251,149.916799,2025.0,New South Wales
-33.8125,151.299873,2021.0,New South Wales
-33.20023,151.17089,2017.0,New South Wales
-35.859527,147.435785,2022.0,New South Wales
-36.900533,149.608439,1991.0,New South Wales
-30.07591,152.16789,2021.0,New South Wales
-29.740875,151.351744,2023.0,New South Wales
-30.457862,149.804857,2023.0,New South Wales
-33.034236,150.038778,2024.0,New South Wales
-34.225521,142.681705,2017.0,New South Wales
-33.102899,151.65039,2017.0,New South Wales
-33.805648,151.300041,2016.0,New South Wales
-33.55,150.91667,,New South Wales
-35.156709,150.600239,2011.0,New South Wales
-33.473123,151.437797,2024.0,New South Wales
-31.971339,150.069097,2018.0,New South Wales
-34.065593,150.766815,2025.0,New South Wales
-32.490935,151.068957,2018.0,New South Wales
-33.815349,151.298585,2020.0,New South Wales
-35.319416,150.467219,2023.0,New South Wales
-31.705151,148.642439,2025.0,New South Wales
-33.809956,151.299859,2021.0,New South Wales
-34.85022,150.74157,2018.0,New South Wales
-33.434583,150.223178,2019.0,New South Wales
-35.524941,144.95967,2025.0,New South Wales
-33.145507,143.372371,2019.0,New South Wales
-33.60843,141.039339,1999.0,New South Wales
-33.048529,150.024662,2023.0,New South Wales
-33.034694,150.030475,2024.0,New South Wales
-33.68028,150.913141,2003.0,New South Wales
-35.084642,150.247415,,New South Wales
-30.488906,151.643114,2016.0,New South Wales
-31.8853,150.083896,2018.0,New South Wales
-33.96661,150.86859,2014.0,New South Wales
-34.498455,150.457171,2023.0,New South Wales
-33.012591,150.059881,2024.0,New South Wales
-36.613784,148.251784,2014.0,New South Wales
-33.810258,151.298816,2020.0,New South Wales
-33.380327,143.224823,2019.0,New South Wales
-33.232944,151.557426,2011.0,New South Wales
-33.015252,151.63072,2004.0,New South Wales
-33.883335,151.18333,,New South Wales
-34.197751,142.581219,2022.0,New South Wales
-34.495406,150.454631,2023.0,New South Wales
-35.850282,148.456653,2021.0,New South Wales
-33.338578,143.164059,2019.0,New South Wales
-32.221687,150.835907,2019.0,New South Wales
-34.119945,150.721715,2018.0,New South Wales
-33.814184,151.297161,2018.0,New South Wales
-33.77062,142.922644,2021.0,New South Wales
-33.484717,149.308662,2009.0,New South Wales
-34.260905,142.72966,2019.0,New South Wales
-33.816352,151.298036,2020.0,New South Wales
-33.774149,142.977034,2020.0,New South Wales
-35.205947,147.262468,2020.0,New South Wales
-33.939817,150.97676,2017.0,New South Wales
-34.599212,144.811833,2014.0,New South Wales
-35.852064,147.463026,2022.0,New South Wales
-36.36494,149.33226,2018.0,New South Wales
-34.325816,148.643944,2020.0,New South Wales
-33.909864,151.192817,2023.0,New South Wales
-31.94967,150.78671,2020.0,New South Wales
-32.769938,151.342109,2020.0,New South Wales
-33.746003,150.897553,2026.0,New South Wales
-34.90054,150.60367,2008.0,New South Wales
-36.697722,149.440405,2003.0,New South Wales
-33.812386,151.299454,2015.0,New South Wales
-33.812532,151.299813,2022.0,New South Wales
-31.503629,150.556641,2015.0,New South Wales
-35.473549,149.54464,2011.0,New South Wales
-36.70126,148.65626,2013.0,New South Wales
-32.970717,142.933033,1995.0,New South Wales
-33.624586,150.744953,2006.0,New South Wales
-36.23694,148.248,2013.0,New South Wales
-33.361812,143.235962,2019.0,New South Wales
-33.810287,151.298999,2018.0,New South Wales
-33.255759,143.282845,2019.0,New South Wales
-30.505552,152.889574,,New South Wales
-33.385565,143.241698,2019.0,New South Wales
-33.55,150.91667,,New South Wales
-33.97129,150.84506,2014.0,New South Wales
-33.034694,150.030475,2024.0,New South Wales
-36.613784,148.251784,2014.0,New South Wales
-30.305892,153.084363,2024.0,New South Wales
-34.317859,150.90789,2025.0,New South Wales
-31.7073,150.03775,2015.0,New South Wales
-33.272404,151.468356,2009.0,New South Wales
-33.41099,143.248973,2019.0,New South Wales
-33.674932,142.930776,2019.0,New South Wales
-31.428553,152.879992,2018.0,New South Wales
-30.662768,149.16491,2019.0,New South Wales
-33.700297,151.11167,2025.0,New South Wales
-34.376253,147.445002,1996.0,New South Wales
-35.89047,148.52555,2014.0,New South Wales
-33.809744,151.299485,2015.0,New South Wales
-33.419837,151.458893,2009.0,New South Wales
-32.94168,151.65837,2019.0,New South Wales
-31.8853,150.083896,2018.0,New South Wales
-33.963607,150.873056,2007.0,New South Wales
-36.63243,148.617488,1981.0,New South Wales
-33.671231,142.925132,2019.0,New South Wales
-33.041078,150.03881,2024.0,New South Wales
-32.713581,152.163649,2009.0,New South Wales
-33.958596,150.237007,2009.0,New South Wales
-35.87163,148.15979,2013.0,New South Wales
-33.707448,151.15871,2024.0,New South Wales
-30.45806,151.37862,2013.0,New South Wales
-30.4585,151.37374,2019.0,New South Wales
-37.39239,149.887417,,New South Wales
-35.89493,148.52552,2016.0,New South Wales
-33.444734,143.293328,2019.0,New South Wales
-33.098732,151.65507,2014.0,New South Wales
-33.257352,143.15962,2019.0,New South Wales
-34.363089,148.409501,1981.0,New South Wales
-32.264661,148.523012,2000.0,New South Wales
-33.165763,143.313561,2019.0,New South Wales
-33.810258,151.298816,2020.0,New South Wales
-33.822108,151.298927,2021.0,New South Wales
-33.99916,142.804235,2019.0,New South Wales
-31.208103,147.337646,2011.0,New South Wales
-33.341883,143.160729,2019.0,New South Wales
-32.100205,151.764302,1992.0,New South Wales
-34.1225,148.5663,2025.0,New South Wales
-33.041078,150.03881,2024.0,New South Wales
-34.126936,150.718914,2018.0,New South Wales
-33.748453,151.128698,2020.0,New South Wales
-33.163978,143.331296,2019.0,New South Wales
-34.455254,150.52845,2014.0,New South Wales
-33.441586,143.31432,2019.0,New South Wales
-34.816481,149.999642,2009.0,New South Wales
-34.118166,150.720024,2018.0,New South Wales
-33.814514,151.297478,2018.0,New South Wales
-33.762319,142.948179,2021.0,New South Wales
-30.621094,149.136656,2019.0,New South Wales
-34.115974,150.724051,2018.0,New South Wales
-33.378932,150.198052,2022.0,New South Wales
-34.254655,145.287465,2004.0,New South Wales
-34.135545,146.025061,2004.0,New South Wales
-33.694675,143.017869,2019.0,New South Wales
-34.174579,142.542184,2018.0,New South Wales
-32.91891,151.773707,2018.0,New South Wales
-31.7073,150.03775,2015.0,New South Wales
-33.200458,143.295363,2019.0,New South Wales
-33.815349,151.298585,2020.0,New South Wales
-36.651247,148.500513,2020.0,New South Wales
-33.809956,151.299859,2021.0,New South Wales
-33.349384,150.048355,2012.0,New South Wales
-33.280684,143.264361,2019.0,New South Wales
-33.259765,143.243967,2019.0,New South Wales
-34.182385,150.991863,2024.0,New South Wales
-31.71184,150.03279,2017.0,New South Wales
-34.372863,150.36402,2003.0,New South Wales
-30.883903,151.877965,2020.0,New South Wales
-33.417135,143.263169,2019.0,New South Wales
-33.814719,151.299278,2021.0,New South Wales
-34.005748,150.82293,2015.0,New South Wales
-33.39518,143.279809,2019.0,New South Wales
-33.815675,151.299356,2022.0,New South Wales
-31.288373,148.850447,2021.0,New South Wales
-35.065703,150.65326,2023.0,New South Wales
-33.739712,151.118847,2018.0,New South Wales
-33.94908,151.16031,2018.0,New South Wales
-35.39961,148.43913,2021.0,New South Wales
-32.886597,151.409557,2008.0,New South Wales
-30.416666,145.6,1996.0,New South Wales
-34.749528,149.732822,2021.0,New South Wales
-35.85518,147.459675,2022.0,New South Wales
-33.804888,150.669719,2014.0,New South Wales
-30.891822,151.929601,2021.0,New South Wales
-33.808478,151.297252,2015.0,New South Wales
-33.639162,151.133597,,New South Wales
-33.533333,145.08333,1996.0,New South Wales
-31.370367,145.339583,2011.0,New South Wales
-33.812358,151.299412,2016.0,New South Wales
-34.06615,150.769988,2018.0,New South Wales
-33.927256,150.830413,1999.0,New South Wales
-33.687234,142.928607,2021.0,New South Wales
-32.731892,152.032149,2026.0,New South Wales
-32.024817,143.662061,2018.0,New South Wales
-37.136014,149.575424,1999.0,New South Wales
-33.04055,150.023254,2024.0,New South Wales
-33.255861,150.152241,2009.0,New South Wales
-35.267191,150.476224,2024.0,New South Wales
-37.156838,149.533346,1993.0,New South Wales
-32.976412,151.658707,2014.0,New South Wales
-33.325095,143.276218,2019.0,New South Wales
-36.577146,149.761766,1997.0,New South Wales
-34.174579,142.542184,2018.0,New South Wales
-30.26733,145.380153,2009.0,New South Wales
-32.163774,149.855072,2012.0,New South Wales
-33.117214,151.479093,2003.0,New South Wales
-32.264661,148.523012,2005.0,New South Wales
-36.23911,148.37052,2014.0,New South Wales
-33.75592,151.110928,2024.0,New South Wales
-34.133986,150.562497,2006.0,New South Wales
-32.261694,150.717409,2010.0,New South Wales
-32.128377,149.91624,2012.0,New South Wales
-33.161357,143.312363,2019.0,New South Wales
-33.015182,150.031434,2023.0,New South Wales
-37.251892,149.893712,2024.0,New South Wales
-33.671229,151.115667,2015.0,New South Wales
-33.580525,143.20524,2019.0,New South Wales
-33.385726,143.23978,2019.0,New South Wales
-33.805648,151.300041,2016.0,New South Wales
-33.809765,151.298404,2020.0,New South Wales
-32.446225,151.00737,2006.0,New South Wales
-33.809744,151.299485,2015.0,New South Wales
-34.301622,150.940696,2017.0,New South Wales
-33.703523,143.006734,2019.0,New South Wales
-33.812988,151.295402,2017.0,New South Wales
-32.741323,151.867534,2011.0,New South Wales
-33.358151,143.228143,2019.0,New South Wales
-33.81481,151.297408,2021.0,New South Wales
-34.197751,142.581219,2022.0,New South Wales
-29.394596,153.208749,2009.0,New South Wales
-34.874922,150.60597,2024.0,New South Wales
-33.8785,151.08176,2011.0,New South Wales
-30.407702,150.266764,2017.0,New South Wales
-35.132,148.669,2017.0,New South Wales
-34.855583,150.748077,2018.0,New South Wales
-33.211947,141.166921,2024.0,New South Wales
-30.379417,150.028775,2001.0,New South Wales
-33.79903,150.66737,2013.0,New South Wales
-33.266602,143.290499,2019.0,New South Wales
-32.218742,150.846542,2018.0,New South Wales
-35.361584,149.21522,2017.0,New South Wales
-36.129418,149.084907,1981.0,New South Wales
-28.840012,153.433771,2009.0,New South Wales
-31.620303,152.734891,2024.0,New South Wales
-34.107528,150.702171,2018.0,New South Wales
-33.811533,151.301092,2021.0,New South Wales
-33.809765,151.298404,2020.0,New South Wales
-34.126615,150.719064,2018.0,New South Wales
-32.949229,151.677924,2009.0,New South Wales
-32.06849,145.036023,1998.0,New South Wales
-33.810161,151.300298,2022.0,New South Wales
-33.697221,143.007851,2019.0,New South Wales
-33.354341,151.420975,2021.0,New South Wales
-35.480687,149.205637,2019.0,New South Wales
-33.462868,143.314894,2019.0,New South Wales
-35.162891,148.121027,2013.0,New South Wales
-34.496041,150.454951,2021.0,New South Wales
-36.70126,148.65626,2013.0,New South Wales
-35.04452,148.38453,2013.0,New South Wales
-33.613916,150.876149,,New South Wales
-28.554558,153.502638,2025.0,New South Wales
-33.167212,143.324898,2022.0,New South Wales
-33.98842,151.235057,2009.0,New South Wales
-30.4585,151.37374,2013.0,New South Wales
-34.01069,145.085421,2005.0,New South Wales
-36.05075,148.517678,2010.0,New South Wales
-34.944755,149.089473,2007.0,New South Wales
-33.942933,151.190198,2009.0,New South Wales
-30.45806,151.37862,2021.0,New South Wales
-36.23879,148.3763,2021.0,New South Wales
-35.89047,148.52555,2021.0,New South Wales
-35.852999,147.45814,2022.0,New South Wales
-33.77008,142.97886,2020.0,New South Wales
-30.521143,152.745718,,New South Wales
-36.36046,149.33224,2017.0,New South Wales
-33.8785,151.08176,2017.0,New South Wales
-30.590385,149.204123,2020.0,New South Wales
-34.118868,150.716312,2018.0,New South Wales
-32.04372,149.9432,2012.0,New South Wales
-33.449806,149.792123,2003.0,New South Wales
-30.449862,151.624803,2020.0,New South Wales
-32.473542,142.343847,1995.0,New South Wales
-31.594056,144.917694,2009.0,New South Wales
-33.781129,151.106667,2018.0,New South Wales
-33.79796,150.65848,2013.0,New South Wales
-33.271551,143.173562,2019.0,New South Wales
-33.321047,149.085112,2023.0,New South Wales
-34.594756,150.862058,2014.0,New South Wales
-30.534914,150.11544,2017.0,New South Wales
-30.314802,141.959839,2009.0,New South Wales
-33.343125,143.289057,2019.0,New South Wales
-30.872025,151.772347,2016.0,New South Wales
-32.762089,151.835216,2023.0,New South Wales
-33.533333,145.08333,1996.0,New South Wales
-31.422496,145.823314,2022.0,New South Wales
-35.12231,149.608433,2017.0,New South Wales
-35.375597,147.07464,2017.0,New South Wales
-34.074727,150.759239,2021.0,New South Wales
-33.811533,151.301092,2021.0,New South Wales
-33.286861,143.244497,2019.0,New South Wales
-32.258674,150.722961,2022.0,New South Wales
-35.075707,150.680316,2010.0,New South Wales
-30.4585,151.37374,2013.0,New South Wales
-34.51576,148.02754,2013.0,New South Wales
-33.254529,143.177126,2019.0,New South Wales
-36.059008,146.949939,2023.0,New South Wales
-33.261047,151.481048,2009.0,New South Wales
-34.959568,148.591583,1997.0,New South Wales
-33.809956,151.299859,2021.0,New South Wales
-33.818137,151.075843,2022.0,New South Wales
-34.301496,150.940898,2017.0,New South Wales
-34.197751,142.581219,2022.0,New South Wales
-32.24165,147.33852,2018.0,New South Wales
-33.471516,151.436638,2025.0,New South Wales
-36.55988,148.26448,2021.0,New South Wales
-30.662768,149.16491,2019.0,New South Wales
-30.4538,151.37341,2014.0,New South Wales
-34.41705,150.584088,2014.0,New South Wales
-33.679821,142.957969,2021.0,New South Wales
-34.579161,150.810099,2025.0,New South Wales
-36.36494,149.33226,2015.0,New South Wales
-34.02167,151.157155,2006.0,New South Wales
-33.803898,151.170196,2025.0,New South Wales
-34.115008,149.730952,1998.0,New South Wales
-33.613027,150.894207,2017.0,New South Wales
-32.720369,151.509684,2008.0,New South Wales
-34.688809,150.002404,2007.0,New South Wales
-33.239108,143.270289,2019.0,New South Wales
-34.51345,150.361543,2023.0,New South Wales
-33.472202,151.437546,2018.0,New South Wales
-33.363679,143.300339,2019.0,New South Wales
-35.80316,144.893217,2024.0,New South Wales
-34.41705,150.584088,2014.0,New South Wales
-32.834578,151.356462,2011.0,New South Wales
-33.295228,143.172598,2019.0,New South Wales
-33.86885,151.20933,2013.0,New South Wales
-33.365748,143.269957,2019.0,New South Wales
-34.120214,150.6657,2019.0,New South Wales
-33.778496,151.260946,2017.0,New South Wales
-31.452092,152.879049,2020.0,New South Wales
-33.815148,151.298352,2023.0,New South Wales
-36.36494,149.33226,2019.0,New South Wales
-34.271269,142.680676,2017.0,New South Wales
-32.743445,151.8697,2004.0,New South Wales
-34.467565,150.773475,2017.0,New South Wales
-33.749287,151.161419,2024.0,New South Wales
-29.206739,141.039263,2009.0,New South Wales
-33.55,150.91667,,New South Wales
-35.497073,149.702508,2024.0,New South Wales
-33.974443,150.839963,2014.0,New South Wales
-33.55,150.91667,,New South Wales
-33.469996,143.315341,2019.0,New South Wales
-34.104858,150.732253,2018.0,New South Wales
-33.041078,150.03881,2024.0,New South Wales
-33.423474,143.283605,2019.0,New South Wales
-33.809765,151.298404,2020.0,New South Wales
-33.96949,150.815934,2025.0,New South Wales
-29.004106,152.064857,2018.0,New South Wales
-33.810005,151.300203,2022.0,New South Wales
-33.789677,151.182716,2025.0,New South Wales
-32.040677,141.599522,2009.0,New South Wales
-35.445264,149.207701,2025.0,New South Wales
-33.735234,151.121525,2017.0,New South Wales
-33.850554,150.63137,2017.0,New South Wales
-33.59002,151.324038,2025.0,New South Wales
-35.141111,148.906111,,New South Wales
-36.033267,146.94562,2017.0,New South Wales
-33.809956,151.299859,2021.0,New South Wales
-33.809765,151.298404,2020.0,New South Wales
-33.81086,151.299191,2023.0,New South Wales
-33.430398,150.195485,2021.0,New South Wales
-34.661452,149.774289,2025.0,New South Wales
-35.425072,147.61276,2010.0,New South Wales
-33.465332,143.318707,2019.0,New South Wales
-32.63718,149.872932,2013.0,New South Wales
-33.760427,151.101562,2025.0,New South Wales
-33.701203,142.927256,2021.0,New South Wales
-32.441694,150.832647,2024.0,New South Wales
-34.317995,150.924097,2025.0,New South Wales
-33.809765,151.298404,2020.0,New South Wales
-32.399882,151.123133,2004.0,New South Wales
-33.235429,143.289181,2019.0,New South Wales
-33.034694,150.030475,2024.0,New South Wales
-33.586811,143.245655,2021.0,New South Wales
-35.844587,150.169972,2004.0,New South Wales
-33.96233,150.87212,2014.0,New South Wales
-34.122483,141.852697,2006.0,New South Wales
-33.810005,151.300203,2022.0,New South Wales
-34.185455,142.506216,2024.0,New South Wales
-33.816213,151.298879,2024.0,New South Wales
-34.583093,150.595459,2023.0,New South Wales
-33.396188,143.290948,2019.0,New South Wales
-36.23911,148.37052,2014.0,New South Wales
-33.81241,151.29937,2016.0,New South Wales
-33.445895,148.998137,2021.0,New South Wales
-35.993668,145.974443,2024.0,New South Wales
-33.810206,151.300292,2024.0,New South Wales
-33.55,150.91667,,New South Wales
-33.236548,151.138672,2026.0,New South Wales
-33.441548,143.316989,2019.0,New South Wales
-30.329282,152.697322,1997.0,New South Wales
-36.695079,148.477328,2021.0,New South Wales
-32.746579,142.5836,1995.0,New South Wales
-33.772009,150.842856,2023.0,New South Wales
-33.728783,150.852317,2017.0,New South Wales
-34.41705,150.584088,2014.0,New South Wales
-30.370841,151.714229,2017.0,New South Wales
-30.652671,149.173933,2020.0,New South Wales
-31.202841,152.96914,2001.0,New South Wales
-35.160222,147.345016,2016.0,New South Wales
-35.918135,147.746841,2021.0,New South Wales
-29.696499,152.109533,2002.0,New South Wales
-35.52002,149.192093,2020.0,New South Wales
-34.519653,142.883045,2022.0,New South Wales
-33.775299,142.980993,2020.0,New South Wales
-33.763148,142.984398,2020.0,New South Wales
-33.688921,143.004176,2019.0,New South Wales
-35.386623,147.0646,2016.0,New South Wales
-33.812988,151.295402,2017.0,New South Wales
-33.814764,151.297365,2022.0,New South Wales
-32.5838,151.800554,2025.0,New South Wales
-36.47149,149.258086,1999.0,New South Wales
-33.809956,151.299859,2021.0,New South Wales
-30.4538,151.37341,2014.0,New South Wales
-35.353321,149.327822,2017.0,New South Wales
-34.174579,142.542184,2017.0,New South Wales
-34.187697,150.987757,2014.0,New South Wales
-33.273668,143.238088,2019.0,New South Wales
-33.361285,149.434745,2013.0,New South Wales
-32.622425,151.231735,2007.0,New South Wales
-33.685555,142.954852,2019.0,New South Wales
-33.811169,151.299511,2015.0,New South Wales
-37.082212,149.276084,1986.0,New South Wales
-34.081328,150.758625,2025.0,New South Wales
-33.78625,151.197289,2024.0,New South Wales
-31.63042,152.783799,2019.0,New South Wales
-36.750907,148.519161,1982.0,New South Wales
-33.659977,151.15905,2003.0,New South Wales
-33.426245,143.304082,2019.0,New South Wales
-33.283844,143.260388,2019.0,New South Wales
-32.249446,148.695343,2022.0,New South Wales
-33.810875,151.299128,2018.0,New South Wales
-33.97129,150.84506,2014.0,New South Wales
-34.51154,148.02838,2015.0,New South Wales
-33.773253,151.222046,2021.0,New South Wales
-33.760214,143.007843,2020.0,New South Wales
-35.051837,148.56754,2004.0,New South Wales
-30.4538,151.37341,2014.0,New South Wales
-34.146861,150.697518,2020.0,New South Wales
-33.811908,151.302726,2021.0,New South Wales
-31.7073,150.03775,2012.0,New South Wales
-35.400489,149.205551,2025.0,New South Wales
-35.87576,147.58974,2021.0,New South Wales
-34.063309,150.770722,2018.0,New South Wales
-33.241389,143.299086,2019.0,New South Wales
-36.23879,148.3763,2019.0,New South Wales
-33.81086,151.299191,2022.0,New South Wales
-32.86685,151.79801,,New South Wales
-35.358768,149.215606,2022.0,New South Wales
-33.299609,143.180521,2019.0,New South Wales
-34.068418,150.76795,2024.0,New South Wales
-34.024922,151.211455,2023.0,New South Wales
-33.799971,151.27809,1999.0,New South Wales
-35.850405,147.52274,2021.0,New South Wales
-33.28357,143.171227,2019.0,New South Wales
-33.412476,143.259146,2019.0,New South Wales
-33.95072,150.907866,2012.0,New South Wales
-36.23911,148.37052,2012.0,New South Wales
-33.276792,143.260406,2019.0,New South Wales
-33.738946,151.290359,2018.0,New South Wales
-34.410926,150.769907,2009.0,New South Wales
-31.400506,152.698042,2024.0,New South Wales
-33.442772,143.282348,2019.0,New South Wales
-33.81481,151.297408,2021.0,New South Wales
-33.822988,150.703965,2006.0,New South Wales
-35.994535,148.355947,2021.0,New South Wales
-34.144974,150.697716,2020.0,New South Wales
-34.248749,150.685429,2017.0,New South Wales
-35.593603,150.257535,2020.0,New South Wales
-35.110467,146.781769,1978.0,New South Wales
-30.383333,145.58333,1996.0,New South Wales
-33.429475,143.273723,2019.0,New South Wales
-34.437651,150.530062,2004.0,New South Wales
-33.811533,151.301092,2021.0,New South Wales
-33.75701,151.18622,2017.0,New South Wales
-34.53306,150.653611,2014.0,New South Wales
-33.159534,151.628481,2004.0,New South Wales
-33.341783,148.976932,2019.0,New South Wales
-31.71185,150.03805,2020.0,New South Wales
-33.270413,150.142494,2011.0,New South Wales
-33.411912,143.283855,2019.0,New South Wales
-33.814788,151.297418,2023.0,New South Wales
-32.725595,152.033293,2016.0,New South Wales
-31.967728,152.594214,2020.0,New South Wales
-33.816252,151.297347,2020.0,New South Wales
-33.698222,143.007982,2019.0,New South Wales
-32.565891,150.546663,2004.0,New South Wales
-33.741832,151.248865,2011.0,New South Wales
-33.53374,149.92874,2012.0,New South Wales
-33.707223,151.121342,2014.0,New South Wales
-33.468624,151.434572,2024.0,New South Wales
-33.74934,151.10612,2017.0,New South Wales
-30.4585,151.37374,2013.0,New South Wales
-36.23879,148.3763,2014.0,New South Wales
-33.04055,150.023254,2024.0,New South Wales
-33.816206,151.297269,2024.0,New South Wales
-35.850563,147.522107,2021.0,New South Wales
-34.083465,149.691745,1998.0,New South Wales
-35.925884,147.537182,2022.0,New South Wales
-33.794722,141.973536,1993.0,New South Wales
-33.508476,150.812356,2015.0,New South Wales
-35.520175,149.191926,2019.0,New South Wales
-32.663315,148.305427,1998.0,New South Wales
-33.641903,151.044433,2023.0,New South Wales
-33.843379,151.241432,,New South Wales
-33.723922,150.945305,2020.0,New South Wales
-36.629125,149.443159,1995.0,New South Wales
-33.727409,150.29314,2011.0,New South Wales
-34.119342,150.721712,2018.0,New South Wales
-30.662768,149.16491,2019.0,New South Wales
-35.850563,147.522107,2022.0,New South Wales
-32.16197,149.798655,2015.0,New South Wales
-33.809956,151.299859,2021.0,New South Wales
-35.519945,149.192048,2018.0,New South Wales
-33.809765,151.298404,2020.0,New South Wales
-37.293754,149.746093,1997.0,New South Wales
-35.508182,148.382087,2019.0,New South Wales
-35.08649,144.21923,2017.0,New South Wales
-33.813685,151.298197,2015.0,New South Wales
-35.854789,145.987896,1979.0,New South Wales
-33.810886,151.299257,2021.0,New South Wales
-35.87163,148.15979,2013.0,New South Wales
-33.809956,151.299859,2021.0,New South Wales
-33.809956,151.299859,2021.0,New South Wales
-34.455254,150.52845,2014.0,New South Wales
-33.815349,151.298585,2020.0,New South Wales
-34.252259,142.71757,2016.0,New South Wales
-33.811757,151.300331,2015.0,New South Wales
-30.585958,149.205738,2019.0,New South Wales
-34.106468,150.702198,2018.0,New South Wales
-34.683469,145.297651,2002.0,New South Wales
-35.062251,147.364738,2022.0,New South Wales
-33.805648,151.300041,2016.0,New South Wales
-33.255459,143.254407,2019.0,New South Wales
-33.260212,143.252303,2019.0,New South Wales
-33.798224,151.218671,,New South Wales
-30.366667,145.6,1996.0,New South Wales
-34.197751,142.581219,2022.0,New South Wales
-35.89047,148.52555,2014.0,New South Wales
-33.750514,151.110043,2024.0,New South Wales
-34.41705,150.584088,2014.0,New South Wales
-34.544792,150.779416,2018.0,New South Wales
-31.655943,152.818955,2025.0,New South Wales
-33.761402,142.967318,2020.0,New South Wales
-33.799527,151.293683,2018.0,New South Wales
-33.396004,143.276079,2019.0,New South Wales
-33.697086,142.927481,2021.0,New South Wales
-33.77283,151.07628,2017.0,New South Wales
-33.449727,150.258935,2005.0,New South Wales
-33.455405,143.297957,2019.0,New South Wales
-34.649942,150.306267,2020.0,New South Wales
-35.33844,149.28218,2026.0,New South Wales
-34.41705,150.584088,2014.0,New South Wales
-33.809764,151.299647,2016.0,New South Wales
-33.809765,151.298404,2020.0,New South Wales
-31.655986,152.819021,2025.0,New South Wales
-34.318184,150.925639,2025.0,New South Wales
-33.260203,143.233642,2019.0,New South Wales
-34.810421,150.587025,2017.0,New South Wales
-33.811908,151.302726,2021.0,New South Wales
-31.71185,150.03805,2012.0,New South Wales
-33.809765,151.298404,2020.0,New South Wales
-33.562982,147.430115,,New South Wales
-33.354978,143.232288,2019.0,New South Wales
-34.747918,149.727745,2021.0,New South Wales
-33.767476,151.289462,2007.0,New South Wales
-33.267692,151.471298,2015.0,New South Wales
-36.04279,148.284792,2021.0,New South Wales
-33.319193,143.272882,2019.0,New South Wales
-34.739886,150.099352,2024.0,New South Wales
-34.197751,142.581219,2025.0,New South Wales
-34.540245,150.73509,2001.0,New South Wales
-34.323441,150.916357,2024.0,New South Wales
-33.810005,151.300203,2022.0,New South Wales
-33.55,150.91667,,New South Wales
-35.785505,148.395912,2018.0,New South Wales
-33.70699,143.013058,2019.0,New South Wales
-33.814819,151.297418,2020.0,New South Wales
-32.755874,151.776347,2020.0,New South Wales
-35.87163,148.15979,2013.0,New South Wales
-34.057516,150.69478,2020.0,New South Wales
-33.349384,150.048356,2013.0,New South Wales
-33.773787,150.903488,2021.0,New South Wales
-33.237321,143.275386,2019.0,New South Wales
-30.894071,151.948354,2021.0,New South Wales
-29.82941,151.13373,2021.0,New South Wales
-33.592038,143.226458,2019.0,New South Wales
-33.338627,142.223155,2017.0,New South Wales
-33.519002,150.847608,2009.0,New South Wales
-33.810877,151.299268,2022.0,New South Wales
-33.737482,151.160797,2018.0,New South Wales
-34.497433,150.457399,2021.0,New South Wales
-34.343436,145.92041,2009.0,New South Wales
-35.425982,149.347453,1987.0,New South Wales
-30.340915,152.657751,1996.0,New South Wales
-36.671964,148.524814,2018.0,New South Wales
-29.35801,151.91101,2012.0,New South Wales
-33.250769,143.300938,2019.0,New South Wales
-35.930655,144.88958,2005.0,New South Wales
-35.9171,147.146911,2006.0,New South Wales
-33.810178,151.300254,2021.0,New South Wales
-33.282907,143.251196,2019.0,New South Wales
-33.835766,151.250383,2017.0,New South Wales
-33.451034,150.982733,1992.0,New South Wales
-33.586606,143.246028,2021.0,New South Wales
-35.361547,149.214869,2017.0,New South Wales
-32.554928,150.264294,2005.0,New South Wales
-35.97571,147.32443,2012.0,New South Wales
-36.23911,148.37052,2014.0,New South Wales
-32.591772,151.006426,2002.0,New South Wales
-33.72206,150.9825,2016.0,New South Wales
-33.310439,149.50337,2022.0,New South Wales
-33.377973,143.222701,2019.0,New South Wales
-33.76015,151.087905,2017.0,New South Wales
-35.314881,149.404729,2015.0,New South Wales
-34.119168,150.72182,2018.0,New South Wales
-33.394195,143.284541,2019.0,New South Wales
-33.766443,151.300512,2024.0,New South Wales
-36.57712,149.762882,1995.0,New South Wales
-33.314958,143.138137,2019.0,New South Wales
-33.81481,151.297408,2021.0,New South Wales
-33.734003,151.216775,2017.0,New South Wales
-33.814819,151.297418,2020.0,New South Wales
-33.954752,151.257534,2011.0,New South Wales
-35.44595,148.5666,,New South Wales
-33.441117,151.328166,2016.0,New South Wales
-33.782237,151.235921,2017.0,New South Wales
-33.809765,151.298404,2020.0,New South Wales
-33.808772,151.297103,2022.0,New South Wales
-28.64486,153.616476,2024.0,New South Wales
-33.809744,151.299485,2015.0,New South Wales
-35.850563,147.522107,2022.0,New South Wales
-33.810877,151.299268,2022.0,New South Wales
-35.851825,147.522805,2022.0,New South Wales
-33.74912,151.112594,2011.0,New South Wales
-30.356765,150.053663,2010.0,New South Wales
-33.374894,143.248048,2019.0,New South Wales
-34.223679,142.550131,2017.0,New South Wales
-33.814819,151.297418,2020.0,New South Wales
-33.814449,151.295395,2016.0,New South Wales
-33.268896,143.283864,2019.0,New South Wales
-33.269857,143.266871,2019.0,New South Wales
-33.55,150.91667,,New South Wales
-32.842338,151.422901,2001.0,New South Wales
-34.997662,149.91932,2022.0,New South Wales
-32.113155,151.96458,2023.0,New South Wales
-33.412366,141.843422,1993.0,New South Wales
-30.366667,145.6,1996.0,New South Wales
-34.197751,142.581219,2022.0,New South Wales
-29.477667,152.010941,2021.0,New South Wales
-33.772873,143.002029,2020.0,New South Wales
-33.357058,143.215429,2019.0,New South Wales
-30.637202,150.276839,2023.0,New South Wales
-33.816352,151.298036,2020.0,New South Wales
-34.61993,143.353901,2009.0,New South Wales
-35.878422,147.591897,2021.0,New South Wales
-33.242751,143.299264,2019.0,New South Wales
-30.45806,151.37862,2013.0,New South Wales
-33.218377,143.255555,2019.0,New South Wales
-33.671568,151.116353,2014.0,New South Wales
-32.248352,150.0399,1997.0,New South Wales
-33.248914,143.221563,2019.0,New South Wales
-33.617831,151.042034,2016.0,New South Wales
-33.303774,149.099741,2018.0,New South Wales
-33.295111,149.080838,2023.0,New South Wales
-36.378561,150.065614,2024.0,New South Wales
-33.408685,143.275746,2019.0,New South Wales
-35.89493,148.52552,2013.0,New South Wales
-30.661606,149.175436,2020.0,New South Wales
-35.88748,147.8831,2020.0,New South Wales
-34.183737,142.67182,2019.0,New South Wales
-36.300857,148.307704,2012.0,New South Wales
-33.81017,151.30033,2018.0,New South Wales
-33.75751,151.251671,2017.0,New South Wales
-32.263146,148.619521,2021.0,New South Wales
-34.455254,150.52845,2014.0,New South Wales
-33.814783,151.29743,2021.0,New South Wales
-32.68647,152.224736,1997.0,New South Wales
-32.165538,150.599137,1982.0,New South Wales
-33.199968,143.295242,2019.0,New South Wales
-33.699681,143.01521,2019.0,New South Wales
-33.74702,151.159192,2024.0,New South Wales
-29.40228,151.34663,2012.0,New South Wales
-35.520249,149.191835,2017.0,New South Wales
-35.94817,148.92557,2014.0,New South Wales
-28.555037,153.509032,2024.0,New South Wales
-33.698222,143.007982,2019.0,New South Wales
-34.206086,150.581161,2016.0,New South Wales
-33.376556,149.367542,2009.0,New South Wales
-32.145995,149.729425,2005.0,New South Wales
-33.809956,151.299859,2021.0,New South Wales
-33.226828,143.253856,2019.0,New South Wales
-31.63517,152.702214,2022.0,New South Wales
-33.8169,151.29661,2017.0,New South Wales
-29.008084,152.067833,2018.0,New South Wales
-33.674015,142.926816,2019.0,New South Wales
-33.635348,151.058041,2025.0,New South Wales
-33.214591,141.14094,2024.0,New South Wales
-33.55,150.91667,,New South Wales
-33.773953,142.975518,2020.0,New South Wales
-33.957679,150.580039,2025.0,New South Wales
-33.18402,149.14931,2021.0,New South Wales
-33.757072,151.030074,2017.0,New South Wales
-33.441277,151.368936,2025.0,New South Wales
-33.811802,151.300308,2016.0,New South Wales
-32.305878,150.86235,2021.0,New South Wales
-33.809957,151.29987,2021.0,New South Wales
-32.569643,150.950946,2002.0,New South Wales
-34.51576,148.02754,2012.0,New South Wales
-35.889911,147.756532,2021.0,New South Wales
-33.186697,143.307282,2019.0,New South Wales
-32.972803,151.714153,2009.0,New South Wales
-33.64037,151.046887,2018.0,New South Wales
-33.55,150.91667,,New South Wales
-34.032852,151.048365,2009.0,New South Wales
-33.802235,151.298692,2015.0,New South Wales
-33.48834,143.322661,2019.0,New South Wales
-34.115773,150.641069,2021.0,New South Wales
-35.852999,147.45814,2022.0,New South Wales
-33.620018,151.14624,2017.0,New South Wales
-33.17948,149.1493,2013.0,New South Wales
-33.810886,151.299257,2021.0,New South Wales
-34.461222,150.548208,1999.0,New South Wales
-34.195099,142.521411,2017.0,New South Wales
-30.585958,149.205738,2019.0,New South Wales
-33.034694,150.030475,2023.0,New South Wales
-30.35783,150.29866,2022.0,New South Wales
-35.339008,149.277339,2017.0,New South Wales
-33.814819,151.297418,2020.0,New South Wales
-33.809765,151.298404,2020.0,New South Wales
-33.776163,142.995833,2020.0,New South Wales
-31.71185,150.03805,2012.0,New South Wales
-33.55,150.91667,,New South Wales
-33.817896,151.298881,2021.0,New South Wales
-35.102777,149.038124,2009.0,New South Wales
-33.676186,150.908208,2017.0,New South Wales
-32.701985,149.641329,2019.0,New South Wales
-33.55,150.91667,,New South Wales
-32.380493,150.824017,2021.0,New South Wales
-33.264481,143.318493,2019.0,New South Wales
-29.579885,152.966681,2020.0,New South Wales
-35.287183,149.42084,2011.0,New South Wales
-32.614457,149.573329,2021.0,New South Wales
-30.366667,145.6,1996.0,New South Wales
-34.119233,150.608281,2019.0,New South Wales
-32.826374,151.734752,2023.0,New South Wales
-30.75,150.71666,,New South Wales
-36.613784,148.251784,2014.0,New South Wales
-33.81086,151.299191,2022.0,New South Wales
-33.770085,142.975522,2020.0,New South Wales
-33.047365,150.039668,2024.0,New South Wales
-32.417569,151.003646,2006.0,New South Wales
-33.203802,141.128023,2024.0,New South Wales
-33.805648,151.300041,2016.0,New South Wales
-33.742921,151.017267,2022.0,New South Wales
-37.04339,149.56264,2020.0,New South Wales
-33.809765,151.298404,2020.0,New South Wales
-30.57081,151.71499,2019.0,New South Wales
-32.043222,152.542379,1998.0,New South Wales
-33.55,150.91667,,New South Wales
-33.42623,150.207747,2019.0,New South Wales
-35.099338,150.68572,1995.0,New South Wales
-33.810267,151.298816,2016.0,New South Wales
-33.226796,143.259755,2019.0,New South Wales
-33.362966,143.220369,2019.0,New South Wales
-34.784,150.726,2019.0,New South Wales
-33.18402,149.14931,2014.0,New South Wales
-33.840748,151.071725,2024.0,New South Wales
-33.672577,150.946463,2017.0,New South Wales
-33.578286,150.88757,,New South Wales
-33.771572,150.73702,2011.0,New South Wales
-33.298086,143.181247,2019.0,New South Wales
-33.810224,151.20046,2025.0,New South Wales
-30.319248,151.552498,2017.0,New South Wales
-31.5,145.83333,,New South Wales
-36.722099,148.538203,2018.0,New South Wales
-29.897838,152.140042,2021.0,New South Wales
-34.10411,150.79266,2018.0,New South Wales
-33.995363,142.799615,2019.0,New South Wales
-34.055425,150.672105,2017.0,New South Wales
-30.863624,151.861204,2021.0,New South Wales
-33.811533,151.301092,2021.0,New South Wales
-35.608251,148.301613,2020.0,New South Wales
-33.55,150.91667,,New South Wales
-33.719967,150.861692,2003.0,New South Wales
-33.816182,151.297339,2022.0,New South Wales
-33.812393,151.299372,2023.0,New South Wales
-34.068535,150.768355,2024.0,New South Wales
-34.322261,150.922356,2024.0,New South Wales
-35.361388,149.215096,2021.0,New South Wales
-32.069054,152.223766,2018.0,New South Wales
-34.181922,150.99201,2022.0,New South Wales
-33.810875,151.299128,2018.0,New South Wales
-33.822108,151.298927,2021.0,New South Wales
-33.618884,151.012407,2011.0,New South Wales
-32.68764,147.832185,2005.0,New South Wales
-33.408082,150.211757,2012.0,New South Wales
-35.94817,148.92557,2013.0,New South Wales
-33.783981,151.251244,2021.0,New South Wales
-34.065124,150.767571,2018.0,New South Wales
-34.814869,148.779387,2016.0,New South Wales
-33.36259,143.26207,2019.0,New South Wales
-33.809956,151.299859,2021.0,New South Wales
-33.456852,143.325931,2019.0,New South Wales
-34.174579,142.542184,2017.0,New South Wales
-34.649829,146.095273,2017.0,New South Wales
-34.007909,151.107723,2023.0,New South Wales
-33.240909,143.249361,2019.0,New South Wales
-33.978203,142.790974,2019.0,New South Wales
-33.836995,151.25833,2025.0,New South Wales
-32.539345,151.080414,2006.0,New South Wales
-30.968486,152.92779,1987.0,New South Wales
-33.086407,151.462189,2021.0,New South Wales
-34.427798,150.893074,2024.0,New South Wales
-30.086622,145.939379,2014.0,New South Wales
-35.299834,144.470206,2008.0,New South Wales
-33.236268,151.462403,,New South Wales
-33.771873,142.992828,2020.0,New South Wales
-35.723624,148.48835,1981.0,New South Wales
-33.55,150.91667,,New South Wales
-34.109,150.728642,2018.0,New South Wales
-33.202046,149.108024,2025.0,New South Wales
-36.23911,148.37052,2014.0,New South Wales
-33.81086,151.299191,2022.0,New South Wales
-33.341019,143.278204,2019.0,New South Wales
-29.831065,151.152583,2002.0,New South Wales
-33.691371,142.926824,2021.0,New South Wales
-33.809975,151.299869,2020.0,New South Wales
-33.817896,151.298881,2021.0,New South Wales
-34.813405,149.684791,2025.0,New South Wales
-30.019195,152.989673,2000.0,New South Wales
-29.706954,151.455639,2000.0,New South Wales
-36.761804,149.001088,1981.0,New South Wales
-33.770876,142.92119,2021.0,New South Wales
-34.080807,150.771378,2019.0,New South Wales
-35.853473,147.461222,2022.0,New South Wales
-34.118081,150.721338,2018.0,New South Wales
-30.511088,151.665139,2018.0,New South Wales
-35.794092,148.846702,2003.0,New South Wales
-34.021948,142.885137,2020.0,New South Wales
-33.810875,151.299128,2018.0,New South Wales
-33.237947,143.258712,2019.0,New South Wales
-33.812499,151.299808,2021.0,New South Wales
-33.816216,151.297358,2021.0,New South Wales
-35.400477,150.446484,2023.0,New South Wales
-32.909888,151.305343,2005.0,New South Wales
-33.96233,150.87212,2014.0,New South Wales
-31.301004,149.016444,1993.0,New South Wales
-33.14589,143.375047,2019.0,New South Wales
-33.373185,143.224153,2019.0,New South Wales
-33.471716,151.390639,2023.0,New South Wales
-33.798337,151.157943,2025.0,New South Wales
-33.255818,143.220511,2019.0,New South Wales
-33.034694,150.030475,2024.0,New South Wales
-33.472752,151.438116,2023.0,New South Wales
-33.748266,151.162445,2024.0,New South Wales
-34.457537,150.429425,2023.0,New South Wales
-33.265242,143.261569,2019.0,New South Wales
-33.290715,143.267505,2019.0,New South Wales
-33.768531,150.12355,1998.0,New South Wales
-32.329734,150.02215,2015.0,New South Wales
-33.70304,151.116453,2025.0,New South Wales
-32.74195,151.863799,2019.0,New South Wales
-33.25935,143.232057,2019.0,New South Wales
-33.680116,150.936371,2013.0,New South Wales
-32.923851,151.2934,2014.0,New South Wales
-30.833017,150.171403,2011.0,New South Wales
-30.93042,151.85221,2020.0,New South Wales
-32.332853,149.941771,2022.0,New South Wales
-34.811925,147.193555,2021.0,New South Wales
-30.43052,152.7824,,New South Wales
-30.150816,153.082034,,New South Wales
-33.110829,151.646197,2014.0,New South Wales
-33.810877,151.299268,2022.0,New South Wales
-33.664104,151.188912,2012.0,New South Wales
-33.308029,143.289726,2019.0,New South Wales
-30.553618,151.636906,2011.0,New South Wales
-34.331694,150.911056,2024.0,New South Wales
-36.438961,149.963379,2009.0,New South Wales
-36.23694,148.248,2012.0,New South Wales
-33.516666,145.1,1996.0,New South Wales
-34.068457,150.767881,2024.0,New South Wales
-32.564969,150.943494,2010.0,New South Wales
-33.75528,151.126685,2017.0,New South Wales
-32.04446,141.70063,2009.0,New South Wales
-34.014681,151.160068,1977.0,New South Wales
-33.77674,142.907345,2021.0,New South Wales
-33.373314,143.208554,2019.0,New South Wales
-33.814782,151.297365,2021.0,New South Wales
-36.23694,148.248,2013.0,New South Wales
-33.809956,151.299859,2021.0,New South Wales
-31.771058,152.655761,1997.0,New South Wales
-33.760496,151.241885,2020.0,New South Wales
-33.266552,143.243841,2019.0,New South Wales
-32.69096,149.031704,2017.0,New South Wales
-32.851893,151.35343,2025.0,New South Wales
-33.818992,151.297564,2016.0,New South Wales
-33.257028,143.220863,2019.0,New South Wales
-33.58178,150.907329,2022.0,New South Wales
-33.816206,151.297269,2024.0,New South Wales
-33.753207,151.175714,2015.0,New South Wales
-33.572365,150.638877,2001.0,New South Wales
-33.711435,151.14737,2016.0,New South Wales
-33.817172,151.298657,2019.0,New South Wales
-33.55,150.91667,,New South Wales
-33.588841,143.199716,2021.0,New South Wales
-33.81241,151.29937,2016.0,New South Wales
-33.73957,151.171058,2011.0,New South Wales
-33.81481,151.297408,2021.0,New South Wales
-34.101706,150.821618,2017.0,New South Wales
-33.671988,150.020252,2015.0,New South Wales
-32.438753,149.977508,2025.0,New South Wales
-34.1225,148.5663,2025.0,New South Wales
-33.732697,143.012466,2010.0,New South Wales
-34.99891,147.97108,2009.0,New South Wales
-33.478655,143.303402,2019.0,New South Wales
-33.255629,143.177559,2019.0,New South Wales
-33.389555,143.244045,2019.0,New South Wales
-36.23879,148.3763,2019.0,New South Wales
-33.391047,143.276165,2019.0,New South Wales
-33.782211,151.105031,2019.0,New South Wales
-36.69673,148.66167,2013.0,New South Wales
-33.55,150.91667,,New South Wales
-37.04339,149.56264,2014.0,New South Wales
-34.197751,142.581219,2022.0,New South Wales
-33.261522,143.252475,2019.0,New South Wales
-33.676267,142.926454,2019.0,New South Wales
-32.69353,149.703687,2016.0,New South Wales
-35.852999,147.45814,2021.0,New South Wales
-31.82544,150.18992,2014.0,New South Wales
-34.437581,146.446111,1990.0,New South Wales
-31.94967,150.78671,2020.0,New South Wales
-32.670345,152.1731,2025.0,New South Wales
-35.761899,148.834455,2003.0,New South Wales
-35.3685,149.34001,2018.0,New South Wales
-33.760383,151.088748,2016.0,New South Wales
-33.818659,151.294652,2021.0,New South Wales
-33.708274,151.146104,2017.0,New South Wales
-33.810886,151.299257,2021.0,New South Wales
-33.814783,151.29743,2021.0,New South Wales
-32.922986,151.774537,2018.0,New South Wales
-33.811533,151.301092,2021.0,New South Wales
-30.354625,150.270665,2017.0,New South Wales
-33.811533,151.301092,2021.0,New South Wales
-33.809956,151.299859,2021.0,New South Wales
-33.923615,146.465691,1981.0,New South Wales
-35.789499,148.645549,2017.0,New South Wales
-33.298354,143.172242,2019.0,New South Wales
-33.810439,151.300875,2021.0,New South Wales
-32.031746,152.217784,1996.0,New South Wales
-33.497144,151.422922,2023.0,New South Wales
-32.176599,150.587978,2000.0,New South Wales
-33.251673,143.177333,2019.0,New South Wales
-34.063422,150.768189,2015.0,New South Wales
-31.71185,150.03805,2012.0,New South Wales
-34.791462,150.626786,2009.0,New South Wales
-30.656725,149.142491,2020.0,New South Wales
-33.358571,143.223744,2019.0,New South Wales
-33.472928,151.338008,2023.0,New South Wales
-36.543127,148.129426,2023.0,New South Wales
-33.810233,151.298989,2015.0,New South Wales
-33.819191,151.289477,2020.0,New South Wales
-32.314072,150.90825,2023.0,New South Wales
-32.469164,151.085163,2019.0,New South Wales
-33.364034,143.249154,2019.0,New South Wales
-32.230553,150.83429,2019.0,New South Wales
-36.918819,149.227274,2017.0,New South Wales
-33.55,150.91667,,New South Wales
-33.696937,142.924464,2021.0,New South Wales
-33.809956,151.299859,2021.0,New South Wales
-33.55,150.91667,1992.0,New South Wales
-33.81086,151.299191,2022.0,New South Wales
-37.083027,149.280607,1986.0,New South Wales
-35.073149,150.609045,2005.0,New South Wales
-32.993569,149.18423,2011.0,New South Wales
-33.223099,143.253334,2019.0,New South Wales
-33.55,150.91667,,New South Wales
-33.80857,150.656306,2019.0,New South Wales
-33.714939,151.118437,2018.0,New South Wales
-33.809765,151.298404,2020.0,New South Wales
-33.274211,151.213336,2004.0,New South Wales
-33.489716,143.32344,2019.0,New South Wales
-33.203864,141.140961,2024.0,New South Wales
-34.695826,149.696102,2009.0,New South Wales
-35.535153,149.157064,2016.0,New South Wales
-35.850354,147.523555,2022.0,New South Wales
-33.391037,143.279015,2019.0,New South Wales
-33.152304,143.356915,2019.0,New South Wales
-35.850563,147.522107,2021.0,New South Wales
-33.74855,151.128451,2019.0,New South Wales
-33.380791,143.296772,2019.0,New South Wales
-33.583771,143.255449,2021.0,New South Wales
-34.245576,142.685235,2018.0,New South Wales
-33.698083,142.988068,2019.0,New South Wales
-30.562583,151.579653,2016.0,New South Wales
-34.064621,150.743258,2007.0,New South Wales
-34.400336,149.787361,2021.0,New South Wales
-36.36494,149.33226,2021.0,New South Wales
-33.969815,150.8172,2024.0,New South Wales
-33.337836,143.172768,2019.0,New South Wales
-33.034236,150.038778,2024.0,New South Wales
-33.811908,151.302726,2021.0,New South Wales
-33.863609,151.163699,2015.0,New South Wales
-36.846431,149.568474,1993.0,New South Wales
-34.654522,150.314392,2023.0,New South Wales
-33.809765,151.298404,2020.0,New South Wales
-33.816307,151.297389,2020.0,New South Wales
-33.041078,150.03881,2024.0,New South Wales
-33.744443,151.155096,2022.0,New South Wales
-33.65369,150.736372,2024.0,New South Wales
-33.809765,151.298404,2020.0,New South Wales
-35.030203,145.919926,2009.0,New South Wales
-34.101799,145.599303,2005.0,New South Wales
-33.370739,143.255698,2019.0,New South Wales
-33.840748,151.071725,2024.0,New South Wales
-33.768781,151.111983,2023.0,New South Wales
-32.321727,150.674387,2022.0,New South Wales
-33.434502,143.284759,2019.0,New South Wales
-33.3986,143.275936,2019.0,New South Wales
-33.813217,151.302182,2020.0,New South Wales
-32.86863,151.423702,2015.0,New South Wales
-32.731624,152.040052,2016.0,New South Wales
-33.810877,151.299268,2022.0,New South Wales
-33.741928,151.230298,2017.0,New South Wales
-35.065805,150.652626,2023.0,New South Wales
-28.914659,149.701204,2000.0,New South Wales
-34.102201,150.785441,1999.0,New South Wales
-33.318767,151.418225,2022.0,New South Wales
-33.329223,151.401574,2016.0,New South Wales
-33.55,150.91667,,New South Wales
-33.428912,143.271367,2019.0,New South Wales
-33.809956,151.299859,2021.0,New South Wales
-32.919802,151.291446,2014.0,New South Wales
-30.4538,151.37341,2014.0,New South Wales
-33.366271,143.229999,2019.0,New South Wales
-33.206278,145.069992,1981.0,New South Wales
-33.29916,143.147268,2019.0,New South Wales
-34.65539,150.312616,2020.0,New South Wales
-33.320466,151.432382,2013.0,New South Wales
-33.810875,151.299128,2018.0,New South Wales
-35.208952,148.833622,2022.0,New South Wales
-33.809956,151.299859,2021.0,New South Wales
-33.416979,142.390529,2017.0,New South Wales
-35.321168,150.388347,2016.0,New South Wales
-33.812499,151.299808,2021.0,New South Wales
-33.715107,151.118277,2019.0,New South Wales
-33.973137,150.863783,2014.0,New South Wales
-33.140408,143.377909,2019.0,New South Wales
-32.129504,149.721187,2012.0,New South Wales
-33.29307,143.173789,2019.0,New South Wales
-32.568148,150.376785,2005.0,New South Wales
-33.68991,151.113751,2025.0,New South Wales
-33.810877,151.299268,2022.0,New South Wales
-35.454767,149.792185,2023.0,New South Wales
-33.420438,143.259015,2019.0,New South Wales
-34.220161,142.665565,1994.0,New South Wales
-33.808772,151.297103,2022.0,New South Wales
-33.814521,151.297486,2025.0,New South Wales
-32.751117,152.170517,2022.0,New South Wales
-33.387027,151.362651,2020.0,New South Wales
-33.847519,151.231077,2015.0,New South Wales
-33.274231,143.248208,2019.0,New South Wales
-34.820366,148.983729,2019.0,New South Wales
-35.065357,150.653461,2023.0,New South Wales
-33.811533,151.301092,2021.0,New South Wales
-33.760584,151.10189,2025.0,New South Wales
-33.81223,151.302558,2020.0,New South Wales
-33.814764,151.297365,2022.0,New South Wales
-34.271269,142.680676,2016.0,New South Wales
-30.53057,151.620899,2019.0,New South Wales
-33.67323,142.926037,2019.0,New South Wales
-34.025035,151.212957,2023.0,New South Wales
-33.75625,151.17648,2016.0,New South Wales
-32.040567,141.787083,2009.0,New South Wales
-33.357952,143.235214,2019.0,New South Wales
-29.000645,142.607928,1988.0,New South Wales
-34.996157,149.921802,2023.0,New South Wales
-33.810258,151.298816,2020.0,New South Wales
-33.81086,151.299191,2023.0,New South Wales
-33.722038,150.947131,2010.0,New South Wales
-34.317803,150.908183,2024.0,New South Wales
-33.756053,143.008597,2019.0,New South Wales
-30.487755,151.645238,2016.0,New South Wales
-33.272577,151.425943,2002.0,New South Wales
-30.585958,149.205738,2019.0,New South Wales
-29.013127,152.081711,2019.0,New South Wales
-34.191368,142.567815,2016.0,New South Wales
-37.04339,149.56264,2020.0,New South Wales
-34.498598,150.456825,2022.0,New South Wales
-33.687586,143.003705,2021.0,New South Wales
-33.896455,150.863415,,New South Wales
-34.225521,142.681705,2022.0,New South Wales
-34.185455,142.506216,2024.0,New South Wales
-34.437257,150.890093,2013.0,New South Wales
-30.592448,149.228204,2019.0,New South Wales
-33.401084,143.283113,2019.0,New South Wales
-31.083234,142.521378,1984.0,New South Wales
-35.87163,148.15979,2013.0,New South Wales
-33.256156,143.226594,2019.0,New South Wales
-32.997317,150.213307,2005.0,New South Wales
-33.668524,150.867399,2025.0,New South Wales
-33.812515,151.299816,2022.0,New South Wales
-33.268343,151.469987,2010.0,New South Wales
-33.040897,150.030695,2024.0,New South Wales
-33.762965,142.926153,2021.0,New South Wales
-33.984152,142.793471,2019.0,New South Wales
-34.117679,150.721707,2018.0,New South Wales
-33.27545,143.241457,2019.0,New South Wales
-33.426869,151.296502,2019.0,New South Wales
-35.336919,148.753679,2024.0,New South Wales
-36.36494,149.33226,2013.0,New South Wales
-35.361249,149.214841,2016.0,New South Wales
-33.773928,151.109875,2023.0,New South Wales
-33.372138,143.257086,2019.0,New South Wales
-36.577146,149.761766,1997.0,New South Wales
-33.711605,151.147553,2016.0,New South Wales
-31.82544,150.18992,2013.0,New South Wales
-31.479617,152.870107,2023.0,New South Wales
-33.809956,151.299859,2021.0,New South Wales
-33.24935,143.291485,2019.0,New South Wales
-33.809956,151.299859,2021.0,New South Wales
-33.815349,151.298585,2020.0,New South Wales
-30.416666,145.6,1996.0,New South Wales
-34.17117,150.74291,2025.0,New South Wales
-33.770407,142.195417,1994.0,New South Wales
-34.116267,149.251828,2008.0,New South Wales
-33.774196,151.170302,2020.0,New South Wales
-33.764512,151.301639,2021.0,New South Wales
-33.388001,143.277248,2019.0,New South Wales
-33.324612,143.274509,2019.0,New South Wales
-33.289182,143.157969,2019.0,New South Wales
-30.4585,151.37374,2015.0,New South Wales
-35.850563,147.522107,2022.0,New South Wales
-34.316084,150.919124,2025.0,New South Wales
-34.505395,150.794081,2024.0,New South Wales
-33.816216,151.297358,2021.0,New South Wales
-35.709235,150.247564,2009.0,New South Wales
-33.479957,150.953811,2021.0,New South Wales
-33.516666,145.1,1996.0,New South Wales
-33.214591,141.14094,2024.0,New South Wales
-33.451825,151.360294,2020.0,New South Wales
-31.546674,150.492021,2006.0,New South Wales
-32.548974,151.618095,2007.0,New South Wales
-33.531312,150.984099,1975.0,New South Wales
-33.394812,143.278097,2019.0,New South Wales
-33.79827,150.65839,2013.0,New South Wales
-33.723538,143.011439,2021.0,New South Wales
-34.576073,142.475321,1991.0,New South Wales
-33.815349,151.298585,2020.0,New South Wales
-33.80062,150.67619,2013.0,New South Wales
-34.75,146.55,,New South Wales
-33.812358,151.299412,2016.0,New South Wales
-33.811533,151.301092,2021.0,New South Wales
-33.874098,150.845045,2003.0,New South Wales
-32.40358,149.928398,2025.0,New South Wales
-33.73221,151.163936,2023.0,New South Wales
-33.159839,143.328764,2019.0,New South Wales
-33.796002,149.247434,2010.0,New South Wales
-32.168328,149.761089,2005.0,New South Wales
-34.317726,150.90782,2024.0,New South Wales
-33.549514,150.691395,2009.0,New South Wales
-33.431363,143.29783,2019.0,New South Wales
-30.360601,152.392435,2017.0,New South Wales
-33.814788,151.297418,2022.0,New South Wales
-33.253498,143.203702,2019.0,New South Wales
-33.55,150.91667,,New South Wales
-33.969191,142.823633,2019.0,New South Wales
-33.213616,141.128176,2024.0,New South Wales
-31.94967,150.78671,2020.0,New South Wales
-32.797397,151.509126,2007.0,New South Wales
-30.4585,151.37374,2013.0,New South Wales
-33.810877,151.299268,2022.0,New South Wales
-34.3324,146.8953,2016.0,New South Wales
-36.36494,149.33226,2014.0,New South Wales
-33.809956,151.299859,2021.0,New South Wales
-35.710287,150.177095,2022.0,New South Wales
-33.231268,151.469345,2013.0,New South Wales
-32.135207,149.749556,2005.0,New South Wales
-33.249178,143.257301,2019.0,New South Wales
-31.172656,151.453164,2018.0,New South Wales
-33.810877,151.299268,2022.0,New South Wales
-33.401515,143.276808,2019.0,New South Wales
-33.708249,151.146662,2017.0,New South Wales
-34.763829,150.704267,2023.0,New South Wales
-32.490881,151.068931,2017.0,New South Wales
-33.609368,151.32612,2017.0,New South Wales
-33.814783,151.29743,2021.0,New South Wales
-34.7373,150.093732,2021.0,New South Wales
-34.061014,145.099945,2005.0,New South Wales
-32.640459,151.588197,2009.0,New South Wales
-33.68028,150.913141,2003.0,New South Wales
-33.745367,151.154782,2024.0,New South Wales
-30.11023,153.197752,2021.0,New South Wales
-37.286308,149.791621,2022.0,New South Wales
-35.339598,148.7549,2025.0,New South Wales
-33.816352,151.298036,2021.0,New South Wales
-33.810877,151.299268,2022.0,New South Wales
-33.726047,151.1473,2024.0,New South Wales
-33.255798,143.154727,2019.0,New South Wales
-33.459568,143.320931,2019.0,New South Wales
-33.809975,151.299869,2020.0,New South Wales
-33.991958,150.89266,2024.0,New South Wales
-32.2705,150.691363,2016.0,New South Wales
-34.225521,142.681705,2016.0,New South Wales
-30.454006,150.248654,2001.0,New South Wales
-33.719133,150.940593,2025.0,New South Wales
-33.431101,143.297319,2019.0,New South Wales
-34.499858,150.51545,2016.0,New South Wales
-32.470411,149.982677,2024.0,New South Wales
-33.811669,151.30111,2017.0,New South Wales
-33.811533,151.301092,2021.0,New South Wales
-33.675831,142.925596,2019.0,New South Wales
-35.01796,150.816006,2021.0,New South Wales
-29.006504,152.068728,2019.0,New South Wales
-30.505371,152.75618,,New South Wales
-33.808478,151.297252,2015.0,New South Wales
-33.757758,143.007587,2020.0,New South Wales
-33.153803,143.358919,2019.0,New South Wales
-31.009361,149.277613,2009.0,New South Wales
-33.691749,150.527895,2019.0,New South Wales
-33.809765,151.298404,2020.0,New South Wales
-34.76139,148.99065,2013.0,New South Wales
-33.444193,143.315598,2019.0,New South Wales
-35.852999,147.45814,2022.0,New South Wales
-33.769334,151.185062,2019.0,New South Wales
-35.853419,147.520353,2022.0,New South Wales
-37.028456,149.815083,2025.0,New South Wales
-33.811427,150.893758,2011.0,New South Wales
-32.138409,147.612305,2009.0,New South Wales
-32.156037,149.741448,2012.0,New South Wales
-32.106531,150.640637,2011.0,New South Wales
-30.4585,151.37374,2013.0,New South Wales
-33.203802,141.128023,2024.0,New South Wales
-30.36932,152.30552,2021.0,New South Wales
-33.809217,151.266713,2017.0,New South Wales
-34.058707,144.993382,2005.0,New South Wales
-30.662768,149.16491,2019.0,New South Wales
-32.461882,149.742542,2012.0,New South Wales
-33.490489,143.323965,2019.0,New South Wales
-34.197751,142.581219,2022.0,New South Wales
-30.97301,152.00409,2020.0,New South Wales
-33.811908,151.302726,2021.0,New South Wales
-37.066258,149.487032,1986.0,New South Wales
-33.918724,150.339916,2004.0,New South Wales
-33.699798,151.111806,2025.0,New South Wales
-33.685555,142.954852,2019.0,New South Wales
-33.771164,142.503879,2002.0,New South Wales
-34.197751,142.581219,2022.0,New South Wales
-33.809956,151.299859,2021.0,New South Wales
-36.57712,149.762882,1996.0,New South Wales
-30.531467,152.028018,2024.0,New South Wales
-33.55,150.91667,,New South Wales
-33.721724,150.943998,2010.0,New South Wales
-33.815349,151.298585,2020.0,New South Wales
-29.759274,152.950396,1994.0,New South Wales
-34.615547,150.852321,2014.0,New South Wales
-34.609041,150.229074,2025.0,New South Wales
-33.434583,150.223178,2018.0,New South Wales
-33.40664,150.212588,2018.0,New South Wales
-33.809765,151.298404,2020.0,New South Wales
-32.762458,151.744763,2009.0,New South Wales
-32.428224,145.383179,2019.0,New South Wales
-36.379383,150.070464,2025.0,New South Wales
-37.04339,149.56264,2020.0,New South Wales
-33.810875,151.299128,2018.0,New South Wales
-33.160239,143.32949,2019.0,New South Wales
-35.621582,150.205078,2009.0,New South Wales
-33.404622,151.463301,2015.0,New South Wales
-30.073,152.253641,2020.0,New South Wales
-34.225213,142.697633,2025.0,New South Wales
-33.308671,143.290633,2019.0,New South Wales
-33.810808,151.300134,2015.0,New South Wales
-36.054127,150.13406,2011.0,New South Wales
-33.434332,150.185702,2023.0,New South Wales
-30.440059,152.825599,,New South Wales
-33.810877,151.299268,2022.0,New South Wales
-33.428835,143.298399,2019.0,New South Wales
-31.71185,150.03805,2013.0,New South Wales
-33.809956,151.299859,2021.0,New South Wales
-33.81086,151.299191,2022.0,New South Wales
-33.937816,150.975599,2015.0,New South Wales
-33.034694,150.030475,2024.0,New South Wales
-35.986653,145.985062,2012.0,New South Wales
-33.241047,151.477494,2016.0,New South Wales
-35.367485,150.434158,2022.0,New South Wales
-33.593225,143.224695,2021.0,New South Wales
-33.81086,151.299191,2022.0,New South Wales
-34.41705,150.584088,2014.0,New South Wales
-33.27404,143.249754,2019.0,New South Wales
-32.7242,152.1141,2018.0,New South Wales
-35.525368,148.285704,2017.0,New South Wales
-33.424138,150.196922,2019.0,New South Wales
-33.389752,143.286483,2019.0,New South Wales
-29.40228,151.34663,2014.0,New South Wales
-34.602845,150.869374,2014.0,New South Wales
-33.614752,150.717765,2019.0,New South Wales
-33.789302,151.155949,2017.0,New South Wales
-33.469528,143.314591,2019.0,New South Wales
-36.36494,149.33226,2019.0,New South Wales
-34.280746,142.801882,2022.0,New South Wales
-31.82544,150.18992,2013.0,New South Wales
-32.788958,151.911151,2023.0,New South Wales
-33.814819,151.297418,2020.0,New South Wales
-33.816352,151.298036,2021.0,New South Wales
-36.020461,148.472797,2010.0,New South Wales
-33.40685,151.46702,2018.0,New South Wales
-35.852064,147.463026,2022.0,New South Wales
-32.913987,148.045444,2009.0,New South Wales
-34.015431,142.893061,2020.0,New South Wales
-33.744045,151.282472,2025.0,New South Wales
-33.259356,143.232329,2019.0,New South Wales
-32.837195,150.211863,2005.0,New South Wales
-34.119685,150.716667,2018.0,New South Wales
-33.811533,151.301092,2021.0,New South Wales
-30.661606,149.175436,2019.0,New South Wales
-33.674279,151.319267,2025.0,New South Wales
-35.762137,147.081573,2013.0,New South Wales
-33.77187,151.113338,2009.0,New South Wales
-34.181803,150.992063,2022.0,New South Wales
-33.297441,143.180302,2019.0,New South Wales
-33.14543,143.374431,2019.0,New South Wales
-33.704414,142.99288,2019.0,New South Wales
-34.334364,150.91095,2009.0,New South Wales
-33.248225,143.301109,2019.0,New South Wales
-33.813685,151.298197,2015.0,New South Wales
-34.174579,142.542184,2017.0,New South Wales
-33.94267,150.977983,2017.0,New South Wales
-33.308635,151.421206,2022.0,New South Wales
-33.340433,143.170708,2019.0,New South Wales
-33.67387,151.112967,2021.0,New South Wales
-33.434485,143.298767,2019.0,New South Wales
-30.534914,150.11544,2016.0,New South Wales
-35.065616,150.653302,2023.0,New South Wales
-33.441496,151.378675,2021.0,New South Wales
-33.76391,151.18981,2016.0,New South Wales
-34.426664,147.155857,2013.0,New South Wales
-33.846325,150.859423,2003.0,New South Wales
-33.429907,143.270673,2019.0,New South Wales
-32.723628,151.539402,2009.0,New South Wales
-33.817799,150.021588,2011.0,New South Wales
-33.817896,151.298881,2021.0,New South Wales
-33.776666,151.167216,2008.0,New South Wales
-33.79986,150.67045,2013.0,New South Wales
-33.55,150.91667,,New South Wales
-37.01792,148.75931,2012.0,New South Wales
-33.805023,151.171,2025.0,New South Wales
-33.533333,145.08333,1996.0,New South Wales
-34.28052,148.668069,2023.0,New South Wales
-35.890428,147.753348,2021.0,New South Wales
-30.590385,149.204123,2019.0,New South Wales
-33.809765,151.298404,2020.0,New South Wales
-32.381213,150.825357,2021.0,New South Wales
-33.34505,151.49576,2018.0,New South Wales
-34.318121,150.924936,2025.0,New South Wales
-33.811325,151.301031,2017.0,New South Wales
-30.499739,149.227957,2020.0,New South Wales
-34.391193,150.140237,2018.0,New South Wales
-33.245355,143.246423,2019.0,New South Wales
-29.95866,150.7615,2014.0,New South Wales
-35.683333,149.116667,2009.0,New South Wales
-33.392399,151.327701,2005.0,New South Wales
-28.303875,153.570081,2011.0,New South Wales
-33.812515,151.299816,2023.0,New South Wales
-34.277097,142.786439,2017.0,New South Wales
-33.37872,150.076762,2008.0,New South Wales
-33.243407,143.267158,2019.0,New South Wales
-32.730837,151.546276,2014.0,New South Wales
-33.854115,150.870135,2025.0,New South Wales
-35.115511,150.621938,2024.0,New South Wales
-29.782946,152.050319,1991.0,New South Wales
-33.285321,143.156063,2019.0,New South Wales
-31.4146,150.254517,2011.0,New South Wales
-34.459443,150.850448,2022.0,New South Wales
-33.189315,143.304578,2023.0,New South Wales
-34.317814,150.90791,2025.0,New South Wales
-33.04055,150.023254,2024.0,New South Wales
-36.23879,148.3763,2021.0,New South Wales
-33.767514,142.990173,2020.0,New South Wales
-35.909682,150.156841,2016.0,New South Wales
-33.809765,151.298404,2020.0,New South Wales
-33.308841,143.283495,2019.0,New South Wales
-33.55,150.91667,,New South Wales
-33.336425,151.157224,2012.0,New South Wales
-33.81481,151.297408,2021.0,New South Wales
-33.436497,151.409005,1999.0,New South Wales
-30.02988,147.961164,2024.0,New South Wales
-36.36046,149.33224,2012.0,New South Wales
-33.987229,142.808251,2019.0,New South Wales
-33.809765,151.298404,2020.0,New South Wales
-33.338105,143.277105,2019.0,New South Wales
-33.593287,143.224161,2021.0,New South Wales
-33.359814,143.268738,2019.0,New South Wales
-33.840712,150.658379,2023.0,New South Wales
-34.181246,142.55569,2022.0,New South Wales
-33.18402,149.14931,2013.0,New South Wales
-36.615295,149.43417,1995.0,New South Wales
-30.366667,145.6,1996.0,New South Wales
-33.809765,151.298404,2020.0,New South Wales
-35.420811,149.249096,2009.0,New South Wales
-35.854789,145.987896,1979.0,New South Wales
-36.312973,150.088591,2023.0,New South Wales
-29.40228,151.34663,2014.0,New South Wales
-31.94967,150.78671,2017.0,New South Wales
-34.455254,150.52845,2014.0,New South Wales
-31.292972,151.0801,2017.0,New South Wales
-33.556891,151.193214,2015.0,New South Wales
-33.236328,143.25633,2019.0,New South Wales
-33.68475,150.907422,2015.0,New South Wales
-33.809765,151.298404,2020.0,New South Wales
-35.850563,147.522107,2022.0,New South Wales
-33.792962,151.148424,2021.0,New South Wales
-34.736257,146.793682,1997.0,New South Wales
-30.621094,149.136656,2019.0,New South Wales
-33.819035,151.300371,2021.0,New South Wales
-33.467781,143.324694,2019.0,New South Wales
-28.871707,153.401703,2021.0,New South Wales
-35.252341,149.433194,2013.0,New South Wales
-36.125252,148.7848,2000.0,New South Wales
-32.770975,151.627087,2005.0,New South Wales
-33.275918,143.250492,2022.0,New South Wales
-33.247708,143.299425,2019.0,New South Wales
-32.726935,151.637807,2011.0,New South Wales
-36.36494,149.33226,2015.0,New South Wales
-31.305561,149.015711,2001.0,New South Wales
-33.989053,142.79372,2019.0,New South Wales
-34.043439,150.741346,2016.0,New South Wales
-34.062725,150.779685,2015.0,New South Wales
-33.493357,143.32662,2019.0,New South Wales
-33.357396,143.278559,2019.0,New South Wales
-33.81086,151.299191,2022.0,New South Wales
-37.462447,149.969239,1982.0,New South Wales
-34.914816,150.647444,2023.0,New South Wales
-35.885958,148.417104,2020.0,New South Wales
-33.338545,143.281821,2019.0,New South Wales
-33.254584,143.189979,2019.0,New South Wales
-33.04055,150.023254,2024.0,New South Wales
-33.77458,143.005049,2020.0,New South Wales
-33.258093,143.156628,2019.0,New South Wales
-35.10817,147.35983,2018.0,New South Wales
-29.40228,151.34663,2014.0,New South Wales
-35.381392,149.328693,2017.0,New South Wales
-36.370209,150.071335,2025.0,New South Wales
-33.55,150.91667,,New South Wales
-33.382762,143.261418,2019.0,New South Wales
-35.779584,149.156392,2017.0,New South Wales
-33.388161,143.223669,2019.0,New South Wales
-33.803506,151.16666,2025.0,New South Wales
-34.07212,150.855206,2016.0,New South Wales
-33.259356,143.232329,2019.0,New South Wales
-35.891891,147.540604,2022.0,New South Wales
-32.369856,149.793288,2021.0,New South Wales
-33.360941,143.231393,2019.0,New South Wales
-33.041078,150.03881,2024.0,New South Wales
-33.815676,151.299357,2022.0,New South Wales
-33.62052,151.330512,2017.0,New South Wales
-34.083911,150.002404,2004.0,New South Wales
-30.499739,149.227957,2020.0,New South Wales
-33.809765,151.298404,2020.0,New South Wales
-35.29441,149.731756,1999.0,New South Wales
-34.181965,150.991972,2022.0,New South Wales
-36.613784,148.251784,2014.0,New South Wales
-33.810005,151.300204,2023.0,New South Wales
-34.317757,150.907816,2025.0,New South Wales
-34.116481,150.713033,2018.0,New South Wales
-33.835742,151.256972,2023.0,New South Wales
-33.300555,143.18208,2019.0,New South Wales
-32.997178,150.212359,2005.0,New South Wales
-34.06537,150.76717,2019.0,New South Wales
-33.391613,142.251238,2020.0,New South Wales
-32.98293,146.057143,2021.0,New South Wales
-35.121388,146.195,2017.0,New South Wales
-33.809956,151.299859,2021.0,New South Wales
-33.808031,151.038551,2025.0,New South Wales
-33.810877,151.299268,2022.0,New South Wales
-33.226761,143.279417,2019.0,New South Wales
-33.719509,150.941388,2020.0,New South Wales
-32.169718,149.739685,2012.0,New South Wales
-36.23694,148.248,2014.0,New South Wales
-33.225188,143.25422,2019.0,New South Wales
-32.19303,149.78738,2013.0,New South Wales
-36.351944,148.67778,2019.0,New South Wales
-33.779616,150.742904,2003.0,New South Wales
-33.160479,141.166653,2024.0,New South Wales
-33.809765,151.298404,2020.0,New South Wales
-35.195309,149.203144,2009.0,New South Wales
-33.430727,143.277509,2019.0,New South Wales
-35.38954,149.331,2017.0,New South Wales
-34.512047,150.085388,2015.0,New South Wales
-32.591801,148.329961,1997.0,New South Wales
-31.627402,148.860879,2009.0,New South Wales
-34.130873,150.806205,2017.0,New South Wales
-33.395394,143.297274,2019.0,New South Wales
-34.773089,150.798517,2024.0,New South Wales
-34.2032,142.48886,2025.0,New South Wales
-33.734044,151.2199,2023.0,New South Wales
-33.458081,143.325245,2019.0,New South Wales
-33.241061,143.258314,2019.0,New South Wales
-35.915643,147.594014,2021.0,New South Wales
-33.770486,151.141551,2011.0,New South Wales
-34.226575,142.745668,2017.0,New South Wales
-33.45131,143.311567,2019.0,New South Wales
-33.262945,143.313743,2019.0,New South Wales
-32.237684,150.055798,2006.0,New South Wales
-33.55,150.91667,,New South Wales
-34.260905,142.72966,2016.0,New South Wales
-33.43155,143.279146,2019.0,New South Wales
-33.282049,143.254539,2019.0,New South Wales
-33.812499,151.299808,2021.0,New South Wales
-33.213616,141.128176,2024.0,New South Wales
-29.004049,152.064224,2018.0,New South Wales
-34.455254,150.52845,2014.0,New South Wales
-33.266221,143.277784,2019.0,New South Wales
-33.661133,151.158274,2025.0,New South Wales
-33.809956,151.299859,2021.0,New South Wales
-33.816235,151.297379,2021.0,New South Wales
-33.272396,143.172908,2019.0,New South Wales
-33.815458,151.294726,2018.0,New South Wales
-29.734069,150.98897,2003.0,New South Wales
-33.72406,150.916183,2011.0,New South Wales
-33.744698,151.150905,2025.0,New South Wales
-33.55,150.91667,,New South Wales
-34.351372,150.511205,2003.0,New South Wales
-33.240702,143.290681,2019.0,New South Wales
-33.759933,150.96605,2009.0,New South Wales
-33.18402,149.14931,2014.0,New South Wales
-30.601699,143.667617,2022.0,New South Wales
-32.239079,149.762751,2010.0,New South Wales
-34.483792,150.337276,2023.0,New South Wales
-35.024553,148.712574,2011.0,New South Wales
-36.390284,148.42978,2008.0,New South Wales
-35.94817,148.92557,2014.0,New South Wales
-30.386439,152.89179,1997.0,New South Wales
-35.26255,149.602579,2016.0,New South Wales
-33.77351,150.69882,2015.0,New South Wales
-33.427614,151.412614,2024.0,New South Wales
-33.714845,150.866858,2003.0,New South Wales
-35.264534,149.602171,2017.0,New South Wales
-32.996931,151.669865,2011.0,New South Wales
-33.55,150.91667,,New South Wales
-36.636128,148.499579,2021.0,New South Wales
-33.810005,151.300203,2022.0,New South Wales
-33.695958,143.013491,2019.0,New South Wales
-35.94817,148.92557,2014.0,New South Wales
-30.500435,149.253793,2020.0,New South Wales
-33.701869,143.001218,2019.0,New South Wales
-34.192398,150.607906,2025.0,New South Wales
-32.302209,151.941501,2017.0,New South Wales
-33.17948,149.1493,2015.0,New South Wales
-35.115178,150.620693,2024.0,New South Wales
-30.453708,153.033373,,New South Wales
-33.809765,151.298404,2020.0,New South Wales
-33.591318,143.214545,2019.0,New South Wales
-33.449784,143.310746,2019.0,New South Wales
-36.207577,150.130877,2009.0,New South Wales
-33.55,150.91667,,New South Wales
-33.814719,151.299278,2021.0,New South Wales
-35.94817,148.92557,2014.0,New South Wales
-31.749722,148.739528,2009.0,New South Wales
-33.809956,151.299859,2021.0,New South Wales
-33.437326,151.329919,2016.0,New South Wales
-35.427792,149.196652,2017.0,New South Wales
-33.809765,151.298404,2020.0,New South Wales
-32.748179,151.61538,2025.0,New South Wales
-34.011008,150.869193,2025.0,New South Wales
-32.083333,141.283333,2009.0,New South Wales
-33.643507,151.135881,2016.0,New South Wales
-33.18402,149.14931,2013.0,New South Wales
-33.820327,144.697743,2016.0,New South Wales
-33.34025,143.281483,2019.0,New South Wales
-33.816374,150.03247,2025.0,New South Wales
-33.287697,143.243675,2022.0,New South Wales
-32.590568,151.626778,1993.0,New South Wales
-33.68734,143.002831,2021.0,New South Wales
-34.103584,150.783107,,New South Wales
-35.339295,149.279323,2017.0,New South Wales
-35.852064,147.463026,2022.0,New South Wales
-33.258717,143.210061,2019.0,New South Wales
-33.672444,150.771871,2013.0,New South Wales
-33.655066,151.132758,2009.0,New South Wales
-33.065354,151.545807,2017.0,New South Wales
-28.735691,149.525627,1999.0,New South Wales
-37.071283,149.914503,2025.0,New South Wales
-33.811793,151.299671,2015.0,New South Wales
-32.933468,145.736636,2001.0,New South Wales
-36.729887,149.703415,1997.0,New South Wales
-33.091261,151.635291,2023.0,New South Wales
-33.748706,151.127332,2018.0,New South Wales
-33.39354,143.281609,2019.0,New South Wales
-33.393604,143.275147,2019.0,New South Wales
-33.809765,151.298404,2020.0,New South Wales
-33.373395,143.23497,2019.0,New South Wales
-33.803731,151.151694,2013.0,New South Wales
-33.385613,149.540021,2018.0,New South Wales
-33.978225,142.852433,2020.0,New South Wales
-33.144133,143.373887,2019.0,New South Wales
-33.810287,151.298999,2018.0,New South Wales
-33.451888,151.360656,2020.0,New South Wales
-34.79258,150.726786,2020.0,New South Wales
-34.113666,150.723745,2018.0,New South Wales
-35.87163,148.15979,2013.0,New South Wales
-33.811908,151.302726,2021.0,New South Wales
-33.353915,151.495625,2025.0,New South Wales
-36.36494,149.33226,2014.0,New South Wales
-34.119719,150.716135,2018.0,New South Wales
-33.396138,143.275486,2019.0,New South Wales
-35.95338,149.131658,2019.0,New South Wales
-31.455494,152.871542,2017.0,New South Wales
-34.480717,143.329448,1995.0,New South Wales
-33.72873,151.123031,2019.0,New South Wales
-35.605778,148.640377,2021.0,New South Wales
-32.546379,147.573853,2009.0,New South Wales
-30.35783,150.29866,2022.0,New South Wales
-34.197751,142.581219,2022.0,New South Wales
-34.036219,150.623022,2018.0,New South Wales
-33.816586,151.300603,2021.0,New South Wales
-33.987603,151.250873,2018.0,New South Wales
-32.920603,151.774259,2018.0,New South Wales
-29.004861,152.065761,2019.0,New South Wales
-33.974214,142.828278,2019.0,New South Wales
-31.275048,148.995695,2014.0,New South Wales
-30.650536,152.809384,2026.0,New South Wales
-33.810005,151.300204,2023.0,New South Wales
-33.151875,143.338108,2019.0,New South Wales
-33.377436,143.242715,2019.0,New South Wales
-33.253728,143.179684,2019.0,New South Wales
-33.31867,143.276221,2019.0,New South Wales
-36.98332,149.92572,2013.0,New South Wales
-33.360316,143.277162,2019.0,New South Wales
-33.760489,143.002448,2020.0,New South Wales
-33.816352,151.298036,2021.0,New South Wales
-33.55,150.91667,,New South Wales
-33.783,151.103371,2016.0,New South Wales
-33.763864,151.130189,2019.0,New South Wales
-33.822108,151.298927,2021.0,New South Wales
-33.700797,151.113102,2024.0,New South Wales
-35.423622,149.536743,2003.0,New South Wales
-33.815771,151.294493,2019.0,New South Wales
-34.066007,150.762313,2020.0,New South Wales
-33.688286,151.226503,2014.0,New South Wales
-35.89493,148.52552,2017.0,New South Wales
-30.662768,149.16491,2019.0,New South Wales
-34.51154,148.02838,2014.0,New South Wales
-33.916273,150.836398,2008.0,New South Wales
-33.91035,150.843278,2004.0,New South Wales
-33.041078,150.03881,2024.0,New South Wales
-33.389819,143.28629,2019.0,New South Wales
-34.427798,150.893074,2020.0,New South Wales
-35.850563,147.522107,2022.0,New South Wales
-33.453812,143.319059,2019.0,New South Wales
-29.004612,152.063913,2018.0,New South Wales
-30.567,149.22,2009.0,New South Wales
-33.43718,151.39344,2017.0,New South Wales
-34.013733,142.878662,2019.0,New South Wales
-30.4585,151.37374,2017.0,New South Wales
-30.267697,145.373893,2015.0,New South Wales
-31.655992,152.818871,2026.0,New South Wales
-33.55,150.91667,,New South Wales
-36.696732,148.45429,1993.0,New South Wales
-33.811533,151.301092,2021.0,New South Wales
-33.411644,143.262382,2019.0,New South Wales
-32.469395,151.066213,2019.0,New South Wales
-34.744178,150.099287,2021.0,New South Wales
-31.435945,149.095072,1997.0,New South Wales
-28.644875,153.616505,2024.0,New South Wales
-33.81086,151.299191,2023.0,New South Wales
-33.469508,150.952148,2019.0,New South Wales
-36.36046,149.33224,2015.0,New South Wales
-33.645662,150.80057,2013.0,New South Wales
-33.809957,151.29987,2021.0,New South Wales
-36.053552,148.550149,2024.0,New South Wales
-36.17846,149.0719,2013.0,New South Wales
-33.96651,150.87207,2014.0,New South Wales
-33.815675,151.299356,2023.0,New South Wales
-33.271452,143.254216,2019.0,New South Wales
-33.810439,151.300875,2021.0,New South Wales
-33.81086,151.299191,2022.0,New South Wales
-36.23911,148.37052,2014.0,New South Wales
-33.411683,143.300248,2019.0,New South Wales
-33.815675,151.299356,2022.0,New South Wales
-33.741997,151.273075,2017.0,New South Wales
-33.809975,151.299869,2020.0,New South Wales
-33.758333,142.910929,2021.0,New South Wales
-35.89493,148.52552,2013.0,New South Wales
-33.81241,151.29937,2016.0,New South Wales
-30.4585,151.37374,2013.0,New South Wales
-33.444802,143.295531,2019.0,New South Wales
-33.932787,150.837304,2003.0,New South Wales
-35.87163,148.15979,2012.0,New South Wales
-34.619309,145.398334,2024.0,New South Wales
-33.700642,142.984152,2019.0,New South Wales
-33.259765,143.252354,2019.0,New South Wales
-33.384062,143.253331,2019.0,New South Wales
-34.109958,150.718194,2018.0,New South Wales
-34.793,150.77008,2014.0,New South Wales
-33.78213,151.104979,2019.0,New South Wales
-33.339648,143.29777,2019.0,New South Wales
-33.490512,143.322643,2019.0,New South Wales
-33.811169,151.299511,2015.0,New South Wales
-32.713739,151.553818,2026.0,New South Wales
-33.814764,151.297365,2022.0,New South Wales
-33.85838,150.751754,2017.0,New South Wales
-35.850563,147.522107,2022.0,New South Wales
-33.361778,150.149483,2021.0,New South Wales
-35.519842,149.192299,2018.0,New South Wales
-32.85381,150.22796,2021.0,New South Wales
-33.852381,150.87086,2020.0,New South Wales
-33.809744,151.299485,2015.0,New South Wales
-30.662768,149.16491,2019.0,New South Wales
-33.041078,150.03881,2024.0,New South Wales
-32.252983,149.772648,2015.0,New South Wales
-36.167034,149.382849,2020.0,New South Wales
-33.17948,149.1493,2014.0,New South Wales
-28.85625,153.585974,2025.0,New South Wales
-35.380863,149.327223,2017.0,New South Wales
-35.719781,148.645628,2025.0,New South Wales
-35.352052,149.327414,2017.0,New South Wales
-33.81086,151.299191,2023.0,New South Wales
-33.211947,141.166921,2024.0,New South Wales
-33.758392,142.909531,2021.0,New South Wales
-33.741309,150.694894,2025.0,New South Wales
-33.814788,151.297418,2022.0,New South Wales
-35.247102,149.359337,2024.0,New South Wales
-33.76562,151.266604,2023.0,New South Wales
-35.903068,147.760454,2022.0,New South Wales
-33.461885,143.325086,2019.0,New South Wales
-33.339595,148.978662,2002.0,New South Wales
-33.376964,142.247051,2017.0,New South Wales
-33.984965,142.797195,2019.0,New South Wales
-35.361485,149.215024,2024.0,New South Wales
-33.810267,151.298816,2016.0,New South Wales
-32.52411,151.710345,2016.0,New South Wales
-33.321121,149.085113,2025.0,New South Wales
-34.035841,151.202513,2007.0,New South Wales
-33.685318,150.935148,2005.0,New South Wales
-30.4585,151.37374,2019.0,New South Wales
-33.717129,151.153979,2017.0,New South Wales
-29.870968,147.435117,2025.0,New South Wales
-34.131209,150.451516,2003.0,New South Wales
-33.810877,151.299268,2022.0,New South Wales
-34.561113,145.811984,1981.0,New South Wales
-33.810005,151.300204,2023.0,New South Wales
-32.676366,144.923658,1976.0,New South Wales
-33.378387,143.222541,2019.0,New South Wales
-33.249414,143.300109,2019.0,New South Wales
-34.31789,150.908128,2025.0,New South Wales
-29.737605,152.928691,1990.0,New South Wales
-33.744749,151.150856,2026.0,New South Wales
-32.565645,148.961094,2021.0,New South Wales
-35.205481,149.208753,2025.0,New South Wales
-29.46594,151.95833,2019.0,New South Wales
-33.748507,151.158777,2025.0,New South Wales
-29.45099,153.07705,2020.0,New South Wales
-33.433846,151.297228,2008.0,New South Wales
-35.89047,148.52555,2021.0,New South Wales
-33.813314,151.298107,2015.0,New South Wales
-33.810886,151.299257,2021.0,New South Wales
-33.18402,149.14931,2014.0,New South Wales
-33.165513,145.001191,1982.0,New South Wales
-36.18782,148.632759,2001.0,New South Wales
-33.811867,151.301074,2016.0,New South Wales
-30.57463,151.72101,2013.0,New South Wales
-35.87163,148.15979,2013.0,New South Wales
-33.40664,150.212588,2017.0,New South Wales
-33.412184,143.292473,2019.0,New South Wales
-36.596304,148.490353,2018.0,New South Wales
-34.225521,142.681705,2017.0,New South Wales
-33.817375,151.072843,2018.0,New South Wales
-33.809744,151.299485,2015.0,New South Wales
-33.812499,151.299808,2021.0,New South Wales
-29.46551,151.9545,2019.0,New South Wales
-33.812997,151.295402,2015.0,New South Wales
-35.889687,147.548201,2021.0,New South Wales
-34.51154,148.02838,2014.0,New South Wales
-34.063805,150.724816,2025.0,New South Wales
-33.759819,151.207179,2011.0,New South Wales
-30.4585,151.37374,2013.0,New South Wales
-33.69868,143.013318,2019.0,New South Wales
-36.688249,148.532261,2021.0,New South Wales
-33.810877,151.299268,2022.0,New South Wales
-33.258466,143.208916,2019.0,New South Wales
-33.680247,151.211314,2017.0,New South Wales
-33.226547,143.273947,2019.0,New South Wales
-33.814819,151.297418,2020.0,New South Wales
-34.852604,150.584836,2014.0,New South Wales
-32.489765,145.605162,2025.0,New South Wales
-33.809956,151.299859,2021.0,New South Wales
-34.119955,150.656825,2024.0,New South Wales
-34.015188,142.878815,2019.0,New South Wales
-32.235768,149.760974,2005.0,New South Wales
-33.500284,143.326928,2019.0,New South Wales
-32.529705,148.842773,2011.0,New South Wales
-30.522547,149.254856,2017.0,New South Wales
-34.003415,150.807356,2007.0,New South Wales
-33.36197,143.30876,2019.0,New South Wales
-32.663078,151.43108,2021.0,New South Wales
-33.090322,148.846331,1997.0,New South Wales
-29.781837,153.049704,2007.0,New South Wales
-34.06766,150.766727,2025.0,New South Wales
-33.748822,151.1537,2017.0,New South Wales
-33.533333,145.08333,1996.0,New South Wales
-31.164147,152.796482,2000.0,New South Wales
-33.678893,142.960751,2021.0,New South Wales
-33.699797,143.008371,2019.0,New South Wales
-33.812515,151.299816,2023.0,New South Wales
-33.816216,151.297358,2021.0,New South Wales
-33.257693,143.262289,2019.0,New South Wales
-33.55,150.91667,,New South Wales
-33.821475,151.296195,2021.0,New South Wales
-33.810005,151.300203,2022.0,New South Wales
-33.941253,150.938096,2024.0,New South Wales
-33.809765,151.298404,2020.0,New South Wales
-34.063014,150.748089,2006.0,New South Wales
-34.197751,142.581219,2022.0,New South Wales
-33.815675,151.299356,2022.0,New South Wales
-33.333933,143.278011,2019.0,New South Wales
-34.624027,148.094544,2016.0,New South Wales
-33.793049,151.148894,2019.0,New South Wales
-35.40486,148.43954,2012.0,New South Wales
-28.809859,153.542562,2016.0,New South Wales
-30.582748,149.638615,2015.0,New South Wales
-36.168895,149.093074,2003.0,New South Wales
-33.810877,151.299268,2022.0,New South Wales
-36.697722,149.440405,2003.0,New South Wales
-30.352552,152.480794,2017.0,New South Wales
-29.451877,151.366214,1997.0,New South Wales
-36.414225,148.616241,2009.0,New South Wales
-34.120535,150.723672,2018.0,New South Wales
-33.53374,149.92874,2012.0,New South Wales
-34.75685,148.98526,2012.0,New South Wales
-34.75333,147.51373,2019.0,New South Wales
-35.709792,149.169833,2013.0,New South Wales
-34.997662,149.919322,2022.0,New South Wales
-33.39497,143.275601,2019.0,New South Wales
-33.810206,151.300292,2024.0,New South Wales
-33.041078,150.03881,2024.0,New South Wales
-34.080765,150.766449,2023.0,New South Wales
-36.349583,148.522842,2008.0,New South Wales
-29.116582,152.285704,2000.0,New South Wales
-33.270785,143.175926,2019.0,New South Wales
-29.32134,147.74269,2002.0,New South Wales
-34.99421,147.96904,2009.0,New South Wales
-34.04556,150.77458,2013.0,New South Wales
-33.463689,143.323726,2019.0,New South Wales
-33.263406,143.313451,2019.0,New South Wales
-33.811584,151.108392,2021.0,New South Wales
-33.411227,143.25342,2019.0,New South Wales
-33.757439,151.0296,2017.0,New South Wales
-33.55,150.91667,,New South Wales
-33.7566,151.21,2017.0,New South Wales
-35.853473,147.461222,2022.0,New South Wales
-33.809956,151.299859,2021.0,New South Wales
-33.815675,151.299356,2022.0,New South Wales
-32.002117,152.473058,2009.0,New South Wales
-29.088727,147.049472,1992.0,New South Wales
-33.815681,151.299367,2022.0,New South Wales
-35.370342,150.434434,2022.0,New South Wales
-33.643456,151.136379,2016.0,New South Wales
-35.89047,148.52555,2014.0,New South Wales
-34.055454,150.672402,2017.0,New South Wales
-34.04854,151.054076,2009.0,New South Wales
-34.139807,142.552935,2016.0,New South Wales
-34.41705,150.584088,2014.0,New South Wales
-32.17958,149.746013,2010.0,New South Wales
-33.703935,143.015013,2019.0,New South Wales
-33.362184,151.417608,2011.0,New South Wales
-36.36236,148.40352,2008.0,New South Wales
-33.446464,151.43993,2012.0,New South Wales
-33.034694,150.030475,2023.0,New South Wales
-33.814521,151.297486,2025.0,New South Wales
-33.748501,151.153808,2016.0,New South Wales
-33.910124,148.287303,2018.0,New South Wales
-33.55,150.91667,,New South Wales
-35.202914,150.439431,2007.0,New South Wales
-33.723182,150.294938,2010.0,New South Wales
-30.416666,145.6,1996.0,New South Wales
-33.275153,143.167565,2019.0,New South Wales
-33.764798,151.197495,2017.0,New South Wales
-33.809765,151.298404,2020.0,New South Wales
-33.183272,143.303477,2019.0,New South Wales
-34.053726,150.577412,2014.0,New South Wales
-35.621652,146.252575,2009.0,New South Wales
-33.627509,150.965546,2009.0,New South Wales
-33.194024,151.618366,2009.0,New South Wales
-34.207896,142.610772,2022.0,New South Wales
-33.760231,151.097803,2016.0,New South Wales
-33.809975,151.299869,2020.0,New South Wales
-31.452487,152.625358,1994.0,New South Wales
-33.391556,143.234785,2019.0,New South Wales
-33.867,151.20669,2015.0,New South Wales
-33.809764,151.299647,2016.0,New South Wales
-33.811533,151.301092,2021.0,New South Wales
-33.378984,143.248942,2019.0,New South Wales
-36.107381,148.510569,,New South Wales
-33.244789,143.301351,2019.0,New South Wales
-36.23911,148.37052,2012.0,New South Wales
-35.89493,148.52552,2020.0,New South Wales
-34.9207,148.53913,2013.0,New South Wales
-33.783639,151.145352,2022.0,New South Wales
-35.360255,149.21464,2016.0,New South Wales
-35.68444,147.489547,2013.0,New South Wales
-36.339142,148.578001,2017.0,New South Wales
-34.119424,150.654505,2021.0,New South Wales
-33.809956,151.299859,2021.0,New South Wales
-33.375371,143.249021,2019.0,New South Wales
-33.815675,151.299356,2023.0,New South Wales
-30.590385,149.204123,2018.0,New South Wales
-33.704062,151.111837,2025.0,New South Wales
-33.68529,142.951108,2019.0,New South Wales
-35.850405,147.52274,2022.0,New South Wales
-33.811533,151.301092,2021.0,New South Wales
-33.703072,142.925976,2021.0,New South Wales
-33.280107,143.270587,2019.0,New South Wales
-33.735299,151.121507,2020.0,New South Wales
-33.876668,150.81795,2016.0,New South Wales
-35.998885,148.451584,2018.0,New South Wales
-33.69633,142.926385,2021.0,New South Wales
-33.91819,150.86345,2018.0,New South Wales
-29.238424,146.347076,2009.0,New South Wales
-36.556917,149.404128,1994.0,New South Wales
-33.211947,141.166921,2024.0,New South Wales
-35.046906,148.530784,1980.0,New South Wales
-33.702226,151.132102,2024.0,New South Wales
-33.448264,150.231023,2015.0,New South Wales
-32.845343,151.241616,2025.0,New South Wales
-33.97771,142.795735,2019.0,New South Wales
-35.262583,149.602802,2016.0,New South Wales
-31.38363,152.9083,2019.0,New South Wales
-33.688611,150.93615,2018.0,New South Wales
-33.264129,143.312025,2019.0,New South Wales
-35.890428,147.753348,2021.0,New South Wales
-33.77072,151.114581,2023.0,New South Wales
-33.328384,143.269552,2019.0,New South Wales
-33.808496,151.297252,2015.0,New South Wales
-33.833217,150.936593,2024.0,New South Wales
-33.7482,151.2244,2018.0,New South Wales
-33.810886,151.299257,2021.0,New South Wales
-34.341493,150.923619,2024.0,New South Wales
-33.809975,151.299869,2020.0,New South Wales
-33.385556,143.263892,2019.0,New South Wales
-34.201959,142.596441,2022.0,New South Wales
-33.810886,151.299257,2021.0,New South Wales
-34.935242,150.768716,2025.0,New South Wales
-29.732187,150.983839,2002.0,New South Wales
-33.342913,143.17178,2019.0,New South Wales
-33.809765,151.298404,2020.0,New South Wales
-31.950038,152.501398,2018.0,New South Wales
-28.763388,153.351092,,New South Wales
-33.737721,150.706222,2025.0,New South Wales
-33.816252,151.297347,2020.0,New South Wales
-31.71185,150.03805,2015.0,New South Wales
-33.401081,143.296937,2019.0,New South Wales
-28.478051,152.098855,2002.0,New South Wales
-33.810005,151.300203,2022.0,New South Wales
-36.23879,148.3763,2014.0,New South Wales
-35.89493,148.52552,2017.0,New South Wales
-34.070213,150.759412,2025.0,New South Wales
-33.334867,143.288276,2019.0,New South Wales
-33.224699,143.270626,2019.0,New South Wales
-33.833076,150.827886,2013.0,New South Wales
-33.760349,151.090434,2021.0,New South Wales
-35.34028,150.469045,2022.0,New South Wales
-34.317764,150.907938,2024.0,New South Wales
-33.67553,142.92868,2019.0,New South Wales
-34.455254,150.52845,2014.0,New South Wales
-33.7328,150.9886,2016.0,New South Wales
-29.340452,146.252988,2006.0,New South Wales
-33.247791,143.241278,2019.0,New South Wales
-33.814819,151.297418,2020.0,New South Wales
-34.780248,150.695805,2024.0,New South Wales
-33.809956,151.299859,2021.0,New South Wales
-32.627232,151.613731,2009.0,New South Wales
-33.812393,151.299372,2023.0,New South Wales
-33.18402,149.14931,2013.0,New South Wales
-33.330005,143.273529,2019.0,New South Wales
-33.810287,151.298999,2018.0,New South Wales
-34.793,150.77008,2014.0,New South Wales
-33.55,150.91667,,New South Wales
-33.811908,151.302726,2021.0,New South Wales
-33.673238,142.926651,2019.0,New South Wales
-30.910463,149.695697,2000.0,New South Wales
-32.147496,149.691465,2008.0,New South Wales
-33.810251,151.299,2017.0,New South Wales
-33.264256,143.342927,2019.0,New South Wales
-31.635693,152.833324,2016.0,New South Wales
-34.455254,150.52845,2014.0,New South Wales
-35.850405,147.52274,2022.0,New South Wales
-30.877886,151.868506,2016.0,New South Wales
-33.809765,151.298404,2020.0,New South Wales
-33.415443,143.289979,2019.0,New South Wales
-33.71177,151.13852,2011.0,New South Wales
-33.580842,143.204734,2019.0,New South Wales
-33.813099,151.297531,2011.0,New South Wales
-32.190131,149.728919,2012.0,New South Wales
-33.891665,151.225072,2018.0,New South Wales
-32.923897,151.650496,2015.0,New South Wales
-33.812515,151.299816,2022.0,New South Wales
-35.016042,150.61918,,New South Wales
-33.677375,151.118323,2017.0,New South Wales
-32.879946,145.660805,2021.0,New South Wales
-33.809765,151.298404,2020.0,New South Wales
-33.758491,150.823564,2022.0,New South Wales
-31.704712,150.901755,2019.0,New South Wales
-33.76065,151.089258,2016.0,New South Wales
-34.01108,150.810214,2020.0,New South Wales
-34.185455,142.506216,2024.0,New South Wales
-33.790344,150.948576,2020.0,New South Wales
-30.499739,149.227957,2020.0,New South Wales
-33.809765,151.298404,2020.0,New South Wales
-34.022019,150.643508,2024.0,New South Wales
-33.407603,143.288382,2019.0,New South Wales
-33.69673,143.011514,2019.0,New South Wales
-32.68647,152.224736,1996.0,New South Wales
-33.267651,143.251039,2019.0,New South Wales
-33.811169,151.299511,2015.0,New South Wales
-32.342676,150.817916,2021.0,New South Wales
-28.295365,153.452518,2024.0,New South Wales
-33.766607,142.973403,2020.0,New South Wales
-33.326296,143.278034,2019.0,New South Wales
-33.773786,151.221461,2025.0,New South Wales
-32.209129,151.937899,,New South Wales
-35.774917,148.699495,1974.0,New South Wales
-33.764838,151.04513,2020.0,New South Wales
-35.89493,148.52552,2013.0,New South Wales
-31.74843,150.001152,1976.0,New South Wales
-36.23694,148.248,2013.0,New South Wales
-33.192938,141.153827,2024.0,New South Wales
-34.679128,150.709897,2019.0,New South Wales
-33.816182,151.297339,2023.0,New South Wales
-33.363981,143.27163,2019.0,New South Wales
-33.643975,150.796929,2013.0,New South Wales
-32.376627,151.494255,2016.0,New South Wales
-34.073467,150.761976,2021.0,New South Wales
-33.809765,151.298404,2020.0,New South Wales
-36.933151,148.909643,2015.0,New South Wales
-33.357591,143.235718,2019.0,New South Wales
-34.41705,150.584088,2014.0,New South Wales
-30.09289,151.25472,2012.0,New South Wales
-35.89509,148.51965,2013.0,New South Wales
-32.173835,149.776204,2013.0,New South Wales
-33.55,150.91667,,New South Wales
-30.31554,151.543381,2016.0,New South Wales
-34.207896,142.610772,2019.0,New South Wales
-33.379947,143.246661,2019.0,New South Wales
-33.816213,151.298879,2025.0,New South Wales
-32.799487,149.971548,2011.0,New South Wales
-33.329777,143.272789,2019.0,New South Wales
-30.4585,151.37374,2013.0,New South Wales
-35.725558,148.511877,2021.0,New South Wales
-32.920572,151.37914,2017.0,New South Wales
-34.496104,150.453236,2022.0,New South Wales
-33.760498,151.088251,2016.0,New South Wales
-36.36046,149.33224,2012.0,New South Wales
-33.784151,151.101787,2019.0,New South Wales
-33.379464,143.24559,2019.0,New South Wales
-33.249575,143.252068,2019.0,New South Wales
-33.816935,151.298446,2021.0,New South Wales
-33.810865,151.299264,2024.0,New South Wales
-33.96687,150.86952,2014.0,New South Wales
-34.965273,146.48092,1979.0,New South Wales
-34.11867,150.653529,2019.0,New South Wales
-35.004656,144.940375,2025.0,New South Wales
-33.040897,150.030695,2024.0,New South Wales
-32.327675,150.79837,2021.0,New South Wales
-30.621094,149.136656,2020.0,New South Wales
-33.152757,143.343994,2019.0,New South Wales
-33.476783,149.872935,2019.0,New South Wales
-35.962899,145.978755,1997.0,New South Wales
-33.811533,151.301092,2021.0,New South Wales
-33.55,150.91667,,New South Wales
-33.810877,151.299268,2022.0,New South Wales
-35.564901,148.626191,2019.0,New South Wales
-33.810295,151.298934,2015.0,New South Wales
-33.371559,143.258667,2019.0,New South Wales
-30.4585,151.37374,2019.0,New South Wales
-33.70592,151.304655,2017.0,New South Wales
-32.304415,150.867264,2021.0,New South Wales
-33.93936,150.9785,2014.0,New South Wales
-30.515091,149.883275,2025.0,New South Wales
-35.834572,148.622964,2016.0,New South Wales
-30.345945,145.587278,,New South Wales
-33.266697,143.29074,2019.0,New South Wales
-35.519722,149.191819,2019.0,New South Wales
-33.810877,151.299268,2022.0,New South Wales
-33.616827,151.129746,2017.0,New South Wales
-34.997663,149.919321,2023.0,New South Wales
-33.811533,151.301092,2021.0,New South Wales
-33.718129,150.982747,2009.0,New South Wales
-35.87163,148.15979,2013.0,New South Wales
-33.392424,143.280099,2019.0,New South Wales
-33.393048,143.280116,2019.0,New South Wales
-34.777,150.72,2019.0,New South Wales
-33.882614,150.856091,2017.0,New South Wales
-33.336848,143.269784,2019.0,New South Wales
-34.120156,150.655261,2024.0,New South Wales
-33.695773,151.039138,2019.0,New South Wales
-33.53374,149.92874,2017.0,New South Wales
-34.499474,150.457872,2022.0,New South Wales
-37.498454,149.970666,1982.0,New South Wales
-33.810005,151.300203,2022.0,New South Wales
-33.157772,143.337398,2022.0,New South Wales
-33.307879,143.288795,2019.0,New South Wales
-33.816179,151.297348,2022.0,New South Wales
-34.455254,150.52845,2014.0,New South Wales
-33.592785,143.241052,2021.0,New South Wales
-31.71185,150.03805,2019.0,New South Wales
-33.810206,151.300292,2024.0,New South Wales
-33.46866,151.434492,2021.0,New South Wales
-33.73432,151.12831,2011.0,New South Wales
-32.418754,151.118286,2014.0,New South Wales
-33.806526,151.231509,1998.0,New South Wales
-33.702543,143.007373,2019.0,New South Wales
-29.857098,144.040166,2009.0,New South Wales
-34.76139,148.99065,2015.0,New South Wales
-33.748216,151.162457,2025.0,New South Wales
-33.780854,150.965532,2011.0,New South Wales
-33.227037,143.252598,2019.0,New South Wales
-33.249662,143.300819,2019.0,New South Wales
-33.812385,151.2994,2017.0,New South Wales
-31.885301,150.083896,2020.0,New South Wales
-36.922313,149.323537,2002.0,New South Wales
-33.319306,143.275782,2019.0,New South Wales
-33.811533,151.301092,2021.0,New South Wales
-33.213616,141.128176,2024.0,New South Wales
-33.26834,143.249374,2019.0,New South Wales
-33.710603,151.158604,2023.0,New South Wales
-30.4585,151.37374,2017.0,New South Wales
-33.640234,151.134186,2016.0,New South Wales
-33.203802,141.128023,2024.0,New South Wales
-35.1987,148.948,1992.0,New South Wales
-33.817075,151.296038,2015.0,New South Wales
-33.034694,150.030475,2023.0,New South Wales
-36.23911,148.37052,2014.0,New South Wales
-33.368073,143.314763,2019.0,New South Wales
-36.164121,150.12465,2022.0,New South Wales
-33.374238,143.263286,2019.0,New South Wales
-35.02718,149.193637,2022.0,New South Wales
-32.700205,148.397705,1997.0,New South Wales
-36.10332,150.135173,2001.0,New South Wales
-35.19509,149.522267,2010.0,New South Wales
-33.55,150.91667,,New South Wales
-33.750341,151.16645,2023.0,New South Wales
-30.449937,151.623567,2019.0,New South Wales
-35.946357,147.036136,2022.0,New South Wales
-35.015,149.112778,,New South Wales
-34.202004,150.946779,2003.0,New South Wales
-35.849302,147.518766,2021.0,New South Wales
-33.674616,151.318036,2025.0,New South Wales
-25.906747,131.202626,1993.0,Northern Territory
-25.601667,132.339333,2001.0,Northern Territory
-25.903888,129.402653,1993.0,Northern Territory
-24.202333,135.783333,2001.0,Northern Territory
-23.02756,134.191257,1989.0,Northern Territory
-24.4,131.570283,2001.0,Northern Territory
-25.701,129.725333,2001.0,Northern Territory
-25.899333,129.267167,2001.0,Northern Territory
-24.0985,129.2995,2001.0,Northern Territory
-25.5,133.323887,2001.0,Northern Territory
-25.301227,130.802625,1993.0,Northern Territory
-22.923294,131.401276,1993.0,Northern Territory
-25.992264,133.801294,1993.0,Northern Territory
-25.8915,129.444833,2001.0,Northern Territory
-25.09239,130.002632,1993.0,Northern Territory
-25.237839,129.002651,1993.0,Northern Territory
-25.688757,129.002661,1993.0,Northern Territory
-25.699167,130.6665,2001.0,Northern Territory
-25.8995,137.373333,2001.0,Northern Territory
-25.651717,129.601331,1993.0,Northern Territory
-25.015254,131.202606,1993.0,Northern Territory
-25.571848,134.457999,2001.0,Northern Territory
-21.048596,129.251283,1983.0,Northern Territory
-24.998167,131.492833,2001.0,Northern Territory
-25.0995,136.116333,2001.0,Northern Territory
-22.698322,135.201241,1993.0,Northern Territory
-25.5,133.353239,2001.0,Northern Territory
-25.498,132.287,2001.0,Northern Territory
-23.868582,131.701288,1991.0,Northern Territory
-24.099833,131.179,2001.0,Northern Territory
-24.237374,136.00125,1993.0,Northern Territory
-21.698535,137.601209,1984.0,Northern Territory
-25.609167,134.36194,,Northern Territory
-25.145143,130.201312,1993.0,Northern Territory
-23.716007,133.879693,2025.0,Northern Territory
-25.800833,130.508833,2001.0,Northern Territory
-25.545786,129.402645,1993.0,Northern Territory
-25.401,131.257167,2001.0,Northern Territory
-24.298333,135.706833,2001.0,Northern Territory
-23.758953,133.834076,2009.0,Northern Territory
-25.785765,135.401266,1993.0,Northern Territory
-25.901,131.847167,2001.0,Northern Territory
-25.901,137.436333,2001.0,Northern Territory
-25.5,133.32085,2001.0,Northern Territory
-25.597167,137.762833,2001.0,Northern Territory
-25.979929,135.801272,1993.0,Northern Territory
-25.06,131.6,2011.0,Northern Territory
-25.597333,130.361833,2001.0,Northern Territory
-24.625349,130.801307,1993.0,Northern Territory
-25.799,136.204,2001.0,Northern Territory
-23.440586,135.002505,1993.0,Northern Territory
-24.508551,135.441258,1985.0,Northern Territory
-25.7995,132.235833,2001.0,Northern Territory
-24.566595,132.777439,2001.0,Northern Territory
-25.801333,136.339833,2001.0,Northern Territory
-23.065223,135.084578,1994.0,Northern Territory
-25.600167,129.0135,2001.0,Northern Territory
-25.541005,132.001303,1993.0,Northern Territory
-25.89102,134.601287,1993.0,Northern Territory
-25.400333,132.805167,2001.0,Northern Territory
-24.709013,134.00569,2001.0,Northern Territory
-25.429308,129.801324,1993.0,Northern Territory
-25.200167,131.7505,2001.0,Northern Territory
-25.402333,132.665167,2001.0,Northern Territory
-25.9792,132.001308,1993.0,Northern Territory
-25.973702,135.802542,1993.0,Northern Territory
-24.398667,135.322167,2001.0,Northern Territory
-25.500833,132.332167,2001.0,Northern Territory
-24.900167,132.424333,2001.0,Northern Territory
-24.25225,131.497044,2025.0,Northern Territory
-25.253023,130.201313,1993.0,Northern Territory
-25.656093,129.801327,1993.0,Northern Territory
-25.845838,135.002553,1993.0,Northern Territory
-25.766243,131.402616,1993.0,Northern Territory
-24.969381,129.601324,1993.0,Northern Territory
-25.495333,131.941667,2001.0,Northern Territory
-25.099667,131.749833,2001.0,Northern Territory
-24.058662,132.741687,2001.0,Northern Territory
-25.5,133.306174,2001.0,Northern Territory
-25.471217,134.202559,1980.0,Northern Territory
-25.853372,129.401323,1993.0,Northern Territory
-25.597667,130.818,2001.0,Northern Territory
-25.899833,135.997333,2001.0,Northern Territory
-24.300333,135.454833,2001.0,Northern Territory
-25.978072,134.601288,1993.0,Northern Territory
-25.900756,135.401267,1993.0,Northern Territory
-23.643563,133.893206,1986.0,Northern Territory
-25.9,133.537245,2001.0,Northern Territory
-24.998833,135.603667,2001.0,Northern Territory
-22.348698,136.001232,1993.0,Northern Territory
-25.703,130.509167,2001.0,Northern Territory
-25.799833,130.472,2001.0,Northern Territory
-25.598833,130.533333,2001.0,Northern Territory
-24.154747,135.801254,1993.0,Northern Territory
-25.970094,129.601335,1993.0,Northern Territory
-25.901167,131.235,2001.0,Northern Territory
-24.999167,131.625333,2001.0,Northern Territory
-24.603813,134.002548,1993.0,Northern Territory
-25.238357,134.002561,1993.0,Northern Territory
-25.395,130.125,2001.0,Northern Territory
-24.035911,136.001247,1993.0,Northern Territory
-23.643563,133.893206,1986.0,Northern Territory
-22.657109,135.002491,1993.0,Northern Territory
-25.245922,129.601327,1993.0,Northern Territory
-24.684442,133.80128,1993.0,Northern Territory
-25.499833,135.882167,2001.0,Northern Territory
-23.728343,133.864185,2025.0,Northern Territory
-24.299333,129.0045,2001.0,Northern Territory
-25.738957,133.601296,1993.0,Northern Territory
-25.898833,129.209167,2001.0,Northern Territory
-25.9025,130.835333,2001.0,Northern Territory
-25.9,133.39002,2001.0,Northern Territory
-25.536536,131.002624,1993.0,Northern Territory
-25.399,132.4705,2001.0,Northern Territory
-25.48632,134.201278,1980.0,Northern Territory
-25.718533,131.601315,1993.0,Northern Territory
-23.676563,133.883266,1985.0,Northern Territory
-24.300833,135.6645,2001.0,Northern Territory
-25.5,133.225202,2001.0,Northern Territory
-25.299333,131.892333,2001.0,Northern Territory
-23.458557,134.611257,1990.0,Northern Territory
-25.599333,129.838667,2001.0,Northern Territory
-24.725534,131.801299,1993.0,Northern Territory
-25.600167,129.4425,2001.0,Northern Territory
-25.85613,133.801292,1993.0,Northern Territory
-23.679134,133.860877,2009.0,Northern Territory
-25.664341,129.602657,1993.0,Northern Territory
-22.815226,134.71792,1985.0,Northern Territory
-25.475002,129.602653,1993.0,Northern Territory
-25.5015,129.565833,2001.0,Northern Territory
-25.602333,129.1785,2001.0,Northern Territory
-25.873644,130.80132,1993.0,Northern Territory
-25.699,132.288333,2001.0,Northern Territory
-22.558081,135.001244,1993.0,Northern Territory
-25.2005,136.555667,2001.0,Northern Territory
-25.542585,131.766305,1990.0,Northern Territory
-24.2313,131.6327,2002.0,Northern Territory
-25.867243,135.002554,1993.0,Northern Territory
-25.230446,130.001318,1993.0,Northern Territory
-24.001507,134.401258,1993.0,Northern Territory
-25.698,129.4885,2001.0,Northern Territory
-24.058606,132.74155,2001.0,Northern Territory
-25.232329,130.001317,1993.0,Northern Territory
-25.785021,133.602587,1993.0,Northern Territory
-25.499667,130.143167,2001.0,Northern Territory
-23.438609,135.001253,1993.0,Northern Territory
-25.898833,132.504833,2001.0,Northern Territory
-24.079286,132.676972,2002.0,Northern Territory
-24.797667,137.3515,2001.0,Northern Territory
-25.410839,131.80261,1993.0,Northern Territory
-25.94059,131.40262,1993.0,Northern Territory
-24.365224,135.10126,1985.0,Northern Territory
-25.883253,132.002613,1993.0,Northern Territory
-24.757236,131.8013,1993.0,Northern Territory
-25.6975,137.862667,2001.0,Northern Territory
-22.19617,134.020625,2006.0,Northern Territory
-24.2471,131.5828,2002.0,Northern Territory
-25.400667,136.870333,2001.0,Northern Territory
-24.07597,132.6707,2014.0,Northern Territory
-25.701223,135.001275,1993.0,Northern Territory
-25.974865,132.002616,1993.0,Northern Territory
-25.841083,133.602588,1993.0,Northern Territory
-24.2,131.747456,2001.0,Northern Territory
-25.364233,134.002564,1993.0,Northern Territory
-25.845776,134.002574,1993.0,Northern Territory
-22.845184,129.40259,1993.0,Northern Territory
-25.5,130.931749,2001.0,Northern Territory
-24.272484,130.002614,1993.0,Northern Territory
-25.7005,131.453167,2001.0,Northern Territory
-23.778568,133.351272,1991.0,Northern Territory
-25.7005,130.381,2001.0,Northern Territory
-24.396833,135.417833,2001.0,Northern Territory
-24.598333,136.090167,2001.0,Northern Territory
-25.896167,132.324833,2001.0,Northern Territory
-22.659775,135.20124,1993.0,Northern Territory
-25.796833,130.59,2001.0,Northern Territory
-25.899667,131.1755,2001.0,Northern Territory
-25.500333,129.680167,2001.0,Northern Territory
-25.922144,134.002575,1993.0,Northern Territory
-25.957865,133.801293,1993.0,Northern Territory
-23.703234,133.886175,2017.0,Northern Territory
-24.267242,129.002631,1993.0,Northern Territory
-25.958559,130.002651,1993.0,Northern Territory
-25.732613,135.002551,1993.0,Northern Territory
-24.283051,129.802621,1993.0,Northern Territory
-25.67834,133.802577,1993.0,Northern Territory
-25.337112,129.201322,1993.0,Northern Territory
-25.502,132.6415,2001.0,Northern Territory
-25.498167,131.951667,2001.0,Northern Territory
-25.301,137.236333,2001.0,Northern Territory
-25.959909,131.002633,1993.0,Northern Territory
-25.497833,129.616167,2001.0,Northern Territory
-25.56851,129.602655,1993.0,Northern Territory
-25.185044,134.00128,1993.0,Northern Territory
-25.3985,132.463667,2001.0,Northern Territory
-25.598667,129.036667,2001.0,Northern Territory
-25.9,133.344705,2001.0,Northern Territory
-25.700167,132.411,2001.0,Northern Territory
-22.461888,136.002466,1993.0,Northern Territory
-25.7055,135.601275,1993.0,Northern Territory
-25.247453,130.991462,2022.0,Northern Territory
-25.602167,130.106667,2001.0,Northern Territory
-25.2,133.697149,2001.0,Northern Territory
-25.8,129.514833,2001.0,Northern Territory
-25.699167,136.261833,2001.0,Northern Territory
-25.902667,130.838667,2001.0,Northern Territory
-24.8995,131.388,2001.0,Northern Territory
-25.168601,129.805318,1991.0,Northern Territory
-25.798,132.8605,2001.0,Northern Territory
-22.57094,135.585567,2006.0,Northern Territory
-23.816156,134.801261,1993.0,Northern Territory
-25.003333,131.6515,2001.0,Northern Territory
-25.9005,129.393333,2001.0,Northern Territory
-25.760337,133.601296,1993.0,Northern Territory
-25.7975,129.472667,2001.0,Northern Territory
-25.9,133.416497,2001.0,Northern Territory
-22.40855,135.431239,1987.0,Northern Territory
-22.548547,135.851235,1987.0,Northern Territory
-24.097833,135.694167,2001.0,Northern Territory
-25.605167,129.251,2001.0,Northern Territory
-25.087197,130.002632,1993.0,Northern Territory
-25.572833,130.201316,1993.0,Northern Territory
-24.402833,129.176,2001.0,Northern Territory
-22.431891,135.601231,1987.0,Northern Territory
-25.664566,135.00255,1993.0,Northern Territory
-24.598558,134.661267,1990.0,Northern Territory
-25.961986,129.402655,1993.0,Northern Territory
-25.985479,137.80125,1993.0,Northern Territory
-25.700333,129.918167,2001.0,Northern Territory
-25.799,137.288667,2001.0,Northern Territory
-25.743258,133.802579,1993.0,Northern Territory
-25.899333,134.606167,2001.0,Northern Territory
-25.303976,130.001318,1993.0,Northern Territory
-24.797667,137.3515,2001.0,Northern Territory
-25.425837,137.801245,1993.0,Northern Territory
-25.791146,135.201271,1993.0,Northern Territory
-25.491362,129.801325,1993.0,Northern Territory
-24.248017,132.773937,1998.0,Northern Territory
-25.099,136.141333,2001.0,Northern Territory
-25.9025,134.907,2001.0,Northern Territory
-25.497426,129.801325,1993.0,Northern Territory
-25.896167,132.324833,2001.0,Northern Territory
-25.958345,132.001308,1993.0,Northern Territory
-24.52061,130.4013,1993.0,Northern Territory
-25.976115,131.802623,1993.0,Northern Territory
-25.200333,131.391,2001.0,Northern Territory
-25.244563,130.991554,2022.0,Northern Territory
-25.301333,132.7545,2001.0,Northern Territory
-22.738539,135.002492,1993.0,Northern Territory
-25.898,130.484667,2001.0,Northern Territory
-25.757716,132.002611,1993.0,Northern Territory
-25.937534,134.60257,1993.0,Northern Territory
-25.203667,129.995667,2001.0,Northern Territory
-25.314515,129.802643,1993.0,Northern Territory
-25.801333,130.268667,2001.0,Northern Territory
-24.557597,135.401253,1993.0,Northern Territory
-25.7025,132.989167,2001.0,Northern Territory
-20.048543,136.651206,1984.0,Northern Territory
-25.0,130.932851,2001.0,Northern Territory
-25.970094,129.601335,1993.0,Northern Territory
-25.807643,134.602567,1993.0,Northern Territory
-25.871712,134.202567,1993.0,Northern Territory
-25.560863,134.002568,1993.0,Northern Territory
-25.143481,131.602611,1993.0,Northern Territory
-25.889997,129.201328,1993.0,Northern Territory
-25.099167,135.873167,2001.0,Northern Territory
-25.909503,133.601298,1993.0,Northern Territory
-25.747507,133.601296,1993.0,Northern Territory
-25.04854,129.802637,1993.0,Northern Territory
-25.700833,132.3135,2001.0,Northern Territory
-25.4985,136.893,2001.0,Northern Territory
-24.2985,135.590167,2001.0,Northern Territory
-24.697333,135.739167,2001.0,Northern Territory
-25.099833,129.892,2001.0,Northern Territory
-25.702682,129.602658,1993.0,Northern Territory
-25.898667,132.1985,2001.0,Northern Territory
-25.9,129.234333,2001.0,Northern Territory
-25.700167,135.694,2001.0,Northern Territory
-23.115226,134.801251,1994.0,Northern Territory
-16.741428,132.528076,2009.0,Northern Territory
-25.847003,131.602626,1993.0,Northern Territory
-25.300167,134.224333,2001.0,Northern Territory
-25.583566,131.202619,1993.0,Northern Territory
-25.922798,133.60259,1993.0,Northern Territory
-25.54046,134.601284,1993.0,Northern Territory
-25.797833,130.236833,2001.0,Northern Territory
-24.981868,129.602642,1993.0,Northern Territory
-25.195138,129.202644,1993.0,Northern Territory
-25.8995,132.067167,2001.0,Northern Territory
-25.878913,131.002632,1993.0,Northern Territory
-25.4,133.932505,2001.0,Northern Territory
-25.002333,129.74,2001.0,Northern Territory
-25.484884,134.202559,1980.0,Northern Territory
-25.9,133.546939,2001.0,Northern Territory
-25.691167,135.535,2001.0,Northern Territory
-24.500667,135.997333,2001.0,Northern Territory
-25.6,129.145167,2001.0,Northern Territory
-25.604167,132.719667,2001.0,Northern Territory
-25.6985,130.273167,2001.0,Northern Territory
-25.901,130.464833,2001.0,Northern Territory
-23.081884,134.93458,1994.0,Northern Territory
-24.101667,129.354333,2001.0,Northern Territory
-25.26722,130.002635,1993.0,Northern Territory
-25.104333,132.222833,2001.0,Northern Territory
-25.602167,131.04,2001.0,Northern Territory
-25.803333,131.0725,2001.0,Northern Territory
-25.536206,134.201279,1993.0,Northern Territory
-23.761114,134.402517,1993.0,Northern Territory
-25.718043,133.601296,1993.0,Northern Territory
-24.756253,131.8013,1993.0,Northern Territory
-25.44769,134.201278,1980.0,Northern Territory
-24.080587,132.676437,2002.0,Northern Territory
-25.483045,130.00132,1993.0,Northern Territory
-25.1995,134.115667,2001.0,Northern Territory
-25.095667,136.193833,2001.0,Northern Territory
-25.259926,129.801322,1993.0,Northern Territory
-25.811069,131.20131,1993.0,Northern Territory
-24.301667,129.404667,2001.0,Northern Territory
-25.723239,135.202543,1993.0,Northern Territory
-25.2995,137.407,2001.0,Northern Territory
-25.685274,133.601295,1993.0,Northern Territory
-25.701687,129.001331,1993.0,Northern Territory
-25.0,131.366167,2001.0,Northern Territory
-25.737996,130.001323,1993.0,Northern Territory
-25.774324,137.602501,1993.0,Northern Territory
-25.898333,129.284,2001.0,Northern Territory
-25.7,133.795268,2001.0,Northern Territory
-25.700333,129.883333,2001.0,Northern Territory
-25.800333,130.402,2001.0,Northern Territory
-25.600833,130.568833,2001.0,Northern Territory
-25.899833,137.524833,2001.0,Northern Territory
-25.815843,131.202623,1993.0,Northern Territory
-25.874847,135.002554,1993.0,Northern Territory
-25.099333,132.290333,2001.0,Northern Territory
-25.693201,135.402536,1993.0,Northern Territory
-25.3,133.163337,2001.0,Northern Territory
-23.960023,134.402521,1993.0,Northern Territory
-25.120623,129.601326,1993.0,Northern Territory
-25.905315,137.401245,1993.0,Northern Territory
-25.986737,134.401278,1993.0,Northern Territory
-24.201333,136.573333,2001.0,Northern Territory
-25.698333,130.182833,2001.0,Northern Territory
-24.084629,132.642107,2001.0,Northern Territory
-25.102333,132.396167,2001.0,Northern Territory
-20.248573,132.35125,1991.0,Northern Territory
-25.400167,134.342833,2001.0,Northern Territory
-25.001667,135.817,2001.0,Northern Territory
-25.402667,132.238,2001.0,Northern Territory
-25.458636,132.002604,1993.0,Northern Territory
-25.346721,129.802644,1993.0,Northern Territory
-25.490814,133.60258,1980.0,Northern Territory
-24.401667,135.744333,2001.0,Northern Territory
-23.588559,134.36126,1990.0,Northern Territory
-25.702833,129.822,2001.0,Northern Territory
-25.239793,134.001281,1993.0,Northern Territory
-25.241712,129.801323,1993.0,Northern Territory
-25.997368,134.402563,1993.0,Northern Territory
-24.395891,130.201304,1993.0,Northern Territory
-23.6755,133.71767,1980.0,Northern Territory
-24.298333,135.709,2001.0,Northern Territory
-25.602833,130.094667,2001.0,Northern Territory
-25.957112,130.202644,1993.0,Northern Territory
-25.797833,137.618833,2001.0,Northern Territory
-24.298833,135.600333,2001.0,Northern Territory
-25.940442,137.602504,1993.0,Northern Territory
-25.521365,134.106751,2001.0,Northern Territory
-25.409988,130.801316,1993.0,Northern Territory
-23.828988,135.002512,1993.0,Northern Territory
-25.24313,130.983739,2022.0,Northern Territory
-23.712563,133.883266,1988.0,Northern Territory
-25.010208,131.602608,1993.0,Northern Territory
-25.942905,131.201312,1993.0,Northern Territory
-25.965564,133.601299,1993.0,Northern Territory
-24.281877,135.98458,1985.0,Northern Territory
-25.074861,131.801303,1993.0,Northern Territory
-25.800333,136.535333,2001.0,Northern Territory
-24.309584,131.523294,1991.0,Northern Territory
-25.04147,130.001315,1993.0,Northern Territory
-25.199667,135.815167,2001.0,Northern Territory
-24.519209,135.001263,1993.0,Northern Territory
-25.898,129.3155,2001.0,Northern Territory
-25.498167,131.951667,2001.0,Northern Territory
-25.297833,130.259167,2001.0,Northern Territory
-24.5,134.971282,2001.0,Northern Territory
-25.898167,129.277333,2001.0,Northern Territory
-25.632097,131.201309,1993.0,Northern Territory
-25.724992,135.002551,1993.0,Northern Territory
-24.469347,134.402531,1993.0,Northern Territory
-25.5975,137.632667,2001.0,Northern Territory
-24.101667,129.356333,2001.0,Northern Territory
-25.792669,133.80258,1993.0,Northern Territory
-25.360305,131.801306,1993.0,Northern Territory
-25.899333,134.612167,2001.0,Northern Territory
-25.067249,131.884398,2001.0,Northern Territory
-24.4035,135.558667,2001.0,Northern Territory
-24.985122,131.402599,1993.0,Northern Territory
-25.557755,129.602654,1993.0,Northern Territory
-25.665736,129.601331,1993.0,Northern Territory
-25.928184,131.001316,1993.0,Northern Territory
-24.431887,135.801253,1985.0,Northern Territory
-25.963956,134.202569,1993.0,Northern Territory
-24.401667,135.813667,2001.0,Northern Territory
-25.381512,132.340097,2001.0,Northern Territory
-25.8,133.235587,2001.0,Northern Territory
-25.837894,134.602568,1993.0,Northern Territory
-24.420828,135.602518,1993.0,Northern Territory
-25.625332,129.202654,1993.0,Northern Territory
-25.8,131.994,2001.0,Northern Territory
-25.941969,131.002633,1993.0,Northern Territory
-23.565224,135.017923,1989.0,Northern Territory
-25.277769,129.002652,1993.0,Northern Territory
-25.891,129.432333,2001.0,Northern Territory
-25.9005,134.284833,2001.0,Northern Territory
-25.902667,130.9405,2001.0,Northern Territory
-25.600833,136.399833,2001.0,Northern Territory
-24.340506,133.658215,1988.0,Northern Territory
-25.613403,134.802556,1993.0,Northern Territory
-25.376902,134.001282,1993.0,Northern Territory
-24.370614,130.20261,1993.0,Northern Territory
-25.899,131.977167,2001.0,Northern Territory
-24.6,135.691667,2001.0,Northern Territory
-25.036916,132.002595,1993.0,Northern Territory
-25.946029,136.80252,1993.0,Northern Territory
-24.519204,130.402607,1993.0,Northern Territory
-21.53255,133.889053,2022.0,Northern Territory
-25.699167,136.261833,2001.0,Northern Territory
-25.0995,136.116333,2001.0,Northern Territory
-22.931889,134.334584,1984.0,Northern Territory
-24.298333,135.709,2001.0,Northern Territory
-25.673631,135.001275,1993.0,Northern Territory
-26.88062,151.59747,2003.0,Queensland
-23.48175,148.81777,,Queensland
-27.761824,153.248978,2017.0,Queensland
-27.6984,152.08859,1991.0,Queensland
-17.48934,145.27977,2008.0,Queensland
-28.10677,145.96784,1962.0,Queensland
-21.4794,148.3246,2002.0,Queensland
-23.609167,146.181389,1998.0,Queensland
-27.102648,151.596645,2009.0,Queensland
-27.266437,151.857691,2009.0,Queensland
-25.70799,138.55262,1992.0,Queensland
-24.41418,150.99281,2019.0,Queensland
-27.261778,151.761104,2009.0,Queensland
-27.767,153.251535,2017.0,Queensland
-19.227032,143.612408,,Queensland
-27.9426,153.19995,2000.0,Queensland
-27.175581,151.252867,2009.0,Queensland
-26.330345,152.020569,2009.0,Queensland
-27.1405,150.866833,2009.0,Queensland
-25.27144,149.90897,2002.0,Queensland
-27.583333,153.016667,,Queensland
-27.18174,151.26776,1930.0,Queensland
-27.564444,151.951944,2009.0,Queensland
-24.023888,151.163635,2011.0,Queensland
-17.48721,145.28001,,Queensland
-24.392599,151.314783,2009.0,Queensland
-20.53595,146.10111,1986.0,Queensland
-28.353958,151.62782,2017.0,Queensland
-23.57842,149.19503,,Queensland
-27.466667,153.0,1970.0,Queensland
-19.34165,146.59167,2001.0,Queensland
-27.452951,153.00642,2017.0,Queensland
-28.841578,151.467239,1991.0,Queensland
-22.3526,146.70946,1965.0,Queensland
-27.299385,152.420683,2021.0,Queensland
-19.16146,146.568362,2017.0,Queensland
-24.85675,148.10113,1991.0,Queensland
-27.471877,151.816292,2009.0,Queensland
-27.311059,151.865838,2009.0,Queensland
-23.978597,145.251937,2023.0,Queensland
-25.81195,151.455,1999.0,Queensland
-25.35706,141.84584,2011.0,Queensland
-25.441879,138.202471,1993.0,Queensland
-25.82776,138.002486,1993.0,Queensland
-23.747315,145.089023,2018.0,Queensland
-19.197053,146.578379,2018.0,Queensland
-26.3812,152.39727,1997.0,Queensland
-22.74489,147.63901,2018.0,Queensland
-20.67052,146.57915,2011.0,Queensland
-24.958463,138.402454,1993.0,Queensland
-28.523304,151.989155,2009.0,Queensland
-19.34165,146.59167,2000.0,Queensland
-27.527464,153.173,2006.0,Queensland
-25.6865,140.61654,1993.0,Queensland
-28.244513,150.613804,2009.0,Queensland
-27.538532,151.95976,2017.0,Queensland
-17.54057,145.314,2005.0,Queensland
-25.059817,148.235059,2021.0,Queensland
-27.313214,151.819124,2009.0,Queensland
-25.231667,138.47444,,Queensland
-28.880755,144.994812,2015.0,Queensland
-24.01471,141.1689,,Queensland
-27.074775,151.656282,2009.0,Queensland
-25.56925,148.93444,,Queensland
-18.303974,143.552857,2011.0,Queensland
-22.36509,149.3011,,Queensland
-19.58196,144.1099,,Queensland
-17.49195,145.27984,2006.0,Queensland
-27.526859,151.93594,2017.0,Queensland
-17.4884,145.27972,2005.0,Queensland
-19.267861,146.763489,2021.0,Queensland
-25.68057,138.201237,1993.0,Queensland
-28.197337,152.134677,2020.0,Queensland
-25.254571,138.202467,1993.0,Queensland
-27.709006,153.228957,2024.0,Queensland
-27.241468,153.035584,2023.0,Queensland
-22.272302,138.201204,1993.0,Queensland
-21.74843,146.50113,,Queensland
-25.478146,148.844,2022.0,Queensland
-24.4,151.04764,2017.0,Queensland
-25.071478,138.202464,1993.0,Queensland
-27.22006,151.570687,2009.0,Queensland
-28.420773,151.212786,2025.0,Queensland
-19.56986,144.1457,2016.0,Queensland
-27.565605,152.601913,2024.0,Queensland
-26.041977,146.508179,2016.0,Queensland
-28.256085,152.883797,2018.0,Queensland
-22.3526,146.70946,1987.0,Queensland
-28.233171,145.707044,2009.0,Queensland
-23.763846,148.865463,2016.0,Queensland
-25.9516,138.20124,1993.0,Queensland
-17.18416,145.481042,2015.0,Queensland
-23.76974,148.73455,2002.0,Queensland
-17.550848,145.495945,2011.0,Queensland
-27.452466,153.006399,2017.0,Queensland
-26.816181,150.936356,2009.0,Queensland
-25.733334,139.2,1996.0,Queensland
-24.067879,151.306394,2023.0,Queensland
-28.542989,151.391771,2009.0,Queensland
-26.109771,149.760242,2025.0,Queensland
-26.84819,151.89391,,Queensland
-25.733334,139.2,1996.0,Queensland
-19.57624,144.13495,2018.0,Queensland
-19.50388,144.22278,,Queensland
-17.44714,145.28917,2008.0,Queensland
-20.53165,148.62612,1996.0,Queensland
-20.2103,146.2311,2009.0,Queensland
-28.74987,144.29669,2005.0,Queensland
-25.99039,145.04414,2023.0,Queensland
-25.806208,138.402471,1993.0,Queensland
-20.99012,144.63863,1992.0,Queensland
-28.137647,153.440582,2019.0,Queensland
-19.251117,143.792179,,Queensland
-26.49426,148.04003,1964.0,Queensland
-27.075233,152.374084,2009.0,Queensland
-28.22697,152.039795,2011.0,Queensland
-19.55819,144.16655,2018.0,Queensland
-20.1,146.2,2022.0,Queensland
-27.171468,151.253285,2009.0,Queensland
-25.30766,149.11679,2015.0,Queensland
-24.10153,140.97826,2009.0,Queensland
-26.09841,150.7511,1991.0,Queensland
-28.29894,152.398052,2009.0,Queensland
-26.880737,150.963135,2009.0,Queensland
-28.310577,152.396851,2009.0,Queensland
-25.933294,138.401234,1993.0,Queensland
-24.39613,151.04353,2016.0,Queensland
-23.490794,150.47336,2024.0,Queensland
-27.482004,152.926984,2016.0,Queensland
-12.637208,141.866775,2021.0,Queensland
-25.306147,152.860158,2022.0,Queensland
-19.318433,146.736381,2015.0,Queensland
-25.91833,138.002489,1993.0,Queensland
-28.65,151.933333,,Queensland
-26.49564,148.05531,1964.0,Queensland
-20.59213,147.52856,2009.0,Queensland
-27.991976,151.555023,2009.0,Queensland
-25.752667,138.401232,1993.0,Queensland
-23.60626,149.19933,,Queensland
-27.596793,153.14944,2026.0,Queensland
-17.57148,145.47203,2010.0,Queensland
-27.719968,152.25569,2022.0,Queensland
-27.143435,153.021975,2020.0,Queensland
-25.647976,138.402467,1993.0,Queensland
-28.139229,151.566653,2010.0,Queensland
-28.73411,151.99381,2022.0,Queensland
-26.57685,149.99265,2003.0,Queensland
-27.453123,153.006291,2017.0,Queensland
-27.414252,152.910376,2017.0,Queensland
-27.474373,151.937567,2023.0,Queensland
-19.56456,144.15507,2016.0,Queensland
-24.91507,151.43301,1996.0,Queensland
-28.65774,144.38012,2017.0,Queensland
-22.321696,138.201205,1993.0,Queensland
-28.70678,144.37622,1976.0,Queensland
-25.92719,138.002489,1993.0,Queensland
-17.1891,145.55783,2025.0,Queensland
-25.517561,138.202472,1993.0,Queensland
-16.831059,145.638417,2021.0,Queensland
-23.507513,150.318954,2017.0,Queensland
-26.495582,153.080356,2024.0,Queensland
-28.440318,149.239655,2009.0,Queensland
-17.2728,145.48038,2011.0,Queensland
-19.57993,144.09349,2018.0,Queensland
-22.72471,147.95667,2001.0,Queensland
-17.181759,145.54091,2010.0,Queensland
-25.771694,138.202478,1993.0,Queensland
-25.788369,140.397476,2009.0,Queensland
-20.363779,148.395252,2009.0,Queensland
-27.730603,153.020947,2016.0,Queensland
-24.31091,150.93858,1983.0,Queensland
-16.993755,145.404053,2011.0,Queensland
-28.82353,151.80803,,Queensland
-25.838696,138.201238,1993.0,Queensland
-27.309703,151.851416,2022.0,Queensland
-26.57342,148.03448,1964.0,Queensland
-28.288189,152.396314,2009.0,Queensland
-18.61095,145.65112,1998.0,Queensland
-27.452608,153.083196,2009.0,Queensland
-27.188611,145.6525,2009.0,Queensland
-27.565438,152.603504,2024.0,Queensland
-27.584039,152.630288,2015.0,Queensland
-27.955425,151.150007,2016.0,Queensland
-27.038864,153.150897,2021.0,Queensland
-27.953179,151.134681,2016.0,Queensland
-25.854347,138.201239,1993.0,Queensland
-27.742807,153.106682,2019.0,Queensland
-19.06546,143.52053,2022.0,Queensland
-27.43174,151.09277,1986.0,Queensland
-17.23071,145.47843,2009.0,Queensland
-31.7602,140.58125,2020.0,South Australia
-34.71957,140.64071,2011.0,South Australia
-34.9334,138.859,2021.0,South Australia
-35.62086,138.35641,2016.0,South Australia
-32.11602,139.92868,2022.0,South Australia
-35.52862,140.68123,2018.0,South Australia
-35.19517,140.45715,2011.0,South Australia
-36.65611,140.92662,2014.0,South Australia
-28.912778,136.350309,2017.0,South Australia
-32.83052,140.14656,1992.0,South Australia
-31.94711,140.09851,2023.0,South Australia
-26.381486,137.002521,1993.0,South Australia
-26.277879,131.801316,1993.0,South Australia
-30.27995,140.66963,1996.0,South Australia
-31.98898,140.07293,2021.0,South Australia
-34.176484,140.728236,2023.0,South Australia
-26.209802,133.801296,1993.0,South Australia
-31.30057,138.63594,2019.0,South Australia
-34.34716,139.29745,2010.0,South Australia
-31.27987,138.78087,2023.0,South Australia
-31.32823,138.70418,2018.0,South Australia
-35.08772,139.9317,2011.0,South Australia
-35.14672,138.59877,2012.0,South Australia
-32.61766,136.39631,1985.0,South Australia
-35.035534,138.71732,2025.0,South Australia
-35.11084,137.02002,2018.0,South Australia
-30.31868,138.7881,1998.0,South Australia
-33.11893,140.0516,1992.0,South Australia
-31.29831,138.82298,2018.0,South Australia
-32.13683,140.23552,2020.0,South Australia
-36.74505,140.27452,1996.0,South Australia
-28.843,134.6666,1986.0,South Australia
-30.62774,133.2945,1987.0,South Australia
-32.67733,135.64294,2022.0,South Australia
-29.02799,132.0283,2006.0,South Australia
-28.79633,134.65437,1986.0,South Australia
-34.56103,139.38972,2023.0,South Australia
-31.32823,138.70418,2020.0,South Australia
-31.99233,139.97452,2021.0,South Australia
-35.28874,139.61417,2012.0,South Australia
-34.45577,140.54343,2012.0,South Australia
-34.16519,140.32423,2004.0,South Australia
-34.66496,140.51267,2011.0,South Australia
-35.20964,139.83123,2009.0,South Australia
-35.216454,140.900345,2009.0,South Australia
-35.1,138.7,2021.0,South Australia
-34.28891,140.64244,2003.0,South Australia
-34.67324,139.27208,2012.0,South Australia
-32.67733,135.64294,2022.0,South Australia
-34.73849,139.16133,2012.0,South Australia
-32.67733,135.64294,2022.0,South Australia
-34.60583,140.60869,1991.0,South Australia
-26.275247,131.00132,1993.0,South Australia
-35.28814,139.61374,2012.0,South Australia
-32.02855,140.11382,2021.0,South Australia
-35.05796,137.23538,2015.0,South Australia
-34.56103,139.38972,2023.0,South Australia
-31.28491,138.68186,2019.0,South Australia
-29.83359,132.52071,2005.0,South Australia
-29.71242,135.58531,2014.0,South Australia
-35.05439,140.24374,2011.0,South Australia
-34.93753,140.90144,2011.0,South Australia
-34.86546,135.87201,1971.0,South Australia
-29.34011,130.24972,2009.0,South Australia
-26.263251,130.60133,1993.0,South Australia
-34.73953,140.51338,1991.0,South Australia
-26.196569,131.801315,1993.0,South Australia
-35.23612,140.43077,2011.0,South Australia
-30.45026,136.86928,2003.0,South Australia
-31.94711,140.09851,2023.0,South Australia
-31.43462,138.57354,2019.0,South Australia
-34.66745,139.28243,2012.0,South Australia
-32.04447,140.0566,2010.0,South Australia
-26.150265,130.802644,1993.0,South Australia
-32.01766,140.10333,2020.0,South Australia
-27.65869,138.1206,2007.0,South Australia
-35.15215,140.34932,2011.0,South Australia
-36.940563,139.821625,2009.0,South Australia
-28.56434,131.9715,2009.0,South Australia
-30.63065,139.20097,2019.0,South Australia
-27.14247,140.67783,2008.0,South Australia
-35.10847,140.07566,2011.0,South Australia
-31.94711,140.09851,2022.0,South Australia
-26.189197,131.602634,1993.0,South Australia
-26.124046,132.001309,1993.0,South Australia
-35.21507,137.04415,2015.0,South Australia
-26.026728,130.002652,1993.0,South Australia
-35.07707,140.12234,2011.0,South Australia
-35.267639,138.452844,2021.0,South Australia
-28.53202,129.93622,2007.0,South Australia
-26.52371,134.44194,1995.0,South Australia
-35.34155,139.86901,2011.0,South Australia
-31.80007,140.57441,2022.0,South Australia
-32.19341,139.88593,2022.0,South Australia
-30.86882,132.18236,2009.0,South Australia
-32.01894,140.05876,2023.0,South Australia
-32.02855,140.11382,2022.0,South Australia
-35.13158,138.6802,2021.0,South Australia
-37.08469,139.77435,1971.0,South Australia
-31.18081,138.85181,2021.0,South Australia
-34.20791,139.9282,2012.0,South Australia
-35.09572,138.67777,2000.0,South Australia
-35.27644,140.48429,2011.0,South Australia
-35.07673,140.1273,2011.0,South Australia
-35.27527,139.98029,2011.0,South Australia
-35.18704,140.50935,2011.0,South Australia
-35.35782,139.46592,2011.0,South Australia
-35.015169,138.589125,2025.0,South Australia
-32.0239,140.00767,2022.0,South Australia
-26.5174,137.70821,1998.0,South Australia
-32.67158,135.50774,2023.0,South Australia
-32.58567,135.28307,2021.0,South Australia
-31.32741,138.62961,2015.0,South Australia
-31.32741,138.62961,2021.0,South Australia
-31.31553,138.71747,2019.0,South Australia
-35.38023,140.03061,2012.0,South Australia
-35.19506,140.45867,2011.0,South Australia
-33.43055,136.26875,2003.0,South Australia
-34.92745,139.76047,2011.0,South Australia
-35.28838,139.62606,2012.0,South Australia
-32.01381,140.20794,2021.0,South Australia
-35.22424,140.51541,2011.0,South Australia
-28.64566,130.6012,2011.0,South Australia
-35.017159,138.658535,2022.0,South Australia
-35.17513,140.03972,2011.0,South Australia
-35.18988,140.5137,2011.0,South Australia
-32.15064,140.26781,2020.0,South Australia
-31.89132,140.10697,2022.0,South Australia
-35.19575,140.49256,2011.0,South Australia
-31.27576,138.67841,2019.0,South Australia
-30.94692,139.25623,1980.0,South Australia
-34.63958,139.36948,2012.0,South Australia
-35.18274,140.50094,2011.0,South Australia
-27.07757,138.78063,1993.0,South Australia
-34.04054,139.69321,2011.0,South Australia
-31.597438,138.512922,2023.0,South Australia
-32.10247,140.21763,2005.0,South Australia
-34.01485,139.69869,2011.0,South Australia
-34.23561,139.82947,2009.0,South Australia
-27.49328,139.71607,2014.0,South Australia
-27.08038,138.40958,2019.0,South Australia
-30.77675,138.28147,1997.0,South Australia
-32.19341,139.88593,2022.0,South Australia
-35.08709,139.92959,2011.0,South Australia
-26.198715,131.002639,1993.0,South Australia
-32.18771,135.0478,2013.0,South Australia
-35.067241,138.858734,2011.0,South Australia
-29.02446,133.26607,2007.0,South Australia
-35.25879,139.03855,2010.0,South Australia
-26.189302,134.402567,1993.0,South Australia
-35.19481,140.4492,2011.0,South Australia
-32.04894,140.16198,2018.0,South Australia
-26.154454,131.601319,1993.0,South Australia
-35.23512,140.46167,2011.0,South Australia
-34.45555,140.54393,2012.0,South Australia
-32.328032,135.28669,2022.0,South Australia
-36.77347,140.06159,2024.0,South Australia
-27.05972,137.59982,2007.0,South Australia
-32.13803,140.01077,2022.0,South Australia
-35.207355,138.471197,2021.0,South Australia
-32.15064,140.26781,2020.0,South Australia
-31.42766,138.67016,2018.0,South Australia
-35.1025,140.07677,2011.0,South Australia
-29.13683,138.32934,2006.0,South Australia
-35.169,139.62799,2009.0,South Australia
-35.24451,139.96827,2011.0,South Australia
-34.90828,139.99338,2012.0,South Australia
-31.42277,138.71693,2022.0,South Australia
-28.14546,136.77444,2006.0,South Australia
-34.759448,138.933818,2025.0,South Australia
-33.97326,139.42225,2011.0,South Australia
-32.11602,139.92868,2022.0,South Australia
-32.13803,140.01077,2021.0,South Australia
-31.33479,138.58721,2019.0,South Australia
-32.01381,140.20794,2021.0,South Australia
-32.10173,140.5781,2011.0,South Australia
-26.06982,132.45651,1997.0,South Australia
-28.67587,140.2234,1983.0,South Australia
-34.695654,139.099526,2014.0,South Australia
-31.97043,140.07294,2020.0,South Australia
-35.16991,140.05211,2011.0,South Australia
-34.93689,139.93516,2011.0,South Australia
-35.31772,139.79891,2012.0,South Australia
-35.1241,139.9527,2011.0,South Australia
-35.15007,140.33696,2011.0,South Australia
-28.81486,136.45213,2006.0,South Australia
-34.729322,138.878539,2009.0,South Australia
-31.25797,138.66919,2021.0,South Australia
-35.10291,139.90232,2011.0,South Australia
-34.22684,139.89393,2011.0,South Australia
-35.16291,140.78511,2011.0,South Australia
-34.72064,140.62616,2011.0,South Australia
-33.825886,138.617751,2021.0,South Australia
-32.01894,140.05876,2023.0,South Australia
-35.02297,139.19823,2012.0,South Australia
-30.13761,138.31665,1994.0,South Australia
-33.518499,138.627548,2009.0,South Australia
-35.055462,138.859464,2025.0,South Australia
-26.300847,129.801334,1993.0,South Australia
-37.696037,140.592122,2024.0,South Australia
-34.02969,139.68039,2011.0,South Australia
-35.14242,138.57706,2024.0,South Australia
-34.53718,139.25013,2011.0,South Australia
-27.765059,140.605695,2009.0,South Australia
-34.27365,140.79229,2011.0,South Australia
-35.16874,140.13269,2011.0,South Australia
-37.15011,140.84666,1997.0,South Australia
-35.17107,139.91672,2011.0,South Australia
-34.13097,139.32324,2010.0,South Australia
-34.965677,139.263739,2015.0,South Australia
-35.16992,140.04807,2011.0,South Australia
-31.34462,138.58447,2015.0,South Australia
-35.09548,139.95126,2011.0,South Australia
-34.71922,140.67246,2012.0,South Australia
-35.97127,139.53015,1991.0,South Australia
-32.14232,140.30733,2021.0,South Australia
-31.93712,140.13697,2022.0,South Australia
-35.23511,140.46205,2011.0,South Australia
-32.35519,136.44996,1985.0,South Australia
-32.01381,140.20794,2021.0,South Australia
-35.01987,140.73913,2010.0,South Australia
-32.5812,135.73128,2021.0,South Australia
-32.13803,140.01077,2022.0,South Australia
-32.0366,140.11358,2022.0,South Australia
-34.15378,139.06079,2010.0,South Australia
-32.15294,140.29065,2020.0,South Australia
-31.32741,138.62961,2016.0,South Australia
-30.4003,131.64262,2007.0,South Australia
-29.76451,135.58978,2007.0,South Australia
-34.72026,140.68523,2011.0,South Australia
-32.14232,140.30733,2021.0,South Australia
-35.019184,138.737316,2025.0,South Australia
-34.56991,139.111934,2012.0,South Australia
-31.32741,138.62961,2016.0,South Australia
-32.01381,140.20794,2022.0,South Australia
-26.141791,130.401318,1993.0,South Australia
-35.10197,140.1279,2011.0,South Australia
-35.769378,139.759485,2017.0,South Australia
-34.9581,140.82365,2011.0,South Australia
-34.547605,139.330262,2021.0,South Australia
-32.15064,140.26781,2019.0,South Australia
-34.99977,140.15532,2011.0,South Australia
-31.94711,140.09851,2022.0,South Australia
-31.42277,138.71693,2020.0,South Australia
-27.72631,140.4988,2019.0,South Australia
-35.53442,139.34219,2014.0,South Australia
-33.03762,139.87257,1992.0,South Australia
-35.31668,138.99135,2011.0,South Australia
-27.68668,134.71532,1994.0,South Australia
-35.16819,140.12094,2011.0,South Australia
-35.395041,138.422059,2021.0,South Australia
-35.10628,139.89446,2011.0,South Australia
-32.01766,140.10333,2023.0,South Australia
-35.07996,138.70163,2021.0,South Australia
-34.54039,139.71705,2011.0,South Australia
-34.65713,140.50771,2011.0,South Australia
-31.28491,138.68186,2019.0,South Australia
-32.00324,140.0755,2020.0,South Australia
-30.14701,131.63675,2023.0,South Australia
-31.97043,140.07294,2021.0,South Australia
-26.163845,131.802627,1993.0,South Australia
-34.66086,140.51025,2011.0,South Australia
-26.249589,129.801334,1993.0,South Australia
-31.89132,140.10697,2020.0,South Australia
-30.2559,140.70543,1996.0,South Australia
-30.07578,131.64939,2010.0,South Australia
-34.72198,140.68834,2011.0,South Australia
-35.62086,138.35641,2016.0,South Australia
-30.37681,139.26587,2021.0,South Australia
-35.13702,139.8955,2011.0,South Australia
-31.33479,138.58721,2015.0,South Australia
-35.84083,139.78342,1971.0,South Australia
-29.15357,130.22986,2011.0,South Australia
-31.56187,130.38538,2012.0,South Australia
-26.486618,137.001262,1993.0,South Australia
-35.2761,139.9796,2011.0,South Australia
-31.56483,131.47335,2008.0,South Australia
-35.00891,139.35811,2011.0,South Australia
-28.55715,130.43765,2011.0,South Australia
-30.51377,138.40945,2021.0,South Australia
-30.31344,139.39819,2011.0,South Australia
-35.257028,138.462933,2021.0,South Australia
-36.58755,140.53129,1997.0,South Australia
-34.18392,140.39488,2004.0,South Australia
-35.24458,139.96986,2011.0,South Australia
-35.33214,139.87601,2012.0,South Australia
-35.289919,138.446552,2021.0,South Australia
-35.12591,139.96368,2011.0,South Australia
-33.22395,134.62094,1992.0,South Australia
-34.945,138.914,2021.0,South Australia
-26.199772,129.801333,1993.0,South Australia
-28.86589,138.07023,2007.0,South Australia
-31.27895,138.78244,2003.0,South Australia
-31.42277,138.71693,2019.0,South Australia
-31.49435,130.31803,2012.0,South Australia
-34.986573,138.841412,2025.0,South Australia
-31.32741,138.62961,2020.0,South Australia
-26.49784,139.47243,1993.0,South Australia
-32.17449,135.82355,2021.0,South Australia
-34.56103,139.38972,2023.0,South Australia
-31.32741,138.62961,2019.0,South Australia
-35.290157,138.445895,2021.0,South Australia
-35.15581,136.91071,2015.0,South Australia
-34.10788,139.42353,2010.0,South Australia
-28.26357,133.05939,1988.0,South Australia
-35.15247,140.35216,2011.0,South Australia
-31.25665,138.61794,2019.0,South Australia
-34.73261,139.90328,2011.0,South Australia
-35.025163,138.654641,2022.0,South Australia
-35.06299,140.23251,2011.0,South Australia
-34.15106,139.24016,2010.0,South Australia
-31.93913,140.07646,2020.0,South Australia
-35.25741,140.60759,2011.0,South Australia
-35.62086,138.35641,2016.0,South Australia
-34.76473,139.94145,2011.0,South Australia
-35.24532,140.60728,2011.0,South Australia
-31.42277,138.71693,2021.0,South Australia
-32.01894,140.05876,2023.0,South Australia
-32.17673,140.04821,2022.0,South Australia
-35.57223,139.09772,2015.0,South Australia
-32.15513,135.81663,2021.0,South Australia
-34.28334,140.5241,2011.0,South Australia
-35.2671,140.00464,2011.0,South Australia
-34.99036,138.70668,2025.0,South Australia
-31.93712,140.13697,2023.0,South Australia
-32.17293,135.80111,2022.0,South Australia
-35.16991,140.14502,2011.0,South Australia
-35.26558,140.00882,2011.0,South Australia
-35.36056,139.45487,2011.0,South Australia
-34.72173,140.72523,2012.0,South Australia
-34.72039,140.67533,2011.0,South Australia
-35.12749,138.72936,2022.0,South Australia
-35.18032,139.918,2011.0,South Australia
-29.76768,138.42938,2012.0,South Australia
-35.05571,140.25064,2011.0,South Australia
-35.036323,138.912637,2022.0,South Australia
-35.12749,138.72936,2022.0,South Australia
-28.17965,135.81327,2006.0,South Australia
-34.99052,138.70703,2024.0,South Australia
-34.66737,136.33417,2009.0,South Australia
-34.2502,140.47955,2012.0,South Australia
-31.41978,130.82817,1984.0,South Australia
-36.287629,139.711114,2025.0,South Australia
-33.33126,138.55089,2004.0,South Australia
-35.013838,138.764862,2021.0,South Australia
-35.19509,140.46231,2011.0,South Australia
-35.10668,140.12794,2011.0,South Australia
-27.87197,133.66663,2021.0,South Australia
-35.12106,139.94623,2011.0,South Australia
-34.98997,140.17388,2011.0,South Australia
-34.15272,139.23446,2010.0,South Australia
-29.97591,138.01735,2011.0,South Australia
-31.47796,138.62598,2019.0,South Australia
-27.43172,139.6666,2014.0,South Australia
-29.65789,137.68668,1995.0,South Australia
-32.01894,140.05876,2023.0,South Australia
-32.03469,139.94971,2021.0,South Australia
-35.141066,138.944369,2016.0,South Australia
-27.76275,136.84664,2006.0,South Australia
-34.195467,140.425465,2019.0,South Australia
-32.67733,135.64294,2022.0,South Australia
-35.08788,140.66943,2011.0,South Australia
-32.58802,135.3153,2020.0,South Australia
-35.41493,138.46967,2000.0,South Australia
-31.94711,140.09851,2023.0,South Australia
-32.68943,135.68208,2021.0,South Australia
-35.05681,140.20275,2011.0,South Australia
-26.256076,130.602654,1993.0,South Australia
-34.72072,140.7134,2012.0,South Australia
-30.85965,140.964033,2009.0,South Australia
-35.03003,139.93448,2011.0,South Australia
-32.13683,140.23552,2020.0,South Australia
-32.09605,140.29804,2022.0,South Australia
-26.205054,134.402568,1993.0,South Australia
-31.32056,138.708,2021.0,South Australia
-30.57771,139.02168,2021.0,South Australia
-35.2679,139.785396,2009.0,South Australia
-35.20202,140.51485,2011.0,South Australia
-35.31112,140.43078,2011.0,South Australia
-31.27156,138.63179,2019.0,South Australia
-32.25489,139.84934,2022.0,South Australia
-34.15789,140.02167,2011.0,South Australia
-31.97043,140.07294,2021.0,South Australia
-31.47796,138.62598,2019.0,South Australia
-34.25119,140.84267,2012.0,South Australia
-33.41705,139.12978,2003.0,South Australia
-28.55715,130.43765,2009.0,South Australia
-35.061516,138.650652,2020.0,South Australia
-32.13683,140.23552,2020.0,South Australia
-32.00192,140.19357,2019.0,South Australia
-30.63065,139.20097,2019.0,South Australia
-35.071921,138.878038,2024.0,South Australia
-31.94711,140.09851,2022.0,South Australia
-26.147973,131.202631,1993.0,South Australia
-35.25902,136.9602,2015.0,South Australia
-31.90665,140.31037,2021.0,South Australia
-28.52565,131.33693,2011.0,South Australia
-36.11616,139.71132,2012.0,South Australia
-35.23996,140.43071,2011.0,South Australia
-31.31846,138.63381,2017.0,South Australia
-31.98728,140.55561,2022.0,South Australia
-34.7212,140.71962,2012.0,South Australia
-34.95063,137.01165,2016.0,South Australia
-31.97043,140.07294,2021.0,South Australia
-32.00192,140.19357,2022.0,South Australia
-32.00192,140.19357,2023.0,South Australia
-32.01894,140.05876,2020.0,South Australia
-33.934245,138.641968,2009.0,South Australia
-31.42277,138.71693,2021.0,South Australia
-26.409254,133.6026,1993.0,South Australia
-29.59372,137.4025,1996.0,South Australia
-35.190154,139.873896,2009.0,South Australia
-28.08032,139.0161,2006.0,South Australia
-32.01894,140.05876,2023.0,South Australia
-31.99835,139.89093,2022.0,South Australia
-31.42277,138.71693,2021.0,South Australia
-26.257478,130.60133,1993.0,South Australia
-33.822461,138.620902,2021.0,South Australia
-35.16783,140.52271,2011.0,South Australia
-31.30971,138.63641,2016.0,South Australia
-26.214254,130.20265,1993.0,South Australia
-27.75104,136.99699,2006.0,South Australia
-35.08367,140.13755,2011.0,South Australia
-30.4811,132.0643,2009.0,South Australia
-32.20633,139.88752,2022.0,South Australia
-37.14834,139.88422,2025.0,South Australia
-35.29676,140.78537,2011.0,South Australia
-34.63896,139.3684,2012.0,South Australia
-32.17673,140.04821,2020.0,South Australia
-30.91749,132.22278,2020.0,South Australia
-35.00036,140.77146,2011.0,South Australia
-35.3174,139.78756,2012.0,South Australia
-34.2167,140.45,,South Australia
-26.126781,134.202573,1993.0,South Australia
-32.09605,140.29804,2021.0,South Australia
-28.56621,130.6856,2009.0,South Australia
-31.94711,140.09851,2020.0,South Australia
-29.02409,138.11723,2013.0,South Australia
-32.17673,140.04821,2022.0,South Australia
-35.09012,139.01659,2018.0,South Australia
-31.92278,140.13646,2020.0,South Australia
-36.48963,140.37141,1997.0,South Australia
-34.92735,139.76096,2011.0,South Australia
-34.903725,138.707428,2023.0,South Australia
-36.39072,140.29039,1997.0,South Australia
-35.077291,138.762244,2024.0,South Australia
-28.40527,140.97274,2014.0,South Australia
-35.2233,140.04913,2011.0,South Australia
-35.14287,140.50287,2011.0,South Australia
-35.012814,138.698541,2020.0,South Australia
-31.74294,133.44912,2013.0,South Australia
-34.558173,138.84882,2018.0,South Australia
-35.07262,139.15807,2012.0,South Australia
-31.98898,140.07293,2020.0,South Australia
-31.97043,140.07294,2021.0,South Australia
-37.08469,139.77435,1971.0,South Australia
-29.33389,132.67994,2005.0,South Australia
-30.57771,139.02168,2021.0,South Australia
-32.19341,139.88593,2021.0,South Australia
-28.17199,139.82221,2014.0,South Australia
-35.41572,138.73064,2000.0,South Australia
-32.67733,135.64294,2023.0,South Australia
-35.08459,138.69079,2024.0,South Australia
-34.920527,138.610515,2026.0,South Australia
-35.11757,139.89378,2011.0,South Australia
-28.86338,136.24757,2006.0,South Australia
-31.94711,140.09851,2021.0,South Australia
-30.48835,132.45797,2011.0,South Australia
-35.791779,140.963173,2009.0,South Australia
-30.39353,139.24595,2016.0,South Australia
-27.40343,138.70081,1995.0,South Australia
-32.13683,140.23552,2021.0,South Australia
-35.06452,139.18433,2012.0,South Australia
-28.8408,138.3201,2006.0,South Australia
-31.27987,138.78087,2022.0,South Australia
-35.4463,138.60197,2000.0,South Australia
-34.54753,139.67704,2012.0,South Australia
-31.41854,138.55821,2019.0,South Australia
-35.51988,140.36308,1991.0,South Australia
-35.1535,140.30098,2011.0,South Australia
-36.11616,139.71133,2012.0,South Australia
-27.72631,140.4988,2019.0,South Australia
-32.11602,139.92868,2022.0,South Australia
-35.15142,140.30615,2011.0,South Australia
-34.15798,139.07345,2010.0,South Australia
-32.01894,140.05876,2023.0,South Australia
-31.27987,138.78087,2022.0,South Australia
-34.72128,140.71269,2012.0,South Australia
-26.19213,136.77073,1997.0,South Australia
-26.421442,131.001322,1993.0,South Australia
-35.33638,139.86312,2011.0,South Australia
-35.20297,140.51489,2011.0,South Australia
-34.79795,140.03898,2011.0,South Australia
-35.20221,140.43061,2011.0,South Australia
-34.56607,135.49899,2021.0,South Australia
-32.00192,140.19357,2023.0,South Australia
-32.09605,140.29804,2023.0,South Australia
-34.45468,140.54796,2012.0,South Australia
-26.238599,129.60267,1993.0,South Australia
-34.68302,135.32721,2003.0,South Australia
-28.85191,138.21061,2006.0,South Australia
-35.05257,139.10195,2002.0,South Australia
-31.28446,138.74101,2000.0,South Australia
-32.13683,140.23552,2020.0,South Australia
-32.11602,139.92868,2022.0,South Australia
-26.478467,130.002663,1993.0,South Australia
-32.15294,140.29065,2020.0,South Australia
-34.45479,140.54521,2012.0,South Australia
-31.93913,140.07646,2020.0,South Australia
-31.28491,138.68186,2018.0,South Australia
-34.66805,138.82129,2000.0,South Australia
-32.470143,137.738612,2022.0,South Australia
-32.13803,140.01077,2022.0,South Australia
-32.67094,135.54594,2010.0,South Australia
-35.06645,140.21431,2011.0,South Australia
-28.57262,130.93685,2009.0,South Australia
-35.62086,138.35641,2016.0,South Australia
-34.99927,140.15111,2011.0,South Australia
-31.94711,140.09851,2023.0,South Australia
-27.12542,138.70957,1993.0,South Australia
-35.12496,138.68303,2018.0,South Australia
-32.01894,140.05876,2023.0,South Australia
-31.33029,137.25265,1971.0,South Australia
-32.01894,140.05876,2023.0,South Australia
-35.01893,138.76759,2012.0,South Australia
-32.14232,140.30733,2021.0,South Australia
-34.72122,140.7154,2011.0,South Australia
-32.01381,140.20794,2022.0,South Australia
-34.690314,138.733998,2025.0,South Australia
-31.32741,138.62961,2018.0,South Australia
-34.903409,138.707146,2025.0,South Australia
-35.17774,140.51993,2011.0,South Australia
-35.17949,140.49807,2011.0,South Australia
-34.780325,138.500608,2021.0,South Australia
-27.92216,138.51139,2006.0,South Australia
-31.93712,140.13697,2023.0,South Australia
-32.17293,135.80111,2022.0,South Australia
-26.013637,129.002669,1993.0,South Australia
-31.32741,138.62961,2020.0,South Australia
-34.76154,140.76228,2013.0,South Australia
-31.31683,130.65818,2012.0,South Australia
-35.20973,140.5154,2011.0,South Australia
-30.54281,132.74329,2009.0,South Australia
-26.53394,132.93413,1998.0,South Australia
-35.16965,138.60219,2000.0,South Australia
-30.51606,138.32688,1997.0,South Australia
-32.00192,140.19357,2023.0,South Australia
-34.936907,139.227462,2009.0,South Australia
-35.25346,139.97216,2011.0,South Australia
-35.26086,140.08079,2011.0,South Australia
-30.26399,139.13772,2022.0,South Australia
-29.68023,140.58588,1977.0,South Australia
-26.478438,137.201257,1993.0,South Australia
-32.11602,139.92868,2022.0,South Australia
-33.18112,134.62487,1983.0,South Australia
-35.52861,138.691575,2024.0,South Australia
-34.84422,135.69773,2004.0,South Australia
-30.58724,138.9968,2021.0,South Australia
-32.20633,139.88752,2022.0,South Australia
-34.84113,135.88041,2001.0,South Australia
-31.58002,132.86655,1995.0,South Australia
-31.30057,138.63594,2019.0,South Australia
-31.98898,140.07293,2020.0,South Australia
-26.268556,130.602653,1993.0,South Australia
-31.25797,138.66919,2023.0,South Australia
-34.72178,140.71395,2011.0,South Australia
-29.66961,137.26836,1996.0,South Australia
-35.13158,138.6802,2021.0,South Australia
-31.9513,140.23902,2021.0,South Australia
-35.27654,140.48609,2011.0,South Australia
-34.63198,138.74509,2017.0,South Australia
-34.40752,140.426475,2017.0,South Australia
-32.72455,137.89603,2008.0,South Australia
-31.27156,138.63179,2019.0,South Australia
-26.47259,138.18721,1998.0,South Australia
-34.72028,140.66006,2011.0,South Australia
-32.67733,135.64294,2022.0,South Australia
-29.58333,137.30152,1989.0,South Australia
-32.13683,140.23552,2019.0,South Australia
-31.30971,138.63641,2017.0,South Australia
-34.29168,140.62194,2003.0,South Australia
-34.72048,140.64054,2011.0,South Australia
-34.01795,138.08368,2004.0,South Australia
-35.12523,139.22372,1991.0,South Australia
-35.011159,138.80432,2020.0,South Australia
-35.16291,140.52294,2011.0,South Australia
-35.1229,139.96062,2011.0,South Australia
-35.21103,139.93481,2011.0,South Australia
-35.23911,139.93007,2010.0,South Australia
-30.57014,129.4772,2012.0,South Australia
-31.9149,140.11234,2020.0,South Australia
-30.63132,139.24215,2021.0,South Australia
-35.22788,140.06739,2011.0,South Australia
-34.9773,138.913,2021.0,South Australia
-30.57151,139.03592,2021.0,South Australia
-31.97043,140.07294,2021.0,South Australia
-29.89228,139.66458,1979.0,South Australia
-34.04426,140.71343,2003.0,South Australia
-34.72405,140.69458,2011.0,South Australia
-31.43861,138.6412,2019.0,South Australia
-35.11697,139.89382,2011.0,South Australia
-32.13683,140.23552,2020.0,South Australia
-35.12424,140.01047,2011.0,South Australia
-35.19471,140.49319,2011.0,South Australia
-34.20812,139.92695,2012.0,South Australia
-34.91063,137.18024,2016.0,South Australia
-32.01894,140.05876,2023.0,South Australia
-34.67229,136.34488,2009.0,South Australia
-30.52359,138.42277,2021.0,South Australia
-32.01766,140.10333,2022.0,South Australia
-35.23547,140.45529,2011.0,South Australia
-34.66072,140.50882,2011.0,South Australia
-34.71905,140.66353,2011.0,South Australia
-32.49702,134.21339,1970.0,South Australia
-31.125,139.6607,2012.0,South Australia
-30.6284,139.26987,2021.0,South Australia
-31.32741,138.62961,2018.0,South Australia
-35.08218,140.12008,2011.0,South Australia
-35.192363,139.879775,2009.0,South Australia
-26.034216,129.401325,1993.0,South Australia
-34.7215,140.7177,2012.0,South Australia
-31.92278,140.13646,2023.0,South Australia
-26.462219,137.002523,1993.0,South Australia
-31.98898,140.07293,2020.0,South Australia
-34.61216,139.116096,2009.0,South Australia
-29.89191,130.10014,1984.0,South Australia
-37.9225,140.4251,1997.0,South Australia
-32.04479,140.15779,2023.0,South Australia
-30.249923,137.959401,2023.0,South Australia
-34.23664,139.17638,2016.0,South Australia
-34.99352,138.70509,2025.0,South Australia
-32.62679,134.87051,2001.0,South Australia
-31.27713,138.74971,2000.0,South Australia
-31.90357,132.43151,2005.0,South Australia
-34.96899,139.63802,2009.0,South Australia
-33.70813,140.20246,2017.0,South Australia
-30.6485,139.36593,2021.0,South Australia
-34.89662,135.67065,2004.0,South Australia
-34.92339,139.81446,2011.0,South Australia
-31.97043,140.07294,2021.0,South Australia
-35.25389,138.463869,2009.0,South Australia
-34.359,139.48632,2012.0,South Australia
-30.01472,131.69806,2010.0,South Australia
-31.26462,138.62397,2018.0,South Australia
-29.07928,138.33425,2006.0,South Australia
-26.375886,132.002625,1993.0,South Australia
-31.25665,138.61794,2019.0,South Australia
-32.19341,139.88593,2022.0,South Australia
-28.87079,133.32688,1988.0,South Australia
-34.56103,139.38972,2023.0,South Australia
-30.60285,139.06133,2021.0,South Australia
-35.0546,140.24942,2011.0,South Australia
-35.26189,140.08092,2011.0,South Australia
-32.02424,140.42206,2023.0,South Australia
-30.13761,138.31665,1994.0,South Australia
-34.72213,140.68865,2011.0,South Australia
-35.30363,140.4924,2011.0,South Australia
-26.428227,138.201244,1993.0,South Australia
-30.07637,130.07507,2012.0,South Australia
-31.32741,138.62961,2017.0,South Australia
-34.60497,138.85837,2000.0,South Australia
-34.74951,139.92234,2011.0,South Australia
-32.01616,139.89849,2019.0,South Australia
-26.30085,137.33709,1998.0,South Australia
-34.77941,139.9553,2011.0,South Australia
-29.65,138.8875,2015.0,South Australia
-28.74066,130.53889,2011.0,South Australia
-34.15772,140.02012,2011.0,South Australia
-32.16814,135.71269,2019.0,South Australia
-32.01894,140.05876,2023.0,South Australia
-31.29987,138.80077,2021.0,South Australia
-34.34245,139.30209,2010.0,South Australia
-35.17454,140.52113,2011.0,South Australia
-29.11796,137.53674,2006.0,South Australia
-32.00192,140.19357,2022.0,South Australia
-38.02606,140.79199,2025.0,South Australia
-34.647049,139.622583,2014.0,South Australia
-31.98898,140.07293,2019.0,South Australia
-27.60382,137.95727,2007.0,South Australia
-34.73954,139.16261,2012.0,South Australia
-28.53611,132.11917,2006.0,South Australia
-33.992904,138.819122,2009.0,South Australia
-34.94055,139.23636,2004.0,South Australia
-32.67789,135.51816,2021.0,South Australia
-26.043909,130.802642,1993.0,South Australia
-35.30543,140.74321,2011.0,South Australia
-31.27576,138.67841,2015.0,South Australia
-30.41324,139.42035,2022.0,South Australia
-26.195771,131.602634,1993.0,South Australia
-35.1083,138.73756,2021.0,South Australia
-32.58567,135.28307,2021.0,South Australia
-31.4188,130.75528,2012.0,South Australia
-34.72037,140.68514,2012.0,South Australia
-34.87893,138.710292,2025.0,South Australia
-30.45881,136.89826,2024.0,South Australia
-35.32042,138.99622,2010.0,South Australia
-30.57771,139.02168,2021.0,South Australia
-31.97043,140.07294,2021.0,South Australia
-35.15526,139.89017,2011.0,South Australia
-35.88835,140.87172,1994.0,South Australia
-32.02855,140.11382,2023.0,South Australia
-29.58218,129.04295,2009.0,South Australia
-35.21943,139.00294,2010.0,South Australia
-36.31614,140.86935,1995.0,South Australia
-35.25717,136.89595,2025.0,South Australia
-32.462181,137.742615,2019.0,South Australia
-35.44609,138.87349,2014.0,South Australia
-26.264591,131.00132,1993.0,South Australia
-32.67733,135.64294,2022.0,South Australia
-35.06399,140.20818,2011.0,South Australia
-32.01894,140.05876,2023.0,South Australia
-29.561768,137.321093,2022.0,South Australia
-31.17697,138.97394,2011.0,South Australia
-32.1462,140.02252,2022.0,South Australia
-33.7167,134.5167,1968.0,South Australia
-31.94711,140.09851,2023.0,South Australia
-34.56103,139.38972,2023.0,South Australia
-35.17297,140.52097,2011.0,South Australia
-31.35724,138.7855,2018.0,South Australia
-35.19493,140.43757,2011.0,South Australia
-34.53299,139.97516,1991.0,South Australia
-35.34295,139.86799,2011.0,South Australia
-31.93712,140.13697,2020.0,South Australia
-26.4559,135.41907,2005.0,South Australia
-32.11636,139.9174,2019.0,South Australia
-34.905779,138.708581,2024.0,South Australia
-32.09605,140.29804,2023.0,South Australia
-34.73274,139.90344,2011.0,South Australia
-32.01894,140.05876,2023.0,South Australia
-35.69434,138.24224,2004.0,South Australia
-26.27317,137.32811,1998.0,South Australia
-31.43901,138.72753,2018.0,South Australia
-35.12749,138.72936,2022.0,South Australia
-31.42766,138.67016,2019.0,South Australia
-34.95034,140.85938,2011.0,South Australia
-35.97127,139.53015,1991.0,South Australia
-31.2878,138.82819,2018.0,South Australia
-34.59013,138.7495,2017.0,South Australia
-30.625,140.86083,2015.0,South Australia
-34.54437,139.69361,2011.0,South Australia
-34.26373,139.81482,2015.0,South Australia
-34.903461,138.707164,2025.0,South Australia
-35.12749,138.72936,2022.0,South Australia
-35.44193,140.79861,1991.0,South Australia
-27.60742,137.96911,2007.0,South Australia
-31.32056,138.708,2020.0,South Australia
-31.42277,138.71693,2019.0,South Australia
-35.263974,138.47635,2016.0,South Australia
-32.69878,135.68049,2021.0,South Australia
-28.96591,135.67488,2006.0,South Australia
-29.33652,130.22766,2011.0,South Australia
-34.01318,139.69585,2011.0,South Australia
-35.19505,140.47148,2011.0,South Australia
-26.491542,131.601323,1993.0,South Australia
-26.04287,140.10199,1995.0,South Australia
-35.22214,140.51485,2011.0,South Australia
-34.2833,140.52382,2011.0,South Australia
-31.18081,138.85181,2020.0,South Australia
-36.97222,140.36821,1997.0,South Australia
-32.64445,135.46244,2021.0,South Australia
-34.5077,137.54912,2004.0,South Australia
-26.056783,139.454956,2009.0,South Australia
-33.70813,140.20246,2017.0,South Australia
-35.310358,140.118749,2017.0,South Australia
-35.21447,140.51498,2011.0,South Australia
-32.13683,140.23552,2019.0,South Australia
-26.05566,131.801313,1993.0,South Australia
-28.52903,131.52859,2011.0,South Australia
-34.60295,138.85431,2000.0,South Australia
-31.0,135.0,,South Australia
-34.898088,138.696122,2025.0,South Australia
-31.27576,138.67841,2021.0,South Australia
-35.10619,140.11693,2011.0,South Australia
-29.54034,134.81383,2023.0,South Australia
-30.28325,139.22601,2021.0,South Australia
-35.34293,139.88999,2011.0,South Australia
-35.10892,139.89483,2011.0,South Australia
-36.30168,140.08149,1970.0,South Australia
-33.81282,135.2236,2003.0,South Australia
-34.16063,140.02297,2011.0,South Australia
-31.42766,138.67016,2020.0,South Australia
-34.962926,138.693792,2021.0,South Australia
-35.13493,139.89465,2011.0,South Australia
-35.16569,140.52259,2011.0,South Australia
-35.05168,140.22824,2011.0,South Australia
-32.20633,139.88752,2022.0,South Australia
-34.95958,140.82041,2011.0,South Australia
-31.42277,138.71693,2021.0,South Australia
-35.27288,140.43061,2011.0,South Australia
-35.14107,140.7852,2011.0,South Australia
-31.25665,138.61794,2019.0,South Australia
-30.118249,137.921101,2023.0,South Australia
-32.19341,139.88593,2022.0,South Australia
-26.53394,132.93413,1998.0,South Australia
-28.92895,135.97168,2006.0,South Australia
-35.12346,139.89381,2011.0,South Australia
-37.89037,140.37725,1982.0,South Australia
-35.08451,140.13651,2011.0,South Australia
-34.04606,140.85196,2010.0,South Australia
-34.14892,139.24894,2010.0,South Australia
-34.95258,138.69421,2000.0,South Australia
-35.08885,140.13365,2011.0,South Australia
-35.15719,139.89117,2011.0,South Australia
-33.822135,138.620153,2021.0,South Australia
-34.15756,139.21429,2010.0,South Australia
-31.33479,138.58721,2020.0,South Australia
-26.438593,131.802633,1993.0,South Australia
-31.363,138.57732,2018.0,South Australia
-30.63065,139.20097,2021.0,South Australia
-29.3392,130.16583,2009.0,South Australia
-33.01822,136.07102,2002.0,South Australia
-35.20768,138.89347,2010.0,South Australia
-32.02424,140.42206,2023.0,South Australia
-32.17293,135.80111,2022.0,South Australia
-32.01766,140.10333,2020.0,South Australia
-34.72137,140.68456,2011.0,South Australia
-32.01894,140.05876,2023.0,South Australia
-35.14997,140.33622,2011.0,South Australia
-34.71917,140.65641,2011.0,South Australia
-30.37681,139.26587,2021.0,South Australia
-35.12376,139.99892,2011.0,South Australia
-34.7792,139.95509,2011.0,South Australia
-35.23513,140.45743,2011.0,South Australia
-26.362828,130.201325,1993.0,South Australia
-34.65649,140.50914,2011.0,South Australia
-30.32206,131.59973,2011.0,South Australia
-35.27581,139.98051,2011.0,South Australia
-34.15905,140.02275,2011.0,South Australia
-26.298098,133.601302,1993.0,South Australia
-29.02799,132.0283,2006.0,South Australia
-32.11602,139.92868,2022.0,South Australia
-35.24408,140.07582,2011.0,South Australia
-32.67733,135.64294,2022.0,South Australia
-34.54886,135.71824,2004.0,South Australia
-34.7216,140.68836,2012.0,South Australia
-31.94711,140.09851,2023.0,South Australia
-35.11992,139.89389,2011.0,South Australia
-35.06617,140.21619,2011.0,South Australia
-32.67158,135.50774,2023.0,South Australia
-26.321167,129.602672,1993.0,South Australia
-33.39762,139.93837,1992.0,South Australia
-34.58879,138.75353,2017.0,South Australia
-28.85468,130.48035,2011.0,South Australia
-36.6029,140.91071,1997.0,South Australia
-34.94068,138.79471,1982.0,South Australia
-34.6464,139.37389,2012.0,South Australia
-31.30057,138.63594,2018.0,South Australia
-31.32823,138.70418,2020.0,South Australia
-37.57823,140.13874,1997.0,South Australia
-28.86469,132.60609,2003.0,South Australia
-35.05538,140.2487,2011.0,South Australia
-32.67158,135.50774,2018.0,South Australia
-35.399296,138.418687,2021.0,South Australia
-35.23493,140.4759,2011.0,South Australia
-34.550104,138.835094,2021.0,South Australia
-31.16684,138.61118,2019.0,South Australia
-35.09303,139.95363,2011.0,South Australia
-34.53187,138.96801,1971.0,South Australia
-31.37805,138.75491,2016.0,South Australia
-35.04559,139.82254,2012.0,South Australia
-31.27974,138.79143,2020.0,South Australia
-30.875,140.487,2015.0,South Australia
-34.92642,139.81895,2011.0,South Australia
-32.67733,135.64294,2022.0,South Australia
-28.92319,130.43415,2009.0,South Australia
-34.15441,139.92119,2011.0,South Australia
-34.71184,139.94427,2011.0,South Australia
-35.12571,139.98772,2011.0,South Australia
-35.62086,138.35641,2016.0,South Australia
-35.12556,139.89422,2011.0,South Australia
-33.08443,139.27415,1992.0,South Australia
-27.17306,137.56755,1998.0,South Australia
-34.30418,140.60234,2003.0,South Australia
-26.319908,131.001321,1993.0,South Australia
-32.58345,135.74467,2021.0,South Australia
-33.93095,135.28405,2004.0,South Australia
-35.1594,140.78509,2011.0,South Australia
-30.70035,139.26984,1998.0,South Australia
-31.32741,138.62961,2018.0,South Australia
-32.7185,135.69087,2001.0,South Australia
-34.01081,139.72013,2012.0,South Australia
-31.40687,138.56207,2023.0,South Australia
-32.01766,140.10333,2023.0,South Australia
-34.9898,140.47321,2010.0,South Australia
-34.958616,138.680015,2022.0,South Australia
-35.07331,139.15681,2012.0,South Australia
-35.06606,140.21449,2011.0,South Australia
-32.15064,140.26781,2019.0,South Australia
-32.02855,140.11382,2023.0,South Australia
-32.15064,140.26781,2020.0,South Australia
-32.67733,135.64294,2021.0,South Australia
-29.1227,136.29853,1995.0,South Australia
-29.94011,138.26249,1994.0,South Australia
-31.49583,138.64159,2019.0,South Australia
-32.11602,139.92868,2022.0,South Australia
-35.2351,140.47647,2011.0,South Australia
-31.98744,139.89427,2022.0,South Australia
-32.01766,140.10333,2020.0,South Australia
-30.4811,132.0643,2009.0,South Australia
-31.42277,138.71693,2022.0,South Australia
-26.071242,133.801294,1993.0,South Australia
-35.072963,138.886069,2026.0,South Australia
-31.94711,140.09851,2021.0,South Australia
-27.1761,132.86983,1993.0,South Australia
-32.01616,139.89849,2021.0,South Australia
-34.467916,139.120604,2024.0,South Australia
-34.67212,139.27384,2012.0,South Australia
-33.65183,134.89586,2009.0,South Australia
-26.109263,131.001318,1993.0,South Australia
-32.11602,139.92868,2022.0,South Australia
-31.89132,140.10697,2020.0,South Australia
-35.06645,140.21406,2011.0,South Australia
-35.30426,140.43109,2011.0,South Australia
-32.13683,140.23552,2021.0,South Australia
-33.63138,138.92425,2022.0,South Australia
-33.08443,139.27415,1992.0,South Australia
-35.19812,140.03626,2011.0,South Australia
-34.95489,139.18439,2016.0,South Australia
-34.25429,140.84596,2012.0,South Australia
-31.98744,139.89427,2022.0,South Australia
-26.037802,131.201313,1993.0,South Australia
-26.420639,134.402572,1993.0,South Australia
-32.13683,140.23552,2020.0,South Australia
-35.15209,140.60702,2011.0,South Australia
-26.108696,132.002619,1993.0,South Australia
-27.01719,132.56817,1993.0,South Australia
-32.01766,140.10333,2020.0,South Australia
-29.237195,138.353566,2006.0,South Australia
-31.92278,140.13646,2023.0,South Australia
-32.69878,135.68049,2021.0,South Australia
-34.28993,140.81899,2011.0,South Australia
-32.03913,140.0662,2022.0,South Australia
-32.01894,140.05876,2023.0,South Australia
-35.2214,140.43099,2011.0,South Australia
-26.19774,129.002673,1993.0,South Australia
-32.13683,140.23552,2020.0,South Australia
-33.064921,138.034548,2022.0,South Australia
-32.0366,140.11358,2021.0,South Australia
-30.2559,140.70543,1996.0,South Australia
-33.959451,138.688316,2009.0,South Australia
-34.8931,138.934,2022.0,South Australia
-31.94711,140.09851,2023.0,South Australia
-32.11602,139.92868,2022.0,South Australia
-32.02855,140.11382,2023.0,South Australia
-30.43271,139.24936,2016.0,South Australia
-34.2505,140.69476,2003.0,South Australia
-26.06134,132.45242,1997.0,South Australia
-35.060204,138.875437,2023.0,South Australia
-29.99449,131.38645,2011.0,South Australia
-26.024118,132.002617,1993.0,South Australia
-31.42766,138.67016,2020.0,South Australia
-26.75519,139.52978,2019.0,South Australia
-33.9635,139.6079,2010.0,South Australia
-34.66083,140.51021,2011.0,South Australia
-31.37796,138.77268,2022.0,South Australia
-34.16354,139.18877,2010.0,South Australia
-32.01894,140.05876,2023.0,South Australia
-35.10908,140.12711,2011.0,South Australia
-31.42277,138.71693,2019.0,South Australia
-26.305302,131.202634,1993.0,South Australia
-35.00625,140.75213,2011.0,South Australia
-31.9447,140.10804,2022.0,South Australia
-29.89191,130.10013,2012.0,South Australia
-35.25254,140.5151,2011.0,South Australia
-27.127591,137.37854,2009.0,South Australia
-31.613179,138.505756,2023.0,South Australia
-35.05584,140.23459,2011.0,South Australia
-32.15064,140.26781,2020.0,South Australia
-32.02855,140.11382,2023.0,South Australia
-35.004109,138.7223,2019.0,South Australia
-31.32823,138.70418,2021.0,South Australia
-35.013845,138.770797,2022.0,South Australia
-30.63065,139.20097,2019.0,South Australia
-35.13,140.06574,2011.0,South Australia
-32.01894,140.05876,2023.0,South Australia
-31.42277,138.71693,2019.0,South Australia
-34.914621,138.765551,2022.0,South Australia
-28.55767,130.58785,2011.0,South Australia
-33.401065,139.64653,2009.0,South Australia
-32.01894,140.05876,2023.0,South Australia
-35.19881,140.72368,2009.0,South Australia
-30.26099,139.5838,1996.0,South Australia
-34.64876,139.28912,2012.0,South Australia
-30.10995,140.99985,2009.0,South Australia
-26.083668,130.802643,1993.0,South Australia
-26.389222,136.401262,1993.0,South Australia
-34.74127,140.03601,2011.0,South Australia
-34.41549,135.56107,1979.0,South Australia
-31.34906,137.29179,2021.0,South Australia
-35.19475,140.57408,2011.0,South Australia
-32.02855,140.11382,2023.0,South Australia
-35.31563,139.10732,2010.0,South Australia
-26.57484,137.19978,1997.0,South Australia
-35.07051,140.0289,2011.0,South Australia
-26.17012,132.54907,1997.0,South Australia
-35.34793,140.66343,2011.0,South Australia
-35.1168,139.94076,2011.0,South Australia
-34.70093,139.87011,2011.0,South Australia
-30.63322,129.4384,2012.0,South Australia
-35.05691,140.20491,2011.0,South Australia
-34.71769,139.88799,2011.0,South Australia
-34.56103,139.38972,2023.0,South Australia
-34.66556,140.51333,2011.0,South Australia
-36.06459,139.7717,1971.0,South Australia
-35.14876,137.15809,2014.0,South Australia
-34.68189,136.34534,2009.0,South Australia
-31.93,135.7,2006.0,South Australia
-33.90786,140.20736,1992.0,South Australia
-30.18226,139.73217,2012.0,South Australia
-30.63065,139.20097,2019.0,South Australia
-27.72631,140.4988,2019.0,South Australia
-26.101657,134.00129,1993.0,South Australia
-34.89835,139.18268,2012.0,South Australia
-30.47945,138.84324,2020.0,South Australia
-32.12865,140.00869,2019.0,South Australia
-32.67733,135.64294,2022.0,South Australia
-30.37681,139.26587,2021.0,South Australia
-35.05796,137.23538,2015.0,South Australia
-29.835967,137.088726,2006.0,South Australia
-34.0222,139.69062,2011.0,South Australia
-26.117835,131.602632,1993.0,South Australia
-32.13683,140.23552,2020.0,South Australia
-28.65492,138.69089,2006.0,South Australia
-26.06223,129.40045,1995.0,South Australia
-35.14596,138.755409,2017.0,South Australia
-32.02424,140.42206,2023.0,South Australia
-31.33479,138.58721,2020.0,South Australia
-35.36077,139.45732,2011.0,South Australia
-28.53689,131.60694,2003.0,South Australia
-29.37909,137.12519,1996.0,South Australia
-35.22488,140.51477,2011.0,South Australia
-26.205153,129.801333,1993.0,South Australia
-35.25177,140.51517,2011.0,South Australia
-31.27987,138.78087,2022.0,South Australia
-34.71973,140.67935,2012.0,South Australia
-35.16851,140.13048,2011.0,South Australia
-35.32844,140.43121,2011.0,South Australia
-32.19341,139.88593,2021.0,South Australia
-35.18699,140.50847,2011.0,South Australia
-34.916959,138.610772,2025.0,South Australia
-34.903204,138.706956,2024.0,South Australia
-34.99371,138.70474,2025.0,South Australia
-35.06172,138.65125,2019.0,South Australia
-33.84023,136.12082,1968.0,South Australia
-27.20463,134.99445,1999.0,South Australia
-35.12516,139.9593,2011.0,South Australia
-34.54563,139.68623,2011.0,South Australia
-31.51368,138.84579,2019.0,South Australia
-28.41575,136.44648,1996.0,South Australia
-32.09605,140.29804,2021.0,South Australia
-33.39197,137.88146,2004.0,South Australia
-26.48709,131.401313,1993.0,South Australia
-35.23597,140.57472,2011.0,South Australia
-35.07135,140.21936,2011.0,South Australia
-31.42277,138.71693,2019.0,South Australia
-35.07996,138.70163,2021.0,South Australia
-35.1087,140.14173,2011.0,South Australia
-35.043512,138.887196,2025.0,South Australia
-34.216416,136.278706,2017.0,South Australia
-33.71379,134.99743,2003.0,South Australia
-30.1554,131.6196,1974.0,South Australia
-35.19509,140.45539,2011.0,South Australia
-37.10056,140.55586,1969.0,South Australia
-30.41324,139.42035,2021.0,South Australia
-31.47796,138.62598,2019.0,South Australia
-35.513501,138.219349,2021.0,South Australia
-31.89132,140.10697,2020.0,South Australia
-36.48504,140.38054,1997.0,South Australia
-32.01894,140.05876,2023.0,South Australia
-26.179513,130.801324,1993.0,South Australia
-31.28491,138.68186,2019.0,South Australia
-31.94711,140.09851,2023.0,South Australia
-31.32741,138.62961,2020.0,South Australia
-34.60237,140.17694,2009.0,South Australia
-34.99871,140.14308,2011.0,South Australia
-28.9909,138.37644,2013.0,South Australia
-34.92335,139.84495,2011.0,South Australia
-29.02582,138.17297,2013.0,South Australia
-29.11458,138.402086,2006.0,South Australia
-27.20463,134.99445,1999.0,South Australia
-34.72203,140.71749,2011.0,South Australia
-32.01894,140.05876,2019.0,South Australia
-35.19492,140.50051,2011.0,South Australia
-32.51847,140.60091,2023.0,South Australia
-31.249,138.66629,2019.0,South Australia
-34.778716,137.864459,2024.0,South Australia
-31.249,138.66629,2023.0,South Australia
-26.064,133.802586,1993.0,South Australia
-28.52106,136.79076,2006.0,South Australia
-29.66999,137.26791,1996.0,South Australia
-26.220658,131.601321,1993.0,South Australia
-26.154712,132.00131,1993.0,South Australia
-34.57684,139.99959,1991.0,South Australia
-33.17216,138.17467,2001.0,South Australia
-31.42766,138.67016,2018.0,South Australia
-34.769658,138.8528,2022.0,South Australia
-31.94711,140.09851,2023.0,South Australia
-26.161092,134.802567,1993.0,South Australia
-35.25857,140.51503,2011.0,South Australia
-26.038154,134.402564,1993.0,South Australia
-26.26352,134.401281,1993.0,South Australia
-35.10847,140.12762,2011.0,South Australia
-35.25368,139.97199,2011.0,South Australia
-27.621763,140.361157,2011.0,South Australia
-35.07749,140.12002,2011.0,South Australia
-35.1211,137.09312,2004.0,South Australia
-31.249,138.66629,2023.0,South Australia
-35.62711,138.102847,2024.0,South Australia
-35.22885,140.06952,2011.0,South Australia
-26.251921,134.401281,1993.0,South Australia
-33.994733,139.083843,2023.0,South Australia
-30.69058,134.52145,2017.0,South Australia
-36.059002,139.888688,2023.0,South Australia
-34.742693,139.085779,2025.0,South Australia
-33.98661,138.619643,2019.0,South Australia
-35.18331,139.3699,2011.0,South Australia
-34.9773,138.913,2021.0,South Australia
-32.13683,140.23552,2020.0,South Australia
-32.69878,135.68049,2021.0,South Australia
-35.23513,140.44658,2011.0,South Australia
-32.00004,140.18128,2005.0,South Australia
-34.994363,138.72078,2025.0,South Australia
-26.186497,130.20265,1993.0,South Australia
-33.69194,135.47356,2003.0,South Australia
-34.10645,139.95406,2004.0,South Australia
-33.135913,136.335001,2025.0,South Australia
-32.01894,140.05876,2023.0,South Australia
-26.346863,131.201316,1993.0,South Australia
-35.07647,140.13944,2011.0,South Australia
-34.45928,140.55322,2012.0,South Australia
-36.16659,139.7362,1996.0,South Australia
-34.903376,138.70681,2024.0,South Australia
-34.59996,138.77223,2017.0,South Australia
-31.80007,140.57441,2022.0,South Australia
-29.33652,130.22766,2011.0,South Australia
-32.07214,140.36635,2023.0,South Australia
-34.4559,137.364,1930.0,South Australia
-35.278628,136.93222,2009.0,South Australia
-32.14232,140.30733,2021.0,South Australia
-34.66383,139.2838,2012.0,South Australia
-26.13679,136.85097,1997.0,South Australia
-27.73669,138.93645,1995.0,South Australia
-35.16713,140.08154,2011.0,South Australia
-35.6681,139.20401,2011.0,South Australia
-34.56103,139.38972,2023.0,South Australia
-32.13683,140.23552,2020.0,South Australia
-34.94503,139.82854,2011.0,South Australia
-31.07094,138.62597,2021.0,South Australia
-32.04057,140.01994,2022.0,South Australia
-35.15433,140.36898,2011.0,South Australia
-32.0366,140.11358,2023.0,South Australia
-34.64881,139.3711,2012.0,South Australia
-31.28108,138.63362,2021.0,South Australia
-32.17293,135.80111,2019.0,South Australia
-32.02424,140.42206,2023.0,South Australia
-31.41903,130.75095,2012.0,South Australia
-35.14893,137.15781,2015.0,South Australia
-32.11602,139.92868,2022.0,South Australia
-26.434949,131.801318,1993.0,South Australia
-35.2232,140.04637,2011.0,South Australia
-35.00472,139.18821,2012.0,South Australia
-32.17673,140.04821,2021.0,South Australia
-34.56103,139.38972,2023.0,South Australia
-34.66063,140.51052,2011.0,South Australia
-26.380951,134.001293,1993.0,South Australia
-34.74236,139.16203,2012.0,South Australia
-35.18662,139.37002,2011.0,South Australia
-27.05899,134.98755,1999.0,South Australia
-33.97131,139.80195,1992.0,South Australia
-31.97043,140.07294,2021.0,South Australia
-33.0564,136.32765,2002.0,South Australia
-34.903913,138.707668,2025.0,South Australia
-31.32741,138.62961,2019.0,South Australia
-32.13803,140.01077,2022.0,South Australia
-35.18702,140.50704,2011.0,South Australia
-32.01381,140.20794,2021.0,South Australia
-29.4839,136.1786,1995.0,South Australia
-31.93712,140.13697,2023.0,South Australia
-30.63065,139.20097,2021.0,South Australia
-34.20061,140.80999,2011.0,South Australia
-35.15395,140.36223,2011.0,South Australia
-31.34462,138.58447,2016.0,South Australia
-34.74306,139.16117,2012.0,South Australia
-31.34566,138.80836,2023.0,South Australia
-35.05515,140.2496,2011.0,South Australia
-32.11602,139.92868,2022.0,South Australia
-32.11602,139.92868,2022.0,South Australia
-32.17673,140.04821,2021.0,South Australia
-34.46853,139.32964,2010.0,South Australia
-28.285033,140.877686,2009.0,South Australia
-31.30057,138.63594,2020.0,South Australia
-31.32741,138.62961,2021.0,South Australia
-36.095612,139.896313,2024.0,South Australia
-32.38933,135.31634,2021.0,South Australia
-32.1875,140.50699,2013.0,South Australia
-26.477099,134.602582,1993.0,South Australia
-31.42766,138.67016,2019.0,South Australia
-35.1374,139.89542,2011.0,South Australia
-32.13803,140.01077,2022.0,South Australia
-35.26639,139.98989,2011.0,South Australia
-27.28493,131.45745,1997.0,South Australia
-31.49583,138.64159,2019.0,South Australia
-31.96917,135.7725,2006.0,South Australia
-31.93712,140.13697,2023.0,South Australia
-30.64461,139.35455,2021.0,South Australia
-32.01894,140.05876,2020.0,South Australia
-34.60989,139.61192,2004.0,South Australia
-35.1899,138.57723,1983.0,South Australia
-32.53361,137.82806,2023.0,South Australia
-35.45925,139.80926,2012.0,South Australia
-32.67733,135.64294,2022.0,South Australia
-26.34295,136.8155,1996.0,South Australia
-31.42277,138.71693,2020.0,South Australia
-30.18172,133.60188,2015.0,South Australia
-35.17054,140.52157,2011.0,South Australia
-35.06266,140.68706,2011.0,South Australia
-26.156576,131.002638,1993.0,South Australia
-34.72083,140.7125,2012.0,South Australia
-28.11649,136.71932,2006.0,South Australia
-31.42277,138.71693,2020.0,South Australia
-34.38783,139.61883,2004.0,South Australia
-34.75241,139.92506,2011.0,South Australia
-34.14159,139.28019,2010.0,South Australia
-32.01381,140.20794,2022.0,South Australia
-26.364982,130.802649,1993.0,South Australia
-26.256077,131.00264,1993.0,South Australia
-34.06502,139.46442,2010.0,South Australia
-27.87705,137.90132,2000.0,South Australia
-34.820945,138.589128,2023.0,South Australia
-35.127,140.04509,2011.0,South Australia
-26.376526,131.601322,1993.0,South Australia
-35.063266,138.877174,2025.0,South Australia
-34.643349,139.081106,2019.0,South Australia
-35.2858,136.89782,2015.0,South Australia
-31.33479,138.58721,2021.0,South Australia
-29.50915,129.28157,2005.0,South Australia
-31.97043,140.07294,2021.0,South Australia
-26.126466,135.00128,1993.0,South Australia
-31.93712,140.13697,2023.0,South Australia
-28.41832,138.81195,2001.0,South Australia
-34.72406,140.70181,2012.0,South Australia
-32.15064,140.26781,2020.0,South Australia
-26.41044,139.23135,2001.0,South Australia
-31.42766,138.67016,2019.0,South Australia
-29.71242,135.58531,2012.0,South Australia
-35.11276,139.54105,2012.0,South Australia
-31.99835,139.89093,2022.0,South Australia
-34.997092,138.708397,2025.0,South Australia
-31.35723,131.64172,2007.0,South Australia
-35.44853,140.87634,1971.0,South Australia
-35.17023,140.14038,2011.0,South Australia
-31.2668,137.49086,2016.0,South Australia
-31.31846,138.63381,2017.0,South Australia
-34.72045,140.64112,2011.0,South Australia
-28.112965,136.352345,2006.0,South Australia
-31.9513,140.23902,2021.0,South Australia
-31.35724,138.7855,2015.0,South Australia
-29.41798,129.82378,2011.0,South Australia
-31.32741,138.62961,2015.0,South Australia
-31.32056,138.708,2021.0,South Australia
-31.32741,138.62961,2019.0,South Australia
-34.86899,139.89459,2011.0,South Australia
-26.239552,129.402661,1993.0,South Australia
-36.05091,139.63642,2021.0,South Australia
-35.34137,139.86861,2011.0,South Australia
-31.47218,130.33497,2012.0,South Australia
-26.225175,129.801333,1993.0,South Australia
-26.322577,131.002641,1993.0,South Australia
-29.00408,136.4792,2006.0,South Australia
-34.28962,140.81403,2011.0,South Australia
-26.411732,131.601323,1993.0,South Australia
-30.5557,132.15104,1987.0,South Australia
-32.67789,135.51816,2021.0,South Australia
-31.34462,138.58447,2019.0,South Australia
-34.787867,135.701752,2014.0,South Australia
-32.56986,135.23642,2007.0,South Australia
-32.69878,135.68049,2020.0,South Australia
-32.10212,140.57907,2010.0,South Australia
-26.358925,130.801326,1993.0,South Australia
-35.013027,138.698201,2020.0,South Australia
-28.83791,138.85559,2013.0,South Australia
-35.10167,140.11931,2011.0,South Australia
-31.19221,138.62305,2020.0,South Australia
-35.15935,138.88776,2021.0,South Australia
-36.81394,140.06988,1973.0,South Australia
-26.158629,130.801324,1993.0,South Australia
-34.91787,138.611333,2025.0,South Australia
-31.32741,138.62961,2017.0,South Australia
-35.30844,139.42372,1991.0,South Australia
-32.11602,139.92868,2022.0,South Australia
-31.96441,140.24526,2022.0,South Australia
-26.015683,131.402622,1993.0,South Australia
-31.27987,138.78087,2019.0,South Australia
-30.6284,139.26987,2021.0,South Australia
-30.20619,139.36478,2024.0,South Australia
-28.68261,132.20406,2007.0,South Australia
-34.7871,139.96359,2011.0,South Australia
-31.28491,138.68186,2018.0,South Australia
-26.16915,130.04199,1991.0,South Australia
-31.35724,138.7855,2018.0,South Australia
-31.77909,133.42563,1987.0,South Australia
-29.57467,130.13854,2011.0,South Australia
-28.56621,130.6856,2011.0,South Australia
-31.11068,138.61674,1999.0,South Australia
-30.58724,138.9968,2021.0,South Australia
-34.72027,140.64742,2011.0,South Australia
-31.2878,138.82819,2023.0,South Australia
-31.36243,131.1837,2007.0,South Australia
-31.32741,138.62961,2020.0,South Australia
-31.32741,138.62961,2020.0,South Australia
-31.94711,140.09851,2023.0,South Australia
-34.959052,138.923395,2019.0,South Australia
-32.13683,140.23552,2020.0,South Australia
-31.97043,140.07294,2021.0,South Australia
-31.97043,140.07294,2021.0,South Australia
-34.6455,139.29234,2012.0,South Australia
-26.202873,134.801286,1993.0,South Australia
-31.32741,138.62961,2018.0,South Australia
-35.24208,140.07602,2011.0,South Australia
-34.51858,140.02985,2011.0,South Australia
-32.05437,140.06982,2010.0,South Australia
-29.01912,133.25162,1988.0,South Australia
-37.40363,140.60817,1997.0,South Australia
-35.03159,137.10579,2015.0,South Australia
-35.19397,140.51445,2011.0,South Australia
-34.54268,138.347,2014.0,South Australia
-34.06477,139.18116,2020.0,South Australia
-35.11224,140.14122,2011.0,South Australia
-33.617222,135.982226,2024.0,South Australia
-35.07922,139.94642,2011.0,South Australia
-34.71971,140.64353,2011.0,South Australia
-32.15294,140.29065,2020.0,South Australia
-31.93712,140.13697,2022.0,South Australia
-31.89211,140.10833,2005.0,South Australia
-30.6775,132.6907,2009.0,South Australia
-34.28903,139.2776,2010.0,South Australia
-26.074276,129.401326,1993.0,South Australia
-26.21183,138.09155,1998.0,South Australia
-32.15064,140.26781,2023.0,South Australia
-34.9529,138.87,2022.0,South Australia
-26.159559,136.602532,1993.0,South Australia
-35.09501,139.94785,2011.0,South Australia
-28.84645,132.53812,2003.0,South Australia
-26.468101,135.801278,1993.0,South Australia
-31.249,138.66629,2023.0,South Australia
-31.94711,140.09851,2021.0,South Australia
-34.25807,135.84594,2004.0,South Australia
-32.15064,140.26781,2019.0,South Australia
-32.13683,140.23552,2020.0,South Australia
-31.461674,138.641679,2023.0,South Australia
-34.54764,139.67474,2011.0,South Australia
-35.15605,140.38685,2011.0,South Australia
-35.12091,139.89401,2011.0,South Australia
-31.32741,138.62961,2020.0,South Australia
-34.556,139.30573,2010.0,South Australia
-34.63817,139.29955,2012.0,South Australia
-36.11616,139.71133,2014.0,South Australia
-26.218763,131.60132,1993.0,South Australia
-35.1865,139.37355,2011.0,South Australia
-35.33631,139.88143,2012.0,South Australia
-35.25539,140.78423,2011.0,South Australia
-35.10199,140.64469,2011.0,South Australia
-29.1143,138.19572,2006.0,South Australia
-34.969707,139.264176,2009.0,South Australia
-34.38089,140.44231,2004.0,South Australia
-31.97043,140.07294,2021.0,South Australia
-35.05796,137.23538,2015.0,South Australia
-34.92992,139.91185,2011.0,South Australia
-35.061492,138.698799,2020.0,South Australia
-31.25797,138.66919,2019.0,South Australia
-34.7194,140.64417,2011.0,South Australia
-35.06947,140.02325,2011.0,South Australia
-31.45747,138.59519,2019.0,South Australia
-35.16768,140.52255,2011.0,South Australia
-35.23652,140.53327,2011.0,South Australia
-31.42911,138.72748,2015.0,South Australia
-35.75376,140.73357,2022.0,South Australia
-34.99377,138.70454,2025.0,South Australia
-26.31902,136.52154,1997.0,South Australia
-31.9447,140.10804,2021.0,South Australia
-30.37958,139.68487,2012.0,South Australia
-27.04422,137.68245,2007.0,South Australia
-27.87437,133.68143,2021.0,South Australia
-30.78725,138.63218,1999.0,South Australia
-26.296913,130.201324,1993.0,South Australia
-26.394537,133.601303,1993.0,South Australia
-32.1462,140.02252,2022.0,South Australia
-26.0435,137.50477,1996.0,South Australia
-27.4066,137.6132,2007.0,South Australia
-26.007514,130.002652,1993.0,South Australia
-32.02855,140.11382,2023.0,South Australia
-35.13164,139.89385,2011.0,South Australia
-36.253027,139.968865,2026.0,South Australia
-32.11803,139.90748,2022.0,South Australia
-34.56103,139.38972,2023.0,South Australia
-30.29718,139.30951,2024.0,South Australia
-33.98007,139.18959,2010.0,South Australia
-31.22271,140.83739,2012.0,South Australia
-35.06197,140.23005,2011.0,South Australia
-34.27877,140.81557,2011.0,South Australia
-34.574,135.6,2009.0,South Australia
-27.70741,140.88184,2019.0,South Australia
-32.12212,140.24163,2020.0,South Australia
-34.71995,140.6747,2012.0,South Australia
-26.06513,134.202572,1993.0,South Australia
-34.5667,139.6,1962.0,South Australia
-31.94711,140.09851,2019.0,South Australia
-29.83597,137.08873,2006.0,South Australia
-34.1576,139.21345,2010.0,South Australia
-35.30345,140.49229,2011.0,South Australia
-31.32823,138.70418,2022.0,South Australia
-34.72164,140.72054,2012.0,South Australia
-31.37805,138.75491,2016.0,South Australia
-35.14189,139.89629,2011.0,South Australia
-31.33479,138.58721,2019.0,South Australia
-35.16463,140.52302,2011.0,South Australia
-31.27987,138.78087,2023.0,South Australia
-32.65832,135.4804,2021.0,South Australia
-35.10587,140.11606,2011.0,South Australia
-35.045409,138.892716,2022.0,South Australia
-32.69878,135.68049,2021.0,South Australia
-34.71367,139.97576,2011.0,South Australia
-34.86934,140.25192,2014.0,South Australia
-35.27736,139.97925,2011.0,South Australia
-35.32429,140.43074,2011.0,South Australia
-32.01381,140.20794,2021.0,South Australia
-32.11602,139.92868,2022.0,South Australia
-35.13079,139.89374,2011.0,South Australia
-32.11602,139.92868,2022.0,South Australia
-28.96579,133.33356,1988.0,South Australia
-34.16055,140.0287,2011.0,South Australia
-31.34462,138.58447,2015.0,South Australia
-31.90647,140.08169,2019.0,South Australia
-35.132773,138.651023,2009.0,South Australia
-34.54764,139.67658,2012.0,South Australia
-26.35312,132.002624,1993.0,South Australia
-27.205714,140.154177,2011.0,South Australia
-31.97043,140.07294,2021.0,South Australia
-31.21269,138.64617,2022.0,South Australia
-34.95993,138.70984,2000.0,South Australia
-27.20799,139.71206,2019.0,South Australia
-26.9061,135.19618,1999.0,South Australia
-29.89228,139.66458,1979.0,South Australia
-31.31846,138.63381,2018.0,South Australia
-35.15288,140.60724,2011.0,South Australia
-28.11649,136.71932,2006.0,South Australia
-34.66115,140.50866,2011.0,South Australia
-32.471428,137.760761,2018.0,South Australia
-31.31553,138.71747,2019.0,South Australia
-32.72207,140.11559,1992.0,South Australia
-34.54553,139.68704,2011.0,South Australia
-29.11458,138.40209,2006.0,South Australia
-32.67733,135.64294,2022.0,South Australia
-31.42277,138.71693,2021.0,South Australia
-35.24822,140.78518,2011.0,South Australia
-35.23584,140.51505,2011.0,South Australia
-35.204462,138.481301,2025.0,South Australia
-29.68252,135.81654,1995.0,South Australia
-31.28491,138.68186,2020.0,South Australia
-33.034399,137.584915,2011.0,South Australia
-32.01381,140.20794,2021.0,South Australia
-31.97043,140.07294,2021.0,South Australia
-31.249,138.66629,2023.0,South Australia
-31.32741,138.62961,2020.0,South Australia
-32.01894,140.05876,2020.0,South Australia
-34.612796,139.121075,2017.0,South Australia
-34.346998,135.615865,2021.0,South Australia
-26.487319,131.601323,1993.0,South Australia
-34.65819,140.50834,2011.0,South Australia
-31.32823,138.70418,2022.0,South Australia
-35.23568,140.48421,2011.0,South Australia
-35.3597,139.45853,2011.0,South Australia
-34.66653,139.28356,2012.0,South Australia
-35.15173,140.3521,2011.0,South Australia
-31.42277,138.71693,2017.0,South Australia
-35.1099,140.12523,2011.0,South Australia
-31.31553,138.71747,2018.0,South Australia
-34.765509,135.952755,2025.0,South Australia
-32.01894,140.05876,2023.0,South Australia
-26.67312,133.02021,1998.0,South Australia
-35.42616,138.81442,2011.0,South Australia
-35.10286,139.90336,2011.0,South Australia
-26.160809,131.802626,1993.0,South Australia
-35.11376,139.89427,2011.0,South Australia
-31.89132,140.10697,2020.0,South Australia
-36.11616,139.71133,2014.0,South Australia
-41.29725,146.219879,1994.0,Tasmania
-42.126494,148.290592,2025.0,Tasmania
-42.61379,147.257215,2025.0,Tasmania
-42.841675,147.462873,2016.0,Tasmania
-42.540734,147.912905,2009.0,Tasmania
-41.12222,147.296166,1986.0,Tasmania
-41.405634,146.537591,1993.0,Tasmania
-41.349388,146.178886,2021.0,Tasmania
-41.067018,145.94408,2010.0,Tasmania
-40.886232,147.626877,1993.0,Tasmania
-41.790165,147.393605,2025.0,Tasmania
-42.877695,147.479782,2017.0,Tasmania
-41.088701,147.165641,1988.0,Tasmania
-41.365385,146.172203,2015.0,Tasmania
-43.157927,146.827329,1982.0,Tasmania
-43.113717,147.751419,1993.0,Tasmania
-43.017808,147.058993,1986.0,Tasmania
-42.736935,147.530522,1987.0,Tasmania
-43.026479,147.302438,2025.0,Tasmania
-41.261938,146.919835,2018.0,Tasmania
-41.159905,146.35692,2016.0,Tasmania
-41.490737,148.240262,2024.0,Tasmania
-42.762539,147.23996,2025.0,Tasmania
-43.1646,147.219731,2000.0,Tasmania
-41.374881,146.453969,2017.0,Tasmania
-41.426092,146.982389,2019.0,Tasmania
-43.233046,147.257184,2024.0,Tasmania
-41.371608,147.317515,1993.0,Tasmania
-43.094085,147.244975,2000.0,Tasmania
-42.808368,147.522362,1987.0,Tasmania
-41.409498,146.981,1992.0,Tasmania
-42.778626,147.530061,2023.0,Tasmania
-42.979049,147.162443,1991.0,Tasmania
-42.741591,147.194724,1992.0,Tasmania
-41.466278,148.258347,2024.0,Tasmania
-41.063538,144.686586,2010.0,Tasmania
-42.752657,147.148079,1993.0,Tasmania
-41.193339,146.370238,1987.0,Tasmania
-42.904346,147.318945,2002.0,Tasmania
-41.500397,147.075897,2025.0,Tasmania
-43.036108,147.22447,2017.0,Tasmania
-41.857112,148.022395,1984.0,Tasmania
-41.98357,147.506247,1992.0,Tasmania
-42.093784,146.759504,1986.0,Tasmania
-42.979962,147.131269,1989.0,Tasmania
-41.239943,145.65403,1986.0,Tasmania
-41.437087,147.139377,2011.0,Tasmania
-42.902011,147.3378,2016.0,Tasmania
-42.778626,147.530061,2024.0,Tasmania
-42.120546,148.072883,2023.0,Tasmania
-41.068993,145.004193,2010.0,Tasmania
-41.358012,147.025423,2025.0,Tasmania
-43.269439,147.348866,2024.0,Tasmania
-41.981837,146.784684,1979.0,Tasmania
-42.864947,147.333722,2024.0,Tasmania
-42.155222,146.397903,1986.0,Tasmania
-41.054351,144.670072,2009.0,Tasmania
-42.073977,146.763206,1990.0,Tasmania
-41.267962,146.836581,1988.0,Tasmania
-41.237453,145.633795,1990.0,Tasmania
-41.99808,146.628925,2024.0,Tasmania
-40.510798,148.341006,1998.0,Tasmania
-41.400784,146.534419,1985.0,Tasmania
-42.02832,147.782932,1992.0,Tasmania
-42.381069,147.00671,2025.0,Tasmania
-42.778626,147.530061,2024.0,Tasmania
-41.055732,144.672438,2009.0,Tasmania
-42.923746,147.262587,2025.0,Tasmania
-43.138844,147.05815,1992.0,Tasmania
-41.191434,146.323735,2023.0,Tasmania
-43.436601,146.984731,2021.0,Tasmania
-43.009914,147.327163,2024.0,Tasmania
-42.284702,147.997649,1993.0,Tasmania
-41.656497,147.919922,2013.0,Tasmania
-42.903976,147.288626,2001.0,Tasmania
-41.347007,146.182565,2018.0,Tasmania
-40.93332,148.33332,1977.0,Tasmania
-42.198904,147.114003,1987.0,Tasmania
-42.211614,147.406771,1992.0,Tasmania
-42.886342,147.488279,2016.0,Tasmania
-41.524027,146.652854,2023.0,Tasmania
-40.807376,144.990621,1992.0,Tasmania
-41.721861,147.501482,1994.0,Tasmania
-41.508577,145.634766,2017.0,Tasmania
-41.055864,145.905315,2023.0,Tasmania
-42.870523,147.330143,2023.0,Tasmania
-42.926568,147.255645,2002.0,Tasmania
-42.675564,147.261753,1986.0,Tasmania
-41.492849,148.251294,1991.0,Tasmania
-41.019709,145.048627,2010.0,Tasmania
-41.277924,146.879542,1988.0,Tasmania
-41.553811,146.991577,2009.0,Tasmania
-41.15698,146.73674,1989.0,Tasmania
-42.831841,147.168028,1978.0,Tasmania
-41.792829,147.389381,1986.0,Tasmania
-42.844591,147.420848,1992.0,Tasmania
-42.768675,147.142972,1991.0,Tasmania
-41.178654,146.953125,2009.0,Tasmania
-40.989294,148.160446,1994.0,Tasmania
-41.468774,147.165365,2024.0,Tasmania
-42.514623,147.642895,1990.0,Tasmania
-42.212965,148.033567,1993.0,Tasmania
-42.10619,148.248008,2024.0,Tasmania
-41.298689,148.210604,2024.0,Tasmania
-41.362587,146.817717,1993.0,Tasmania
-41.22544,145.766477,1992.0,Tasmania
-41.550175,147.178007,2021.0,Tasmania
-41.231812,145.989002,2024.0,Tasmania
-41.778353,147.320224,1991.0,Tasmania
-42.669689,147.366314,2009.0,Tasmania
-41.15698,146.73674,1990.0,Tasmania
-42.84377,147.421344,1993.0,Tasmania
-41.440895,147.125381,2025.0,Tasmania
-42.876906,147.330936,2023.0,Tasmania
-41.414704,148.278127,1985.0,Tasmania
-42.423457,147.392578,2013.0,Tasmania
-41.133571,146.741599,1988.0,Tasmania
-41.36369,146.196995,2019.0,Tasmania
-41.244108,148.290547,2025.0,Tasmania
-42.668843,147.378877,1992.0,Tasmania
-42.926752,147.324937,2026.0,Tasmania
-41.348848,147.002272,2020.0,Tasmania
-41.044449,147.822317,1988.0,Tasmania
-40.950341,144.798582,1987.0,Tasmania
-41.361945,147.246438,1987.0,Tasmania
-42.078365,145.556037,2009.0,Tasmania
-40.959728,144.86374,1985.0,Tasmania
-42.907538,147.822203,1986.0,Tasmania
-42.735618,147.437454,1999.0,Tasmania
-42.88858,147.320817,2025.0,Tasmania
-41.224251,145.976643,2024.0,Tasmania
-42.915378,147.249701,2025.0,Tasmania
-41.139948,147.224157,1992.0,Tasmania
-43.009919,147.327208,2024.0,Tasmania
-41.678048,146.728019,1986.0,Tasmania
-42.351966,147.576883,1991.0,Tasmania
-41.25166,146.78291,1994.0,Tasmania
-42.248102,147.405854,1992.0,Tasmania
-41.510296,146.078634,1984.0,Tasmania
-42.039181,147.432685,1993.0,Tasmania
-41.361945,147.246438,1985.0,Tasmania
-42.947618,146.801563,1992.0,Tasmania
-42.876603,147.330947,2023.0,Tasmania
-41.349359,146.178834,2020.0,Tasmania
-42.75015,147.78279,1979.0,Tasmania
-42.031836,146.734683,1979.0,Tasmania
-42.167729,147.670848,1988.0,Tasmania
-42.822066,147.30394,2018.0,Tasmania
-42.313864,147.96076,1993.0,Tasmania
-41.36983,147.110846,1993.0,Tasmania
-43.246681,147.129488,1998.0,Tasmania
-41.186922,146.381836,2011.0,Tasmania
-41.448285,147.076716,2025.0,Tasmania
-41.16666,147.5,2005.0,Tasmania
-43.113053,147.33275,2024.0,Tasmania
-41.880431,146.509621,1997.0,Tasmania
-42.729452,147.174508,2025.0,Tasmania
-41.15698,146.73674,1994.0,Tasmania
-41.840082,148.013091,1992.0,Tasmania
-41.361945,147.246438,1983.0,Tasmania
-42.543187,147.887287,1992.0,Tasmania
-42.205746,146.553146,1991.0,Tasmania
-41.064325,145.91091,2023.0,Tasmania
-41.560445,147.174781,2017.0,Tasmania
-42.898518,147.331515,2025.0,Tasmania
-41.589951,148.194863,2023.0,Tasmania
-41.551577,147.168604,1992.0,Tasmania
-41.227128,146.329634,2016.0,Tasmania
-42.763181,147.242045,2024.0,Tasmania
-41.995023,148.103959,1992.0,Tasmania
-41.75,146.19999,1978.0,Tasmania
-41.151842,146.015901,2024.0,Tasmania
-41.258129,148.063717,1992.0,Tasmania
-42.888645,147.502687,2025.0,Tasmania
-41.68784,147.279015,1986.0,Tasmania
-42.719551,147.304257,1994.0,Tasmania
-41.615516,148.318735,2017.0,Tasmania
-41.163861,146.555953,2025.0,Tasmania
-42.197556,145.178492,1998.0,Tasmania
-38.090126,144.270752,2021.0,Victoria
-38.096597,144.056737,2020.0,Victoria
-38.021723,144.044057,2017.0,Victoria
-38.098944,144.05171,2024.0,Victoria
-38.206773,144.279786,2022.0,Victoria
-38.1327,145.26153,2017.0,Victoria
-38.097337,144.048661,2025.0,Victoria
-36.268899,142.835156,2025.0,Victoria
-38.098966,144.051498,2024.0,Victoria
-37.05684,143.72632,1976.0,Victoria
-38.14776,145.23204,2012.0,Victoria
-37.836868,144.075127,2021.0,Victoria
-37.750315,145.097401,2025.0,Victoria
-38.248251,144.205682,2024.0,Victoria
-37.750751,145.082354,2024.0,Victoria
-36.3122,145.7272,2012.0,Victoria
-38.136819,145.265485,2024.0,Victoria
-38.16849,145.16506,2007.0,Victoria
-35.82288,145.55712,2000.0,Victoria
-37.896208,144.447517,2023.0,Victoria
-38.461603,145.309909,2017.0,Victoria
-36.359291,146.687266,2011.0,Victoria
-38.12581,145.42888,2019.0,Victoria
-38.312182,144.361982,2017.0,Victoria
-34.985456,141.997343,2016.0,Victoria
-38.09687,144.057284,2022.0,Victoria
-38.205079,144.275063,2020.0,Victoria
-38.13908,145.2639,2013.0,Victoria
-37.716005,144.488433,2025.0,Victoria
-38.0221,147.61338,2012.0,Victoria
-38.192362,144.557712,2018.0,Victoria
-36.175241,141.017234,2021.0,Victoria
-34.83526,142.55376,1987.0,Victoria
-38.245311,145.176825,2024.0,Victoria
-38.09691,144.056634,2025.0,Victoria
-38.179845,144.530571,2016.0,Victoria
-37.20721,142.34751,2020.0,Victoria
-34.997608,142.40869,2019.0,Victoria
-38.036818,144.557166,2018.0,Victoria
-38.115124,144.63151,2020.0,Victoria
-37.896455,144.447489,2023.0,Victoria
-38.299379,141.505066,2016.0,Victoria
-37.12347,147.29294,1978.0,Victoria
-38.55006,143.03978,2006.0,Victoria
-37.07763,146.58444,1995.0,Victoria
-38.190601,145.254921,2019.0,Victoria
-35.97202,144.44437,1992.0,Victoria
-36.83303,143.70884,1999.0,Victoria
-37.6037,145.30318,2008.0,Victoria
-37.17037,144.26942,1999.0,Victoria
-37.523325,144.72781,2023.0,Victoria
-37.62156,145.07778,2012.0,Victoria
-35.971315,141.032917,2021.0,Victoria
-35.314742,141.187452,2021.0,Victoria
-38.180358,144.523447,2016.0,Victoria
-38.144496,145.265036,2026.0,Victoria
-37.78913,145.02007,1989.0,Victoria
-38.09854,144.052231,2025.0,Victoria
-38.09678,144.056712,2022.0,Victoria
-37.897216,144.446224,2023.0,Victoria
-35.103598,142.444127,2018.0,Victoria
-38.0319,145.36806,2014.0,Victoria
-38.021546,144.043185,2025.0,Victoria
-38.252211,144.219986,2023.0,Victoria
-36.250694,146.449439,2018.0,Victoria
-37.401757,144.964002,2017.0,Victoria
-38.251838,144.142429,2019.0,Victoria
-37.888252,147.677498,2017.0,Victoria
-38.280929,144.251861,2021.0,Victoria
-36.90309,147.30377,2007.0,Victoria
-36.95596,148.29443,2021.0,Victoria
-38.155299,145.212632,2017.0,Victoria
-36.255432,146.809519,2017.0,Victoria
-38.009154,144.035305,2021.0,Victoria
-38.617028,142.998843,2023.0,Victoria
-37.22353,141.32636,1989.0,Victoria
-36.774455,144.211008,2025.0,Victoria
-38.224596,144.592921,2016.0,Victoria
-38.313473,144.360938,2018.0,Victoria
-38.17892,145.44124,2019.0,Victoria
-38.281937,144.165134,2023.0,Victoria
-36.01463,144.45631,1991.0,Victoria
-38.46835,145.40562,2010.0,Victoria
-34.339454,141.132563,2019.0,Victoria
-38.180283,144.525133,2025.0,Victoria
-34.975086,142.180468,2016.0,Victoria
-36.656439,145.748749,2009.0,Victoria
-38.110057,144.637014,2021.0,Victoria
-37.19319,142.39,2021.0,Victoria
-38.098426,144.051811,2023.0,Victoria
-34.306178,142.076464,2019.0,Victoria
-34.12293,141.80001,1995.0,Victoria
-37.42058,143.13782,2004.0,Victoria
-38.338728,145.356875,2023.0,Victoria
-36.04019,141.62634,1979.0,Victoria
-35.105993,142.448431,2018.0,Victoria
-36.970889,145.567467,2016.0,Victoria
-38.110103,144.634822,2021.0,Victoria
-35.156232,142.587155,2016.0,Victoria
-36.68722,145.80528,2020.0,Victoria
-37.582561,143.845912,2025.0,Victoria
-36.34273,146.19389,1990.0,Victoria
-38.256097,144.219407,2024.0,Victoria
-37.45,145.09,2009.0,Victoria
-38.096248,144.046711,2024.0,Victoria
-38.321056,144.337458,2017.0,Victoria
-38.033245,144.155245,2025.0,Victoria
-37.29675,144.93034,2022.0,Victoria
-37.905529,144.439542,2023.0,Victoria
-38.239076,144.058468,2016.0,Victoria
-38.550847,146.976465,2021.0,Victoria
-38.146071,145.249564,2026.0,Victoria
-37.02475,145.65347,2022.0,Victoria
-36.3933,146.663089,2018.0,Victoria
-38.097815,144.048365,2023.0,Victoria
-38.263902,144.348113,2025.0,Victoria
-38.111557,144.634612,2024.0,Victoria
-36.15718,146.86522,2020.0,Victoria
-37.713589,144.484262,2025.0,Victoria
-37.58806,142.32222,2006.0,Victoria
-36.326449,147.21503,2015.0,Victoria
-37.4522,141.2218,2009.0,Victoria
-38.006619,144.411934,2016.0,Victoria
-37.675348,144.803187,2024.0,Victoria
-38.204589,144.274101,2020.0,Victoria
-38.08992,145.72009,2003.0,Victoria
-38.138741,145.264131,2024.0,Victoria
-38.22617,144.580163,2016.0,Victoria
-38.204,144.273851,2022.0,Victoria
-38.204925,144.583563,2018.0,Victoria
-38.192381,144.56006,2024.0,Victoria
-37.05764,148.53256,1984.0,Victoria
-38.021825,144.041938,2022.0,Victoria
-38.230154,143.996523,2020.0,Victoria
-38.206077,144.583202,2020.0,Victoria
-37.917335,144.6804,2025.0,Victoria
-35.832211,142.027746,2016.0,Victoria
-38.096041,144.045238,2024.0,Victoria
-37.886422,144.449095,2020.0,Victoria
-38.02127,144.04406,2024.0,Victoria
-37.5298,149.6824,2012.0,Victoria
-38.300335,144.211459,2017.0,Victoria
-38.198829,144.323576,2017.0,Victoria
-35.99976,141.181776,2021.0,Victoria
-37.682878,143.512161,2024.0,Victoria
-35.184132,142.195514,2016.0,Victoria
-37.09017,144.20965,1974.0,Victoria
-38.27121,144.76701,1988.0,Victoria
-38.21237,145.42873,2016.0,Victoria
-38.226336,144.507417,2024.0,Victoria
-38.314863,144.355392,2018.0,Victoria
-38.109968,144.639159,2021.0,Victoria
-38.1077,144.172795,2024.0,Victoria
-34.997835,142.461125,2019.0,Victoria
-35.35683,143.20964,1987.0,Victoria
-38.136271,145.265568,2025.0,Victoria
-38.023462,144.054234,2025.0,Victoria
-37.723594,145.180736,2021.0,Victoria
-38.25495,144.219586,2024.0,Victoria
-35.533866,143.26715,2016.0,Victoria
-37.05024,148.32438,2020.0,Victoria
-37.884359,144.186434,2019.0,Victoria
-34.52425,141.426756,2019.0,Victoria
-38.139117,145.264706,2024.0,Victoria
-38.205187,144.276354,2025.0,Victoria
-38.098643,144.060802,2022.0,Victoria
-37.74795,144.5246,2010.0,Victoria
-37.6383,144.9678,2018.0,Victoria
-37.989873,145.127262,2019.0,Victoria
-38.248154,144.204951,2024.0,Victoria
-38.226422,144.580008,2016.0,Victoria
-38.809751,146.040573,2009.0,Victoria
-37.54978,143.95754,1995.0,Victoria
-38.08641,144.4956,1989.0,Victoria
-38.1295,145.28246,2017.0,Victoria
-37.751262,145.098511,2025.0,Victoria
-34.75992,142.52176,1985.0,Victoria
-37.94045,145.30391,1989.0,Victoria
-38.097355,144.049085,2020.0,Victoria
-38.200085,144.294965,2017.0,Victoria
-35.263316,141.683129,2016.0,Victoria
-34.997827,142.451275,2021.0,Victoria
-36.675193,144.30775,2019.0,Victoria
-37.87354,141.29304,1979.0,Victoria
-35.42173,142.120389,2019.0,Victoria
-37.9024,147.6275,2013.0,Victoria
-37.894253,144.448193,2023.0,Victoria
-35.154626,142.228264,2016.0,Victoria
-37.52721,144.73497,2015.0,Victoria
-38.264024,144.237149,2016.0,Victoria
-36.8654,148.31825,2009.0,Victoria
-37.45943,146.04977,1989.0,Victoria
-34.645888,142.369423,2011.0,Victoria
-37.7757,144.73743,2008.0,Victoria
-38.22927,143.992708,2020.0,Victoria
-38.096693,144.056899,2023.0,Victoria
-35.606352,143.744366,2019.0,Victoria
-35.156446,142.587902,2016.0,Victoria
-38.032192,144.155565,2025.0,Victoria
-38.202806,144.294326,2025.0,Victoria
-37.897222,144.447438,2023.0,Victoria
-38.20116,145.47239,2014.0,Victoria
-38.144997,145.24984,2026.0,Victoria
-38.460987,145.310171,2023.0,Victoria
-38.023736,144.038755,2025.0,Victoria
-38.115838,144.630331,2025.0,Victoria
-38.11752,145.27602,2015.0,Victoria
-38.253672,144.219722,2023.0,Victoria
-34.512043,142.135006,2019.0,Victoria
-38.002719,144.41254,2016.0,Victoria
-35.962551,141.019175,2021.0,Victoria
-38.023032,144.526589,2025.0,Victoria
-38.01507,140.98038,2016.0,Victoria
-37.308426,142.759219,2016.0,Victoria
-36.700283,144.31236,2019.0,Victoria
-38.278151,144.252669,2017.0,Victoria
-35.17654,142.069086,2015.0,Victoria
-36.482596,141.667181,2023.0,Victoria
-38.117346,144.631154,2020.0,Victoria
-38.108875,144.637073,2023.0,Victoria
-38.132348,145.266636,2024.0,Victoria
-38.51357,145.311001,2017.0,Victoria
-38.25702,144.242403,2016.0,Victoria
-37.281,142.269,2024.0,Victoria
-37.85632,145.50614,2012.0,Victoria
-38.030279,144.563148,2018.0,Victoria
-38.32908,145.30063,2022.0,Victoria
-37.56211,142.25764,1990.0,Victoria
-34.501807,142.208916,2019.0,Victoria
-38.192071,145.254847,2019.0,Victoria
-35.051825,142.52319,2016.0,Victoria
-34.74146,141.06307,1986.0,Victoria
-38.221697,144.196272,2017.0,Victoria
-36.73777,145.40803,1992.0,Victoria
-34.592876,142.201308,2019.0,Victoria
-37.306509,142.759872,2016.0,Victoria
-36.01357,145.02106,1994.0,Victoria
-37.62346,148.12627,1977.0,Victoria
-35.96578,146.50827,2000.0,Victoria
-37.891111,144.439928,2020.0,Victoria
-36.48163,141.65344,2019.0,Victoria
-38.258779,144.613479,2016.0,Victoria
-37.490081,144.205213,2015.0,Victoria
-38.251057,144.220266,2024.0,Victoria
-35.098147,142.678258,2016.0,Victoria
-37.898263,144.448985,2023.0,Victoria
-34.539573,142.221608,2019.0,Victoria
-34.2042,141.3723,2003.0,Victoria
-38.3944,144.9355,2019.0,Victoria
-37.827555,145.337515,2024.0,Victoria
-38.403537,144.856233,2025.0,Victoria
-38.23961,143.78767,1995.0,Victoria
-38.40021,145.21661,2018.0,Victoria
-38.281754,144.162816,2025.0,Victoria
-38.300381,141.517314,2016.0,Victoria
-38.36682,145.43916,2021.0,Victoria
-36.7579,146.171,2023.0,Victoria
-34.997412,142.392174,2019.0,Victoria
-35.083055,142.12991,2017.0,Victoria
-37.399199,144.257816,2025.0,Victoria
-36.9126,142.50322,2021.0,Victoria
-38.027695,144.050394,2023.0,Victoria
-38.116327,144.63218,2020.0,Victoria
-38.145866,144.311571,2018.0,Victoria
-37.847262,144.073043,2022.0,Victoria
-38.199069,144.299019,2019.0,Victoria
-38.139915,145.2689,2020.0,Victoria
-38.308698,144.369902,2017.0,Victoria
-36.61163,145.48106,1997.0,Victoria
-38.085475,144.267016,2018.0,Victoria
-37.10093,146.47133,2021.0,Victoria
-38.053678,144.163964,2018.0,Victoria
-38.136368,145.265274,2024.0,Victoria
-38.252232,144.238679,2013.0,Victoria
-38.258693,144.218879,2024.0,Victoria
-38.13611,145.26036,2014.0,Victoria
-36.61668,141.79847,2019.0,Victoria
-38.253277,144.13811,2025.0,Victoria
-38.367264,145.384768,2021.0,Victoria
-38.116173,144.633933,2024.0,Victoria
-38.22856,145.29213,2010.0,Victoria
-37.68003,145.57861,1970.0,Victoria
-38.02489,144.051232,2020.0,Victoria
-37.939383,145.454073,2023.0,Victoria
-38.021457,144.041155,2026.0,Victoria
-38.282415,144.168766,2024.0,Victoria
-38.215515,144.503973,2024.0,Victoria
-37.90021,144.02394,2015.0,Victoria
-37.896778,144.449269,2023.0,Victoria
-37.287627,144.646809,2019.0,Victoria
-38.65953,146.61683,1996.0,Victoria
-38.259735,144.281493,2022.0,Victoria
-37.717164,145.286079,2022.0,Victoria
-36.3247,145.7784,2009.0,Victoria
-37.54013,147.45961,1978.0,Victoria
-37.75057,145.084299,2022.0,Victoria
-38.19094,145.37745,2014.0,Victoria
-38.097229,144.056284,2024.0,Victoria
-38.279332,144.472426,2020.0,Victoria
-38.220604,144.197547,2019.0,Victoria
-35.300429,141.428315,2019.0,Victoria
-38.0559,147.56434,2012.0,Victoria
-38.15738,145.55197,2015.0,Victoria
-37.212148,145.050817,2017.0,Victoria
-38.0547,145.49556,2014.0,Victoria
-34.374102,141.209698,2019.0,Victoria
-36.61176,147.8785,1989.0,Victoria
-36.07829,142.418824,2025.0,Victoria
-38.036867,144.557214,2018.0,Victoria
-37.03984,146.44138,2021.0,Victoria
-38.281573,144.160999,2023.0,Victoria
-35.60685,142.05966,1986.0,Victoria
-37.898054,144.448209,2023.0,Victoria
-38.252232,144.238679,2013.0,Victoria
-37.89768,144.56228,1989.0,Victoria
-37.56577,145.67363,1988.0,Victoria
-38.281449,144.160271,2023.0,Victoria
-37.20679,148.35959,1979.0,Victoria
-37.71971,143.592021,2022.0,Victoria
-37.74012,149.14292,1979.0,Victoria
-38.252232,144.238679,2013.0,Victoria
-37.895475,144.450886,2023.0,Victoria
-38.303528,144.37638,2022.0,Victoria
-37.866334,145.497455,2020.0,Victoria
-38.182664,144.543791,2016.0,Victoria
-37.306403,142.75712,2016.0,Victoria
-37.34981,146.04143,2011.0,Victoria
-36.95526,148.36287,2021.0,Victoria
-37.99096,145.8107,2011.0,Victoria
-38.868261,145.953086,2021.0,Victoria
-34.980421,142.47081,2019.0,Victoria
-37.8971,144.446549,2023.0,Victoria
-38.244942,144.169149,2018.0,Victoria
-34.69034,142.38324,2017.0,Victoria
-38.000695,145.124904,2019.0,Victoria
-38.248165,144.220979,2025.0,Victoria
-38.053112,144.164739,2020.0,Victoria
-37.850644,145.491241,2023.0,Victoria
-38.37744,142.828,1995.0,Victoria
-34.297339,142.073826,2019.0,Victoria
-38.08992,145.72009,1996.0,Victoria
-38.104929,144.353401,2024.0,Victoria
-35.15731,142.571194,2016.0,Victoria
-38.367444,144.267516,2025.0,Victoria
-37.784682,144.815912,2025.0,Victoria
-36.706109,144.401325,2019.0,Victoria
-36.402726,146.677664,2020.0,Victoria
-38.182375,144.545745,2016.0,Victoria
-38.27121,144.76701,1982.0,Victoria
-36.368332,144.630774,2019.0,Victoria
-38.098582,144.062202,2022.0,Victoria
-37.55629,146.22968,1990.0,Victoria
-37.9071,147.34994,2001.0,Victoria
-38.303135,144.376106,2022.0,Victoria
-34.961445,141.059294,2019.0,Victoria
-38.318036,144.345674,2017.0,Victoria
-36.160589,147.699229,2022.0,Victoria
-38.240553,144.621278,2016.0,Victoria
-38.202947,144.294015,2021.0,Victoria
-35.914726,141.068657,2021.0,Victoria
-38.15134,144.301148,2018.0,Victoria
-37.688517,144.57753,2018.0,Victoria
-37.022459,142.693172,2020.0,Victoria
-34.59482,142.190137,2019.0,Victoria
-38.021517,144.042234,2025.0,Victoria
-38.208461,144.582704,2018.0,Victoria
-37.989344,145.126063,2019.0,Victoria
-38.854147,143.551955,2009.0,Victoria
-38.138382,145.26415,2024.0,Victoria
-35.471635,142.886955,2017.0,Victoria
-37.649317,143.919267,2025.0,Victoria
-38.210051,144.528103,2017.0,Victoria
-37.70685,142.70968,1890.0,Victoria
-38.212508,145.118048,2022.0,Victoria
-37.71708,145.73882,2020.0,Victoria
-38.248273,144.205694,2025.0,Victoria
-36.703572,144.313461,2019.0,Victoria
-38.253691,144.137438,2022.0,Victoria
-38.227543,144.598568,2016.0,Victoria
-38.084335,144.263468,2018.0,Victoria
-35.352812,142.036356,2016.0,Victoria
-37.56215,144.54723,1988.0,Victoria
-38.283903,141.51202,2016.0,Victoria
-38.318198,144.345818,2017.0,Victoria
-37.5817,145.37288,2007.0,Victoria
-38.03424,144.156883,2026.0,Victoria
-35.114831,142.459007,2018.0,Victoria
-35.172763,142.05999,2015.0,Victoria
-36.63826,148.01428,2020.0,Victoria
-37.3069,145.31906,2011.0,Victoria
-35.082758,142.014687,2017.0,Victoria
-38.179682,144.53351,2016.0,Victoria
-37.76564,145.349207,2025.0,Victoria
-38.22283,145.4066,2019.0,Victoria
-38.1803,144.521748,2016.0,Victoria
-38.271566,144.267975,2021.0,Victoria
-35.019551,142.697432,2021.0,Victoria
-37.89461,144.448463,2023.0,Victoria
-38.095986,144.046643,2024.0,Victoria
-37.67076,144.853068,2018.0,Victoria
-38.315633,144.34875,2025.0,Victoria
-36.643332,144.328426,2019.0,Victoria
-38.202576,144.297864,2017.0,Victoria
-38.174719,144.561741,2024.0,Victoria
-37.12347,147.20961,1977.0,Victoria
-38.060045,144.366177,2024.0,Victoria
-38.23516,145.30508,1979.0,Victoria
-38.192052,144.557438,2016.0,Victoria
-37.84034,144.80424,2005.0,Victoria
-38.192881,144.559289,2025.0,Victoria
-38.156575,145.904809,2025.0,Victoria
-38.31636,147.26709,2017.0,Victoria
-36.160589,147.699229,2021.0,Victoria
-38.278026,144.252637,2019.0,Victoria
-38.096615,144.057076,2024.0,Victoria
-38.62351,143.62635,1974.0,Victoria
-36.21216,144.42101,1993.0,Victoria
-38.419685,145.428597,2022.0,Victoria
-37.937362,145.208728,2021.0,Victoria
-38.259747,141.472723,2016.0,Victoria
-38.107988,144.172197,2024.0,Victoria
-38.200562,144.584198,2016.0,Victoria
-36.175261,141.023749,2021.0,Victoria
-37.75344,144.55908,1990.0,Victoria
-38.12594,145.42926,2015.0,Victoria
-36.64374,141.67313,2013.0,Victoria
-36.5811,141.93562,2019.0,Victoria
-38.252232,144.238679,2015.0,Victoria
-38.255941,144.219451,2023.0,Victoria
-38.281374,144.160548,2022.0,Victoria
-38.09755,144.048281,2024.0,Victoria
-38.255417,144.219377,2025.0,Victoria
-37.47824,145.30316,2018.0,Victoria
-34.958728,141.024128,2020.0,Victoria
-34.498047,142.264887,2019.0,Victoria
-38.414223,144.858512,2025.0,Victoria
-38.677268,145.785332,2026.0,Victoria
-37.990799,145.124153,2019.0,Victoria
-37.784792,147.600208,2016.0,Victoria
-38.110471,144.638573,2021.0,Victoria
-38.15738,145.55197,2014.0,Victoria
-38.413635,145.476769,2025.0,Victoria
-38.258873,144.280861,2021.0,Victoria
-38.116642,144.629928,2025.0,Victoria
-34.539561,142.223095,2019.0,Victoria
-38.09742,144.054577,2021.0,Victoria
-38.140137,145.265268,2024.0,Victoria
-38.234351,143.993432,2024.0,Victoria
-38.325791,144.261709,2017.0,Victoria
-38.192153,144.559497,2025.0,Victoria
-38.105693,144.065597,2022.0,Victoria
-38.263532,144.236723,2024.0,Victoria
-38.026981,144.051088,2024.0,Victoria
-38.503283,145.251753,2025.0,Victoria
-38.031316,144.40241,2025.0,Victoria
-35.999181,141.025778,2021.0,Victoria
-38.3556,144.74284,2012.0,Victoria
-38.009183,144.035321,2021.0,Victoria
-34.49018,141.32631,1988.0,Victoria
-38.383561,145.380107,2024.0,Victoria
-38.302041,144.375041,2022.0,Victoria
-38.02279,144.043881,2021.0,Victoria
-38.182283,144.543791,2016.0,Victoria
-38.30953,145.42578,2021.0,Victoria
-35.377411,142.101153,2019.0,Victoria
-38.259103,144.280687,2022.0,Victoria
-38.461639,145.304698,2017.0,Victoria
-37.7017,145.177159,2013.0,Victoria
-37.00831,141.154318,2009.0,Victoria
-37.41681,149.54998,1991.0,Victoria
-35.258376,142.218327,2019.0,Victoria
-37.923318,147.706242,2025.0,Victoria
-38.273563,144.475844,2020.0,Victoria
-38.035828,144.156028,2025.0,Victoria
-37.73,145.23259,2014.0,Victoria
-36.350942,146.330166,2009.0,Victoria
-38.11569,144.634441,2022.0,Victoria
-38.218927,144.192894,2021.0,Victoria
-38.32917,145.68056,2018.0,Victoria
-38.276208,144.19656,2024.0,Victoria
-38.027507,144.05067,2023.0,Victoria
-36.15635,144.1839,1991.0,Victoria
-38.22943,143.993292,2023.0,Victoria
-38.238371,143.34642,2025.0,Victoria
-38.835816,146.003927,2025.0,Victoria
-38.089001,144.27083,2021.0,Victoria
-36.997313,144.058228,2011.0,Victoria
-37.218,145.727,2019.0,Victoria
-37.781213,145.615647,2025.0,Victoria
-35.261516,141.603549,2019.0,Victoria
-38.183334,143.56667,1996.0,Victoria
-37.809601,148.727309,2017.0,Victoria
-34.275763,141.38748,2018.0,Victoria
-38.403565,144.853226,2025.0,Victoria
-35.261392,142.20392,2019.0,Victoria
-38.264024,144.237149,2016.0,Victoria
-37.897473,144.450746,2023.0,Victoria
-37.22267,144.04555,1993.0,Victoria
-38.666073,145.78739,2024.0,Victoria
-36.08141,144.29538,1990.0,Victoria
-38.181662,144.506125,2015.0,Victoria
-38.315285,144.288368,2022.0,Victoria
-38.139751,145.274145,2024.0,Victoria
-37.61812,145.06878,2007.0,Victoria
-38.192962,144.555475,2020.0,Victoria
-38.230739,144.114578,2025.0,Victoria
-37.898174,144.448265,2023.0,Victoria
-38.13299,145.24961,2017.0,Victoria
-37.87069,145.70001,1969.0,Victoria
-38.1068,147.54295,1978.0,Victoria
-34.7261,142.3702,2015.0,Victoria
-38.623269,146.325929,2011.0,Victoria
-36.675618,144.307774,2019.0,Victoria
-38.11661,144.631648,2020.0,Victoria
-37.19291,142.39271,2021.0,Victoria
-34.526714,142.355632,2019.0,Victoria
-37.091579,143.4375,2011.0,Victoria
-37.67255,144.79869,1988.0,Victoria
-38.096583,144.056748,2022.0,Victoria
-38.259625,144.281423,2022.0,Victoria
-35.473404,142.938183,2017.0,Victoria
-37.403,145.2212,1989.0,Victoria
-38.3507,143.3944,2018.0,Victoria
-36.20389,146.95397,2000.0,Victoria
-34.931227,142.193576,2016.0,Victoria
-38.110092,144.636522,2022.0,Victoria
-38.022309,144.0417,2022.0,Victoria
-37.77713,144.57193,1987.0,Victoria
-38.097389,144.053678,2025.0,Victoria
-37.891161,144.440153,2020.0,Victoria
-37.88075,144.70609,2000.0,Victoria
-37.886328,147.679753,2025.0,Victoria
-37.837954,145.250415,2025.0,Victoria
-38.16132,145.199432,2009.0,Victoria
-38.096817,144.0567,2025.0,Victoria
-36.95494,144.24803,2009.0,Victoria
-38.238839,143.988113,2018.0,Victoria
-38.031125,145.907705,2025.0,Victoria
-38.088422,144.269481,2020.0,Victoria
-38.262778,144.246972,2016.0,Victoria
-34.501687,142.232768,2019.0,Victoria
-37.40318,149.55517,1991.0,Victoria
-38.203893,144.292489,2025.0,Victoria
-37.63112,144.84863,2001.0,Victoria
-38.238862,144.345992,2025.0,Victoria
-35.309542,142.055725,2019.0,Victoria
-38.215783,144.512151,2016.0,Victoria
-38.91757,146.27854,2018.0,Victoria
-38.096994,144.056517,2025.0,Victoria
-38.331579,144.266962,2017.0,Victoria
-37.93803,145.32331,1989.0,Victoria
-37.894457,144.448865,2023.0,Victoria
-38.6049,142.95416,2018.0,Victoria
-38.312251,144.357713,2018.0,Victoria
-34.344666,141.163542,2019.0,Victoria
-37.47521,145.42007,2013.0,Victoria
-37.753176,145.097211,2025.0,Victoria
-38.42362,146.145711,2024.0,Victoria
-38.763114,145.881109,2024.0,Victoria
-37.73734,145.22004,1991.0,Victoria
-34.511538,142.135156,2019.0,Victoria
-38.096045,144.045116,2019.0,Victoria
-37.65422,145.12143,2016.0,Victoria
-35.000068,142.138468,2017.0,Victoria
-38.550557,146.978826,2023.0,Victoria
-37.9977,140.98039,2015.0,Victoria
-38.14193,145.22214,2014.0,Victoria
-37.998336,145.081307,2020.0,Victoria
-38.10625,144.065482,2022.0,Victoria
-37.71082,144.67958,1990.0,Victoria
-34.373869,141.225957,2019.0,Victoria
-35.069258,142.165074,2016.0,Victoria
-37.978209,147.037,2025.0,Victoria
-38.217574,144.5009,2024.0,Victoria
-38.035063,144.15679,2025.0,Victoria
-38.231006,143.997124,2024.0,Victoria
-38.281362,144.159982,2025.0,Victoria
-35.072218,142.16599,2017.0,Victoria
-35.256851,142.218169,2021.0,Victoria
-37.24733,146.42565,1997.0,Victoria
-38.191473,144.556731,2016.0,Victoria
-35.304271,142.278004,2019.0,Victoria
-36.384,146.0878,2019.0,Victoria
-37.888522,147.676403,2017.0,Victoria
-37.896459,144.448423,2023.0,Victoria
-38.087987,144.268205,2018.0,Victoria
-38.096088,144.045521,2022.0,Victoria
-38.276303,144.474762,2019.0,Victoria
-37.720673,143.591824,2024.0,Victoria
-38.28316,144.255489,2017.0,Victoria
-38.1068,147.49295,1978.0,Victoria
-38.096743,144.056556,2020.0,Victoria
-38.12112,145.23141,2018.0,Victoria
-38.02656,144.066122,2024.0,Victoria
-37.343226,145.730274,2015.0,Victoria
-38.095934,144.046453,2023.0,Victoria
-38.14557,145.34657,2013.0,Victoria
-38.262349,144.219082,2025.0,Victoria
-38.321658,142.385306,2021.0,Victoria
-38.279915,144.25234,2022.0,Victoria
-36.5921,141.3635,2017.0,Victoria
-38.096665,144.056825,2025.0,Victoria
-34.596891,142.112708,2019.0,Victoria
-37.54753,143.77632,2007.0,Victoria
-35.255064,141.375852,2019.0,Victoria
-38.238379,144.61747,2016.0,Victoria
-38.048681,146.811483,2019.0,Victoria
-38.287892,144.265365,2019.0,Victoria
-35.552368,143.227391,2016.0,Victoria
-38.128552,145.267648,2025.0,Victoria
-38.21866,146.36783,2007.0,Victoria
-37.73306,145.199161,2021.0,Victoria
-38.40436,144.855184,2025.0,Victoria
-38.410179,145.477221,2025.0,Victoria
-38.097281,144.053819,2024.0,Victoria
-37.2599,147.8459,2012.0,Victoria
-37.665054,145.544312,2024.0,Victoria
-37.700664,144.473026,2014.0,Victoria
-36.46054,146.21614,2020.0,Victoria
-38.088878,144.270125,2020.0,Victoria
-35.094175,142.415162,2018.0,Victoria
-38.312146,144.361964,2019.0,Victoria
-38.15738,145.55197,2016.0,Victoria
-38.258261,144.279941,2020.0,Victoria
-38.096559,144.047121,2020.0,Victoria
-36.193074,143.099853,2021.0,Victoria
-34.75476,142.39788,2015.0,Victoria
-38.115433,144.630298,2023.0,Victoria
-34.961515,142.195579,2016.0,Victoria
-38.302914,141.500322,2016.0,Victoria
-34.501587,142.236062,2021.0,Victoria
-38.17065,145.38195,2015.0,Victoria
-38.137437,145.255528,2026.0,Victoria
-38.265753,144.235994,2016.0,Victoria
-35.74016,143.6763,1987.0,Victoria
-38.133173,145.23664,2016.0,Victoria
-37.01669,148.07537,1996.0,Victoria
-38.422503,145.977826,2025.0,Victoria
-37.82555,146.34052,1992.0,Victoria
-38.37532,145.3385,2022.0,Victoria
-34.74567,142.34378,2017.0,Victoria
-38.098089,144.053629,2019.0,Victoria
-38.66201,145.92969,2021.0,Victoria
-38.068145,144.513224,2019.0,Victoria
-38.1315,145.26178,2017.0,Victoria
-38.311246,144.357171,2018.0,Victoria
-35.334185,142.033757,2019.0,Victoria
-35.060524,142.137129,2017.0,Victoria
-38.055258,144.162518,2019.0,Victoria
-38.114956,144.632689,2022.0,Victoria
-38.15268,145.28605,2015.0,Victoria
-34.4054,141.197355,2019.0,Victoria
-37.5065,144.292,2019.0,Victoria
-38.039222,144.048102,2024.0,Victoria
-38.200148,144.289742,2025.0,Victoria
-38.126648,145.869309,2018.0,Victoria
-38.278881,144.25262,2024.0,Victoria
-36.635518,144.337107,2018.0,Victoria
-38.410673,145.430623,2022.0,Victoria
-38.2386,145.24814,2014.0,Victoria
-38.269456,144.466779,2023.0,Victoria
-38.504312,145.252503,2022.0,Victoria
-37.917352,144.678487,2026.0,Victoria
-36.016071,141.098815,2021.0,Victoria
-38.09889,144.062313,2025.0,Victoria
-38.32132,142.378943,2021.0,Victoria
-38.004233,145.118357,2024.0,Victoria
-38.264024,144.237149,2013.0,Victoria
-38.246616,144.167952,2018.0,Victoria
-37.84122,147.37463,1999.0,Victoria
-37.928309,145.444424,2022.0,Victoria
-38.110652,144.638348,2022.0,Victoria
-38.252232,144.238679,2013.0,Victoria
-34.89664,142.14124,1987.0,Victoria
-38.6641,145.7812,2012.0,Victoria
-38.096498,144.056748,2020.0,Victoria
-38.1321,145.26257,2019.0,Victoria
-38.251297,144.220087,2023.0,Victoria
-35.574875,143.284998,2016.0,Victoria
-37.5416,145.3311,1988.0,Victoria
-38.299487,141.505044,2016.0,Victoria
-37.79016,145.37631,1979.0,Victoria
-38.248427,143.988066,2024.0,Victoria
-36.691896,144.310009,2019.0,Victoria
-35.262183,141.241197,2015.0,Victoria
-38.14776,145.23204,2014.0,Victoria
-35.190615,142.690759,2016.0,Victoria
-37.09858,142.439278,2025.0,Victoria
-38.259044,144.280673,2021.0,Victoria
-37.728695,144.827695,2024.0,Victoria
-34.301378,142.073314,2019.0,Victoria
-35.167332,141.674833,2016.0,Victoria
-38.111587,144.634356,2024.0,Victoria
-38.183701,144.561162,2022.0,Victoria
-36.408991,146.679264,2026.0,Victoria
-38.308548,144.369737,2017.0,Victoria
-38.281712,144.161938,2022.0,Victoria
-38.244361,143.992227,2018.0,Victoria
-36.048727,142.420772,2025.0,Victoria
-37.952571,145.464331,2025.0,Victoria
-38.115979,144.632976,2020.0,Victoria
-35.268282,142.210659,2019.0,Victoria
-34.301739,142.06635,2019.0,Victoria
-37.99194,145.13305,1990.0,Victoria
-35.937652,143.9013,2023.0,Victoria
-37.989759,145.126241,2019.0,Victoria
-38.13997,145.63418,2015.0,Victoria
-38.02602,144.048492,2024.0,Victoria
-35.275043,143.232011,2016.0,Victoria
-38.27859,144.252458,2017.0,Victoria
-37.803853,147.801848,2024.0,Victoria
-38.61508,145.6034,2012.0,Victoria
-37.282027,144.589699,2019.0,Victoria
-38.476318,145.308181,2022.0,Victoria
-38.124431,144.675634,2018.0,Victoria
-38.254448,144.582265,2016.0,Victoria
-38.253163,144.219874,2024.0,Victoria
-35.072634,142.19309,2016.0,Victoria
-37.646432,144.33211,2017.0,Victoria
-38.178923,144.543048,2016.0,Victoria
-36.013415,141.179475,2021.0,Victoria
-38.273901,141.600895,2018.0,Victoria
-38.20179,144.294782,2017.0,Victoria
-38.115104,144.629293,2025.0,Victoria
-37.70509,144.48808,1987.0,Victoria
-38.098609,144.061425,2024.0,Victoria
-38.126441,145.869122,2018.0,Victoria
-38.1295,145.2758,2017.0,Victoria
-36.82346,147.37627,1976.0,Victoria
-38.16312,145.32129,2015.0,Victoria
-38.252955,144.138502,2016.0,Victoria
-37.55349,144.84181,1988.0,Victoria
-35.441202,143.248423,2016.0,Victoria
-38.281287,144.159135,2024.0,Victoria
-37.816,147.734,2017.0,Victoria
-34.955089,141.057715,2020.0,Victoria
-37.77527,145.22481,1992.0,Victoria
-36.635611,144.337192,2019.0,Victoria
-38.193753,144.559079,2020.0,Victoria
-37.55078,145.34335,1970.0,Victoria
-37.419,145.6128,2016.0,Victoria
-36.635347,144.337278,2018.0,Victoria
-38.199325,144.300103,2022.0,Victoria
-38.260163,144.281155,2021.0,Victoria
-38.08784,144.267535,2023.0,Victoria
-37.822159,147.857661,2011.0,Victoria
-34.185035,142.19259,2015.0,Victoria
-37.716469,143.593163,2022.0,Victoria
-38.435148,145.043399,2021.0,Victoria
-36.854528,144.189195,2021.0,Victoria
-38.249965,144.21959,2025.0,Victoria
-36.141021,141.980837,2026.0,Victoria
-34.276105,141.464943,2018.0,Victoria
-35.264026,141.683034,2016.0,Victoria
-37.26948,145.96983,1990.0,Victoria
-37.416789,144.286818,2024.0,Victoria
-37.647246,144.330264,2017.0,Victoria
-38.24795,144.069549,2017.0,Victoria
-36.941068,144.233006,2023.0,Victoria
-37.893501,144.449247,2023.0,Victoria
-36.91676,148.40609,2021.0,Victoria
-37.893578,144.448168,2023.0,Victoria
-35.072127,142.195496,2016.0,Victoria
-35.399144,142.007464,2019.0,Victoria
-38.242227,144.179674,2023.0,Victoria
-38.097922,144.05592,2017.0,Victoria
-36.39309,146.66409,2018.0,Victoria
-38.14271,145.39962,2015.0,Victoria
-38.462057,145.302773,2017.0,Victoria
-38.2088,144.472792,2020.0,Victoria
-38.137037,145.265197,2024.0,Victoria
-37.99139,145.129361,2019.0,Victoria
-37.893802,144.449736,2023.0,Victoria
-36.95686,141.54302,1980.0,Victoria
-35.91181,141.144066,2021.0,Victoria
-37.633266,143.977032,2015.0,Victoria
-38.212571,144.581912,2016.0,Victoria
-38.021789,144.044607,2022.0,Victoria
-38.403495,144.856269,2025.0,Victoria
-38.193453,144.557233,2020.0,Victoria
-34.989741,141.997692,2016.0,Victoria
-34.275738,141.387591,2018.0,Victoria
-37.918178,144.671331,2023.0,Victoria
-38.166668,143.53334,1996.0,Victoria
-38.281351,144.161578,2023.0,Victoria
-37.54013,147.37628,1978.0,Victoria
-38.167227,144.589727,2025.0,Victoria
-37.713865,144.486392,2025.0,Victoria
-38.108632,144.636873,2021.0,Victoria
-37.897972,144.447725,2023.0,Victoria
-34.48698,142.16017,2008.0,Victoria
-37.71999,143.590505,2023.0,Victoria
-34.958933,142.408374,2021.0,Victoria
-34.958309,141.048063,2019.0,Victoria
-38.403453,144.856267,2025.0,Victoria
-37.86685,143.72215,2015.0,Victoria
-38.82352,143.59302,1997.0,Victoria
-38.253582,143.993105,2024.0,Victoria
-37.898166,144.450417,2023.0,Victoria
-38.37354,141.54304,1979.0,Victoria
-38.61844,143.006011,2024.0,Victoria
-37.91542,144.72777,1990.0,Victoria
-35.52047,143.255374,2016.0,Victoria
-38.306684,144.311673,2021.0,Victoria
-34.294901,142.074581,2019.0,Victoria
-38.259087,144.280589,2022.0,Victoria
-36.93411,146.07205,1983.0,Victoria
-35.558466,143.267371,2016.0,Victoria
-38.260093,144.62555,2016.0,Victoria
-38.248205,144.205391,2022.0,Victoria
-36.6965,141.6251,2019.0,Victoria
-38.138751,145.26581,2021.0,Victoria
-37.894752,144.448663,2023.0,Victoria
-35.13068,142.014076,2016.0,Victoria
-38.260235,144.625256,2016.0,Victoria
-36.966463,142.175418,2015.0,Victoria
-38.461029,145.304243,2017.0,Victoria
-36.7777,145.41364,2015.0,Victoria
-36.660266,144.3277,2025.0,Victoria
-38.166494,145.264679,2017.0,Victoria
-38.761617,143.378896,2024.0,Victoria
-36.45697,145.72372,2013.0,Victoria
-38.264024,144.237149,2016.0,Victoria
-38.155068,145.212594,2017.0,Victoria
-37.571012,143.741542,2024.0,Victoria
-34.275751,141.385841,2018.0,Victoria
-38.205846,144.277185,2020.0,Victoria
-37.892784,144.44817,2023.0,Victoria
-38.027373,144.049393,2025.0,Victoria
-37.987164,144.350132,2021.0,Victoria
-38.301992,141.496892,2016.0,Victoria
-38.221061,144.502795,2024.0,Victoria
-36.984669,145.524422,2016.0,Victoria
-38.240477,144.314761,2024.0,Victoria
-38.0513,145.30363,2002.0,Victoria
-38.212769,144.581926,2018.0,Victoria
-37.85473,144.2489,1988.0,Victoria
-35.426687,143.106724,2016.0,Victoria
-38.115028,144.634388,2016.0,Victoria
-38.098943,144.062098,2024.0,Victoria
-38.460303,145.30413,2017.0,Victoria
-37.887271,147.678644,2017.0,Victoria
-38.253371,144.580429,2016.0,Victoria
-38.405369,144.193755,2023.0,Victoria
-38.166668,143.53334,1996.0,Victoria
-36.968684,146.223435,2016.0,Victoria
-38.097337,144.048869,2025.0,Victoria
-36.60091,141.85002,2019.0,Victoria
-38.470416,145.190873,2022.0,Victoria
-38.269889,144.349898,2017.0,Victoria
-38.27455,144.249185,2016.0,Victoria
-38.035112,145.397873,2009.0,Victoria
-37.896834,144.44961,2023.0,Victoria
-38.111286,144.632292,2024.0,Victoria
-37.08675,148.29974,2021.0,Victoria
-38.2528,143.992713,2018.0,Victoria
-38.299279,144.211839,2017.0,Victoria
-35.338586,143.270662,2016.0,Victoria
-35.154938,142.643111,2016.0,Victoria
-35.157214,142.573172,2016.0,Victoria
-37.796728,144.910054,2022.0,Victoria
-38.259112,144.281211,2025.0,Victoria
-38.133105,145.26583,2024.0,Victoria
-38.077122,144.28387,2026.0,Victoria
-35.12701,141.427783,2016.0,Victoria
-37.62156,145.07778,2022.0,Victoria
-38.155338,145.211967,2018.0,Victoria
-34.28965,142.057794,2019.0,Victoria
-37.04658,146.30684,1998.0,Victoria
-35.826737,142.027715,2016.0,Victoria
-38.099055,144.062315,2025.0,Victoria
-37.684856,145.086715,2017.0,Victoria
-38.205871,144.583259,2020.0,Victoria
-38.521548,143.718311,2019.0,Victoria
-38.266077,141.48699,2016.0,Victoria
-36.117468,141.040376,2021.0,Victoria
-38.252994,144.219881,2024.0,Victoria
-37.535579,144.965549,2021.0,Victoria
-34.994765,142.470153,2019.0,Victoria
-36.09207,147.4739,1990.0,Victoria
-38.06018,144.372466,2024.0,Victoria
-38.192685,144.556539,2025.0,Victoria
-37.6917,145.24155,1992.0,Victoria
-37.043,144.098,2009.0,Victoria
-38.281524,144.160656,2023.0,Victoria
-38.262788,144.670965,2018.0,Victoria
-34.998828,142.422257,2021.0,Victoria
-37.993498,145.126176,2019.0,Victoria
-37.69616,144.76624,2018.0,Victoria
-36.268896,142.835174,2025.0,Victoria
-38.09965,145.54444,2015.0,Victoria
-38.112599,144.634282,2020.0,Victoria
-36.411541,147.241703,2016.0,Victoria
-35.574584,143.208399,2016.0,Victoria
-38.037286,144.557267,2018.0,Victoria
-37.822883,145.424905,2015.0,Victoria
-38.113738,144.634569,2024.0,Victoria
-35.736718,142.092057,2016.0,Victoria
-38.11752,145.27602,2015.0,Victoria
-37.76225,145.20794,2007.0,Victoria
-35.289522,141.312191,2019.0,Victoria
-38.14091,144.11182,2009.0,Victoria
-37.79014,147.04295,1978.0,Victoria
-38.347629,143.805777,2021.0,Victoria
-34.300855,142.065303,2019.0,Victoria
-36.638358,144.356793,2023.0,Victoria
-38.220261,144.192611,2017.0,Victoria
-36.19564,146.485347,2018.0,Victoria
-34.98308,141.997551,2016.0,Victoria
-34.296765,142.06656,2019.0,Victoria
-36.565238,145.979046,2011.0,Victoria
-37.37346,148.12626,1977.0,Victoria
-38.115969,144.632573,2022.0,Victoria
-37.45855,148.91493,1984.0,Victoria
-37.6802,145.34923,2015.0,Victoria
-37.723131,144.487686,2025.0,Victoria
-35.171915,142.208992,2016.0,Victoria
-38.461392,145.304523,2016.0,Victoria
-38.097882,144.053601,2023.0,Victoria
-37.570926,143.738681,2024.0,Victoria
-37.04018,143.30966,1976.0,Victoria
-34.125801,142.051629,2022.0,Victoria
-37.84371,145.315176,2025.0,Victoria
-38.13581,145.17047,2001.0,Victoria
-37.775361,145.340887,2023.0,Victoria
-38.113295,144.633578,2020.0,Victoria
-38.338928,143.780737,2021.0,Victoria
-34.379913,141.266923,2019.0,Victoria
-38.024217,144.043303,2024.0,Victoria
-38.259327,144.28123,2019.0,Victoria
-38.245881,144.266703,2016.0,Victoria
-38.139842,145.272548,2024.0,Victoria
-38.3735,144.87633,1920.0,Victoria
-36.168485,141.047141,2021.0,Victoria
-38.04825,147.45204,1991.0,Victoria
-38.025714,144.049099,2023.0,Victoria
-38.2315,147.33201,2007.0,Victoria
-38.223311,144.652301,2025.0,Victoria
-38.098914,144.061964,2025.0,Victoria
-38.279491,144.267829,2023.0,Victoria
-38.021525,144.044901,2022.0,Victoria
-38.060779,147.137726,2022.0,Victoria
-37.522477,145.357077,2017.0,Victoria
-38.220522,144.197359,2024.0,Victoria
-38.087857,144.267252,2026.0,Victoria
-35.75677,144.20912,1987.0,Victoria
-38.1339,145.26153,2018.0,Victoria
-34.997653,142.441418,2021.0,Victoria
-38.19782,145.47377,2015.0,Victoria
-38.248088,144.20351,2024.0,Victoria
-38.0513,145.30363,2002.0,Victoria
-38.302922,141.499898,2016.0,Victoria
-36.89626,148.08771,2008.0,Victoria
-34.504943,142.310818,2019.0,Victoria
-38.110425,144.636141,2022.0,Victoria
-38.087981,144.269199,2025.0,Victoria
-36.456463,141.972756,2011.0,Victoria
-38.097281,144.053819,2024.0,Victoria
-35.233648,141.379825,2019.0,Victoria
-37.720122,143.590662,2021.0,Victoria
-38.252133,144.140434,2022.0,Victoria
-38.4598,145.307538,2024.0,Victoria
-37.9283,141.64252,2013.0,Victoria
-37.9358,143.82972,2015.0,Victoria
-38.11752,145.27602,2016.0,Victoria
-37.57876,145.22082,2014.0,Victoria
-38.059904,144.361869,2024.0,Victoria
-35.214613,142.156959,2016.0,Victoria
-38.133318,144.674151,2017.0,Victoria
-38.1399,145.2671,2020.0,Victoria
-38.17469,146.62167,2001.0,Victoria
-38.184108,144.562091,2022.0,Victoria
-34.9421,142.019673,2016.0,Victoria
-37.688318,143.988429,2025.0,Victoria
-37.707884,144.486106,2025.0,Victoria
-37.534833,144.735,2025.0,Victoria
-34.892073,142.321626,2021.0,Victoria
-38.202512,144.297425,2017.0,Victoria
-37.894483,144.448951,2023.0,Victoria
-38.113668,144.633336,2025.0,Victoria
-38.31277,144.67996,1998.0,Victoria
-38.273859,144.475655,2017.0,Victoria
-38.423286,146.146313,2024.0,Victoria
-37.68849,144.577504,2018.0,Victoria
-38.302553,144.088449,2020.0,Victoria
-37.49715,142.26447,1988.0,Victoria
-38.038296,144.04862,2024.0,Victoria
-38.079516,144.285072,2025.0,Victoria
-38.04014,147.29295,1978.0,Victoria
-38.15738,145.55197,2018.0,Victoria
-37.915722,145.360497,2021.0,Victoria
-35.574841,143.260501,2016.0,Victoria
-35.107083,142.449869,2018.0,Victoria
-37.890865,143.714783,2022.0,Victoria
-38.203676,144.293584,2025.0,Victoria
-38.1424,145.39935,2018.0,Victoria
-38.127542,145.284622,2019.0,Victoria
-38.009268,145.134428,2023.0,Victoria
-38.053124,144.164306,2018.0,Victoria
-36.69131,145.83208,1996.0,Victoria
-36.95081,148.35319,2021.0,Victoria
-38.260283,144.619819,2016.0,Victoria
-36.2044,146.95456,2011.0,Victoria
-38.31898,142.361528,2022.0,Victoria
-36.04779,141.071315,2021.0,Victoria
-38.252706,143.991731,2024.0,Victoria
-37.782064,144.808882,2022.0,Victoria
-38.25825,144.2808,2013.0,Victoria
-35.9934,144.2164,2012.0,Victoria
-37.2858,144.0584,2019.0,Victoria
-38.218348,144.507038,2017.0,Victoria
-38.113676,144.636753,2024.0,Victoria
-36.73651,146.88406,2003.0,Victoria
-37.09104,148.29938,2021.0,Victoria
-37.86204,144.17703,1999.0,Victoria
-37.95683,144.45966,1981.0,Victoria
-38.218951,144.192832,2021.0,Victoria
-38.56096,145.49307,2021.0,Victoria
-38.096945,144.056745,2024.0,Victoria
-37.04014,146.95961,1978.0,Victoria
-37.896487,144.448188,2023.0,Victoria
-36.84014,146.37628,1981.0,Victoria
-37.907655,141.977921,2021.0,Victoria
-36.201699,143.099844,2021.0,Victoria
-38.358944,144.277158,2023.0,Victoria
-38.461578,145.304704,2017.0,Victoria
-34.6285,142.42859,2013.0,Victoria
-37.6569,145.11694,2011.0,Victoria
-38.115956,144.633229,2020.0,Victoria
-38.133286,145.266486,2024.0,Victoria
-37.843334,145.313174,2023.0,Victoria
-38.113314,144.636387,2024.0,Victoria
-38.412539,144.858649,2025.0,Victoria
-36.631864,144.340726,2025.0,Victoria
-38.13997,145.63418,2015.0,Victoria
-37.25697,147.36849,2017.0,Victoria
-37.797544,144.912875,2021.0,Victoria
-37.36038,142.43015,2021.0,Victoria
-38.325428,142.37905,2021.0,Victoria
-38.028025,144.049185,2020.0,Victoria
-38.290047,145.190124,2017.0,Victoria
-36.70685,142.62633,1979.0,Victoria
-38.15361,145.18457,2011.0,Victoria
-38.033108,144.155154,2025.0,Victoria
-37.263912,146.366266,2011.0,Victoria
-36.60504,142.91945,2002.0,Victoria
-37.892438,144.44936,2023.0,Victoria
-38.097,144.056386,2021.0,Victoria
-38.276597,144.263826,2021.0,Victoria
-37.9146,147.51493,1995.0,Victoria
-34.307651,142.068535,2019.0,Victoria
-38.110944,144.639301,2023.0,Victoria
-38.281416,144.159177,2022.0,Victoria
-38.107657,144.063797,2019.0,Victoria
-37.305312,142.759641,2016.0,Victoria
-38.218284,144.506996,2017.0,Victoria
-37.63872,145.3768,2007.0,Victoria
-38.107325,144.065217,2022.0,Victoria
-38.264024,144.237149,2016.0,Victoria
-34.511705,141.52451,2019.0,Victoria
-38.182339,144.49675,2015.0,Victoria
-38.261342,144.218229,2025.0,Victoria
-37.683873,144.589203,2015.0,Victoria
-34.543201,142.260112,2019.0,Victoria
-38.12847,145.2897,2018.0,Victoria
-38.16635,145.26379,2018.0,Victoria
-37.67338,145.23249,2014.0,Victoria
-38.125451,145.869244,2016.0,Victoria
-37.10276,142.30653,2020.0,Victoria
-37.046044,143.604387,2025.0,Victoria
-37.78883,145.647029,2025.0,Victoria
-35.980947,141.144947,2021.0,Victoria
-36.114049,141.161772,2021.0,Victoria
-38.394138,142.479783,2024.0,Victoria
-34.69244,142.37546,2017.0,Victoria
-37.60228,145.42127,2007.0,Victoria
-37.8887,145.39766,2020.0,Victoria
-35.205005,142.172953,2016.0,Victoria
-38.25858,144.280088,2021.0,Victoria
-38.48,143.2,1967.0,Victoria
-38.194009,144.555402,2020.0,Victoria
-38.247097,144.204782,2022.0,Victoria
-37.933335,145.434555,2022.0,Victoria
-37.87347,147.04296,1978.0,Victoria
-35.25521,141.25364,1986.0,Victoria
-38.258619,144.280037,2022.0,Victoria
-38.39021,142.481813,2025.0,Victoria
-36.75698,145.560782,2025.0,Victoria
-38.251494,144.220255,2024.0,Victoria
-37.792206,145.576984,2018.0,Victoria
-35.017469,142.697396,2021.0,Victoria
-37.646,144.4082,2008.0,Victoria
-37.924942,145.460955,2022.0,Victoria
-38.025557,144.048862,2023.0,Victoria
-38.14013,145.26967,2024.0,Victoria
-38.23285,145.48763,2010.0,Victoria
-38.113337,144.633542,2022.0,Victoria
-38.45646,145.21855,2001.0,Victoria
-38.44438,145.907793,2016.0,Victoria
-35.390103,142.104339,2019.0,Victoria
-37.53138,144.95377,2015.0,Victoria
-34.1268,141.13682,2013.0,Victoria
-37.04465,145.18575,1989.0,Victoria
-38.281549,144.160065,2023.0,Victoria
-38.518806,146.884538,2021.0,Victoria
-38.308125,144.371244,2018.0,Victoria
-37.19313,142.3916,2021.0,Victoria
-34.67352,141.27632,1986.0,Victoria
-37.90785,144.61881,1990.0,Victoria
-38.021751,144.04459,2021.0,Victoria
-38.081913,144.323809,2009.0,Victoria
-38.25858,144.27993,2023.0,Victoria
-38.677243,145.785409,2025.0,Victoria
-38.316836,144.348708,2017.0,Victoria
-37.820108,145.338223,2023.0,Victoria
-36.900703,142.659216,2024.0,Victoria
-38.12847,145.2897,2015.0,Victoria
-38.308003,144.371486,2018.0,Victoria
-37.845576,144.071113,2021.0,Victoria
-38.022684,144.044141,2022.0,Victoria
-37.718079,144.302625,2015.0,Victoria
-38.12581,145.42888,2019.0,Victoria
-35.195424,142.183248,2016.0,Victoria
-38.16626,144.589119,2025.0,Victoria
-37.996401,144.406861,2016.0,Victoria
-38.08083,144.282238,2026.0,Victoria
-38.1337,145.28268,2011.0,Victoria
-38.411846,145.477158,2025.0,Victoria
-35.606172,144.05371,2018.0,Victoria
-38.019459,144.395234,2024.0,Victoria
-38.88826,146.25707,2019.0,Victoria
-34.526518,142.355154,2019.0,Victoria
-36.09551,145.07121,1991.0,Victoria
-37.7026,145.26628,2013.0,Victoria
-38.394104,145.16246,2011.0,Victoria
-37.77053,144.98651,1987.0,Victoria
-38.33,144.269,2016.0,Victoria
-34.70148,142.35841,2019.0,Victoria
-34.973917,142.212689,2016.0,Victoria
-37.37345,148.45959,1979.0,Victoria
-38.098885,144.051617,2025.0,Victoria
-38.297908,141.491804,2016.0,Victoria
-38.279977,144.260126,2018.0,Victoria
-37.569776,145.637189,2018.0,Victoria
-37.925735,145.444744,2023.0,Victoria
-38.097993,144.053612,2024.0,Victoria
-38.413131,144.189856,2023.0,Victoria
-34.246149,141.944904,2009.0,Victoria
-38.67228,145.65805,2002.0,Victoria
-35.271161,143.10287,2016.0,Victoria
-38.088079,144.269099,2021.0,Victoria
-38.283288,144.255353,2019.0,Victoria
-38.14776,145.23204,2015.0,Victoria
-35.699201,142.131627,2016.0,Victoria
-37.65721,145.35887,2007.0,Victoria
-38.316962,144.349402,2017.0,Victoria
-37.984498,144.348196,2021.0,Victoria
-38.26333,144.670332,2018.0,Victoria
-36.283293,141.219004,2021.0,Victoria
-35.060499,142.005085,2017.0,Victoria
-38.258791,144.280497,2022.0,Victoria
-38.097051,144.056501,2023.0,Victoria
-38.247155,144.220921,2025.0,Victoria
-38.238995,143.988222,2024.0,Victoria
-38.136691,145.26506,2024.0,Victoria
-38.113241,144.636109,2020.0,Victoria
-38.19835,145.2299,2019.0,Victoria
-38.008606,144.407585,2016.0,Victoria
-36.359332,146.681543,2024.0,Victoria
-36.129937,146.544976,2018.0,Victoria
-37.52505,145.2466,2005.0,Victoria
-34.592566,142.203534,2021.0,Victoria
-38.545596,145.459292,2024.0,Victoria
-36.20389,146.95397,2003.0,Victoria
-38.254625,144.219653,2024.0,Victoria
-37.0933,142.96611,2013.0,Victoria
-35.171922,142.20948,2016.0,Victoria
-37.470812,144.59743,2022.0,Victoria
-38.191315,144.560159,2025.0,Victoria
-38.097373,144.053831,2020.0,Victoria
-38.00846,145.3331,1989.0,Victoria
-37.897674,144.447821,2023.0,Victoria
-38.463555,145.196189,2022.0,Victoria
-38.199824,144.296425,2017.0,Victoria
-35.18149,142.491474,2017.0,Victoria
-38.258905,144.280967,2021.0,Victoria
-37.88253,143.69697,2015.0,Victoria
-37.931877,146.964111,2011.0,Victoria
-38.117231,144.632153,2020.0,Victoria
-38.12594,145.26003,2018.0,Victoria
-37.898064,144.448967,2023.0,Victoria
-37.747353,145.08734,2025.0,Victoria
-38.228731,144.324749,2025.0,Victoria
-37.839731,145.439223,2017.0,Victoria
-37.682389,145.076874,2024.0,Victoria
-37.640208,144.868801,2025.0,Victoria
-37.675685,144.800852,2024.0,Victoria
-38.244419,144.52302,2022.0,Victoria
-38.22349,145.44299,1974.0,Victoria
-37.75387,145.18105,1992.0,Victoria
-38.27183,144.44669,2020.0,Victoria
-38.126632,145.86935,2017.0,Victoria
-35.301152,142.201319,2019.0,Victoria
-37.65,142.21667,1938.0,Victoria
-38.249013,144.212844,2020.0,Victoria
-37.864434,145.395099,2025.0,Victoria
-37.897846,144.447855,2023.0,Victoria
-38.11482,144.633838,2024.0,Victoria
-38.139776,145.274121,2024.0,Victoria
-38.219494,144.192417,2022.0,Victoria
-37.97503,145.45909,1992.0,Victoria
-38.506574,147.011071,2021.0,Victoria
-37.898206,144.449133,2023.0,Victoria
-37.918496,144.669024,2025.0,Victoria
-38.115497,144.635321,2016.0,Victoria
-38.408238,144.188519,2017.0,Victoria
-37.16702,145.55254,2009.0,Victoria
-36.96683,142.176415,2015.0,Victoria
-36.61668,141.79847,2019.0,Victoria
-37.897737,144.449696,2023.0,Victoria
-38.525675,145.325522,2017.0,Victoria
-37.62622,144.97908,1990.0,Victoria
-38.042603,144.157544,2018.0,Victoria
-37.90683,144.393,1985.0,Victoria
-38.002304,144.578787,2023.0,Victoria
-37.648847,144.990005,2015.0,Victoria
-38.038777,144.048616,2024.0,Victoria
-35.536526,142.482854,2021.0,Victoria
-37.84851,144.37072,1988.0,Victoria
-37.93977,145.25727,1998.0,Victoria
-38.27172,144.267911,2023.0,Victoria
-37.308068,142.757004,2016.0,Victoria
-38.147601,145.249238,2026.0,Victoria
-38.229933,143.995158,2023.0,Victoria
-38.11905,145.16755,2008.0,Victoria
-38.91844,146.27875,2019.0,Victoria
-34.594529,142.122991,2019.0,Victoria
-38.251433,144.610903,2022.0,Victoria
-35.316031,142.071742,2019.0,Victoria
-35.265529,141.625567,2019.0,Victoria
-34.275734,141.383746,2018.0,Victoria
-38.259416,144.281192,2023.0,Victoria
-37.884836,145.328837,2025.0,Victoria
-34.99753,142.401488,2019.0,Victoria
-38.256281,144.068483,2017.0,Victoria
-35.060108,142.171326,2016.0,Victoria
-38.138238,145.265388,2024.0,Victoria
-38.128522,145.273855,2023.0,Victoria
-34.500927,142.241065,2021.0,Victoria
-38.2245,144.57992,2018.0,Victoria
-38.141176,145.282293,2024.0,Victoria
-38.13646,145.265281,2025.0,Victoria
-37.308229,142.756872,2016.0,Victoria
-38.671422,146.16475,2024.0,Victoria
-37.893988,144.449113,2023.0,Victoria
-38.14762,145.23522,1988.0,Victoria
-37.68079,145.1182,2002.0,Victoria
-38.309222,144.370813,2017.0,Victoria
-34.405186,141.197318,2019.0,Victoria
-35.973246,141.060146,2021.0,Victoria
-38.28473,144.25328,2019.0,Victoria
-37.686699,145.04105,2025.0,Victoria
-35.261385,142.216757,2019.0,Victoria
-38.32718,145.42206,2021.0,Victoria
-36.62443,147.34293,1996.0,Victoria
-37.296063,145.823303,2011.0,Victoria
-38.398896,146.315845,2024.0,Victoria
-37.76225,145.20794,2004.0,Victoria
-38.281835,144.163837,2023.0,Victoria
-37.893788,144.448306,2023.0,Victoria
-38.139425,145.281499,2024.0,Victoria
-38.38232,144.78191,2001.0,Victoria
-36.26526,146.20359,1995.0,Victoria
-36.635974,144.338465,2019.0,Victoria
-38.15738,145.55197,2019.0,Victoria
-38.10918,144.636485,2024.0,Victoria
-38.13866,145.264523,2024.0,Victoria
-36.680923,144.310707,2019.0,Victoria
-38.405631,144.196617,2023.0,Victoria
-38.256538,144.068513,2017.0,Victoria
-38.098968,144.051108,2025.0,Victoria
-38.108494,144.635917,2021.0,Victoria
-38.320186,144.337913,2020.0,Victoria
-38.087974,144.266385,2020.0,Victoria
-37.2138,144.8884,2014.0,Victoria
-37.982608,144.350635,2021.0,Victoria
-38.18931,145.36929,2015.0,Victoria
-38.40683,145.42632,1981.0,Victoria
-38.193168,144.555013,2024.0,Victoria
-38.253798,144.219863,2025.0,Victoria
-37.47404,141.17386,1991.0,Victoria
-35.574873,143.273025,2016.0,Victoria
-38.403415,144.853212,2025.0,Victoria
-34.355704,141.163836,2019.0,Victoria
-38.229548,143.993256,2020.0,Victoria
-38.28796,144.264971,2020.0,Victoria
-37.919083,144.667899,2026.0,Victoria
-38.155374,145.212558,2017.0,Victoria
-38.198944,144.584098,2016.0,Victoria
-38.1321,145.26257,2019.0,Victoria
-37.751585,145.096939,2024.0,Victoria
-37.896986,144.446232,2023.0,Victoria
-38.149839,144.301201,2025.0,Victoria
-35.220556,142.133681,2015.0,Victoria
-38.11752,145.27602,2017.0,Victoria
-38.002447,145.449906,2009.0,Victoria
-38.671286,146.164881,2025.0,Victoria
-38.280189,144.259794,2018.0,Victoria
-38.414164,145.476667,2025.0,Victoria
-38.003834,144.409653,2025.0,Victoria
-36.418934,146.204767,2009.0,Victoria
-37.99372,145.13187,2001.0,Victoria
-37.716414,144.48521,2025.0,Victoria
-38.248327,144.205681,2024.0,Victoria
-38.090152,144.270757,2024.0,Victoria
-37.87403,147.95127,1993.0,Victoria
-35.409757,142.075866,2020.0,Victoria
-34.966419,142.65932,2021.0,Victoria
-36.10278,144.2058,1991.0,Victoria
-37.88201,144.48877,2016.0,Victoria
-34.922534,142.308655,2015.0,Victoria
-37.3402,141.1597,1979.0,Victoria
-37.89441,144.447915,2023.0,Victoria
-37.897518,144.44865,2023.0,Victoria
-37.62348,146.1263,1979.0,Victoria
-38.238181,144.058468,2016.0,Victoria
-37.544292,143.906935,2024.0,Victoria
-38.299024,141.5046,2016.0,Victoria
-37.898325,144.446844,2023.0,Victoria
-37.656237,145.220032,2009.0,Victoria
-37.753844,145.098006,2024.0,Victoria
-38.020118,144.395404,2024.0,Victoria
-35.119393,141.997348,2016.0,Victoria
-38.219707,144.506592,2017.0,Victoria
-37.99953,145.10097,1988.0,Victoria
-36.214917,146.029587,2009.0,Victoria
-36.667006,144.308169,2018.0,Victoria
-35.183552,142.684368,2016.0,Victoria
-38.300678,141.504867,2016.0,Victoria
-38.317072,142.377802,2016.0,Victoria
-36.649067,144.317369,2019.0,Victoria
-34.374352,141.210857,2019.0,Victoria
-36.68857,144.311995,2019.0,Victoria
-37.8983,144.44828,2023.0,Victoria
-38.834253,145.936533,2024.0,Victoria
-38.09733,144.049098,2022.0,Victoria
-38.407666,144.857883,2025.0,Victoria
-36.89985,146.92886,1996.0,Victoria
-35.198378,142.480659,2017.0,Victoria
-38.252232,144.238679,2013.0,Victoria
-38.298467,144.22755,2017.0,Victoria
-36.685871,144.313012,2019.0,Victoria
-38.131056,145.267135,2021.0,Victoria
-38.255891,144.219447,2024.0,Victoria
-37.89019,142.0597,1980.0,Victoria
-37.470169,144.59753,2022.0,Victoria
-38.23149,143.996925,2020.0,Victoria
-34.959798,141.031369,2019.0,Victoria
-37.7611,145.2166,2010.0,Victoria
-34.984016,142.470786,2019.0,Victoria
-38.202466,144.29422,2017.0,Victoria
-35.914457,141.107555,2021.0,Victoria
-38.025834,144.048929,2023.0,Victoria
-37.897907,144.446949,2023.0,Victoria
-38.194003,144.55659,2020.0,Victoria
-38.36689,145.27549,2022.0,Victoria
-37.916263,144.674141,2024.0,Victoria
-38.251128,144.070535,2017.0,Victoria
-38.395563,144.203214,2024.0,Victoria
-37.54121,144.5366,1988.0,Victoria
-37.981344,146.794583,2023.0,Victoria
-37.899137,144.449733,2023.0,Victoria
-35.280452,141.329337,2019.0,Victoria
-38.464865,145.934912,2025.0,Victoria
-37.848719,144.094689,2021.0,Victoria
-38.242516,144.508369,2016.0,Victoria
-34.953176,141.07168,2019.0,Victoria
-38.087595,144.267871,2017.0,Victoria
-38.63144,143.59603,1995.0,Victoria
-38.204453,144.308987,2025.0,Victoria
-38.116628,144.633907,2020.0,Victoria
-38.32534,142.378302,2021.0,Victoria
-37.716306,143.595682,2023.0,Victoria
-38.182541,144.492654,2016.0,Victoria
-37.53297,144.95444,1992.0,Victoria
-38.150343,145.235066,2025.0,Victoria
-37.19267,142.39322,2021.0,Victoria
-36.29019,141.70967,1978.0,Victoria
-38.022829,144.042533,2022.0,Victoria
-38.281831,144.163241,2023.0,Victoria
-36.680006,144.309035,2019.0,Victoria
-34.373935,141.224536,2019.0,Victoria
-38.281401,144.160124,2024.0,Victoria
-38.180138,144.497247,2015.0,Victoria
-38.208981,145.156982,2025.0,Victoria
-38.329672,144.272858,2016.0,Victoria
-39.02995,146.318375,2024.0,Victoria
-38.243109,144.169068,2018.0,Victoria
-37.89739,144.447863,2023.0,Victoria
-38.182216,144.56456,2016.0,Victoria
-38.233872,143.995932,2024.0,Victoria
-38.08894,144.270475,2021.0,Victoria
-38.097481,144.048419,2024.0,Victoria
-38.55381,146.97317,1991.0,Victoria
-38.242552,144.508784,2016.0,Victoria
-38.91682,146.28278,2019.0,Victoria
-37.964844,145.091827,2023.0,Victoria
-34.455225,141.427092,2019.0,Victoria
-34.511355,141.523648,2019.0,Victoria
-35.266816,142.212029,2019.0,Victoria
-38.388491,142.578171,2016.0,Victoria
-36.61668,141.79847,2019.0,Victoria
-38.179469,144.537117,2016.0,Victoria
-35.35446,141.47901,2019.0,Victoria
-35.227487,141.439845,2016.0,Victoria
-38.337278,147.182435,2016.0,Victoria
-35.831485,142.027667,2016.0,Victoria
-37.729187,145.21637,2011.0,Victoria
-36.693697,144.310347,2019.0,Victoria
-36.64196,144.329662,2024.0,Victoria
-34.525638,141.497259,2019.0,Victoria
-37.5804,145.1173,2019.0,Victoria
-38.021771,144.043687,2023.0,Victoria
-34.538085,142.236208,2019.0,Victoria
-38.10774,144.063579,2017.0,Victoria
-38.281523,144.161429,2024.0,Victoria
-37.896058,144.451067,2023.0,Victoria
-37.312855,142.763858,2016.0,Victoria
-38.279912,144.252242,2021.0,Victoria
-38.230757,144.581217,2018.0,Victoria
-37.88135,145.46218,1988.0,Victoria
-38.144963,145.264977,2026.0,Victoria
-37.33695,145.95423,1989.0,Victoria
-38.262502,144.218354,2025.0,Victoria
-38.38532,145.10695,1981.0,Victoria
-38.122579,145.287052,2016.0,Victoria
-38.12301,142.04132,1990.0,Victoria
-38.54019,143.20969,1967.0,Victoria
-37.38264,149.54657,1992.0,Victoria
-37.1608,146.76683,2008.0,Victoria
-37.751498,145.099445,2024.0,Victoria
-38.116762,144.633127,2020.0,Victoria
-38.096089,144.045205,2024.0,Victoria
-38.72896,145.90894,1993.0,Victoria
-35.330529,143.140286,2016.0,Victoria
-36.9261,145.27186,2019.0,Victoria
-38.097176,144.053903,2025.0,Victoria
-38.385856,144.993342,2021.0,Victoria
-35.587886,143.250646,2016.0,Victoria
-38.5806,142.84901,2014.0,Victoria
-35.259193,142.218012,2019.0,Victoria
-38.096607,144.057135,2025.0,Victoria
-35.40924,142.075848,2019.0,Victoria
-38.264024,144.237149,2013.0,Victoria
-35.283382,141.412769,2019.0,Victoria
-38.678825,145.791248,2025.0,Victoria
-37.10276,142.30653,2020.0,Victoria
-36.847542,144.166113,2026.0,Victoria
-38.92846,146.26517,2019.0,Victoria
-38.167702,144.358671,2025.0,Victoria
-38.258005,144.219035,2023.0,Victoria
-38.113129,144.635016,2020.0,Victoria
-38.215141,144.511081,2016.0,Victoria
-38.92846,146.26517,2019.0,Victoria
-38.01507,140.98038,2016.0,Victoria
-37.81274,144.82633,1990.0,Victoria
-38.255704,144.219449,2023.0,Victoria
-38.671304,146.164931,2025.0,Victoria
-38.148711,144.300722,2025.0,Victoria
-38.26864,144.349195,2018.0,Victoria
-38.164159,144.59436,2016.0,Victoria
-38.040593,144.156556,2021.0,Victoria
-38.5925,143.3235,2020.0,Victoria
-38.28232,144.27055,1989.0,Victoria
-38.107291,144.065277,2021.0,Victoria
-38.17065,145.38195,2016.0,Victoria
-35.154882,142.6446,2016.0,Victoria
-38.11628,144.631731,2020.0,Victoria
-38.10554,145.15784,2010.0,Victoria
-38.089099,144.270938,2019.0,Victoria
-38.181368,144.504108,2015.0,Victoria
-34.591929,142.139456,2019.0,Victoria
-36.242906,146.248369,2016.0,Victoria
-38.307788,144.357322,2023.0,Victoria
-38.314516,144.352736,2017.0,Victoria
-38.230802,144.115187,2025.0,Victoria
-36.3719,145.4441,2017.0,Victoria
-37.91755,144.00037,2018.0,Victoria
-36.10291,144.21135,1994.0,Victoria
-38.259145,144.280761,2021.0,Victoria
-37.784827,145.378373,2011.0,Victoria
-37.919432,145.439789,2022.0,Victoria
-38.088919,144.270517,2020.0,Victoria
-36.679368,144.309564,2019.0,Victoria
-38.114573,144.63584,2024.0,Victoria
-35.60261,143.233083,2016.0,Victoria
-37.59761,144.88405,2018.0,Victoria
-35.261169,141.603919,2019.0,Victoria
-38.258577,144.280013,2019.0,Victoria
-38.259735,144.28167,2020.0,Victoria
-38.098726,144.062077,2025.0,Victoria
-34.68792,142.41889,2015.0,Victoria
-38.312073,144.361418,2019.0,Victoria
-38.32252,144.333697,2017.0,Victoria
-38.193367,144.557964,2020.0,Victoria
-37.752878,145.11721,2025.0,Victoria
-38.253447,144.219917,2024.0,Victoria
-36.62347,146.45961,1981.0,Victoria
-38.026604,145.338095,2025.0,Victoria
-38.229565,143.992756,2026.0,Victoria
-38.03185,144.424749,2025.0,Victoria
-37.0028,142.726,1995.0,Victoria
-37.65836,145.18225,1990.0,Victoria
-34.74851,142.5013,1914.0,Victoria
-37.58004,145.40264,2007.0,Victoria
-38.261629,144.218789,2025.0,Victoria
-36.14016,144.24297,1998.0,Victoria
-38.35036,145.89747,1968.0,Victoria
-37.934756,145.208977,2022.0,Victoria
-37.72496,144.75856,2002.0,Victoria
-38.271805,144.465962,2020.0,Victoria
-37.896733,144.450266,2023.0,Victoria
-37.79342,144.53165,1990.0,Victoria
-37.919462,144.675605,2025.0,Victoria
-38.315101,144.347373,2018.0,Victoria
-36.88308,148.34382,2017.0,Victoria
-38.20027,145.47144,2014.0,Victoria
-38.327557,142.383545,2021.0,Victoria
-38.09651,144.045291,2021.0,Victoria
-38.330729,144.268207,2017.0,Victoria
-38.42353,141.99304,1967.0,Victoria
-38.281468,144.160168,2023.0,Victoria
-36.67641,144.11135,2003.0,Victoria
-38.389638,145.127302,2016.0,Victoria
-38.248234,144.204946,2024.0,Victoria
-35.269812,142.200973,2019.0,Victoria
-38.408627,144.170134,2025.0,Victoria
-38.39021,145.56462,2014.0,Victoria
-38.22283,145.4066,2019.0,Victoria
-38.92846,146.26517,2019.0,Victoria
-38.253313,143.993239,2024.0,Victoria
-35.046988,141.997694,2016.0,Victoria
-37.919902,144.676213,2025.0,Victoria
-37.918306,144.666033,2025.0,Victoria
-38.136118,145.265559,2024.0,Victoria
-38.098361,144.051853,2021.0,Victoria
-38.179628,144.532111,2016.0,Victoria
-37.601106,144.742075,2011.0,Victoria
-36.498942,145.745788,2014.0,Victoria
-37.920308,145.325139,2025.0,Victoria
-38.16097,145.53608,2014.0,Victoria
-37.850273,145.488325,2023.0,Victoria
-38.035685,144.554792,2018.0,Victoria
-38.235592,144.612548,2016.0,Victoria
-37.38525,146.1309,1989.0,Victoria
-38.1281,145.26939,2020.0,Victoria
-37.85139,142.97389,2009.0,Victoria
-34.74176,142.29968,1986.0,Victoria
-36.9844,147.14354,2007.0,Victoria
-38.26388,146.61092,2003.0,Victoria
-38.45851,144.115026,2021.0,Victoria
-37.6458,144.4186,2008.0,Victoria
-35.189879,141.418755,2016.0,Victoria
-38.263538,144.237217,2025.0,Victoria
-37.86694,144.0,2000.0,Victoria
-35.64006,143.252124,2016.0,Victoria
-37.921469,144.66723,2019.0,Victoria
-37.823511,145.422621,2015.0,Victoria
-36.890538,145.453954,2011.0,Victoria
-37.61736,145.04163,2003.0,Victoria
-38.193398,144.557486,2025.0,Victoria
-38.383296,145.279599,2023.0,Victoria
-38.312083,144.356042,2018.0,Victoria
-34.63766,141.82892,2000.0,Victoria
-38.222791,144.58008,2018.0,Victoria
-38.167771,144.588623,2025.0,Victoria
-38.096562,144.047069,2022.0,Victoria
-37.306774,142.760565,2025.0,Victoria
-37.6273,143.7413,2008.0,Victoria
-36.8608,148.3181,2009.0,Victoria
-35.98379,141.184107,2021.0,Victoria
-38.261943,144.671339,2018.0,Victoria
-38.7107,143.6416,1973.0,Victoria
-35.608972,144.046367,2018.0,Victoria
-38.11082,144.171098,2024.0,Victoria
-38.087868,144.267348,2025.0,Victoria
-38.319095,144.341753,2017.0,Victoria
-38.219904,144.507549,2017.0,Victoria
-38.113917,144.632806,2020.0,Victoria
-35.66441,143.32872,2008.0,Victoria
-38.264024,144.237149,2016.0,Victoria
-37.55758,144.68303,2015.0,Victoria
-37.397044,144.260164,2025.0,Victoria
-38.082613,145.304009,2025.0,Victoria
-38.13836,145.254669,2026.0,Victoria
-37.786807,145.205401,2023.0,Victoria
-37.79649,144.911075,2022.0,Victoria
-37.889181,143.716176,2024.0,Victoria
-38.116416,144.631805,2020.0,Victoria
-36.63822,144.333778,2023.0,Victoria
-34.526046,141.497242,2019.0,Victoria
-36.04854,141.97779,1990.0,Victoria
-38.253536,144.137649,2021.0,Victoria
-36.179145,141.148986,2021.0,Victoria
-37.56381,141.46273,2006.0,Victoria
-38.090361,144.271502,2020.0,Victoria
-36.3805,146.0872,2007.0,Victoria
-35.060651,142.172875,2016.0,Victoria
-38.4141,145.4298,2014.0,Victoria
-38.307018,144.375258,2017.0,Victoria
-37.525675,144.728658,2023.0,Victoria
-37.646753,144.332461,2017.0,Victoria
-38.180931,144.55947,2024.0,Victoria
-37.897301,144.44628,2023.0,Victoria
-38.177765,144.557215,2017.0,Victoria
-37.150671,142.631421,2025.0,Victoria
-37.988492,145.120809,2021.0,Victoria
-38.05929,145.922589,2025.0,Victoria
-38.304135,141.482601,2016.0,Victoria
-37.62348,145.95963,1979.0,Victoria
-38.137302,145.262564,2024.0,Victoria
-36.65602,147.32629,1984.0,Victoria
-38.253347,144.138022,2021.0,Victoria
-38.239311,144.619144,2016.0,Victoria
-37.65999,145.42028,1988.0,Victoria
-34.70684,142.79296,1987.0,Victoria
-38.1991,145.3581,2015.0,Victoria
-38.111585,144.636381,2024.0,Victoria
-37.896303,144.447738,2023.0,Victoria
-38.13908,145.2639,2016.0,Victoria
-38.30368,144.374633,2017.0,Victoria
-38.110378,144.639035,2021.0,Victoria
-38.096036,144.046791,2025.0,Victoria
-38.281507,144.161769,2024.0,Victoria
-38.106741,144.065816,2022.0,Victoria
-34.543284,142.277159,2021.0,Victoria
-37.930005,145.442474,2022.0,Victoria
-38.254657,143.992482,2024.0,Victoria
-38.136306,145.257213,2026.0,Victoria
-38.11752,145.27602,2015.0,Victoria
-38.252297,144.219968,2023.0,Victoria
-38.37083,145.00083,2010.0,Victoria
-38.181915,144.501346,2015.0,Victoria
-38.052312,144.163537,2018.0,Victoria
-38.303652,144.374573,2018.0,Victoria
-38.246645,144.258198,2016.0,Victoria
-36.649873,144.31634,2019.0,Victoria
-36.9752,147.1443,2015.0,Victoria
-37.9928,145.128,2022.0,Victoria
-38.93417,146.24891,2019.0,Victoria
-38.255811,144.219463,2024.0,Victoria
-38.674626,145.6161,2017.0,Victoria
-37.66877,144.91249,2015.0,Victoria
-38.13908,145.2639,2017.0,Victoria
-37.649384,144.330659,2017.0,Victoria
-37.511164,145.752922,2015.0,Victoria
-38.134921,144.311511,2024.0,Victoria
-38.136682,145.265081,2024.0,Victoria
-37.897095,144.450814,2023.0,Victoria
-35.142463,142.031222,2015.0,Victoria
-37.6321,144.50523,2014.0,Victoria
-37.785472,144.573212,2018.0,Victoria
-38.19424,144.299414,2021.0,Victoria
-35.442779,143.124986,2016.0,Victoria
-37.62575,144.76825,2017.0,Victoria
-38.194183,144.555621,2020.0,Victoria
-37.9347,145.32377,2013.0,Victoria
-37.898292,144.446886,2023.0,Victoria
-36.975539,142.705472,2021.0,Victoria
-38.285344,144.252466,2017.0,Victoria
-37.772229,145.56091,2021.0,Victoria
-35.642693,143.251893,2016.0,Victoria
-38.182062,144.498308,2015.0,Victoria
-38.2246,144.4458,2020.0,Victoria
-38.252232,144.238679,2014.0,Victoria
-38.116743,144.633681,2025.0,Victoria
-38.242068,144.203358,2022.0,Victoria
-36.633525,144.339417,2018.0,Victoria
-38.6182,143.00302,2014.0,Victoria
-35.621983,143.169494,2021.0,Victoria
-35.795242,142.092366,2016.0,Victoria
-35.361296,142.048135,2019.0,Victoria
-38.039,146.97893,2015.0,Victoria
-38.138664,145.267779,2023.0,Victoria
-38.148135,145.248825,2026.0,Victoria
-37.896512,144.447277,2023.0,Victoria
-37.22267,144.04555,2003.0,Victoria
-37.36139,144.6125,2009.0,Victoria
-37.87252,144.65406,1990.0,Victoria
-34.937582,142.217233,2016.0,Victoria
-38.124937,145.86928,2016.0,Victoria
-38.087995,144.269177,2025.0,Victoria
-36.54019,142.04301,1979.0,Victoria
-37.8614,144.62529,2011.0,Victoria
-37.893804,144.449104,2023.0,Victoria
-38.248316,144.207281,2024.0,Victoria
-35.334085,142.03394,2019.0,Victoria
-38.126767,145.86953,2018.0,Victoria
-38.15738,145.55197,2017.0,Victoria
-37.32185,147.61508,2017.0,Victoria
-38.22124,144.195782,2017.0,Victoria
-38.409186,145.421297,2022.0,Victoria
-37.25004,146.42563,2001.0,Victoria
-38.239059,144.347182,2020.0,Victoria
-34.37555,141.23985,2019.0,Victoria
-38.09693,144.056686,2025.0,Victoria
-37.86968,144.7394,2004.0,Victoria
-38.123841,145.867306,2018.0,Victoria
-36.89985,146.92886,1996.0,Victoria
-35.48138,143.156126,2016.0,Victoria
-35.28815,142.185255,2019.0,Victoria
-38.248074,144.203774,2025.0,Victoria
-38.136242,145.265755,2025.0,Victoria
-35.357935,142.042812,2019.0,Victoria
-38.278935,144.252333,2018.0,Victoria
-38.278836,144.263448,2024.0,Victoria
-36.54019,142.04301,1979.0,Victoria
-38.528755,146.996016,2021.0,Victoria
-38.08992,145.72009,2003.0,Victoria
-38.230063,143.995685,2020.0,Victoria
-37.89629,144.450484,2023.0,Victoria
-37.855089,147.820254,2024.0,Victoria
-38.136448,145.265187,2024.0,Victoria
-37.604,144.6008,1993.0,Victoria
-34.591798,142.138813,2019.0,Victoria
-38.113705,144.636174,2025.0,Victoria
-37.307055,144.588973,2019.0,Victoria
-38.16735,144.588422,2025.0,Victoria
-37.85805,145.40469,1989.0,Victoria
-35.392744,142.74752,2021.0,Victoria
-37.65054,145.50403,2022.0,Victoria
-38.21694,145.38465,2015.0,Victoria
-37.96497,145.13715,1989.0,Victoria
-35.262499,141.501187,2019.0,Victoria
-34.275977,141.460584,2018.0,Victoria
-37.7422,144.45392,1990.0,Victoria
-38.115452,144.635183,2022.0,Victoria
-38.193695,144.556701,2025.0,Victoria
-38.253425,144.219901,2023.0,Victoria
-38.11527,144.633911,2023.0,Victoria
-38.096718,144.057031,2023.0,Victoria
-38.252361,144.219911,2023.0,Victoria
-35.411584,142.065285,2019.0,Victoria
-37.79016,145.29298,1968.0,Victoria
-38.094845,147.055965,2022.0,Victoria
-37.7893,147.77923,2020.0,Victoria
-36.533543,147.373622,2016.0,Victoria
-34.510597,141.426768,2019.0,Victoria
-38.315752,144.352818,2018.0,Victoria
-38.191178,145.252406,2019.0,Victoria
-38.92419,146.26553,2019.0,Victoria
-38.0,145.125,2018.0,Victoria
-38.190586,145.252739,2019.0,Victoria
-38.138139,145.264665,2024.0,Victoria
-37.922568,144.670581,2025.0,Victoria
-34.99797,142.439316,2021.0,Victoria
-34.7212,142.34774,2019.0,Victoria
-37.62547,145.18162,2017.0,Victoria
-37.68299,144.85721,2020.0,Victoria
-35.599698,144.05465,2018.0,Victoria
-38.32684,144.69635,2020.0,Victoria
-35.270774,141.35321,2019.0,Victoria
-37.54011,149.87624,1976.0,Victoria
-38.25073,147.25215,1999.0,Victoria
-38.107136,144.06562,2019.0,Victoria
-38.410039,145.420641,2022.0,Victoria
-38.110815,144.639263,2021.0,Victoria
-38.085447,144.267068,2017.0,Victoria
-38.055,145.48444,2011.0,Victoria
-36.84338,141.64252,2014.0,Victoria
-38.251438,144.142179,2018.0,Victoria
-37.22267,144.04555,2000.0,Victoria
-38.096066,144.045242,2024.0,Victoria
-38.1424,145.39935,2018.0,Victoria
-38.284526,144.59535,2025.0,Victoria
-37.25209,141.96607,1990.0,Victoria
-38.020741,144.04575,2022.0,Victoria
-38.230737,144.113904,2024.0,Victoria
-37.815181,144.707564,2019.0,Victoria
-38.77148,146.27895,1969.0,Victoria
-38.116587,144.630368,2025.0,Victoria
-38.202202,144.304605,2019.0,Victoria
-34.307455,142.068756,2019.0,Victoria
-38.13908,145.2639,2019.0,Victoria
-37.711283,148.455948,2019.0,Victoria
-37.06736,144.10557,1981.0,Victoria
-38.1335,145.28048,2019.0,Victoria
-38.026803,144.050464,2020.0,Victoria
-37.897214,144.449239,2023.0,Victoria
-36.8235,144.4433,2010.0,Victoria
-36.674694,144.307808,2019.0,Victoria
-38.234392,143.999599,2020.0,Victoria
-37.95578,145.24323,1999.0,Victoria
-34.501923,142.33771,2019.0,Victoria
-38.252232,144.238679,2013.0,Victoria
-38.22122,145.40323,2018.0,Victoria
-35.228554,141.431854,2021.0,Victoria
-37.17944,144.12444,2007.0,Victoria
-36.668509,144.316906,2019.0,Victoria
-38.164354,145.909126,2017.0,Victoria
-38.281355,144.159153,2025.0,Victoria
-38.68832,143.1463,1997.0,Victoria
-38.250148,144.221257,2025.0,Victoria
-38.136692,145.265146,2024.0,Victoria
-38.279175,144.265557,2023.0,Victoria
-34.501765,142.201558,2019.0,Victoria
-38.134618,145.264045,2022.0,Victoria
-37.70538,144.66965,2009.0,Victoria
-38.115975,144.629458,2024.0,Victoria
-38.007589,144.520259,2025.0,Victoria
-37.919196,145.461314,2025.0,Victoria
-38.274478,144.475391,2017.0,Victoria
-34.98592,142.470233,2019.0,Victoria
-34.4212,141.427051,2019.0,Victoria
-37.896829,144.448846,2023.0,Victoria
-38.024287,144.051708,2020.0,Victoria
-37.925922,145.444772,2022.0,Victoria
-38.30374,144.375687,2025.0,Victoria
-38.671421,145.791614,2026.0,Victoria
-38.024469,144.039532,2017.0,Victoria
-38.173025,145.176605,2023.0,Victoria
-37.55758,144.68303,2015.0,Victoria
-35.424839,142.156723,2020.0,Victoria
-38.247865,144.20716,2022.0,Victoria
-37.878918,147.893658,2009.0,Victoria
-38.677217,145.785296,2026.0,Victoria
-38.148147,145.249339,2026.0,Victoria
-38.239442,144.314618,2025.0,Victoria
-38.148704,145.251985,2026.0,Victoria
-37.12779,146.8127,1995.0,Victoria
-37.993287,145.126107,2019.0,Victoria
-36.680085,144.309019,2019.0,Victoria
-37.84333,145.84142,1991.0,Victoria
-38.14776,145.23204,2011.0,Victoria
-38.267356,144.447509,2020.0,Victoria
-36.00155,144.43455,1991.0,Victoria
-38.116969,144.632773,2020.0,Victoria
-38.292628,144.231254,2017.0,Victoria
-38.008399,145.131033,2025.0,Victoria
-37.91474,145.41673,2022.0,Victoria
-37.845664,144.071197,2021.0,Victoria
-38.190957,144.559703,2025.0,Victoria
-37.896317,144.451326,2023.0,Victoria
-38.87865,146.26864,1994.0,Victoria
-38.14442,145.253947,2026.0,Victoria
-37.607937,145.186499,2016.0,Victoria
-38.220571,144.197498,2021.0,Victoria
-38.098805,144.051782,2025.0,Victoria
-37.664965,145.544138,2024.0,Victoria
-38.210278,146.529903,2025.0,Victoria
-38.259393,144.281475,2017.0,Victoria
-38.2325,145.2456,2010.0,Victoria
-38.209919,144.484076,2016.0,Victoria
-34.275835,141.392261,2018.0,Victoria
-38.271101,144.268295,2023.0,Victoria
-38.027001,144.051062,2022.0,Victoria
-36.43824,145.26901,2013.0,Victoria
-38.10589,144.065552,2021.0,Victoria
-38.096767,144.056666,2020.0,Victoria
-38.37351,143.45968,1974.0,Victoria
-38.060008,144.365954,2024.0,Victoria
-38.083585,144.049006,2025.0,Victoria
-35.262085,141.609316,2019.0,Victoria
-38.316039,144.28829,2025.0,Victoria
-37.01706,146.99058,1996.0,Victoria
-35.154924,142.643056,2016.0,Victoria
-37.07171,145.58442,2000.0,Victoria
-34.975364,142.189409,2016.0,Victoria
-37.0775,148.38021,2006.0,Victoria
-37.983218,144.350038,2021.0,Victoria
-37.151288,142.563818,2023.0,Victoria
-37.685586,146.509724,2009.0,Victoria
-38.204446,144.31027,2025.0,Victoria
-35.622005,144.089426,2018.0,Victoria
-38.12594,145.42926,2015.0,Victoria
-38.024217,144.042652,2024.0,Victoria
-37.895587,144.44982,2023.0,Victoria
-36.86314,145.33809,2017.0,Victoria
-38.021592,144.042671,2024.0,Victoria
-37.897373,144.447581,2023.0,Victoria
-38.258211,144.218793,2024.0,Victoria
-37.81899,145.36938,2021.0,Victoria
-38.258771,144.280651,2021.0,Victoria
-37.990305,145.121623,2019.0,Victoria
-37.85683,144.82632,1985.0,Victoria
-37.28265,143.50723,1990.0,Victoria
-38.202588,144.293947,2022.0,Victoria
-38.243646,141.483766,2016.0,Victoria
-35.913104,141.127515,2021.0,Victoria
-38.152581,145.901498,2017.0,Victoria
-38.096711,144.056952,2023.0,Victoria
-37.897237,144.446892,2023.0,Victoria
-38.18679,145.55973,2019.0,Victoria
-35.480686,143.191994,2016.0,Victoria
-38.138552,145.264016,2024.0,Victoria
-38.021048,144.043057,2024.0,Victoria
-38.141543,145.258897,2026.0,Victoria
-37.73093,145.47547,2018.0,Victoria
-37.7832,147.0927,1998.0,Victoria
-37.60614,145.12802,2005.0,Victoria
-38.116997,144.632419,2020.0,Victoria
-37.7068,147.87627,1977.0,Victoria
-36.1124,144.19325,1992.0,Victoria
-38.111737,144.634654,2024.0,Victoria
-37.86515,145.85131,1992.0,Victoria
-38.108683,144.633989,2023.0,Victoria
-36.982662,141.094574,2021.0,Victoria
-35.103405,142.444041,2018.0,Victoria
-38.022101,144.042962,2022.0,Victoria
-38.268682,144.447285,2020.0,Victoria
-38.223062,145.169368,2021.0,Victoria
-38.022005,144.044779,2021.0,Victoria
-37.901853,144.229155,2022.0,Victoria
-38.00671,144.56209,2002.0,Victoria
-35.40416,141.39228,2021.0,Victoria
-38.136313,145.262174,2024.0,Victoria
-38.207202,144.671022,2018.0,Victoria
-35.424421,142.119411,2019.0,Victoria
-38.200635,144.289349,2024.0,Victoria
-38.12594,145.26003,2018.0,Victoria
-38.04016,145.29299,1966.0,Victoria
-35.245272,141.679503,2016.0,Victoria
-37.313993,142.764383,2016.0,Victoria
-35.101258,142.439667,2018.0,Victoria
-34.539661,142.251307,2019.0,Victoria
-34.535943,141.496763,2019.0,Victoria
-37.87812,145.56344,1980.0,Victoria
-37.676882,144.803169,2024.0,Victoria
-37.827,145.648637,2020.0,Victoria
-38.147545,145.258423,2026.0,Victoria
-38.113595,144.633491,2020.0,Victoria
-37.5966,144.23678,2005.0,Victoria
-38.209487,144.506637,2016.0,Victoria
-36.97194,145.02222,2019.0,Victoria
-38.024999,144.051218,2023.0,Victoria
-37.27454,145.58627,1989.0,Victoria
-38.229322,144.580683,2016.0,Victoria
-38.027683,144.050622,2022.0,Victoria
-38.279024,144.263762,2024.0,Victoria
-35.257002,141.872437,2016.0,Victoria
-34.276462,141.43716,2018.0,Victoria
-35.322589,142.184221,2019.0,Victoria
-37.897596,144.449816,2023.0,Victoria
-36.38552,145.71282,2008.0,Victoria
-37.53975,149.84839,2000.0,Victoria
-38.010401,145.134615,2021.0,Victoria
-38.150212,144.301793,2025.0,Victoria
-34.96101,141.05837,2020.0,Victoria
-38.404034,144.196802,2023.0,Victoria
-37.894514,144.448721,2023.0,Victoria
-38.025007,145.337681,2023.0,Victoria
-38.65646,146.8559,1993.0,Victoria
-38.027241,144.05083,2023.0,Victoria
-37.5746,144.73156,2010.0,Victoria
-38.087884,144.268341,2024.0,Victoria
-37.810233,147.794922,2024.0,Victoria
-38.343,141.5746,2003.0,Victoria
-38.264152,144.236257,2024.0,Victoria
-35.490989,143.176421,2016.0,Victoria
-38.100574,145.195034,2009.0,Victoria
-38.259628,144.281655,2024.0,Victoria
-38.254728,144.219678,2023.0,Victoria
-38.057134,145.151188,2022.0,Victoria
-34.220023,142.19104,2016.0,Victoria
-38.358738,144.277439,2023.0,Victoria
-38.93417,146.24891,2019.0,Victoria
-38.398367,144.843859,2025.0,Victoria
-38.3871,142.22486,2000.0,Victoria
-38.259154,144.28113,2025.0,Victoria
-37.814577,145.352259,2022.0,Victoria
-38.303126,144.376051,2022.0,Victoria
-37.893709,144.449159,2023.0,Victoria
-38.22248,144.06835,1995.0,Victoria
-38.116623,144.635229,2020.0,Victoria
-38.135675,145.255033,2026.0,Victoria
-38.133445,145.266127,2024.0,Victoria
-38.315235,144.353174,2017.0,Victoria
-36.521574,145.724524,2016.0,Victoria
-35.579538,143.250644,2016.0,Victoria
-38.92691,146.27997,2019.0,Victoria
-38.22284,145.40511,2018.0,Victoria
-37.70681,146.3763,1978.0,Victoria
-34.591935,142.139974,2021.0,Victoria
-38.138355,145.263888,2024.0,Victoria
-36.93589,145.14679,1993.0,Victoria
-38.00047,144.409934,2016.0,Victoria
-38.191131,144.673252,2017.0,Victoria
-37.896203,144.450903,2023.0,Victoria
-38.098585,144.051661,2022.0,Victoria
-38.276361,144.474672,2017.0,Victoria
-37.62351,143.87633,1980.0,Victoria
-35.34516,143.58127,2019.0,Victoria
-38.097399,144.048611,2023.0,Victoria
-38.087881,144.269352,2025.0,Victoria
-38.00645,144.59285,1990.0,Victoria
-38.278304,144.468817,2020.0,Victoria
-37.80689,143.61898,2015.0,Victoria
-37.8956,144.450029,2023.0,Victoria
-38.1374,145.26847,2021.0,Victoria
-37.578129,144.741191,2025.0,Victoria
-38.248325,143.989185,2025.0,Victoria
-35.824438,142.008826,2016.0,Victoria
-38.252232,144.238679,2013.0,Victoria
-36.520934,142.947895,2021.0,Victoria
-38.676905,145.783262,2025.0,Victoria
-38.097291,144.049086,2021.0,Victoria
-34.19396,141.16576,1987.0,Victoria
-38.82352,143.57636,1984.0,Victoria
-38.258976,144.281042,2023.0,Victoria
-37.922406,144.669946,2019.0,Victoria
-37.894433,144.448633,2023.0,Victoria
-37.651,144.41042,2005.0,Victoria
-38.18679,145.55973,2019.0,Victoria
-38.13199,145.2322,2017.0,Victoria
-38.280635,144.258981,2019.0,Victoria
-34.7546,142.32123,2015.0,Victoria
-38.92014,146.2853,2019.0,Victoria
-38.252232,144.238679,2013.0,Victoria
-36.484322,144.391007,2019.0,Victoria
-38.052249,144.16292,2021.0,Victoria
-38.02344,147.32315,2000.0,Victoria
-37.99367,145.12846,1985.0,Victoria
-37.605771,143.829083,2022.0,Victoria
-37.88797,144.52849,1990.0,Victoria
-38.790797,145.927848,2025.0,Victoria
-38.097458,144.059897,2024.0,Victoria
-38.22122,145.40323,2019.0,Victoria
-38.143389,145.399086,2026.0,Victoria
-37.897777,144.449698,2023.0,Victoria
-38.306184,144.37687,2017.0,Victoria
-37.895917,144.449422,2023.0,Victoria
-37.85379,145.49717,2012.0,Victoria
-38.181381,144.561582,2019.0,Victoria
-37.63867,145.3353,2021.0,Victoria
-38.3567,141.41974,2004.0,Victoria
-38.508903,145.353282,2016.0,Victoria
-36.86623,145.93263,1983.0,Victoria
-37.346096,144.751196,2023.0,Victoria
-37.80661,145.21156,1988.0,Victoria
-38.137068,145.262853,2024.0,Victoria
-38.249737,144.217928,2022.0,Victoria
-37.68388,145.08637,1994.0,Victoria
-37.979144,147.045062,2025.0,Victoria
-35.509647,142.854421,2016.0,Victoria
-38.29491,141.502929,2016.0,Victoria
-38.206195,144.583122,2016.0,Victoria
-36.72414,143.02094,1995.0,Victoria
-35.215481,141.559526,2017.0,Victoria
-36.37352,141.62634,1978.0,Victoria
-38.205853,144.277243,2021.0,Victoria
-38.022392,144.0417,2022.0,Victoria
-38.181829,144.497715,2015.0,Victoria
-36.082299,142.854172,2021.0,Victoria
-35.574083,143.267206,2016.0,Victoria
-36.339198,146.299127,2015.0,Victoria
-36.31108,141.19097,2013.0,Victoria
-37.79767,145.450729,2019.0,Victoria
-38.233661,143.985287,2019.0,Victoria
-37.981976,144.351544,2021.0,Victoria
-36.77185,143.07709,1996.0,Victoria
-38.264024,144.237149,2016.0,Victoria
-37.6612,144.8607,2018.0,Victoria
-38.281521,144.161379,2024.0,Victoria
-35.261987,141.608914,2019.0,Victoria
-37.94438,145.26399,1998.0,Victoria
-38.129253,145.263825,2023.0,Victoria
-37.896901,144.450256,2023.0,Victoria
-38.1181,146.159,2004.0,Victoria
-37.300275,142.558594,2011.0,Victoria
-37.689178,143.996817,2022.0,Victoria
-36.78273,144.68772,1977.0,Victoria
-36.15618,146.20359,1995.0,Victoria
-38.404697,144.859846,2025.0,Victoria
-38.314724,141.510773,2016.0,Victoria
-34.275722,141.382278,2018.0,Victoria
-38.40364,144.846861,2025.0,Victoria
-37.16351,142.35007,2021.0,Victoria
-37.727604,144.833878,2019.0,Victoria
-38.326806,142.384431,2021.0,Victoria
-38.112514,144.632724,2021.0,Victoria
-37.640901,143.680358,2025.0,Victoria
-37.93684,144.49614,1988.0,Victoria
-38.258615,144.279995,2021.0,Victoria
-36.635135,144.337557,2018.0,Victoria
-36.3805,146.0872,2009.0,Victoria
-38.088023,144.269164,2024.0,Victoria
-38.193455,144.557454,2020.0,Victoria
-35.9735,143.10965,1987.0,Victoria
-35.70685,142.05966,1986.0,Victoria
-36.790479,145.150552,2009.0,Victoria
-35.380783,142.069594,2019.0,Victoria
-38.259547,144.281233,2025.0,Victoria
-38.281493,144.26012,2016.0,Victoria
-35.262047,141.256733,2016.0,Victoria
-38.327069,142.386807,2021.0,Victoria
-35.17328,142.061141,2015.0,Victoria
-37.67741,144.67609,1993.0,Victoria
-35.11275,141.52864,2002.0,Victoria
-36.79673,148.17316,1999.0,Victoria
-37.61944,145.07917,2023.0,Victoria
-35.287839,142.17332,2019.0,Victoria
-38.089417,144.270865,2026.0,Victoria
-38.057429,144.505735,2025.0,Victoria
-36.74113,146.18638,1983.0,Victoria
-38.182805,144.54603,2016.0,Victoria
-37.67217,145.08668,1993.0,Victoria
-38.024217,144.039285,2017.0,Victoria
-38.097277,144.048808,2025.0,Victoria
-38.381457,145.351117,2021.0,Victoria
-34.298897,142.060907,2019.0,Victoria
-34.4691,141.09662,1985.0,Victoria
-38.459977,145.304679,2017.0,Victoria
-38.469799,145.29803,2017.0,Victoria
-37.6887,146.30734,2012.0,Victoria
-38.111381,144.634056,2024.0,Victoria
-38.026282,144.04933,2025.0,Victoria
-37.60843,144.99315,2000.0,Victoria
-38.180935,144.516218,2016.0,Victoria
-38.08992,145.72009,2004.0,Victoria
-37.713498,144.819181,2016.0,Victoria
-38.311757,144.355678,2018.0,Victoria
-34.595404,142.118883,2019.0,Victoria
-38.254724,144.219471,2024.0,Victoria
-38.17065,145.38195,2015.0,Victoria
-37.892659,144.448199,2023.0,Victoria
-36.90643,142.664569,2024.0,Victoria
-38.126334,145.869234,2018.0,Victoria
-37.73354,144.60544,2020.0,Victoria
-37.6615,145.3418,2011.0,Victoria
-37.606072,143.808289,2016.0,Victoria
-37.21214,143.24911,1997.0,Victoria
-38.14585,145.2229,2017.0,Victoria
-38.107923,144.063309,2024.0,Victoria
-34.74176,142.29968,1986.0,Victoria
-38.099033,144.053267,2025.0,Victoria
-38.699392,145.862571,2024.0,Victoria
-36.234,147.59049,1982.0,Victoria
-36.620525,144.346245,2019.0,Victoria
-38.021148,144.040047,2024.0,Victoria
-38.17966,141.52465,2013.0,Victoria
-38.028271,144.068441,2024.0,Victoria
-38.193943,144.557424,2024.0,Victoria
-37.61867,145.06652,1990.0,Victoria
-38.46116,145.931481,2024.0,Victoria
-38.322996,144.332647,2017.0,Victoria
-36.63413,144.338937,2018.0,Victoria
-38.234459,143.999115,2019.0,Victoria
-38.098638,144.060831,2024.0,Victoria
-38.05586,144.14459,2014.0,Victoria
-36.673059,144.309547,2019.0,Victoria
-37.711699,145.082002,2011.0,Victoria
-37.75267,148.21193,2001.0,Victoria
-37.31,145.88414,2013.0,Victoria
-38.281533,144.160654,2025.0,Victoria
-37.738644,142.051016,2019.0,Victoria
-37.62348,145.8763,1979.0,Victoria
-38.619728,142.994105,2023.0,Victoria
-35.367845,142.053996,2019.0,Victoria
-38.024645,144.040222,2022.0,Victoria
-38.12675,145.16727,1988.0,Victoria
-38.12594,145.42926,2016.0,Victoria
-37.91909,145.438529,2023.0,Victoria
-36.3106,145.7247,2011.0,Victoria
-38.276808,144.263728,2021.0,Victoria
-35.823727,142.027262,2016.0,Victoria
-38.090251,144.270618,2018.0,Victoria
-37.001456,146.182709,2011.0,Victoria
-38.087996,144.266883,2020.0,Victoria
-37.897166,144.449471,2023.0,Victoria
-36.9166,148.38661,2017.0,Victoria
-35.20684,142.14298,1986.0,Victoria
-37.49611,145.62702,2012.0,Victoria
-37.77037,144.48284,2018.0,Victoria
-38.274194,144.474557,2017.0,Victoria
-37.73867,145.24838,1968.0,Victoria
-38.194372,144.551207,2016.0,Victoria
-37.478469,145.261462,2017.0,Victoria
-37.01896,144.1164,1995.0,Victoria
-38.281323,144.160045,2023.0,Victoria
-37.7174,146.27186,2012.0,Victoria
-37.63112,144.84863,2000.0,Victoria
-38.618433,142.996488,2025.0,Victoria
-38.194435,144.555487,2020.0,Victoria
-37.833686,145.279983,2025.0,Victoria
-34.975537,142.18516,2016.0,Victoria
-35.8921,145.3585,2018.0,Victoria
-37.795881,144.911543,2023.0,Victoria
-37.99474,144.18226,2015.0,Victoria
-38.271438,144.268064,2023.0,Victoria
-37.896816,144.447137,2023.0,Victoria
-38.367584,144.267345,2025.0,Victoria
-36.7542,146.211,2024.0,Victoria
-37.828887,144.830898,2023.0,Victoria
-38.025696,144.049103,2024.0,Victoria
-38.22347,147.32629,2000.0,Victoria
-37.61717,145.32148,1992.0,Victoria
-36.80682,144.95964,1973.0,Victoria
-38.11215,145.2929,2016.0,Victoria
-35.263742,141.881131,2016.0,Victoria
-38.203638,144.583713,2018.0,Victoria
-37.897181,144.447591,2023.0,Victoria
-38.21873,145.41969,1980.0,Victoria
-38.317406,144.343568,2017.0,Victoria
-38.096732,144.058021,2024.0,Victoria
-37.9977,140.98039,2015.0,Victoria
-35.15183,141.421048,2016.0,Victoria
-38.179689,144.531753,2016.0,Victoria
-38.252646,143.991659,2025.0,Victoria
-38.25633,144.219334,2023.0,Victoria
-37.22267,144.04555,2004.0,Victoria
-34.37579,141.23816,2021.0,Victoria
-37.793412,144.553723,2016.0,Victoria
-35.99017,143.64297,1987.0,Victoria
-38.317977,144.34341,2018.0,Victoria
-38.260462,144.620894,2016.0,Victoria
-36.35402,146.67525,1997.0,Victoria
-38.137432,145.281485,2025.0,Victoria
-37.8113,147.90502,1994.0,Victoria
-37.896866,144.446572,2023.0,Victoria
-37.62347,147.20962,1977.0,Victoria
-37.987367,144.350658,2021.0,Victoria
-36.92349,144.70964,1989.0,Victoria
-34.954238,141.059232,2019.0,Victoria
-37.715728,143.591379,2022.0,Victoria
-37.7349,144.69855,2010.0,Victoria
-38.453379,145.24076,2021.0,Victoria
-38.17065,145.38195,2015.0,Victoria
-38.532439,143.523857,2022.0,Victoria
-35.251853,141.588166,2017.0,Victoria
-37.896049,144.448114,2023.0,Victoria
-37.770319,145.453785,2025.0,Victoria
-36.392886,146.66391,2018.0,Victoria
-34.224081,142.014427,2015.0,Victoria
-38.259649,144.281457,2021.0,Victoria
-35.251858,141.587986,2019.0,Victoria
-38.246134,144.569186,2016.0,Victoria
-37.521708,144.606171,2009.0,Victoria
-38.456051,145.198336,2025.0,Victoria
-38.098618,144.06086,2024.0,Victoria
-36.9313,148.143,2023.0,Victoria
-37.93451,145.452796,2022.0,Victoria
-38.12847,145.2897,2019.0,Victoria
-37.834837,144.071413,2021.0,Victoria
-38.254152,144.219575,2023.0,Victoria
-38.200557,144.584317,2016.0,Victoria
-38.02182,144.04505,2021.0,Victoria
-37.00565,145.05632,2003.0,Victoria
-37.892583,144.449278,2023.0,Victoria
-37.899015,144.441234,2021.0,Victoria
-38.408976,145.477738,2025.0,Victoria
-38.111628,144.634335,2022.0,Victoria
-36.155334,147.69651,2021.0,Victoria
-38.12594,145.26003,2016.0,Victoria
-38.42395,144.93985,1988.0,Victoria
-38.1308,145.27989,2011.0,Victoria
-34.407137,141.197187,2019.0,Victoria
-34.383684,141.288919,2019.0,Victoria
-38.253248,144.580272,2016.0,Victoria
-37.673441,144.517845,2025.0,Victoria
-34.514135,142.132022,2019.0,Victoria
-37.76225,145.20794,2004.0,Victoria
-37.189485,144.969149,2009.0,Victoria
-38.279082,144.264511,2016.0,Victoria
-36.131471,147.682657,2021.0,Victoria
-36.25394,143.098261,2021.0,Victoria
-37.826566,144.073367,2021.0,Victoria
-36.734482,143.442993,2009.0,Victoria
-38.021797,144.044642,2021.0,Victoria
-37.89935,144.450037,2023.0,Victoria
-34.954023,142.129971,2017.0,Victoria
-35.188897,142.190638,2016.0,Victoria
-36.197968,143.099952,2021.0,Victoria
-38.11497,144.63467,2022.0,Victoria
-38.676819,145.792294,2024.0,Victoria
-37.5618,145.941,2024.0,Victoria
-36.899649,147.310781,2017.0,Victoria
-38.38405,145.57042,2015.0,Victoria
-38.112705,144.634746,2020.0,Victoria
-38.013939,144.577954,2011.0,Victoria
-37.89468,144.449611,2023.0,Victoria
-38.22428,144.06828,1994.0,Victoria
-38.109669,144.062883,2022.0,Victoria
-38.098696,144.061501,2022.0,Victoria
-38.638107,145.716787,2025.0,Victoria
-38.36763,144.26737,2025.0,Victoria
-35.61274,144.054158,2018.0,Victoria
-37.719731,143.591973,2023.0,Victoria
-38.497379,145.254609,2017.0,Victoria
-38.304159,144.377106,2022.0,Victoria
-36.61668,141.79847,2019.0,Victoria
-38.22334,145.25106,2015.0,Victoria
-38.115762,144.633604,2020.0,Victoria
-37.529027,142.230937,2017.0,Victoria
-38.137454,145.255685,2026.0,Victoria
-35.907596,141.206359,2021.0,Victoria
-35.5619,142.038,2022.0,Victoria
-37.794099,144.948181,2018.0,Victoria
-36.79016,144.37631,1984.0,Victoria
-38.010308,144.39981,2021.0,Victoria
-36.61668,141.79847,2019.0,Victoria
-34.997825,142.444513,2021.0,Victoria
-38.14271,145.39962,2014.0,Victoria
-38.344528,143.329526,2017.0,Victoria
-38.027207,144.069403,2024.0,Victoria
-37.98767,144.351757,2021.0,Victoria
-38.136557,145.265582,2025.0,Victoria
-38.230848,144.580936,2016.0,Victoria
-35.168908,141.675122,2016.0,Victoria
-38.108921,144.632232,2025.0,Victoria
-38.08783,144.26737,2025.0,Victoria
-38.461379,145.304712,2017.0,Victoria
-35.262418,141.237523,2015.0,Victoria
-36.61668,141.79847,2019.0,Victoria
-37.67501,144.88365,1999.0,Victoria
-35.736523,142.042672,2016.0,Victoria
-38.27078,144.268411,2024.0,Victoria
-35.092919,141.730787,2016.0,Victoria
-38.098923,144.062306,2024.0,Victoria
-37.92734,143.80808,2014.0,Victoria
-36.84663,144.25968,2003.0,Victoria
-38.198819,144.296701,2019.0,Victoria
-35.489639,143.156095,2016.0,Victoria
-35.16892,141.4202,2016.0,Victoria
-38.096606,144.056976,2025.0,Victoria
-38.148583,144.300868,2025.0,Victoria
-38.117216,144.631625,2020.0,Victoria
-38.31159,144.33673,2017.0,Victoria
-38.133193,145.266361,2024.0,Victoria
-38.113031,144.63415,2025.0,Victoria
-37.66504,145.54431,2024.0,Victoria
-38.20682,146.20964,1978.0,Victoria
-36.2044,146.95456,2008.0,Victoria
-38.497113,147.001762,2021.0,Victoria
-38.181556,144.507621,2015.0,Victoria
-38.243716,144.169076,2018.0,Victoria
-38.273282,144.474774,2023.0,Victoria
-38.219779,144.543156,2016.0,Victoria
-37.9568,147.65961,1986.0,Victoria
-38.253652,144.585071,2016.0,Victoria
-38.096447,144.046586,2025.0,Victoria
-36.77202,144.24192,2006.0,Victoria
-37.874,144.108,2014.0,Victoria
-37.63006,145.21335,2022.0,Victoria
-38.24168,144.057756,2016.0,Victoria
-36.461579,146.099565,2021.0,Victoria
-37.8954,144.450406,2023.0,Victoria
-38.198881,144.294664,2023.0,Victoria
-38.117247,144.632025,2025.0,Victoria
-38.402558,144.856731,2025.0,Victoria
-38.497503,145.254464,2017.0,Victoria
-37.37346,148.29293,1977.0,Victoria
-38.02344,147.32315,1999.0,Victoria
-36.8483,145.401635,2017.0,Victoria
-34.27693,141.878225,2015.0,Victoria
-37.931729,144.764035,2011.0,Victoria
-38.268248,144.375604,2018.0,Victoria
-38.281574,144.161745,2025.0,Victoria
-35.071947,142.165781,2016.0,Victoria
-38.239246,144.345291,2020.0,Victoria
-37.893855,144.449763,2023.0,Victoria
-38.109746,144.635611,2023.0,Victoria
-37.77784,144.54736,2010.0,Victoria
-34.937705,142.216252,2016.0,Victoria
-36.5146,141.4808,2020.0,Victoria
-38.428103,144.173892,2024.0,Victoria
-35.586723,143.830138,2018.0,Victoria
-37.897165,144.447328,2023.0,Victoria
-38.29226,141.50176,2016.0,Victoria
-38.098783,144.051539,2022.0,Victoria
-38.024855,145.337706,2025.0,Victoria
-38.264024,144.237149,2016.0,Victoria
-37.80707,144.76403,2002.0,Victoria
-38.281806,144.163958,2025.0,Victoria
-37.773327,147.044234,2017.0,Victoria
-38.30934,144.370528,2017.0,Victoria
-38.302242,144.374833,2022.0,Victoria
-38.2165,145.32605,2011.0,Victoria
-38.109329,144.638,2021.0,Victoria
-35.340078,142.953501,2021.0,Victoria
-35.389802,142.688462,2021.0,Victoria
-34.542303,142.272408,2019.0,Victoria
-38.273165,144.271156,2018.0,Victoria
-38.116337,144.632245,2020.0,Victoria
-38.109714,144.062934,2021.0,Victoria
-35.327082,143.515314,2016.0,Victoria
-37.827718,145.435804,2015.0,Victoria
-38.303157,144.376332,2023.0,Victoria
-37.40104,149.52912,1991.0,Victoria
-37.893951,144.449891,2023.0,Victoria
-38.110632,144.063188,2019.0,Victoria
-38.124117,144.674957,2018.0,Victoria
-38.180685,144.559274,2024.0,Victoria
-38.007303,144.408267,2016.0,Victoria
-38.318097,144.345125,2017.0,Victoria
-38.93417,146.24891,2019.0,Victoria
-38.319418,144.341508,2017.0,Victoria
-38.060875,147.135655,2022.0,Victoria
-35.98484,144.45394,1991.0,Victoria
-37.47248,144.59631,2018.0,Victoria
-37.89387,144.449016,2023.0,Victoria
-38.41667,143.94167,2007.0,Victoria
-38.278288,144.467572,2020.0,Victoria
-38.1165,144.632538,2022.0,Victoria
-37.723241,142.026229,2009.0,Victoria
-37.18346,144.57277,2007.0,Victoria
-38.059,145.3823,2014.0,Victoria
-37.97636,145.42613,2008.0,Victoria
-35.467599,143.304995,2016.0,Victoria
-38.038521,144.04863,2024.0,Victoria
-37.87652,144.4152,1989.0,Victoria
-38.92014,146.2853,2019.0,Victoria
-38.223148,144.590755,2016.0,Victoria
-38.144883,144.308497,2024.0,Victoria
-38.138359,145.265468,2024.0,Victoria
-38.4414,143.8354,2019.0,Victoria
-38.205065,144.274191,2021.0,Victoria
-36.681181,144.310937,2019.0,Victoria
-37.897172,144.448301,2023.0,Victoria
-38.096485,144.057636,2023.0,Victoria
-38.116403,144.631871,2020.0,Victoria
-37.906411,147.639385,2017.0,Victoria
-37.2068,146.84295,1978.0,Victoria
-38.510487,145.311171,2017.0,Victoria
-38.23107,144.117613,2025.0,Victoria
-37.951036,145.239673,2018.0,Victoria
-37.715594,143.591276,2024.0,Victoria
-37.900949,144.454875,2023.0,Victoria
-38.098548,144.060514,2020.0,Victoria
-38.219116,144.195597,2023.0,Victoria
-37.896654,144.451092,2023.0,Victoria
-36.780106,144.4274,2025.0,Victoria
-35.931295,141.112406,2021.0,Victoria
-35.29017,142.60964,1987.0,Victoria
-38.115756,144.359198,2025.0,Victoria
-38.40043,144.849201,2025.0,Victoria
-36.78147,143.42581,1996.0,Victoria
-38.259637,144.281648,2025.0,Victoria
-37.3649,145.27673,2011.0,Victoria
-38.192653,144.556707,2025.0,Victoria
-38.21721,145.40268,2011.0,Victoria
-38.180208,144.526119,2022.0,Victoria
-37.61944,145.07917,2022.0,Victoria
-34.76351,142.44945,2017.0,Victoria
-35.287945,142.172122,2019.0,Victoria
-37.12998,148.58355,1984.0,Victoria
-38.108775,144.635845,2021.0,Victoria
-36.046996,141.176529,2021.0,Victoria
-35.32878,142.035713,2019.0,Victoria
-37.804885,147.79899,2024.0,Victoria
-35.613083,143.215975,2016.0,Victoria
-38.023774,144.038653,2020.0,Victoria
-35.437709,142.808895,2017.0,Victoria
-36.68916,148.00811,1999.0,Victoria
-38.178799,144.546301,2016.0,Victoria
-37.639648,143.683052,2025.0,Victoria
-38.697751,146.451173,2026.0,Victoria
-38.11127,144.632296,2025.0,Victoria
-36.66975,144.29563,2005.0,Victoria
-38.09916,144.051278,2024.0,Victoria
-38.271157,144.268292,2024.0,Victoria
-38.3069,144.2843,2011.0,Victoria
-37.750897,145.098766,2025.0,Victoria
-37.142063,142.793353,2017.0,Victoria
-38.199665,144.289701,2019.0,Victoria
-35.16644,142.668692,2016.0,Victoria
-36.32241,143.84808,1995.0,Victoria
-38.098717,144.0617,2023.0,Victoria
-37.00889,142.74075,1996.0,Victoria
-38.297796,141.490941,2016.0,Victoria
-38.099101,144.05239,2019.0,Victoria
-38.182254,144.497799,2015.0,Victoria
-37.0213,148.06419,1996.0,Victoria
-36.676588,144.308936,2019.0,Victoria
-38.234083,143.99885,2019.0,Victoria
-38.450508,145.22497,2025.0,Victoria
-37.20359,146.67935,2008.0,Victoria
-38.178753,144.546863,2016.0,Victoria
-37.5641,145.4412,2003.0,Victoria
-38.139031,145.264527,2024.0,Victoria
-34.27587,141.463369,2018.0,Victoria
-38.202359,144.29414,2017.0,Victoria
-36.123527,141.088108,2021.0,Victoria
-35.12352,141.70965,1986.0,Victoria
-36.049946,141.095398,2021.0,Victoria
-38.140186,145.269436,2024.0,Victoria
-38.194498,144.556212,2020.0,Victoria
-37.6717,146.33801,2012.0,Victoria
-35.35684,143.04297,1987.0,Victoria
-38.22822,144.580447,2016.0,Victoria
-38.270337,144.235212,2019.0,Victoria
-38.116285,145.260744,2017.0,Victoria
-37.918653,144.671381,2026.0,Victoria
-34.510862,141.499908,2019.0,Victoria
-37.64686,145.25621,1991.0,Victoria
-37.704897,144.832868,2021.0,Victoria
-38.15738,145.55197,2014.0,Victoria
-36.1131,144.74333,2011.0,Victoria
-38.306358,144.375841,2017.0,Victoria
-35.068069,142.191909,2016.0,Victoria
-34.510108,142.136582,2019.0,Victoria
-35.289206,142.318044,2019.0,Victoria
-38.202321,144.294063,2021.0,Victoria
-38.026257,144.04844,2024.0,Victoria
-35.45685,142.19298,1987.0,Victoria
-37.689271,143.996935,2020.0,Victoria
-35.0389,142.0408,2019.0,Victoria
-37.898062,144.448614,2023.0,Victoria
-37.67619,146.65625,2025.0,Victoria
-37.63101,144.99595,2001.0,Victoria
-36.72124,146.82041,1987.0,Victoria
-38.147039,144.311383,2018.0,Victoria
-37.6495,145.32962,2013.0,Victoria
-38.27121,144.76701,1991.0,Victoria
-38.1308,145.27989,2019.0,Victoria
-37.31655,143.20821,1995.0,Victoria
-34.501542,142.235659,2019.0,Victoria
-38.19153,145.252191,2019.0,Victoria
-38.252922,144.243935,2016.0,Victoria
-37.715646,143.589512,2022.0,Victoria
-37.183604,145.708666,2009.0,Victoria
-38.329073,144.310849,2020.0,Victoria
-34.26052,142.23238,2016.0,Victoria
-37.4116,149.62324,1991.0,Victoria
-32.783557,116.547385,2018.0,Western Australia
-31.048071,115.399531,2021.0,Western Australia
-32.63375,115.621922,2024.0,Western Australia
-32.784597,115.68446,2025.0,Western Australia
-23.547079,128.801313,1993.0,Western Australia
-32.044351,116.795611,2009.0,Western Australia
-28.699966,114.637916,2024.0,Western Australia
-33.533056,115.017778,,Western Australia
-24.425465,128.602647,1993.0,Western Australia
-32.633819,115.622109,2025.0,Western Australia
-28.719431,114.670784,2026.0,Western Australia
-33.563312,115.978072,2021.0,Western Australia
-32.633767,115.621935,2025.0,Western Australia
-32.01194,116.032753,2020.0,Western Australia
-33.928275,116.127593,2022.0,Western Australia
-32.754742,115.666783,2024.0,Western Australia
-32.633825,115.621872,2024.0,Western Australia
-32.204127,116.015283,2023.0,Western Australia
-32.755318,115.680797,2024.0,Western Australia
-26.116667,113.4015,2009.0,Western Australia
-32.140064,115.919084,2020.0,Western Australia
-32.704916,115.670137,2020.0,Western Australia
-32.606569,115.636846,2026.0,Western Australia
-32.604425,115.635805,2025.0,Western Australia
-34.317888,117.624219,2015.0,Western Australia
-32.817568,115.859446,2024.0,Western Australia
-23.130639,128.802614,1993.0,Western Australia
-32.167418,116.036136,2025.0,Western Australia
-32.773238,115.669585,2025.0,Western Australia
-32.76731,115.995277,2024.0,Western Australia
-31.83199,115.955845,2023.0,Western Australia
-32.63378,115.621936,2025.0,Western Australia
-22.3969,113.7599,2017.0,Western Australia
-28.311182,114.965057,2009.0,Western Australia
-32.748237,115.871922,2019.0,Western Australia
-31.855556,116.269444,,Western Australia
-34.923757,118.21435,2017.0,Western Australia
-32.802279,115.690337,2024.0,Western Australia
-28.720821,114.670928,2025.0,Western Australia
-32.392423,117.738566,2016.0,Western Australia
-32.769438,115.666018,2023.0,Western Australia
-31.915979,116.076023,2016.0,Western Australia
-29.958654,115.976233,2016.0,Western Australia
-32.608354,115.641372,2025.0,Western Australia
-32.633695,115.621942,2024.0,Western Australia
-32.607305,115.640052,2025.0,Western Australia
-35.030957,117.830196,2023.0,Western Australia
-29.61502,115.71005,2017.0,Western Australia
-32.090175,115.830413,2023.0,Western Australia
-32.756328,115.685055,2023.0,Western Australia
-32.78538,115.685884,2025.0,Western Australia
-32.204127,116.015283,2023.0,Western Australia
-33.945031,115.060656,2020.0,Western Australia
-34.998345,117.937329,2023.0,Western Australia
-32.605263,115.637434,2025.0,Western Australia
-33.063315,115.877996,2019.0,Western Australia
-31.808332,116.296753,2025.0,Western Australia
-28.2,114.3,1996.0,Western Australia
-31.205754,118.756714,2017.0,Western Australia
-32.75894,115.680022,2025.0,Western Australia
-23.626478,128.802624,1993.0,Western Australia
-32.633669,115.621899,2024.0,Western Australia
-32.584752,115.832599,2023.0,Western Australia
-32.633778,115.621904,2025.0,Western Australia
-32.786341,115.683394,2025.0,Western Australia
-31.831694,115.954873,2023.0,Western Australia
-32.721985,117.194888,2020.0,Western Australia
-32.150051,116.054497,2020.0,Western Australia
-34.5,118.6,1996.0,Western Australia
-32.657658,115.87552,2026.0,Western Australia
-27.755226,114.148621,2023.0,Western Australia
-32.761258,115.683767,2025.0,Western Australia
-33.771864,115.846231,2019.0,Western Australia
-32.755858,115.66045,2018.0,Western Australia
-32.769995,115.66541,2022.0,Western Australia
-32.509839,115.853869,2024.0,Western Australia
-32.770004,115.666082,2019.0,Western Australia
-32.613257,115.64623,2025.0,Western Australia
-32.713353,116.062739,2020.0,Western Australia
-33.661791,117.547424,2010.0,Western Australia
-29.007387,114.904072,2025.0,Western Australia
-32.633743,115.621953,2024.0,Western Australia
-32.633758,115.621913,2025.0,Western Australia
-32.606375,115.643251,2025.0,Western Australia
-26.25,114.434444,,Western Australia
-32.854865,115.698351,2025.0,Western Australia
-32.633771,115.621983,2024.0,Western Australia
-32.633702,115.621879,2024.0,Western Australia
-31.404345,117.257938,2009.0,Western Australia
-31.625938,116.457025,2019.0,Western Australia
-33.928639,116.127346,2022.0,Western Australia
-28.697085,114.637878,2025.0,Western Australia
-32.945219,117.19022,2020.0,Western Australia
-31.979913,116.05561,2025.0,Western Australia
-31.945959,115.976362,2011.0,Western Australia
-31.887486,115.875481,2023.0,Western Australia
-32.151993,116.065319,2020.0,Western Australia
-34.025786,115.1003,2025.0,Western Australia
-32.772334,115.667962,2025.0,Western Australia
-32.756427,115.683563,2025.0,Western Australia
-31.855556,116.269444,,Western Australia
-32.100045,115.771712,2024.0,Western Australia
-28.70443,114.637901,2026.0,Western Australia
-33.289869,115.713843,2020.0,Western Australia
-31.95,115.85,,Western Australia
-32.639612,115.620522,2025.0,Western Australia
-32.695927,115.663526,2020.0,Western Australia
-24.164575,128.801319,1993.0,Western Australia
-32.516759,115.756669,2022.0,Western Australia
-32.770074,115.66618,2019.0,Western Australia
-31.043522,115.391464,2009.0,Western Australia
-31.534562,118.073313,2025.0,Western Australia
-28.037872,124.333588,2022.0,Western Australia
-33.925622,115.990374,2016.0,Western Australia
-30.308628,115.031724,2022.0,Western Australia
-34.02162,115.102977,2025.0,Western Australia
-33.893946,116.198824,2017.0,Western Australia
-32.804612,115.703515,2025.0,Western Australia
-33.974166,115.703817,2019.0,Western Australia
-32.785293,115.683105,2025.0,Western Australia
-31.509239,116.38002,2024.0,Western Australia
-32.746448,115.66339,2025.0,Western Australia
-32.16759,115.947562,2021.0,Western Australia
-32.609641,115.638927,2025.0,Western Australia
-32.607802,115.640629,2025.0,Western Australia
-33.533056,115.017778,,Western Australia
-31.398549,115.913639,2011.0,Western Australia
-33.951096,116.097202,2022.0,Western Australia
-24.069703,113.468354,2023.0,Western Australia
-32.773173,115.666378,2022.0,Western Australia
-32.605539,115.637497,2026.0,Western Australia
-33.540545,116.67255,2024.0,Western Australia
-31.95,115.85,,Western Australia
-32.878748,115.653467,2024.0,Western Australia
-31.855556,116.269444,,Western Australia
-26.140445,113.423886,2014.0,Western Australia
-32.803438,115.688952,2023.0,Western Australia
-31.938251,115.954428,2013.0,Western Australia
-32.607797,115.640693,2024.0,Western Australia
-34.690939,117.874471,2016.0,Western Australia
-32.159532,116.06372,2025.0,Western Australia
-28.721734,114.670299,2024.0,Western Australia
-32.816883,115.86435,2024.0,Western Australia
-33.6472,115.054565,2009.0,Western Australia
-32.058209,115.745022,2013.0,Western Australia
-32.805582,116.755508,2019.0,Western Australia
-32.605099,115.641251,2025.0,Western Australia
-32.345946,115.992429,2011.0,Western Australia
-32.784442,116.549985,2017.0,Western Australia
-28.628638,114.671391,2015.0,Western Australia
-31.704172,116.176869,2009.0,Western Australia
-31.976565,116.103323,2016.0,Western Australia
-33.932106,120.120472,2019.0,Western Australia
-32.607602,115.640448,2025.0,Western Australia
-32.747865,115.665576,2022.0,Western Australia
-32.758407,115.685437,2023.0,Western Australia
-32.769718,115.666475,2022.0,Western Australia
-34.259159,116.089305,2021.0,Western Australia
-32.770101,115.667526,2019.0,Western Australia
-32.803556,115.691458,2025.0,Western Australia
-33.033333,116.566667,,Western Australia
-33.731657,121.943479,2009.0,Western Australia
-32.633705,115.621888,2026.0,Western Australia
-32.774314,115.66569,2025.0,Western Australia
-22.104,113.8885,2017.0,Western Australia
-31.855556,116.269444,,Western Australia
-33.194616,115.720651,2024.0,Western Australia
-32.633678,115.621903,2023.0,Western Australia
-30.600094,116.092529,2009.0,Western Australia
-33.673712,115.305604,2018.0,Western Australia
-32.769853,115.66637,2023.0,Western Australia
-32.63371,115.621899,2024.0,Western Australia
-28.714385,114.638072,2025.0,Western Australia
-33.776738,115.976036,2023.0,Western Australia
-32.633719,115.621953,2024.0,Western Australia
-32.76932,115.666528,2022.0,Western Australia
-33.217148,115.712471,2009.0,Western Australia
-31.86941,115.991152,2023.0,Western Australia
-32.770058,115.66619,2022.0,Western Australia
-31.4561,116.070376,2025.0,Western Australia
-32.633758,115.621914,2025.0,Western Australia
-33.603302,115.08923,2019.0,Western Australia
-32.096637,115.764741,2024.0,Western Australia
-31.95247,127.27428,1984.0,Western Australia
-32.757947,115.680867,2024.0,Western Australia
-28.713972,114.630908,2026.0,Western Australia
-32.804382,115.70496,2025.0,Western Australia
-35.031921,117.899445,2024.0,Western Australia
-26.032646,113.366977,2009.0,Western Australia
-33.636203,115.071831,2009.0,Western Australia
-32.77163,115.66431,2018.0,Western Australia
-32.217175,115.875346,2022.0,Western Australia
-32.800362,115.675253,2017.0,Western Australia
-32.186054,115.960464,2020.0,Western Australia
-32.759836,115.680252,2025.0,Western Australia
-32.604807,115.636609,2025.0,Western Australia
-32.795621,115.688011,2025.0,Western Australia
-32.754946,115.682993,2025.0,Western Australia
-32.76731,115.995277,2024.0,Western Australia
-31.02875,126.085,1984.0,Western Australia
-32.63383,115.621921,2025.0,Western Australia
-33.406747,115.691064,2023.0,Western Australia
-32.604241,115.635318,2025.0,Western Australia
-32.509949,115.854182,2023.0,Western Australia
-28.2,114.3,1996.0,Western Australia
-32.633847,115.622008,2025.0,Western Australia
-32.864112,116.403188,2020.0,Western Australia
-32.585488,117.025717,2019.0,Western Australia
-31.198339,118.772078,2009.0,Western Australia
-32.748245,115.664237,2025.0,Western Australia
-32.803613,115.690287,2024.0,Western Australia
-32.633692,115.621923,2023.0,Western Australia
-32.633842,115.621927,2025.0,Western Australia
-32.6672,115.652949,2025.0,Western Australia
-35.000339,117.922607,2023.0,Western Australia
-33.033333,116.566667,,Western Australia
-32.161837,116.06161,2025.0,Western Australia
-32.633819,115.621934,2025.0,Western Australia
-32.612509,115.645681,2025.0,Western Australia
-32.20149,116.82414,2024.0,Western Australia
-30.02459,127.732,1984.0,Western Australia
-16.1154012,123.7343967,,Western Australia
-32.76965,115.66614,2022.0,Western Australia
-17.9,122.2,2020.0,Western Australia
-31.473078,116.446512,2024.0,Western Australia
-31.95,115.85,,Western Australia
-30.603586,117.040886,2017.0,Western Australia
-32.633877,115.621905,2024.0,Western Australia
-32.605245,115.64159,2025.0,Western Australia
-33.459372,115.811434,2017.0,Western Australia
-32.770013,115.667252,2022.0,Western Australia
-32.3044492,115.6917512,,Western Australia
-32.182836,115.909592,2019.0,Western Australia
-32.233463,115.797272,2012.0,Western Australia
-32.770032,115.66643,2022.0,Western Australia
-33.645901,115.344948,2023.0,Western Australia
-32.633799,115.622059,2023.0,Western Australia
-31.353637,117.949219,2011.0,Western Australia
-32.605125,115.637361,2025.0,Western Australia
-32.633674,115.621902,2024.0,Western Australia
-32.160648,116.065105,2020.0,Western Australia
-32.874932,115.652869,2024.0,Western Australia
-32.609875,115.639201,2024.0,Western Australia
-25.444146,128.801333,1993.0,Western Australia
-34.046185,116.221949,2017.0,Western Australia
-32.755362,115.6846,2023.0,Western Australia
-32.768727,115.66523,2023.0,Western Australia
-32.608928,115.642092,2025.0,Western Australia
-32.096,115.8179,2020.0,Western Australia
-34.737737,116.669641,2024.0,Western Australia
-32.613461,115.646361,2025.0,Western Australia
-32.633749,115.621938,2025.0,Western Australia
-27.391623,115.972241,2018.0,Western Australia
-32.755318,115.684022,2023.0,Western Australia
-32.087237,115.830452,2023.0,Western Australia
-34.282353,116.259192,2021.0,Western Australia
-34.73772,116.669603,2024.0,Western Australia
-32.633704,115.621935,2025.0,Western Australia
-32.15842,116.055073,2020.0,Western Australia
-32.608397,115.641182,2025.0,Western Australia
-32.608308,115.64131,2025.0,Western Australia
-32.608858,115.642056,2025.0,Western Australia
-33.917062,115.042009,2025.0,Western Australia
-33.707691,115.12925,2016.0,Western Australia
-32.633731,115.621983,2025.0,Western Australia
-32.80531,116.503633,2018.0,Western Australia
-28.041986,114.772968,2016.0,Western Australia
-32.633779,115.622034,2024.0,Western Australia
-32.609782,115.63943,2025.0,Western Australia
-32.633734,115.621939,2024.0,Western Australia
-33.999606,115.026014,2022.0,Western Australia
-31.980742,116.10388,2016.0,Western Australia
-32.079375,115.824394,2009.0,Western Australia
-32.74827,115.657302,2022.0,Western Australia
-31.887285,116.065297,2024.0,Western Australia
-32.761393,115.680305,2025.0,Western Australia
-33.435979,115.621245,2025.0,Western Australia
-32.633734,115.621936,2026.0,Western Australia
-32.15873,116.05542,2020.0,Western Australia
-32.633791,115.62197,2025.0,Western Australia
-32.151862,116.064973,2020.0,Western Australia
-28.722023,114.672022,2024.0,Western Australia
-32.633771,115.621953,2025.0,Western Australia
-33.198459,116.275907,2017.0,Western Australia
-32.786675,115.684876,2025.0,Western Australia
-33.75674,116.80431,2016.0,Western Australia
-32.633885,115.622073,2024.0,Western Australia
-33.504473,115.75882,2009.0,Western Australia
-32.753455,115.681953,2024.0,Western Australia
-32.769147,115.666772,2023.0,Western Australia
-32.608908,115.642103,2025.0,Western Australia
-33.484208,115.739622,2022.0,Western Australia
-32.769248,115.663938,2023.0,Western Australia
-34.021558,115.103057,2025.0,Western Australia
-31.805138,117.62665,2024.0,Western Australia
-32.607467,115.636934,2026.0,Western Australia
-28.720865,114.670877,2026.0,Western Australia
-32.609792,115.639192,2025.0,Western Australia
-32.633773,115.62191,2025.0,Western Australia
-26.045996,128.801339,1993.0,Western Australia
-33.533056,115.017778,,Western Australia
-32.612947,115.645978,2025.0,Western Australia
-32.604326,115.635526,2025.0,Western Australia
-32.605328,115.637472,2025.0,Western Australia
-31.983288,115.785819,2016.0,Western Australia
-32.683333,119.4,,Western Australia
-32.633726,115.621919,2025.0,Western Australia
-34.98665,117.64241,2024.0,Western Australia
-32.770112,115.667048,2022.0,Western Australia
-32.6087,115.641825,2025.0,Western Australia
-32.633665,115.621904,2024.0,Western Australia
-32.879286,115.654886,2024.0,Western Australia
-32.610726,115.627403,2025.0,Western Australia
-35.001441,117.835281,2024.0,Western Australia
-32.633767,115.621936,2025.0,Western Australia
-32.785328,115.684003,2025.0,Western Australia
-32.633692,115.621923,2023.0,Western Australia
-32.516728,115.75668,2022.0,Western Australia
-31.964283,116.042178,2020.0,Western Australia
-32.633723,115.621942,2024.0,Western Australia
-32.694556,115.658538,2024.0,Western Australia
-32.755022,115.681884,2025.0,Western Australia
-28.722052,114.672183,2024.0,Western Australia
-32.607911,115.640618,2025.0,Western Australia
-32.714647,116.785376,2021.0,Western Australia
-32.695986,115.663493,2019.0,Western Australia
-31.497,116.407,2009.0,Western Australia
-32.814935,115.683464,2025.0,Western Australia
-32.769905,115.667682,2023.0,Western Australia
-33.12749,115.956466,2020.0,Western Australia
-26.212305,128.601346,1993.0,Western Australia
-32.878133,115.652755,2024.0,Western Australia
-32.922553,116.508872,2021.0,Western Australia
-32.633766,115.621935,2025.0,Western Australia
-32.775238,116.471053,2018.0,Western Australia
-32.160635,116.065464,2020.0,Western Australia
-32.613298,115.646208,2024.0,Western Australia
-32.633676,115.621904,2023.0,Western Australia
-32.633786,115.621998,2024.0,Western Australia
-33.033333,116.566667,,Western Australia
-31.933662,115.958719,2009.0,Western Australia
-28.721093,114.670849,2026.0,Western Australia
-32.786045,115.684045,2025.0,Western Australia
-32.090931,115.82702,2023.0,Western Australia
-28.868893,114.655963,2025.0,Western Australia
-32.770023,115.665157,2022.0,Western Australia
-32.633743,115.62192,2025.0,Western Australia
-32.07555,115.846058,2026.0,Western Australia
-32.60853,115.641589,2025.0,Western Australia
-31.609348,117.882084,2018.0,Western Australia
-24.31643,128.80132,1993.0,Western Australia
-32.747959,115.665702,2022.0,Western Australia
-32.204127,116.015283,2023.0,Western Australia
-33.974397,115.703768,2020.0,Western Australia
-28.746275,114.62392,2018.0,Western Australia
-34.929711,117.867076,2017.0,Western Australia
-34.198173,116.103516,2009.0,Western Australia
-32.760413,115.680368,2025.0,Western Australia
-26.137772,128.602684,1993.0,Western Australia
-32.633789,115.621891,2025.0,Western Australia
-32.760042,115.680337,2025.0,Western Australia
-32.75559,115.681882,2024.0,Western Australia
-32.637133,115.627105,2025.0,Western Australia
-35.023173,117.886283,2024.0,Western Australia
-33.36678,115.62133,2015.0,Western Australia
-33.203235,116.276658,2017.0,Western Australia
-32.608366,115.641417,2025.0,Western Australia
